1.74065e+09 -0.000187163 0.00573414 0.00163878 1 -0.00030879 -0.0001054 -0.000137803
1.74065e+09 -1.87656e-05 0.00059233 -0.00242751 1 -5.9309e-05 -0.000107616 5.07895e-05
1.74065e+09 0.00126856 0.000816791 -0.00451897 1 -0.000413242 -0.000388634 0.000116555
1.74065e+09 0.000972748 -0.0016229 -0.00358559 1 -0.000574622 -0.000105205 0.000186638
1.74065e+09 0.00043946 0.00041107 -0.00167473 0.999999 -0.00107065 -0.000508255 0.00023047
1.74065e+09 9.51488e-05 0.000188297 -0.00194377 0.999999 -0.00136731 -0.000152597 0.000195105
1.74065e+09 0.000339386 0.00245535 -0.000773999 0.999999 -0.00100092 -3.41537e-05 0.000453908
1.74065e+09 0.0010389 0.00580237 -0.000320396 0.999999 -0.00130102 -7.70723e-05 -1.89299e-05
1.74065e+09 0.00123456 0.00211192 -0.000426853 1 -0.000324097 7.49248e-05 -0.000242094
1.74065e+09 0.00088551 0.00355947 -0.000600362 1 -0.000520156 -0.000254866 0.000241079
1.74065e+09 0.000712534 0.00214037 -0.0017715 1 -0.000272556 -0.000210924 8.54615e-05
1.74065e+09 0.000159347 0.00354487 -0.00101534 1 -3.76346e-05 4.67939e-05 -0.000352152
1.74065e+09 0.00035223 0.00103311 -0.00365383 1 -0.000116144 -0.000338018 -1.05639e-05
1.74065e+09 0.000196777 0.00221854 -0.00145461 1 1.77083e-05 0.00012826 -0.000221837
1.74065e+09 -1.63507e-05 -0.000230178 -0.000627319 1 -3.64712e-05 -0.000149592 -0.000497228
1.74065e+09 0.000541827 0.000457064 0.00126812 1 -0.000335674 1.26004e-05 4.79351e-05
1.74065e+09 0.000583026 0.000541424 0.00078002 1 -0.000120239 0.000234191 -5.59919e-05
1.74065e+09 0.000927464 0.00102258 -0.000493652 1 -0.000473188 -2.2605e-05 -0.000252871
1.74065e+09 0.00113789 -0.00239083 -0.00239866 1 -4.05932e-05 0.000123134 0.000248673
1.74065e+09 0.000781924 -0.005053 -0.00178327 1 -0.000254527 -6.98481e-05 -0.000212928
1.74065e+09 0.000693367 -0.00700371 -0.00335268 1 -0.000163786 -2.91213e-05 -6.02289e-05
1.74065e+09 0.00155357 -0.00526274 -0.00140242 1 -0.000444311 -0.000217049 6.88576e-05
1.74065e+09 0.00142215 -0.00376495 -0.000370481 1 -0.000701569 -9.75468e-05 3.85363e-05
1.74065e+09 0.000900785 -0.00401738 -0.000739399 1 -0.000219874 -0.000105018 -9.87258e-05
1.74065e+09 0.00169844 -0.00140322 0.000914382 1 -0.000884983 -0.000260723 0.000334741
1.74065e+09 0.00240967 0.000413217 0.000191746 1 -0.00042455 -0.000174146 -2.39531e-07
1.74065e+09 0.00235314 -0.00254632 -0.000499833 1 -0.000269106 -4.78479e-05 0.0001607
1.74065e+09 0.000529623 -0.00117333 -0.00182391 1 -0.00016525 0.000150992 6.23992e-05
1.74065e+09 0.00079969 -0.00253875 -0.000666599 1 0.000128789 -0.000136507 -0.0001045
1.74065e+09 0.00034572 -0.00244022 -6.46315e-05 1 -4.45508e-05 -9.54999e-06 0.000162234
1.74065e+09 0.00113068 -0.00406589 -5.61409e-05 1 -0.000284426 -0.000171575 0.000118366
1.74065e+09 0.00121799 -0.00644393 -0.000457671 1 -0.000575516 -0.000127729 -5.99134e-05
1.74065e+09 0.0015507 -0.00543128 -0.00125749 1 -0.000190331 -6.39931e-05 -3.35347e-05
1.74065e+09 0.000476009 -0.00560445 -5.45904e-05 1 -0.00043867 0.000136931 -2.05695e-05
1.74065e+09 0.00115886 -0.00342817 -0.000734369 1 -0.000473005 3.2574e-05 7.60378e-05
1.74065e+09 0.00101148 -0.00219939 -0.000892012 1 -0.000200424 -2.65384e-05 -2.00837e-05
1.74065e+09 0.000715681 -0.00237431 -0.00138939 1 -0.000305902 -3.87738e-05 0.000151577
1.74065e+09 0.00120057 1.69997e-05 -0.00169281 1 -0.000465776 -5.98217e-05 0.000111542
1.74065e+09 0.00102845 0.00175688 -0.000983734 1 -0.000362029 -8.96931e-05 2.48282e-05
1.74065e+09 0.000991238 0.00077182 -0.000850892 1 -0.000185393 -3.33084e-05 -8.11086e-05
1.74065e+09 0.000968626 0.00205744 -0.0014933 1 -0.000404276 -0.000155174 0.000107128
1.74065e+09 0.000709549 0.00297929 -0.00165357 1 -0.000116876 -6.94513e-06 0.000159595
1.74065e+09 8.9882e-05 0.00381025 -0.0010095 1 -0.000362933 -0.000148004 8.50264e-05
1.74065e+09 0.000727958 0.00510058 -0.000354699 1 -0.000271644 4.37928e-05 6.24504e-05
1.74065e+09 0.000684884 0.00421628 -0.000672589 1 -0.000517155 1.00656e-05 -7.20681e-05
1.74065e+09 0.000533405 0.0038063 -0.00151417 1 -0.000128687 1.46167e-05 2.38014e-05
1.74065e+09 0.000689456 0.00243804 -0.00145777 1 -0.000170918 3.27876e-05 -6.49827e-05
1.74065e+09 0.00072668 0.00411578 -8.32165e-05 1 -0.000336408 -1.69193e-05 0.000251129
1.74065e+09 0.00106764 0.00435222 0.000490497 1 -8.54666e-05 4.98794e-05 0.000395603
1.74065e+09 0.000779454 0.00184714 9.7251e-05 1 -0.000304794 4.99112e-05 -0.000156751
1.74065e+09 0.000224872 0.00175948 -2.52214e-05 1 -0.000188682 -4.94955e-06 1.44986e-05
1.74065e+09 0.00102755 0.00345472 -0.000769296 1 -0.00034719 5.70095e-05 -0.00011875
1.74065e+09 0.00114747 0.00260658 -0.00218711 1 -0.000150357 -8.64589e-05 -0.000115975
1.74065e+09 0.000688906 0.00348383 -0.000990439 1 -0.000228491 0.000176139 -2.13447e-05
1.74065e+09 0.000284312 0.00428668 0.000162905 1 -0.000266574 -0.000112179 5.83993e-05
1.74065e+09 -0.000147367 0.00337049 -6.89883e-05 1 -0.000387328 -2.68566e-05 0.000119517
1.74065e+09 -9.00347e-05 0.00368227 -0.000637664 1 -8.59762e-05 -0.000149006 0.000238764
1.74065e+09 0.000185908 0.00367074 -0.000695933 1 -0.000369556 -0.000162664 0.000329298
1.74065e+09 0.00044167 0.00522684 -0.000613321 1 -0.000188127 4.43707e-05 0.000248413
1.74065e+09 0.00102036 0.00502843 -0.00182062 1 -0.000589097 -0.000165895 -0.000112465
1.74065e+09 0.00108225 0.00676195 -0.00207195 1 -0.000125904 -4.2417e-06 -4.88336e-05
1.74065e+09 0.000491481 0.00567146 -0.00134371 1 -0.000351604 -4.76984e-05 0.000233281
1.74065e+09 0.000298791 0.00571994 -0.00164986 1 -6.69927e-05 2.6939e-05 -0.000182646
1.74065e+09 7.07121e-05 0.00635741 -0.000402336 1 -0.000224752 0.000100025 0.000182644
1.74065e+09 0.000319249 0.00737615 -0.000804246 1 -0.000123376 8.14585e-05 0.000137401
1.74065e+09 -9.03034e-05 0.00615826 -0.000745393 1 -0.000327099 0.000160914 0.000117488
1.74065e+09 0.000555143 0.00805482 -0.000762911 1 -0.000342171 -8.61686e-06 5.36181e-05
1.74065e+09 0.000565747 0.00783542 -0.00109047 1 -0.000352982 -6.65353e-05 0.000136604
1.74065e+09 0.000641868 0.0069829 -0.000649491 1 -0.000231038 0.000116494 -8.50085e-05
1.74065e+09 0.000369437 0.0074996 -0.000741413 1 -0.000388783 -0.000238529 2.50171e-05
1.74065e+09 0.000899054 0.00553877 -0.000818107 1 -7.98705e-05 0.000124194 -0.000220776
1.74065e+09 0.000551174 0.00375799 7.22407e-05 1 -0.000440143 -3.53299e-05 -0.000145368
1.74065e+09 0.000340055 0.00315887 -0.000270899 1 -0.000211651 9.77585e-05 0.000104634
1.74065e+09 5.45425e-05 0.0043034 -0.000808833 1 -0.000216225 6.39349e-05 0.000371344
1.74065e+09 0.00023082 0.00441036 -0.000832086 1 -0.000515669 -0.000219145 5.9175e-05
1.74065e+09 0.000642296 0.00416983 -0.00172452 1 -0.000287699 -0.000116798 -0.000226384
1.74065e+09 0.000333888 0.00399802 -0.00123586 1 -0.000183761 3.69295e-05 0.000254024
1.74065e+09 0.00071368 0.00332808 -0.00203314 1 -0.000366057 -8.35422e-05 -0.000195268
1.74065e+09 0.000571794 0.0032691 -0.00270482 1 6.82481e-06 2.18071e-05 -4.72171e-05
1.74065e+09 0.000971872 0.00463919 -0.00254372 1 -0.000263759 5.39161e-05 -5.13618e-05
1.74065e+09 0.000751291 0.00580222 -0.00211025 1 -4.46906e-05 -7.93557e-05 -0.000122502
1.74065e+09 0.000686154 0.00349262 -0.00139059 1 -0.000260184 -6.1776e-05 -0.00018227
1.74065e+09 0.000953204 0.00560107 -0.00145318 1 -0.000113747 -4.89126e-05 -0.000114015
1.74065e+09 0.000899191 0.00528083 -0.000953659 1 -0.000288949 -7.8377e-05 0.00010582
1.74065e+09 0.000129771 0.00629273 -0.000924912 1 -9.80015e-05 0.000114087 -0.000186316
1.74065e+09 0.000211055 0.00523901 -0.000714917 1 -0.000354406 -0.000127106 0.000257795
1.74065e+09 -0.000445354 0.00540779 0.000643495 1 -0.000136782 0.000267101 -3.00381e-05
1.74065e+09 1.8127e-05 0.0040184 -0.00018468 1 -0.000352862 -3.52392e-05 0.000192205
1.74065e+09 0.0002869 0.003947 0.000420483 1 -0.000265858 0.000177513 -3.1718e-05
1.74065e+09 -1.12609e-05 0.00351815 0.000114128 1 -0.000274405 0.000213896 -0.000141997
1.74065e+09 1.25491e-05 0.00450791 -0.000432957 1 -0.000406112 0.000107002 0.000201337
1.74065e+09 -1.86868e-05 0.0052597 -0.000632139 1 -0.000295205 0.000198177 4.49457e-05
1.74065e+09 8.2576e-05 0.00654642 -0.00196035 1 -0.000290554 -4.47183e-05 -0.000101459
1.74065e+09 0.000562886 0.00646348 -0.00209061 1 9.14825e-05 -4.83432e-05 1.81945e-05
1.74065e+09 0.000784881 0.00918899 -0.0023068 1 -0.000335044 6.6865e-05 0.000218889
1.74065e+09 0.00092525 0.00420621 -0.00222589 1 -0.000122865 4.30191e-06 -3.49368e-05
1.74065e+09 0.00120829 0.00597673 -0.00131505 1 -0.000304312 -7.2915e-05 2.00421e-05
1.74065e+09 0.00111651 0.00336616 -0.00128484 1 0.000149997 -3.62306e-05 9.96144e-05
1.74065e+09 0.000629644 0.00375009 -0.00156358 1 -0.000303964 -3.77329e-05 2.06724e-05
1.74065e+09 5.427e-06 0.00212922 -0.0013254 1 5.65715e-05 6.63247e-05 -6.26556e-05
1.74065e+09 0.000192054 0.00277404 -0.00193787 1 -0.000316959 -0.000139444 6.63585e-05
1.74065e+09 0.000140732 0.0022702 -0.00158473 1 -0.000244364 7.42271e-07 -0.00030805
1.74065e+09 0.000932042 0.00241975 -0.00265466 1 -0.000131091 -5.32879e-05 -0.000235972
1.74065e+09 0.000680939 0.00285208 -0.0013775 1 -0.000160442 -3.78131e-05 -0.000247876
1.74065e+09 0.000435354 0.00173518 -0.000242731 1 -0.000325339 2.96505e-05 2.88274e-05
1.74065e+09 0.000632688 0.00226895 -0.000201405 1 -0.00031862 -0.000132436 -0.000152532
1.74065e+09 5.64474e-05 0.0032402 0.000123579 1 -0.000433019 0.000196564 0.000122453
1.74065e+09 -4.79534e-05 0.00547241 -0.000501511 1 -0.000425045 2.78086e-05 5.90016e-05
1.74065e+09 -0.000594083 0.00445225 -0.00110647 1 -0.000336117 0.000231337 0.000257954
1.74065e+09 -0.000174022 0.00526627 -0.00198896 1 -0.000412424 9.36752e-05 -0.000144181
1.74065e+09 -0.000552496 0.00427021 -0.00204836 1 -8.57766e-05 0.000151496 -4.10981e-05
1.74065e+09 -0.000159499 0.00626793 -0.000998748 1 -0.000258992 0.000142644 8.02374e-05
1.74065e+09 0.00036315 0.00313058 -0.00200866 1 -0.000180782 7.51238e-06 -9.84736e-05
1.74065e+09 0.00118132 0.00592019 -0.00127034 1 -0.00034157 -0.000190261 0.000174071
1.74065e+09 0.0016058 0.00304916 -0.00313047 1 -0.00020339 -4.28696e-05 -0.000134416
1.74065e+09 0.000851004 0.005659 -0.00192855 1 -0.000262373 -1.18232e-07 -0.000158971
1.74065e+09 -4.41751e-07 0.00320862 -0.000912643 1 -0.000136714 -4.97863e-05 -7.99702e-05
1.74065e+09 0.000100777 0.00284582 -0.000104461 1 -0.00012304 1.55465e-05 -4.14724e-05
1.74065e+09 0.000473956 0.00254384 -0.00101763 1 0.000165769 -0.000141603 -0.00027089
1.74065e+09 0.00101133 0.00285037 -0.000948706 1 0.000143272 -0.000251681 -0.000313929
1.74065e+09 0.000557885 0.00174121 -0.00145776 1 -0.000317959 6.015e-05 -0.000270713
1.74065e+09 0.000906449 0.00240568 -0.000261665 1 -0.000414507 -0.000172397 -0.000217458
1.74065e+09 0.000941078 0.00316489 -0.000360552 1 -0.00033475 -0.000187689 7.36063e-05
1.74065e+09 0.000622575 0.00468127 0.000186306 1 -0.000378693 -0.000132554 -4.42135e-05
1.74065e+09 0.000315816 0.00536849 3.34219e-05 1 -0.000135859 -1.57762e-07 0.000310994
1.74065e+09 0.000144522 0.0067173 -2.98431e-05 1 -0.000222231 4.78862e-05 -4.43065e-06
1.74065e+09 0.000228169 0.00588072 -0.00101156 1 -0.00016026 -8.43956e-06 0.000234899
1.74065e+09 0.000389185 0.00673452 -0.00110793 1 -0.000153481 6.75045e-05 0.000123308
1.74065e+09 0.000634059 0.00469535 -0.00268088 1 -0.00018831 7.9945e-05 -3.56597e-05
1.74065e+09 0.000774537 0.00396392 -0.0029994 1 -0.000141138 4.72582e-05 0.000136731
1.74065e+09 0.000951673 0.00213232 -0.00235346 1 -7.10737e-05 3.12253e-05 -3.54282e-05
1.74065e+09 0.000152134 0.00191655 -0.00130086 1 -0.000223405 0.000107933 3.41965e-06
1.74065e+09 0.000111919 0.00197203 -0.000940432 1 -0.000319522 6.29757e-05 9.09893e-05
1.74065e+09 -0.000116461 0.00377703 0.00033134 1 -0.000178257 0.000146004 7.33467e-05
1.74065e+09 1.10805e-05 0.00239326 -0.000717926 1 -7.62986e-05 9.89246e-05 1.58232e-05
1.74065e+09 2.41555e-05 0.00283222 -0.000726157 1 -0.000218009 2.03027e-05 7.1782e-05
1.74065e+09 -0.000188051 0.00347196 0.000286201 1 -0.000286115 -1.07641e-05 3.24128e-06
1.74065e+09 0.000875451 0.0038083 -0.000912803 1 -0.000357397 -0.000197295 -9.26476e-06
1.74065e+09 0.000390624 0.00481556 -0.000463658 1 -0.000269433 3.02254e-05 7.63104e-05
1.74065e+09 0.000477959 0.0072516 -0.000766092 1 -0.000513847 5.22561e-05 -8.14652e-05
1.74065e+09 0.000338931 0.00711601 -0.000833796 1 -0.000348097 -8.1091e-05 6.72532e-05
1.74065e+09 0.000228389 0.00710416 -0.0011531 1 -0.000336451 -5.45955e-05 -0.000225065
1.74065e+09 0.000374777 0.00948228 -0.000914678 1 -0.000250873 -0.000130008 0.000123326
1.74065e+09 0.000871867 0.00631684 -0.00153515 1 -0.000290854 -0.000123319 -0.00014491
1.74065e+09 0.00034249 0.00729213 -0.000323743 1 -0.000281944 -5.45739e-05 5.6598e-06
1.74065e+09 0.00103153 0.00502922 -0.00104509 1 -6.45571e-05 -2.81387e-05 -0.000146054
1.74065e+09 0.000547148 0.00422706 -0.00167571 1 -0.000329423 -0.000112685 0.000180278
1.74065e+09 0.00084731 0.00316662 -0.00176638 1 -0.000107275 5.54947e-05 4.70938e-05
1.74065e+09 0.000588307 0.00274553 -0.00166947 1 -0.000384482 -8.7101e-05 0.000216362
1.74065e+09 0.000559527 0.00170527 -0.00201157 1 -0.000191386 -0.000124589 -8.00497e-05
1.74065e+09 -8.4619e-05 0.00117866 -0.00163288 1 -0.000264557 -4.36075e-05 0.000115975
1.74065e+09 0.000189234 0.00205005 -0.00104069 1 -0.000339772 -0.000140486 0.000184321
1.74065e+09 0.000746243 0.00389646 -0.00114249 1 -0.000357413 -0.000255924 -2.54979e-05
1.74065e+09 0.000626165 0.00499802 -0.00126838 1 -8.37063e-05 0.000186973 -0.000121893
1.74065e+09 0.000100473 0.00525613 -0.000841279 1 -0.000310869 5.67689e-05 0.000188262
1.74065e+09 -0.000191838 0.00436103 -0.00121013 1 -0.000182909 2.77905e-06 4.33053e-05
1.74065e+09 -0.000130724 0.00464093 0.000621898 1 -0.000130262 0.000136539 1.81692e-05
1.74065e+09 -0.000480345 0.00653154 -0.000582729 1 -0.000531302 -5.40045e-05 0.000496941
1.74065e+09 4.68801e-05 0.00638653 -0.00116882 1 -0.000153322 0.000159414 0.000189046
1.74065e+09 -0.000123961 0.00548807 -0.00127762 1 -0.000436507 -6.03162e-05 0.000208996
1.74065e+09 0.000554993 0.0061056 -0.00104057 1 -0.000320405 5.77693e-05 0.000121456
1.74065e+09 0.00051593 0.00527487 -0.000357096 1 -0.000276588 7.74015e-05 0.000323814
1.74065e+09 0.00140925 0.00566689 -0.0013701 1 -7.54107e-05 -1.60682e-05 -0.000131115
1.74065e+09 0.000551523 0.00631506 -0.000616918 1 -0.000305578 -4.54932e-06 0.000375927
1.74065e+09 0.00103083 0.00659326 -0.00137547 1 -7.96406e-05 -0.000132249 0.000212548
1.74065e+09 -2.5406e-05 0.00274524 -0.000691231 1 -0.000241725 0.000220101 0.000179731
1.74065e+09 0.000371583 0.00429225 -0.000729573 1 -0.00031739 -6.32333e-05 -0.000249566
1.74065e+09 -0.000338948 0.0059505 -0.00071605 1 -0.00025171 0.000119064 0.00039312
1.74065e+09 -2.7594e-05 0.00564115 -0.000708155 1 -0.000151778 0.000168938 9.06524e-05
1.74065e+09 0.00031978 0.00441154 -0.000551438 1 -0.000327325 -0.000202896 0.000159355
1.74065e+09 0.000400304 0.00140082 -0.00144062 1 -0.000199323 2.31572e-05 -0.00010171
1.74065e+09 0.00092553 0.00136068 9.80845e-06 1 -0.000324107 -2.65632e-05 -2.58186e-05
1.74065e+09 0.000357726 0.00403849 0.000251035 1 -0.000158024 2.95544e-05 2.10727e-05
1.74065e+09 0.000690911 0.00458501 -0.000130666 1 -0.00031079 1.68522e-05 -3.31769e-05
1.74065e+09 -0.000593627 0.00726208 -0.000591343 1 -0.000108213 2.81684e-05 0.000250554
1.74065e+09 0.000140076 0.00753493 -0.00144101 1 -0.000337026 -0.000105182 0.0001552
1.74065e+09 8.0625e-05 0.00671757 -0.00162787 1 -2.17599e-06 -3.01556e-05 0.000122861
1.74065e+09 0.000407353 0.00619714 -0.00122291 1 -0.000219809 -1.21449e-05 0.000217943
1.74065e+09 -0.000269914 0.00634891 -0.0013732 1 -0.000184533 4.48394e-06 0.000112853
1.74065e+09 -0.000617742 0.00534822 -0.00127718 1 -0.000390526 0.000148598 -8.29748e-05
1.74065e+09 6.67273e-05 0.00365053 -0.002046 1 -0.00011046 9.92425e-05 8.01641e-05
1.74065e+09 8.40037e-06 0.00214003 -0.00202643 1 -0.0002971 1.31075e-05 2.16611e-05
1.74065e+09 0.000485857 0.00391047 -0.00174718 1 -0.000133402 -1.93918e-05 0.000163441
1.74065e+09 0.000396156 0.00301127 -0.000706281 1 -0.000287064 -1.22182e-05 0.000117759
1.74065e+09 8.21451e-05 0.00559475 -0.000170592 1 -0.000356144 0.000238514 9.47401e-05
1.74065e+09 0.000111696 0.00476929 -0.000370292 1 -0.000232694 7.68116e-05 1.8619e-06
1.74065e+09 0.000225696 0.0066773 0.000470082 1 -0.000151079 0.000158637 -0.000116881
1.74065e+09 0.000227309 0.00760815 -0.000512363 1 -0.000160624 8.48778e-05 0.000227596
1.74065e+09 0.000964491 0.00869321 -9.02341e-05 1 -0.000196674 2.33322e-05 6.00282e-05
1.74065e+09 0.000261305 0.00801299 -0.000393318 1 -0.000120338 0.000142918 5.17361e-05
1.74065e+09 0.00044133 0.00863041 -0.0001596 1 -0.000379977 -8.60578e-05 4.59797e-05
1.74065e+09 1.35384e-05 0.00601818 -0.000778236 1 -7.5941e-05 1.4157e-05 -1.31714e-05
1.74065e+09 -0.000124763 0.00493332 -0.00170433 1 -0.000407556 7.5274e-05 0.000211257
1.74065e+09 -3.2198e-05 0.00549794 -0.00133956 1 -0.000115179 -8.332e-05 0.000221147
1.74065e+09 -0.000113422 0.00398538 -0.00116365 1 -0.000239374 -1.68105e-05 0.000172135
1.74065e+09 -0.000204104 0.00395022 -0.000247402 1 -0.000139746 0.000183546 4.56345e-05
1.74065e+09 0.000482486 0.00297841 -0.00135038 1 -0.00044048 -5.14679e-06 0.0001352
1.74065e+09 0.000848755 0.00476211 -0.0017179 1 -1.24402e-05 -0.000111808 -2.97155e-05
1.74065e+09 0.000609998 0.00377654 -0.0014003 1 -0.000224361 0.000184748 -0.000324636
1.74065e+09 -0.000761063 0.00703202 -0.000410757 1 0.000313596 0.000286934 -2.5906e-05
1.74065e+09 0.000260221 0.00586101 -0.00170897 1 -0.000290921 -0.000145608 0.000181468
1.74065e+09 0.000197274 0.00771543 -0.000766878 1 -0.000103568 0.000137219 0.000114071
1.74065e+09 0.000484786 0.00866426 -0.00173742 1 -0.000157768 -3.91807e-05 0.000262629
1.74065e+09 0.000399852 0.00773539 -0.000495236 1 -0.000228832 0.000141957 -0.000171908
1.74065e+09 0.000159081 0.00777781 -0.00046471 1 -0.000477203 0.000115825 0.000217297
1.74065e+09 -0.000159068 0.00586004 0.000392601 1 -0.000277889 0.000100795 -0.000215293
1.74065e+09 -0.000710858 0.00580781 0.000605762 1 -0.000208691 0.000174255 -4.31048e-05
1.74065e+09 0.000262019 0.00676237 -0.000728743 1 -0.000328979 -0.000115323 0.000142082
1.74065e+09 0.000638084 0.00418722 -0.000816256 1 -0.000141597 4.89089e-05 6.56601e-07
1.74065e+09 0.00059158 0.00710693 -0.00197032 1 -0.000278924 3.57764e-05 0.000209541
1.74065e+09 0.000640532 0.00755352 -0.00225055 1 -3.94406e-05 0.000231603 -4.85895e-05
1.74065e+09 0.000519793 0.00681237 -0.00214741 1 -0.000257002 0.000168233 -0.000151744
1.74065e+09 0.000854177 0.00656328 -0.00253006 1 0.000127594 -1.40683e-05 2.28648e-05
1.74065e+09 -1.50398e-06 0.00648226 -0.00227888 1 -0.000298568 0.00011421 0.000117574
1.74065e+09 0.000283727 0.00565198 -0.00157131 1 -6.82809e-05 -2.69811e-05 6.21266e-06
1.74065e+09 0.000128693 0.00595132 -0.00103665 1 -0.000478028 1.99696e-05 3.27249e-05
1.74065e+09 0.0012942 0.00513789 -0.00192165 1 -6.08944e-05 -4.29203e-05 -0.000168746
1.74065e+09 0.00113073 0.0047916 -0.00167332 1 -0.000271095 -0.000125098 -4.28101e-05
1.74065e+09 0.000959816 0.00486086 -0.00132628 1 -0.00021295 -0.000123253 6.74072e-05
1.74065e+09 0.000419988 0.00594964 -0.00152884 1 -0.000278562 -0.000164371 0.000172546
1.74065e+09 0.00025517 0.00484523 -0.00139114 1 -0.000209856 -5.98287e-05 -5.26222e-05
1.74065e+09 0.000343746 0.00837175 0.000569234 1 -0.000173108 3.11645e-05 6.34396e-05
1.74065e+09 0.000709555 0.00887122 0.000291671 1 -0.000391804 -0.000107151 0.000285769
1.74065e+09 0.000572441 0.00938247 0.000421643 1 -0.000672856 -0.00016016 0.00019473
1.74065e+09 2.38009e-05 0.00769924 0.00103179 1 -0.000265886 0.000229363 0.000215156
1.74065e+09 0.000339351 0.0096893 -0.000399912 1 -0.000245824 1.9008e-05 0.000166184
1.74065e+09 -0.000162652 0.011243 -0.00132945 1 -7.86853e-05 6.07423e-05 7.44791e-05
1.74065e+09 -1.37769e-05 0.0113728 -0.00138394 1 -0.000199083 5.92764e-05 0.000110848
1.74065e+09 0.000568605 0.0104577 -0.000383573 1 6.80483e-05 7.36812e-05 -0.000151533
1.74065e+09 0.000207058 0.00944426 -0.00036353 1 -0.000241611 0.000227299 3.59477e-05
1.74065e+09 0.000794495 0.00791041 -0.00134643 1 0.000118163 2.14738e-05 -0.000161238
1.74065e+09 0.00109777 0.00849525 -0.00209494 1 -0.000230628 -4.3084e-05 -0.000230132
1.74065e+09 0.00068059 0.00962975 -0.00215136 1 2.18332e-05 3.03752e-05 0.000110815
1.74065e+09 0.000354037 0.010189 -0.00163173 1 -0.000255735 1.30159e-05 7.96259e-05
1.74065e+09 2.5775e-05 0.0135552 -0.000623092 1 0.000260643 -7.56996e-06 -0.000269007
1.74065e+09 -7.27183e-05 0.0131419 -0.000212545 1 -0.000333148 9.03643e-06 9.1623e-06
1.74065e+09 0.000234556 0.0134983 -5.29052e-05 1 -6.56971e-05 2.5009e-05 3.84194e-06
1.74065e+09 0.000986053 0.0123037 -0.00283921 1 -0.00067552 -0.000257388 0.000344019
1.74065e+09 0.000119711 0.0136443 -0.00174027 1 -0.000158722 4.73774e-05 0.000124481
1.74065e+09 6.92896e-05 0.0110953 -0.00101753 1 -0.000107059 5.53122e-05 0.000203299
1.74065e+09 0.000102094 0.0119818 0.000762065 1 -0.000243674 -8.0406e-05 -0.000170745
1.74065e+09 0.000425958 0.00963367 0.00123843 1 -0.000226534 -5.03837e-05 -9.87414e-05
1.74065e+09 0.000441959 0.0142601 0.00176425 1 -0.000254312 -3.59791e-05 4.02596e-05
1.74065e+09 -0.000218767 0.011646 0.000187607 1 -0.000208872 0.00013853 0.000386213
1.74065e+09 4.00102e-05 0.0168771 -0.00129839 1 -0.000141012 -0.000123241 0.000129039
1.74065e+09 0.00109571 0.0169295 -0.00301451 1 -6.44039e-05 -0.000149934 -0.000169327
1.74065e+09 0.00126987 0.017371 -0.0022214 1 -0.000224485 -7.58679e-05 -0.000139988
1.74065e+09 0.00117657 0.0140861 -0.00177147 1 0.000192968 3.59404e-05 -3.92273e-05
1.74065e+09 5.434e-05 0.0159124 -0.000639992 1 3.98217e-05 9.91281e-05 -0.000147845
1.74065e+09 -0.000491881 0.0157483 -0.000605867 1 0.000137748 0.000159348 -7.49142e-05
1.74065e+09 -0.00101367 0.0151523 -0.000219352 1 0.000111521 0.000174955 9.83166e-05
1.74065e+09 -0.000617135 0.00995113 0.00040339 1 0.000118262 0.00011856 6.84481e-05
1.74065e+09 -0.000445387 0.0144932 0.000513659 1 -8.12692e-05 5.29358e-05 0.00024007
1.74065e+09 -0.000626734 0.0190253 -0.000623188 1 -0.00022521 -7.93874e-05 0.000225475
1.74065e+09 -0.00114419 0.0227742 0.000116347 1 -0.00023194 1.75035e-05 2.84354e-05
1.74065e+09 -0.000765398 0.0208511 -0.000306177 1 -0.000195643 -5.14397e-05 0.000113159
1.74065e+09 -0.000641509 0.0215161 -0.000796473 1 -0.000189098 -3.89094e-05 -7.86363e-05
1.74065e+09 -0.000663745 0.0228238 -0.00112455 1 -0.000289123 -0.000138703 2.98921e-05
1.74065e+09 -0.000267835 0.0187413 -0.00207014 1 -7.83561e-05 4.35641e-05 -4.07307e-05
1.74065e+09 -0.000529196 0.0201538 -0.0023333 1 -0.00036651 -0.000127471 0.000142825
1.74065e+09 -0.000166483 0.0198118 -0.00313368 1 -0.000125143 -1.6518e-05 -0.00024168
1.74065e+09 2.05737e-05 0.0188692 -0.00155695 1 -8.56217e-05 -9.57468e-05 2.04889e-05
1.74065e+09 0.000123581 0.0170903 -0.00303751 1 -0.000161506 4.64803e-05 -0.000395098
1.74065e+09 -7.79164e-05 0.0161114 -0.0005617 1 5.26538e-05 6.27566e-05 -3.44888e-05
1.74065e+09 0.000322796 0.0176301 -0.00244591 1 7.51096e-05 -0.000116491 0.00014592
1.74065e+09 -0.000584053 0.014477 -0.00131719 1 -4.01412e-05 0.000189013 0.000318416
1.74065e+09 -0.000486296 0.0130096 -0.00208921 1 -0.000151251 6.75138e-06 0.000179292
1.74065e+09 -0.0012974 0.0136878 -0.000798807 1 -7.19292e-05 0.00021402 0.000217755
1.74065e+09 -0.00182743 0.0132547 -0.00124912 1 -4.78834e-05 0.000316348 -0.000127756
1.74065e+09 -0.00141629 0.015605 -0.000494832 1 -7.6898e-05 6.28662e-05 0.000283288
1.74065e+09 -0.000444985 0.0157699 -0.00102605 1 -0.000153909 4.65592e-06 0.000211335
1.74065e+09 0.00056132 0.0160552 -8.42627e-05 1 -0.000399633 -0.000131076 7.22589e-05
1.74065e+09 0.000513052 0.0168318 -0.000573181 1 -0.000123066 1.8677e-05 0.000192962
1.74065e+09 -0.00047119 0.0166673 -0.00102318 1 -0.000436523 6.51792e-05 3.92281e-05
1.74065e+09 -0.000591798 0.0173684 -0.00137943 1 -0.000216995 7.97139e-05 -0.000111406
1.74065e+09 0.000407554 0.0180709 -0.0020886 1 -3.21207e-05 -1.48496e-05 -0.000140461
1.74065e+09 0.000484012 0.0237926 -0.00154741 1 -7.61897e-05 -0.000159954 8.70914e-05
1.74065e+09 8.01765e-05 0.0224254 -0.00255914 1 -0.000317421 -8.97936e-05 0.000525047
1.74065e+09 -0.000404519 0.0216552 -0.00267931 1 -0.00019589 7.69033e-05 0.000178274
1.74065e+09 -0.000851847 0.0184507 -0.000871088 1 -0.000201647 -4.65715e-06 9.66466e-05
1.74065e+09 -0.000225752 0.0201106 0.000954623 1 0.000124289 0.000163934 -0.000137596
1.74065e+09 -8.83713e-05 0.0175597 -0.000355392 1 -1.72736e-05 -2.04862e-05 3.36833e-05
1.74065e+09 2.34599e-05 0.0184231 -0.00203697 1 -3.19735e-05 5.05687e-05 0.000216692
1.74065e+09 0.000380613 0.0181103 -0.00119973 1 -0.000109871 -8.9564e-05 0.000118137
1.74065e+09 0.000104767 0.0214059 -0.00144523 1 -0.000123022 -4.62283e-05 -0.000182753
1.74065e+09 -0.000548179 0.0230703 -0.000316052 1 -0.00010318 5.06291e-06 1.88467e-05
1.74065e+09 -0.000121699 0.0226478 0.000718632 1 -1.70689e-05 9.00978e-05 -0.000201289
1.74065e+09 0.000421049 0.0210579 0.000173547 1 -0.00010734 6.86602e-05 4.03279e-05
1.74065e+09 0.000759695 0.0217627 -9.91809e-06 1 -8.81362e-05 9.67501e-05 -0.000330664
1.74065e+09 0.000575854 0.0238544 -0.000296148 1 -5.60504e-05 -0.000108686 -0.000193222
1.74065e+09 -0.000172402 0.0240332 -0.000323536 1 -0.000178052 6.15634e-05 7.85353e-05
1.74065e+09 -0.00109142 0.018258 -0.000610372 1 1.05336e-05 0.000181358 0.000221523
1.74065e+09 -0.000100389 0.015468 -0.000241178 1 -0.000118734 -4.15072e-05 0.000255075
1.74065e+09 8.81752e-05 0.0144279 -0.000593637 1 9.05567e-05 0.000100061 0.00031247
1.74065e+09 0.000252751 0.018543 -0.00163254 1 -0.000487905 -9.48329e-05 9.3765e-06
1.74065e+09 5.77511e-05 0.0232546 -0.00159411 1 8.71314e-05 1.81641e-05 -0.000156483
1.74065e+09 -6.15446e-05 0.0246334 -0.00170732 1 -0.000157868 -4.17137e-05 -0.000308507
1.74065e+09 3.61183e-05 0.0265386 -0.0016424 1 0.000133397 0.000174174 0.000115495
1.74065e+09 1.84066e-05 0.0243558 -0.00165603 1 -0.00029282 3.47314e-05 0.000251072
1.74065e+09 -0.000119296 0.0246762 -0.00215947 1 -0.000106102 -0.000106398 0.000168169
1.74065e+09 -0.000518836 0.0215093 -0.0016637 1 -0.000134623 0.000220455 0.000128695
1.74065e+09 -0.000545412 0.0195361 -0.00165014 1 -0.000151016 -2.10232e-05 -8.5852e-05
1.74065e+09 -0.000615192 0.0182717 -0.00124401 1 -0.000262404 -3.81852e-05 2.83333e-05
1.74065e+09 -0.000399108 0.0217443 -3.17032e-06 1 -6.10252e-05 0.000106853 -0.000105244
1.74065e+09 -0.000768728 0.0210078 0.000489421 1 -9.14113e-05 7.59587e-05 4.11107e-05
1.74065e+09 0.00039665 0.0180292 -0.000494196 1 -0.000236447 5.24099e-05 -0.000182352
1.74065e+09 -0.000523008 0.0180594 8.99063e-05 1 -0.000193289 0.000209323 9.14072e-05
1.74065e+09 -0.000295864 0.0154174 -0.00086174 1 -0.000153389 -1.28024e-05 -5.43596e-05
1.74065e+09 -0.000461322 0.0127333 -0.00122044 1 -3.63379e-05 2.78054e-05 0.000221638
1.74065e+09 -0.000556817 0.0146312 -0.00243653 1 -0.000246149 -9.21727e-05 6.42754e-05
1.74065e+09 -0.000941567 0.0217411 -0.00225106 1 -7.67584e-05 7.46999e-05 5.67554e-05
1.74065e+09 -0.000697529 0.0214131 -0.00156031 1 -0.000143877 8.72157e-05 9.38595e-05
1.74065e+09 -0.000838661 0.0196088 -0.00168328 1 -0.000100627 0.000192984 -3.6284e-05
1.74065e+09 -9.5069e-05 0.0121118 -0.00146522 1 -0.000309776 5.8326e-05 2.87281e-07
1.74065e+09 -0.000125941 0.015961 -0.00271434 1 5.48285e-05 8.47256e-05 0.000258216
1.74065e+09 -0.000255071 0.0159781 -0.00148809 1 -0.00033937 -0.000149055 -0.000128913
1.74065e+09 -0.000311446 0.0171225 -0.00224785 1 -5.35679e-05 -7.34729e-05 5.95027e-05
1.74065e+09 -0.00103568 0.0149946 -0.00221854 1 -0.000227343 0.000135732 -5.93833e-05
1.74065e+09 -0.00133183 0.0150647 -0.00241579 1 -0.000242678 0.000355904 -8.60053e-05
1.74065e+09 -0.00104892 0.0168829 -0.00185002 1 -0.000138156 -6.38308e-05 0.000172522
1.74065e+09 -0.000356002 0.0143511 -0.00208913 1 -0.000238089 0.00011229 -6.72788e-05
1.74065e+09 -0.000520141 0.0137596 -0.000957205 1 -0.000164565 4.43019e-05 -4.35962e-05
1.74065e+09 -0.00144297 0.010876 -0.000415029 1 -0.000294983 7.52326e-05 -8.90475e-05
1.74065e+09 -0.00102013 0.0135762 0.00110105 1 -0.000630042 -8.34406e-05 0.000331841
1.74065e+09 -0.000913595 0.0116965 -0.000298203 1 -0.000501893 -9.1671e-05 0.000163725
1.74065e+09 -0.000426427 0.0119896 -0.000442277 1 -0.000160551 0.000243628 5.57538e-05
1.74065e+09 0.0004237 0.00933204 -0.001389 1 6.51556e-05 7.66199e-05 -3.04646e-05
1.74065e+09 0.00169896 0.00984493 -0.0027266 1 -0.000218059 -9.25062e-05 0.000116414
1.74065e+09 0.00110278 0.0120816 -0.00261527 1 -0.000129306 -6.74689e-05 0.000527729
1.74065e+09 0.000402345 0.0115972 -0.00214993 1 -0.000137533 -3.32804e-05 1.1309e-05
1.74065e+09 -0.000841469 0.0103867 -0.00179904 1 -9.016e-05 8.55665e-05 -5.06521e-05
1.74065e+09 -0.000724102 0.00893545 -0.00200105 1 -8.14665e-05 0.000183827 -0.000160829
1.74065e+09 -0.000172801 0.00851001 -0.00261191 1 -7.26936e-05 -0.000231224 0.000122516
1.74065e+09 -0.000327414 0.00811678 -0.00139385 1 -0.000402179 0.000138137 9.57275e-05
1.74065e+09 -0.000667345 0.0125138 -0.00109695 1 -6.99929e-06 -1.71242e-06 8.31345e-05
1.74065e+09 -0.00135976 0.0147255 -0.000833499 1 -0.000222454 0.000281756 4.71798e-05
1.74065e+09 -0.00164916 0.0179441 -2.08803e-05 1 -2.35642e-05 8.28171e-05 -0.000374877
1.74065e+09 -0.000589142 0.0149664 -0.00086639 1 -9.70904e-05 1.23147e-05 0.000164815
1.74065e+09 0.00094345 0.0102727 -0.000559809 1 -0.00012856 0.00023035 -2.673e-05
1.74065e+09 0.00116558 0.00496434 -0.000778965 1 -0.000375917 -4.25474e-05 0.000164549
1.74065e+09 8.44536e-05 0.00382426 -0.000253547 1 -0.000395256 -0.000147375 -0.000453724
1.74065e+09 -0.00178546 0.00389941 0.000634808 1 -0.000248258 0.000291749 0.000336865
1.74065e+09 -0.00236494 0.00439116 -0.000949808 1 -0.000329308 0.000216131 0.000113509
1.74065e+09 -0.00205315 0.00624818 -0.000633981 1 -0.000470842 0.000173207 0.000328684
1.74065e+09 -0.00157048 0.00614866 -0.00163608 1 -0.000397946 0.000219269 -8.6838e-05
1.74065e+09 -0.0016478 0.00455541 -0.000798028 1 -8.04985e-05 0.000408395 -0.000167544
1.74065e+09 -4.91196e-05 0.00677309 -0.000855046 1 -0.000221107 1.21629e-05 4.04868e-05
1.74065e+09 0.000884229 0.00457686 -0.0016309 1 5.20633e-05 -2.00772e-05 0.000184028
1.74065e+09 0.00105457 0.00484752 -0.00190712 1 -0.000284183 9.75792e-05 -8.97662e-05
1.74065e+09 0.000675542 0.0032706 -0.00286752 1 -0.000158521 -0.000122891 -9.78952e-05
1.74065e+09 0.000515003 0.00436279 -0.00272734 1 -0.000195588 0.000117186 0.000132681
1.74065e+09 0.000293071 0.00301867 -0.00168089 1 -4.25658e-05 6.3775e-05 8.16292e-05
1.74065e+09 0.000679148 0.00443424 -0.00210361 1 -0.000308656 -5.69807e-05 0.000136147
1.74065e+09 0.00102712 0.00461875 -0.000554864 1 -0.000182592 1.74854e-05 -0.000109043
1.74065e+09 0.00125962 0.00343453 -0.000778174 1 -0.000177962 0.000139271 -0.000179762
1.74065e+09 0.00112359 0.00385282 -0.000896415 1 -0.000317095 -5.32056e-05 0.000127062
1.74065e+09 0.000727599 0.00440327 -0.000301884 1 -0.00033931 2.62422e-05 7.28327e-05
1.74065e+09 0.000882779 0.00496306 -0.000588972 1 -0.000165675 -6.82749e-05 6.34966e-05
1.74065e+09 5.44668e-05 0.0048516 -0.000342189 1 -0.000263118 5.81111e-05 0.000236075
1.74065e+09 -0.000135136 0.00808602 -0.00161529 1 -0.00028152 -0.000115775 0.000232004
1.74065e+09 -2.64133e-05 0.00658395 -0.00164516 1 -0.000201295 9.99943e-05 8.47331e-05
1.74065e+09 -0.000373605 0.0074286 -0.00200174 1 -0.000225002 -4.99061e-06 -8.92597e-06
1.74065e+09 -0.000481989 0.00409441 -0.00276509 1 -0.000136872 0.000164853 -4.7316e-05
1.74065e+09 -0.000758906 0.00641771 -0.0015579 1 -0.000273681 1.4082e-05 0.000308893
1.74065e+09 -6.76399e-05 0.00476118 -0.00328934 1 -0.000111751 6.77881e-05 0.00010437
1.74065e+09 -0.000168243 0.00491564 -0.00118389 1 -0.000112552 6.74623e-05 0.000154937
1.74065e+09 0.000655921 0.00460378 -0.00257885 1 -0.000183914 -0.000149035 -7.93966e-05
1.74065e+09 0.000427368 0.0054131 -0.00152564 1 -0.000152942 5.27685e-05 0.000132133
1.74065e+09 0.000434136 0.00315704 -0.000970071 1 -4.48153e-05 3.97141e-05 5.46895e-06
1.74065e+09 0.000360646 0.00369856 0.000360642 1 -0.000292262 -0.000100466 0.000122396
1.74065e+09 0.000425543 0.00313048 9.04555e-05 1 -3.73011e-05 2.31136e-06 0.000193876
1.74065e+09 0.00146385 0.00422083 -0.00116054 1 -0.000517229 -0.000250084 0.000240939
1.74065e+09 0.00125069 0.00366654 -0.00226929 1 -0.000286591 -9.98349e-05 0.000268055
1.74065e+09 0.00193459 0.00409512 -0.00211732 1 -0.000399282 -0.000204656 0.000170802
1.74065e+09 0.0020388 0.00463633 -0.0013471 1 -0.000332323 -4.55603e-05 0.000379009
1.74065e+09 0.00205675 0.00598952 -0.000546543 1 -0.000478286 -0.000226899 3.35393e-05
1.74065e+09 0.0013885 0.00838722 -0.000354229 1 -0.000161516 0.00014138 0.000509559
1.74065e+09 0.0018564 0.00842591 -0.00138028 1 -0.000339146 -0.000128736 -9.46729e-05
1.74065e+09 0.0017105 0.0072012 -0.00214575 1 -0.000253044 5.18976e-06 0.00020558
1.74065e+09 0.00225885 0.00725308 -0.00203321 1 -0.000287097 -0.000221126 0.00013661
1.74065e+09 0.00288541 0.00467359 -0.00298622 1 -0.000143315 -2.11098e-05 0.000275864
1.74065e+09 0.00218377 0.00400007 -0.0027863 1 -0.000145576 -2.84877e-05 1.73656e-05
1.74065e+09 0.00275487 -0.000408659 -0.00312903 1 -6.83058e-05 -6.71189e-05 3.79744e-05
1.74065e+09 0.00235403 -0.00130632 -0.00171343 1 -9.33643e-05 2.43876e-05 0.000134857
1.74065e+09 0.0027884 -0.00250585 -0.00144381 1 -0.000206499 -9.69811e-05 0.000304453
1.74065e+09 0.0032788 -0.00178178 0.000606972 1 -0.000526068 -2.9976e-05 6.83605e-05
1.74065e+09 0.00281811 -0.000912857 0.000961075 1 3.16515e-05 0.000125242 0.00039705
1.74065e+09 0.00316747 0.00100609 0.000689865 1 -0.000292169 -0.000184838 0.000119162
1.74065e+09 0.00217807 0.00437768 -0.00015261 1 -0.000328192 6.16579e-05 8.39115e-05
1.74065e+09 0.00290152 0.00610742 -0.00216507 1 -0.000452462 -0.000126008 0.000137488
1.74065e+09 0.00255453 0.0064122 -0.00249944 1 -0.000313599 -0.000131721 -3.38889e-06
1.74065e+09 0.00225386 0.00642781 -0.00160305 1 -0.000183299 -1.32817e-05 -8.83386e-05
1.74065e+09 0.00124281 0.00847125 -0.0012899 1 -0.000271311 -0.000137381 0.000263374
1.74065e+09 0.00162261 0.00553215 -0.00111353 1 -0.000298933 -1.86493e-05 5.38611e-05
1.74065e+09 0.00176053 0.00641097 -0.00159567 1 -0.000224691 -0.00013246 0.000182824
1.74065e+09 0.00251193 0.00656102 -0.00253733 1 -0.000412445 -1.75992e-05 0.000108779
1.74065e+09 0.00192957 0.00892341 -0.00165858 1 -0.000244918 5.90786e-05 0.000338419
1.74065e+09 0.00256575 0.00862842 -0.00211608 1 -0.000173033 -0.000112216 0.000130231
1.74065e+09 0.00261167 0.00407359 -0.00100735 1 -0.000208136 -0.00022615 0.000107828
1.74065e+09 0.00160412 0.00173022 -0.00104467 1 -4.17577e-05 -7.85286e-05 0.000270218
1.74065e+09 0.00106675 0.0018391 -0.000998085 1 -0.000305801 4.04843e-05 0.000234582
1.74065e+09 0.00141455 0.00290046 -0.00236234 1 -0.00022521 0.000108598 0.000129048
1.74065e+09 0.00173144 0.00328027 -0.00359147 1 -0.000270208 -0.000114519 0.000271192
1.74065e+09 0.000967079 0.00399931 -0.00391906 1 -0.000269025 0.000115198 2.01026e-05
1.74065e+09 0.000808249 0.0058703 -0.00296717 1 -0.00038554 -8.82622e-05 0.00018175
1.74065e+09 0.00136213 0.00382456 -0.00229512 1 -0.000246361 -0.00014706 6.125e-05
1.74065e+09 0.00125459 0.00486305 -0.00123383 1 -0.000168985 0.0001372 0.000308227
1.74065e+09 0.00141487 0.00712119 -0.00139101 1 -0.000255356 -9.6974e-06 0.000273233
1.74065e+09 0.00137912 0.00731374 -0.000238931 1 -0.000112653 8.94043e-05 0.000200695
1.74065e+09 0.000838895 0.00641069 -0.00116145 1 -0.000249798 -5.42457e-05 0.000257201
1.74065e+09 0.00163382 0.00513086 -0.00247781 1 -0.000113387 -0.000168373 6.71272e-05
1.74065e+09 0.00100597 0.00632581 -0.00284493 1 -0.000419888 -0.0001905 0.000382848
1.74065e+09 0.00158021 0.00632513 -0.00278216 1 -0.000335818 -6.99458e-05 -2.67107e-05
1.74065e+09 0.000954197 0.00505068 -0.00198055 1 -0.000265709 5.84449e-05 -5.18574e-05
1.74065e+09 0.00123309 0.00634684 -0.00262219 1 -0.000220738 0.000128389 9.59183e-05
1.74065e+09 0.000631669 0.00340102 -0.00128161 1 -0.000251783 4.10389e-06 7.08569e-05
1.74065e+09 0.000864034 0.00470884 -0.00308433 1 -2.67579e-05 2.56653e-05 -5.31949e-05
1.74065e+09 0.000570754 0.0033475 -0.00291583 1 -7.84827e-05 4.79859e-05 6.94006e-06
1.74065e+09 0.00122896 0.00358131 -0.00269899 1 -0.000314489 -5.19253e-05 6.32075e-05
1.74065e+09 0.00134626 0.00615125 -0.00273213 1 -0.000356805 -0.000134488 0.000260111
1.74065e+09 0.00146524 0.00633045 -0.00160189 1 -0.000244313 -1.16535e-05 4.69033e-05
1.74065e+09 0.00181615 0.0076057 -0.000429006 1 -0.00037267 -0.000279922 3.06152e-06
1.74065e+09 0.00114811 0.00635226 -0.00140182 1 -0.000331471 5.03236e-05 -5.39718e-05
1.74065e+09 0.000960346 0.00708771 -0.00086405 1 -0.00020053 -2.4722e-05 9.66865e-05
1.74065e+09 0.000562574 0.00544918 -0.000597887 1 -0.00024005 -8.46071e-05 -1.72021e-05
1.74065e+09 0.000984185 0.00434048 -0.000541749 1 -0.000314327 -6.76162e-05 3.0904e-05
1.74065e+09 0.000764138 0.00309045 -0.000852618 1 -0.000127211 0.000237545 4.71407e-05
1.74065e+09 0.00166606 0.0032226 -0.00228261 1 -0.000341335 -5.03498e-05 0.000352256
1.74065e+09 0.000816877 0.00345214 -0.0016829 1 -0.000134594 0.000248523 9.77929e-05
1.74065e+09 0.00154584 0.00496527 -0.00367026 1 -0.00041074 -0.000255278 0.000384111
1.74065e+09 0.00176447 0.00523048 -0.00307936 1 -5.95931e-05 -8.13975e-05 6.98456e-05
1.74065e+09 0.00164358 0.00432372 -0.0027658 1 -0.000414389 -2.62247e-06 0.000124772
1.74065e+09 0.0011605 0.00504108 -0.00191736 1 -2.29304e-05 -1.61071e-05 0.000180603
1.74065e+09 0.00151921 0.0039543 -0.00187711 1 -0.000378215 0.000126025 8.58049e-05
1.74065e+09 0.00137332 0.00690487 -0.00194595 1 -8.49294e-05 -0.000104904 0.000112415
1.74065e+09 0.00122198 0.0056513 -0.00161047 1 -0.000299706 -6.50332e-05 0.000122258
1.74065e+09 0.000787664 0.0081678 -0.000829122 1 -0.000188739 -4.88434e-06 8.95339e-05
1.74065e+09 0.00101028 0.00746072 -0.0014298 1 -0.000301811 -8.46302e-05 0.000372396
1.74065e+09 0.00147462 0.00627669 -0.00112595 1 -0.000444322 -1.30383e-05 -1.29424e-05
1.74065e+09 0.00165165 0.00551847 -0.00107988 1 -0.000128619 -7.83332e-05 -4.61572e-05
1.74065e+09 0.0015754 0.00299395 -7.80389e-06 1 -0.000280566 -6.579e-05 -0.000320443
1.74065e+09 0.000991026 0.00195687 -0.000591624 1 -0.000237901 -4.39787e-05 -4.00513e-05
1.74065e+09 0.000796493 0.00318509 -0.000304684 1 -0.000330919 -5.82946e-05 -1.42571e-05
1.74065e+09 0.000286636 0.00498619 -0.000857618 1 -0.000111063 0.000122734 0.000130155
1.74065e+09 0.000786131 0.00573112 -0.00212548 1 -0.000341719 -0.00026914 0.000241409
1.74065e+09 0.000148505 0.0057721 -0.00145443 1 -0.000113668 0.00014769 0.000225781
1.74065e+09 0.000340654 0.00555827 -0.00170667 1 -0.000243833 1.26102e-05 0.000177331
1.74065e+09 0.000390238 0.00507737 -0.00186477 1 -0.00014132 1.36928e-05 4.5938e-05
1.74065e+09 0.000536031 0.00528922 -0.00250653 1 -0.000145761 3.02781e-05 3.92391e-05
1.74065e+09 0.000798876 0.00894382 -0.00276301 1 -1.95928e-05 -0.00014088 0.000283888
1.74065e+09 0.00153938 0.00689644 -0.00293624 1 -0.000261593 -0.000117673 0.000243382
1.74065e+09 0.000881636 0.00975675 -0.00214739 1 -3.7375e-05 -1.68221e-05 0.000421119
1.74065e+09 0.000935137 0.00577361 -0.00163244 1 -0.000274433 -4.93327e-05 6.78104e-05
1.74065e+09 0.000742412 0.00570556 -0.00052696 1 -0.000270806 0.000158175 -0.000178679
1.74065e+09 0.000597531 0.00613417 -0.000760646 1 -0.000312469 1.69623e-05 0.00033998
1.74065e+09 0.000589327 0.00605928 -0.000484499 1 -0.000208502 5.09962e-05 3.13253e-05
1.74065e+09 0.000522605 0.00689046 -0.000535011 1 -0.000418886 -3.37899e-05 0.000326864
1.74065e+09 0.000921135 0.00515658 -0.0011088 1 -0.000237966 -7.551e-05 -0.000156358
1.74065e+09 0.000343005 0.00399548 -0.000242347 1 -0.000298186 0.000139623 0.000318373
1.74065e+09 0.000927179 0.00675265 -0.000995805 1 -0.000211165 -0.000191269 0.000176182
1.74065e+09 0.00136125 0.0072419 -0.00129002 1 -0.000159337 -0.000217755 0.000339663
1.74065e+09 0.00123802 0.00768078 -0.00134081 1 -0.000346511 -0.000108819 8.17353e-05
1.74065e+09 0.00117576 0.0066796 -0.001839 1 -0.000117748 -0.00011162 0.000151438
1.74065e+09 0.000251644 0.00673569 -0.00225645 1 -0.000137555 0.00013775 7.18128e-05
1.74065e+09 0.000438675 0.00704046 -0.00248758 1 7.89833e-05 -1.6346e-05 -8.74667e-05
1.74065e+09 -0.00096751 0.0104574 -0.00155981 1 -0.000201493 0.000190296 0.000197026
1.74065e+09 -0.00130948 0.0117729 -0.00287218 1 -0.000224431 2.34867e-05 0.000115267
1.74065e+09 -0.00158535 0.014566 -0.00294287 1 -3.5588e-05 0.000158645 0.000169203
1.74065e+09 -0.000578031 0.0149137 -0.00339189 1 -3.76052e-05 3.23894e-05 0.000105809
1.74065e+09 -0.000744752 0.0156078 -0.00249061 1 -0.000436582 -1.57756e-05 0.000213295
1.74065e+09 -0.000653715 0.0175643 -0.00185291 1 -0.000233849 -1.13813e-05 -1.80945e-05
1.74065e+09 -0.000680255 0.0174386 -0.00104617 1 -0.000279097 -0.000114405 4.09118e-05
1.74065e+09 -0.0010234 0.015538 -0.0011598 1 -6.21419e-05 2.44991e-05 0.000112654
1.74065e+09 -0.00133328 0.0149235 -0.00027596 1 -0.000173288 0.000114819 0.000258467
1.74065e+09 -0.00122723 0.0126522 -0.000419602 1 -0.000373528 3.63859e-05 0.00056245
1.74065e+09 -0.000564784 0.0111515 -0.000254817 1 -0.000194654 2.44949e-05 0.000234696
1.74065e+09 -2.05577e-05 0.00660533 -0.000664605 1 -0.000567734 -3.25743e-05 0.00010776
1.74065e+09 3.80572e-06 0.00814941 -0.00147336 1 -0.000263757 6.36489e-05 -9.33767e-05
1.74065e+09 -0.000555415 0.00843643 -0.00143164 1 -0.000137455 0.000405897 -1.45439e-05
1.74065e+09 -0.000513132 0.00899264 -0.00211068 1 -0.000426341 0.000175018 0.00016823
1.74065e+09 -0.000313661 0.0083182 -0.0016798 1 -0.000150539 8.33801e-05 4.73915e-05
1.74065e+09 -0.000210557 0.0105455 -0.00101866 1 -0.000350078 0.000233132 0.000408104
1.74065e+09 0.00020696 0.00915741 -0.00170716 1 -6.05917e-05 3.06246e-05 0.000219875
1.74065e+09 0.000503547 0.0108816 -0.00229105 1 -0.000254115 9.41186e-05 -0.000104482
1.74065e+09 0.000244241 0.0107051 -0.0016626 1 -0.000309666 4.09065e-05 -2.61662e-05
1.74065e+09 -8.60219e-05 0.00913502 -0.000960835 1 -0.000327973 6.50048e-05 -0.00018907
1.74065e+09 -0.00111735 0.00703568 0.00106332 1 0.000148483 0.00028547 0.000165028
1.74065e+09 -0.000775631 0.00648573 0.000631877 1 -0.000224972 1.12421e-05 5.37773e-05
1.74065e+09 -0.000128642 0.00470341 0.000321082 1 -0.000198265 0.000166547 -6.49411e-05
1.74065e+09 0.000811774 0.00499618 -0.00115411 1 -0.000381966 -0.000254417 0.000122649
1.74065e+09 0.000539527 0.00681215 0.000353721 1 -0.000342243 7.88046e-06 -7.48498e-05
1.74065e+09 0.000133448 0.00669049 0.000348554 1 -0.000150343 0.00014362 0.000147266
1.74065e+09 -0.000463781 0.00971732 0.00165496 1 -0.000221387 0.000149706 4.01142e-05
1.74065e+09 -0.000526571 0.00889345 0.00127064 1 -0.000212467 0.000224449 0.000171969
1.74065e+09 4.49022e-05 0.0100951 0.000693965 1 -0.000236876 -2.14185e-05 0.000140358
1.74065e+09 -0.000276597 0.0101718 0.00034354 1 -0.000166791 0.000375014 0.00019815
1.74065e+09 0.000178322 0.00990238 -0.000506832 1 -0.000264522 2.71492e-05 -4.85311e-06
1.74065e+09 0.00042487 0.00829422 -0.00166755 1 -0.000237197 0.000268513 0.000130518
1.74065e+09 0.000164506 0.00850812 -0.00135058 1 -0.00022209 1.74625e-05 0.000112196
1.74065e+09 0.000330451 0.00938818 -0.0023782 1 -2.02455e-05 -2.98012e-05 0.000160196
1.74065e+09 3.55502e-06 0.00996198 -0.00146167 1 2.02997e-06 0.000158919 0.00012014
1.74065e+09 0.000671511 0.00886173 -0.00119925 1 -0.000286356 -0.000147773 -0.000320843
1.74065e+09 0.000900839 0.00906183 -0.00212705 1 0.000155758 -0.000112416 -6.58385e-05
1.74065e+09 -2.19676e-05 0.00588443 -0.000773573 1 -1.02822e-05 7.88339e-05 -0.000304691
1.74065e+09 -4.02922e-05 0.00534893 0.000173739 1 -0.000410391 -5.74099e-05 0.00020642
1.74065e+09 -0.00067573 0.00684941 7.62786e-05 1 -0.000207242 -3.93141e-05 5.09345e-05
1.74065e+09 -0.000423052 0.00615756 0.000438364 1 -0.000354661 -8.14441e-05 0.000122165
1.74065e+09 -0.000354746 0.00742338 -0.0014352 1 -0.000352152 6.69038e-05 0.000291839
1.74065e+09 -0.000139623 0.00859749 -0.00140408 1 -0.000433943 5.77161e-05 0.00015574
1.74065e+09 0.000100205 0.00813468 -0.00227402 1 -0.000265458 -0.000155491 0.000119697
1.74065e+09 9.87269e-05 0.00944855 -0.00133732 1 -0.000173759 7.41935e-05 6.61647e-05
1.74065e+09 0.000332723 0.00994865 -0.00148743 1 -0.000210189 -0.00019917 0.000197823
1.74065e+09 0.000392232 0.0128025 -0.00138063 1 -3.01855e-05 0.000279943 0.000146665
1.74065e+09 0.000321854 0.0118363 -0.00144103 1 -0.00031043 -7.22466e-05 0.000347646
1.74065e+09 -0.000121285 0.0142179 -0.00162769 1 0.000269276 0.00025915 0.000152181
1.74065e+09 -0.000106008 0.010027 -0.000390438 1 -0.00010618 0.000212268 0.000132409
1.74065e+09 0.00041885 0.0105533 -0.00115373 1 -0.000192737 -2.1921e-05 -4.09287e-05
1.74065e+09 0.000819155 0.00797578 -0.00170383 1 1.9453e-05 -4.13878e-05 9.07116e-05
1.74065e+09 -0.000268783 0.00836327 -0.000726905 1 -6.55236e-05 0.000286634 0.000247796
1.74065e+09 -0.000740723 0.00628337 -0.000109598 1 -9.75662e-05 0.000231737 0.000182497
1.74065e+09 -0.00123955 0.00788368 -0.000159048 1 -2.83776e-05 0.000314222 0.000191617
1.74065e+09 -0.000767308 0.00932017 3.04834e-05 1 -0.00016767 6.80486e-05 0.000353886
1.74065e+09 -0.000486266 0.00792509 -0.000541538 1 3.77912e-05 0.000183659 0.000137765
1.74065e+09 -2.8704e-05 0.00765818 -0.000753358 1 -0.000143366 9.32021e-05 0.000324913
1.74065e+09 0.00013872 0.00689513 -0.000907785 1 -0.00052554 8.76414e-06 0.000163096
1.74065e+09 0.000276847 0.00587799 -0.000958816 1 -0.000200229 4.60383e-05 1.81025e-05
1.74065e+09 0.000858393 0.00507695 -0.00125934 1 -0.000302947 -7.84257e-05 0.000242111
1.74065e+09 0.000735564 0.00742379 -0.00165843 1 -0.000241834 -5.12463e-05 0.000384422
1.74065e+09 0.000499851 0.0110685 -0.00164382 1 -0.000365815 6.27414e-05 -5.67678e-05
1.74065e+09 0.000314909 0.0127938 -0.00220861 1 -0.000240877 -0.000104483 0.000191171
1.74065e+09 0.000510312 0.0130189 -0.00117367 1 -0.000263869 8.68477e-05 -7.06082e-05
1.74065e+09 0.000118119 0.0114075 -0.000851536 1 -0.000109304 0.000157051 -9.06398e-05
1.74065e+09 0.000664722 0.00953597 -0.000428819 1 -4.15734e-06 7.46904e-06 -9.61021e-05
1.74065e+09 0.000302115 0.00622303 -0.000541976 1 3.529e-05 9.45569e-05 -5.54091e-05
1.74065e+09 0.00101856 0.00595535 -0.00107249 1 -0.000249853 -5.51904e-05 0.00020131
1.74065e+09 0.000943426 0.00634441 -0.000657957 1 -0.000267461 -5.27136e-05 0.000271393
1.74065e+09 -0.000595413 0.00720988 0.0005818 1 -0.000188104 0.000108213 8.14007e-06
1.74065e+09 -0.000549941 0.00999411 -0.000902111 1 -0.000340808 -1.14052e-05 0.000347973
1.74065e+09 -0.000375227 0.0133132 -0.00104331 1 -0.000291905 9.63948e-05 5.29485e-06
1.74065e+09 0.000336785 0.0120567 -0.00105393 1 -0.000236737 -5.6865e-05 0.000199472
1.74065e+09 0.00112326 0.0119735 -0.00114254 1 -0.000258255 -1.09148e-05 0.000224931
1.74065e+09 0.0011873 0.0106336 -0.000922375 1 -0.000180156 -0.000116574 -0.000119995
1.74065e+09 0.00127409 0.00977863 -0.000840636 1 -0.000290943 -4.22236e-05 2.31973e-05
1.74065e+09 0.000149186 0.0073388 -0.000210413 1 -0.000121911 4.5261e-07 -4.95524e-05
1.74065e+09 4.5801e-05 0.00846475 -0.000656312 1 -0.000223493 -8.49084e-05 0.000275622
1.74065e+09 0.000572335 0.0101525 -0.0018802 1 -0.00012661 -0.000357797 -7.64613e-05
1.74065e+09 0.000993051 0.0117299 -0.00273308 1 -0.00034232 -0.000191102 0.000159021
1.74065e+09 0.000783034 0.0119399 -0.0022453 1 -0.000291319 1.66447e-05 1.96378e-05
1.74065e+09 -0.000144232 0.0100936 -0.0019037 1 -0.000362656 3.19958e-05 1.83909e-05
1.74065e+09 -0.000549982 0.0092218 -0.00218635 1 -0.000121463 0.000177948 0.000101089
1.74065e+09 -5.53703e-05 0.00920229 -0.00187196 1 -0.000269748 -9.48626e-07 0.000319407
1.74065e+09 7.18948e-05 0.010581 -0.00140385 1 -6.61126e-05 -1.50173e-05 0.000329418
1.74065e+09 -0.000251822 0.0126239 -0.00178018 1 -0.000217821 9.82334e-05 7.31902e-05
1.74065e+09 -0.000582414 0.0157297 -0.000262212 1 -0.000203873 0.000139474 5.60604e-08
1.74065e+09 -0.000813317 0.016022 -0.00029224 1 -0.000159476 0.000205966 0.000366105
1.74065e+09 -0.000652092 0.0175682 0.000154382 1 -4.07628e-05 0.000240539 -0.00013313
1.74065e+09 -0.000342563 0.0158803 -0.000598468 1 -0.000175132 7.96164e-05 0.000265626
1.74065e+09 2.86502e-06 0.0152193 -0.000531173 1 -0.000301845 0.000125069 -0.000125973
1.74065e+09 -0.000472561 0.0130832 -0.000869803 1 -0.000153269 5.14423e-05 -1.15181e-05
1.74065e+09 8.952e-05 0.0108271 -0.00115648 1 -0.000422211 1.04192e-05 4.68919e-05
1.74065e+09 3.40629e-06 0.0105233 -0.00129302 1 -0.000147712 0.000170512 0.000122846
1.74065e+09 0.000542674 0.00931297 -0.00117973 1 -0.000372619 1.34716e-05 4.94396e-05
1.74065e+09 0.000416757 0.00789905 -0.00144839 1 -0.000269861 4.41101e-05 0.000109599
1.74065e+09 0.000113083 0.00742099 -0.00148238 1 -0.000349385 -3.73602e-05 0.000239853
1.74065e+09 8.12268e-05 0.00570207 -0.00149064 1 -0.000120135 1.34855e-05 0.000106402
1.74065e+09 -0.000193625 0.00531223 -0.00153262 1 -0.00029166 9.67392e-05 0.000362685
1.74065e+09 -0.000124121 0.0061111 -0.00249511 1 0.000157357 0.000114607 -0.000148877
1.74065e+09 0.000147233 0.00625198 -0.00261589 1 5.03205e-05 -7.64038e-05 -2.55255e-05
1.74065e+09 0.000775697 0.00720326 -0.00198505 1 -0.000244145 0.000202175 8.21664e-05
1.74065e+09 0.000645393 0.00839567 -0.000933594 1 -0.000145902 6.39464e-05 8.66639e-05
1.74065e+09 0.00409951 0.00804173 -0.00144392 0.999998 -0.000307736 -0.00169893 -0.000172639
1.74065e+09 0.0203663 0.0106054 0.000497045 0.999999 0.000208787 -0.000348203 0.00113948
1.74065e+09 0.0382003 0.0130176 0.000341937 0.999999 9.30034e-05 -0.00115511 0.00120277
1.74065e+09 0.0560776 0.0120107 0.00133635 1 -0.000553471 -0.000731108 0.000140486
1.74065e+09 0.0706644 0.0100554 0.00341787 0.999999 8.66085e-05 -0.000138848 0.00164937
1.74065e+09 0.0866193 0.00894935 0.00263837 0.999998 0.000152788 -0.00149419 0.0015902
1.74065e+09 0.107811 0.0108206 0.00245585 0.999999 -0.000688781 -0.000372384 0.000714799
1.74065e+09 0.123732 0.0122766 0.00476002 0.999997 -5.32002e-05 0.000338108 0.00238141
1.74065e+09 0.140039 0.0135824 0.00310685 0.999997 -4.17038e-05 -0.00164053 0.00172287
1.74065e+09 0.160187 0.0172857 0.00265296 0.999999 -0.00077536 -0.00023627 0.000782567
1.74065e+09 0.178686 0.0162507 0.00311066 0.999966 0.00105788 -0.00779234 0.00246461
1.74065e+09 0.237751 0.0214463 0.00371336 0.999971 0.000518117 -0.00701985 0.00281905
1.74065e+09 0.338392 0.0274834 0.0102301 0.999996 -0.000226975 -0.000742704 0.00254614
1.74065e+09 0.435749 0.0300787 0.0163185 0.999996 0.000476858 0.000358095 0.00265029
1.74065e+09 0.514433 0.0325094 0.0174397 0.999995 0.00151352 -0.00114454 0.00234893
1.74065e+09 0.592502 0.035051 0.0216587 0.999995 0.000625293 -0.00167075 0.00275203
1.74065e+09 0.685831 0.0372908 0.0249526 0.999994 0.000377574 -0.000598341 0.00337909
1.74065e+09 0.767997 0.0439562 0.0307977 0.99999 0.00122849 0.000470414 0.00417232
1.74065e+09 0.848248 0.0476539 0.0304667 0.999987 0.000610862 -0.00158088 0.00482346
1.74065e+09 0.937487 0.0519426 0.0342646 0.999983 0.00122333 -7.55179e-06 0.00573098
1.74065e+09 1.0219 0.0599704 0.0370118 0.999965 0.00160482 -0.00655536 0.00489535
1.74065e+09 1.13768 0.0622348 0.0427652 0.999974 0.00224887 -0.00471015 0.00496627
1.74065e+09 1.27815 0.0704383 0.0493054 0.999982 0.000746705 0.00047584 0.00593607
1.74065e+09 1.41045 0.0769658 0.0552044 0.999982 0.00169923 0.00135544 0.00565122
1.74065e+09 1.53327 0.0865536 0.0581728 0.999976 0.00184365 -0.00160732 0.00654366
1.74065e+09 1.6687 0.0955935 0.0638579 0.999964 0.00237081 0.00147444 0.00806724
1.74065e+09 1.79935 0.107249 0.0690304 0.999958 0.00182936 0.00137364 0.00890087
1.74065e+09 1.92889 0.117174 0.0714569 0.999942 0.00194232 0.00643886 0.00846778
1.74065e+09 2.00297 0.131292 0.0652303 0.999928 0.000469248 0.00707245 0.0096822
1.74065e+09 2.13891 0.14122 0.0701505 0.999941 0.00216406 0.00213463 0.0104053
1.74065e+09 2.31427 0.149638 0.0793694 0.99993 0.00144086 0.0074253 0.00912273
1.74065e+09 2.45578 0.154043 0.0905769 0.999957 0.00196044 0.00274921 0.00862015
1.74065e+09 2.58186 0.157781 0.0987496 0.999969 0.0036547 0.000597398 0.00693752
1.74065e+09 2.7057 0.161803 0.103906 0.999988 0.00295396 0.00331736 0.00215978
1.74065e+09 2.81048 0.167986 0.106425 0.999988 0.00356938 0.00316919 -0.00105875
1.74065e+09 2.91713 0.171869 0.108683 0.999973 0.00367681 0.00202544 -0.0060349
1.74065e+09 3.03243 0.181921 0.116682 0.999929 0.00440031 0.00143453 -0.0110161
1.74065e+09 3.14413 0.189759 0.120991 0.999831 0.00427545 0.00189193 -0.0177731
1.74065e+09 3.25338 0.193082 0.126533 0.999695 0.00483264 -0.000397826 -0.0242151
1.74065e+09 3.37017 0.192505 0.130384 0.999467 0.00548218 -0.000444641 -0.0321768
1.74065e+09 3.47259 0.194496 0.135053 0.999141 0.00527007 -0.00115335 -0.041088
1.74065e+09 3.57203 0.19413 0.133052 0.998833 0.00606027 -0.0016587 -0.0478803
1.74065e+09 3.6746 0.187573 0.133819 0.998522 0.00570641 -0.00281376 -0.0539808
1.74065e+09 3.77791 0.181368 0.137327 0.998152 0.00587217 -0.00116693 -0.0604747
1.74065e+09 3.87763 0.179881 0.141201 0.997649 0.00671866 -0.00298244 -0.0681361
1.74065e+09 3.97562 0.174278 0.148372 0.997117 0.00799347 -0.00106126 -0.0754491
1.74065e+09 4.07301 0.164772 0.151642 0.996572 0.00687209 -0.00287931 -0.0823996
1.74065e+09 4.17042 0.161375 0.157685 0.995911 0.00753297 -0.00207995 -0.0900062
1.74065e+09 4.27359 0.155541 0.162796 0.9953 0.00824683 -0.00154017 -0.0964791
1.74065e+09 4.37309 0.148114 0.166721 0.994359 0.00838488 -0.00178991 -0.105723
1.74065e+09 4.46902 0.135391 0.170203 0.9928 0.00847573 -0.00196151 -0.119469
1.74065e+09 4.56637 0.11974 0.174727 0.991292 0.00897516 -0.00146353 -0.131371
1.74065e+09 4.66821 0.100747 0.175435 0.989422 0.00980502 -0.000863846 -0.144732
1.74065e+09 4.76711 0.0844545 0.180455 0.987533 0.00869066 -0.00062004 -0.15717
1.74065e+09 4.86946 0.0558157 0.184213 0.9856 0.0107277 -0.000559369 -0.168754
1.74065e+09 4.97133 0.0297706 0.188821 0.983473 0.00981171 -0.00196284 -0.180779
1.74065e+09 5.07184 0.000260945 0.196323 0.981616 0.0117425 -0.000280177 -0.190505
1.74065e+09 5.17057 -0.0280124 0.1986 0.979072 0.0102495 -0.0037431 -0.203222
1.74065e+09 5.26996 -0.0611341 0.202501 0.977105 0.011958 -0.00127355 -0.21242
1.74065e+09 5.36923 -0.0908521 0.207518 0.974413 0.0128625 -0.00220581 -0.224385
1.74065e+09 5.46154 -0.131172 0.208769 0.971817 0.0119854 -0.0030176 -0.235414
1.74065e+09 5.56269 -0.17781 0.212171 0.971823 0.0112833 -0.0064479 -0.235354
1.74065e+09 5.68016 -0.230127 0.217256 0.972243 0.0108569 -0.000436559 -0.233721
1.74065e+09 5.7934 -0.281106 0.220307 0.972464 0.0120725 -0.00151271 -0.232737
1.74065e+09 5.90475 -0.328692 0.223899 0.972684 0.0115439 -0.000838152 -0.231846
1.74065e+09 6.01915 -0.380829 0.229978 0.972531 0.0109361 -0.00108972 -0.232513
1.74065e+09 6.13427 -0.437966 0.235125 0.972409 0.0114699 -0.000350562 -0.233002
1.74065e+09 6.24925 -0.49312 0.241918 0.973325 0.0115529 0.000569032 -0.229139
1.74065e+09 6.35674 -0.545006 0.245584 0.973071 0.0103472 -0.00315761 -0.230253
1.74065e+09 6.47578 -0.601496 0.24645 0.973299 0.0105846 -0.00226909 -0.229284
1.74065e+09 6.5914 -0.645388 0.249698 0.973506 0.0100241 -0.00296574 -0.228423
1.74065e+09 6.70492 -0.691858 0.25011 0.972812 0.010344 -0.00103211 -0.231361
1.74065e+09 6.82859 -0.740179 0.25612 0.973087 0.010818 -0.00122344 -0.230181
1.74065e+09 6.95976 -0.789724 0.266802 0.9735 0.00911903 -0.00287631 -0.228486
1.74065e+09 7.0818 -0.845136 0.272942 0.973591 0.00951948 -0.00373345 -0.228072
1.74065e+09 7.20648 -0.899718 0.276868 0.973983 0.0100136 -0.000731294 -0.226397
1.74065e+09 7.323 -0.953772 0.284317 0.973713 0.00980095 0.000603155 -0.227565
1.74065e+09 7.44444 -1.0065 0.286519 0.973484 0.0113055 -0.00664993 -0.228378
1.74065e+09 7.58472 -1.06809 0.30209 0.973789 0.00975343 -0.00598229 -0.227164
1.74065e+09 7.71211 -1.12853 0.309844 0.973775 0.00973865 -0.00612633 -0.227222
1.74065e+09 7.83029 -1.18367 0.30956 0.97448 0.0101868 -0.00662169 -0.224147
1.74065e+09 7.94545 -1.2307 0.312104 0.974586 0.0116248 -0.000363544 -0.223709
1.74065e+09 8.05539 -1.27681 0.311002 0.975032 0.0093051 -0.00267301 -0.221855
1.74065e+09 8.169 -1.33447 0.314126 0.976569 0.00858701 -0.00351567 -0.215004
1.74065e+09 8.26855 -1.36642 0.317215 0.977398 0.00844817 -0.00147529 -0.211235
1.74065e+09 8.3785 -1.40591 0.319272 0.978813 0.00921146 -0.00261223 -0.20453
1.74065e+09 8.48588 -1.4388 0.324816 0.980049 0.00830079 -0.0018608 -0.198572
1.74065e+09 8.59541 -1.47744 0.328828 0.981242 0.00853637 -0.000281061 -0.19259
1.74065e+09 8.70562 -1.515 0.332166 0.983027 0.00812908 -0.000436819 -0.183282
1.74065e+09 8.8043 -1.56107 0.336536 0.984735 0.00743312 -0.000809637 -0.1739
1.74065e+09 8.90856 -1.60557 0.337775 0.985984 0.00836962 3.15184e-06 -0.166631
1.74065e+09 9.01505 -1.6444 0.345088 0.985665 0.00894356 0.000239616 -0.168479
1.74065e+09 9.12619 -1.67973 0.347437 0.985596 0.00891799 0.000925387 -0.168878
1.74065e+09 9.23658 -1.71434 0.350484 0.985724 0.00871473 0.000335495 -0.168145
1.74065e+09 9.34536 -1.74133 0.353483 0.986025 0.00758231 -0.000422626 -0.166423
1.74065e+09 9.45574 -1.76508 0.356593 0.986224 0.00928525 -0.00113935 -0.16515
1.74065e+09 9.56682 -1.80115 0.361467 0.986248 0.00885517 -0.00119878 -0.165032
1.74065e+09 9.67562 -1.83388 0.364386 0.986065 0.00919445 0.00170781 -0.166097
1.74065e+09 9.78641 -1.86583 0.367051 0.986299 0.00885021 0.00156203 -0.164725
1.74065e+09 9.90021 -1.89257 0.373514 0.98654 0.00749835 0.00138937 -0.163342
1.74065e+09 10.012 -1.92604 0.377584 0.986649 0.00917392 -0.000719773 -0.162603
1.74065e+09 10.1281 -1.95319 0.380838 0.986508 0.00788794 -0.000403608 -0.163521
1.74065e+09 10.237 -1.99297 0.386383 0.986719 0.00854267 0.000730848 -0.162212
1.74065e+09 10.3471 -2.02793 0.388866 0.986717 0.00953704 -0.000158313 -0.162166
1.74065e+09 10.4583 -2.05727 0.392613 0.986818 0.00855053 0.000892616 -0.161607
1.74065e+09 10.5668 -2.09423 0.396816 0.987207 0.00864729 -0.00101566 -0.159204
1.74065e+09 10.6779 -2.12128 0.400675 0.987247 0.00815384 -0.000707261 -0.158983
1.74065e+09 10.7925 -2.15011 0.403412 0.987148 0.00903077 -0.000817759 -0.159551
1.74065e+09 10.9095 -2.17621 0.408167 0.987319 0.00862168 -0.000694718 -0.158512
1.74065e+09 11.0151 -2.20609 0.4097 0.987382 0.00852474 -0.00232108 -0.158108
1.74065e+09 11.1273 -2.244 0.414631 0.987714 0.00885964 0.00297149 -0.155992
1.74065e+09 11.2363 -2.27813 0.414645 0.988463 0.00905479 0.00235079 -0.151172
1.74065e+09 11.3314 -2.30617 0.416387 0.989045 0.00757368 -0.00228365 -0.147405
1.74065e+09 11.4382 -2.33837 0.420916 0.989928 0.00767209 0.000624062 -0.141359
1.74065e+09 11.5382 -2.36776 0.426355 0.990829 0.00718457 7.22811e-05 -0.134932
1.74065e+09 11.6337 -2.38698 0.428223 0.991762 0.00730756 -0.00100911 -0.127882
1.74065e+09 11.7303 -2.41405 0.431889 0.992663 0.00702192 -0.000950154 -0.120706
1.74065e+09 11.8309 -2.43468 0.433222 0.993639 0.00668955 -0.00201681 -0.112397
1.74065e+09 11.9286 -2.4486 0.433639 0.994609 0.00603579 -0.00202802 -0.1035
1.74065e+09 12.0255 -2.47231 0.440535 0.99565 0.0049588 -0.000252341 -0.0930423
1.74065e+09 12.1284 -2.49395 0.445113 0.996703 0.00486671 -0.000510624 -0.0809887
1.74065e+09 12.229 -2.50541 0.449698 0.997392 0.00499693 -0.00284205 -0.0719425
1.74065e+09 12.3415 -2.51116 0.454688 0.997231 0.00450345 -0.00144893 -0.074213
1.74065e+09 12.4587 -2.51938 0.456823 0.997259 0.00489727 0.000288381 -0.0738213
1.74065e+09 12.5755 -2.5277 0.460617 0.997401 0.00488784 0.000621127 -0.0718789
1.74065e+09 12.6851 -2.53305 0.464791 0.99746 0.00546315 -0.000228257 -0.0710222
1.74065e+09 12.8072 -2.54482 0.470478 0.997413 0.00435255 0.00238089 -0.071718
1.74065e+09 12.9202 -2.56137 0.475972 0.997535 0.00445628 0.000960658 -0.07002
1.74065e+09 13.0317 -2.57745 0.476544 0.997626 0.00488255 -0.000513474 -0.0686883
1.74065e+09 13.1505 -2.5922 0.480993 0.997527 0.00510956 0.00135808 -0.0700885
1.74065e+09 13.2683 -2.60084 0.486958 0.997804 0.00396442 0.00346166 -0.0660322
1.74065e+09 13.3722 -2.61406 0.488876 0.99818 0.00452995 0.00161017 -0.0601189
1.74065e+09 13.4776 -2.62512 0.493424 0.998403 0.00322506 0.000985353 -0.0563985
1.74065e+09 13.579 -2.64173 0.495717 0.998712 0.003716 0.00136272 -0.0505827
1.74065e+09 13.678 -2.65109 0.497353 0.999032 0.00317547 0.000603403 -0.0438649
1.74065e+09 13.7834 -2.65917 0.499473 0.999369 0.00257461 0.000599451 -0.0354305
1.74065e+09 13.8854 -2.66065 0.501503 0.999635 0.00192785 0.000876805 -0.0269353
1.74065e+09 13.9806 -2.6523 0.503742 0.999805 0.00216874 0.000724803 -0.0196363
1.74065e+09 14.0774 -2.64822 0.507934 0.99995 0.00250586 2.05852e-05 -0.00972555
1.74065e+09 14.1789 -2.65587 0.510739 0.999997 0.00212261 -0.000278943 -0.000886578
1.74065e+09 14.2836 -2.6573 0.51285 0.999944 0.00144326 -0.00113355 0.0104417
1.74065e+09 14.3907 -2.653 0.517329 0.99991 0.000891103 -0.00160629 0.0133035
1.74065e+09 14.5073 -2.64332 0.523727 0.999922 0.00143566 0.00219586 0.0122441
1.74065e+09 14.6239 -2.63871 0.52718 0.999924 0.00181693 0.00278562 0.0118795
1.74065e+09 14.7362 -2.62902 0.52967 0.999923 0.00213225 0.00154191 0.0121147
1.74065e+09 14.8459 -2.61628 0.532474 0.999918 0.00240519 0.00111295 0.0125264
1.74065e+09 14.9666 -2.6042 0.538874 0.999878 0.00254471 0.00360144 0.0149872
1.74065e+09 15.0745 -2.60052 0.540668 0.999879 0.00154473 0.00218455 0.0153561
1.74065e+09 15.1858 -2.59559 0.543636 0.99988 0.00188989 0.000463183 0.0153398
1.74065e+09 15.3075 -2.59117 0.545512 0.999891 0.00259124 0.00195662 0.0144176
1.74065e+09 15.4236 -2.58187 0.548959 0.999858 0.00165427 0.00453029 0.0161161
1.74065e+09 15.5343 -2.56938 0.554095 0.999872 0.000865871 0.00433838 0.0153711
1.74065e+09 15.6365 -2.55675 0.556461 0.999898 0.00226617 0.00349924 0.0136289
1.74065e+09 15.7406 -2.55239 0.562312 0.999939 0.00294241 0.00375375 0.0099234
1.74065e+09 15.8426 -2.54309 0.565786 0.999971 0.00294971 0.00395573 0.00576249
1.74065e+09 15.9346 -2.53592 0.565431 0.999986 0.00318596 0.00406979 0.000559693
1.74065e+09 16.0202 -2.5283 0.562682 0.999978 0.00356839 0.00323306 -0.00464025
1.74065e+09 16.1113 -2.5165 0.560447 0.999936 0.00384217 0.00250187 -0.0103119
1.74065e+09 16.2044 -2.51144 0.563504 0.999821 0.00433609 0.00353813 -0.0180857
1.74065e+09 16.2994 -2.5116 0.574327 0.999698 0.00416872 0.00188115 -0.0241334
1.74065e+09 16.3947 -2.51047 0.582619 0.999515 0.00477508 0.00153598 -0.0307432
1.74065e+09 16.4852 -2.51242 0.58468 0.999408 0.00374937 -0.00103228 -0.0341759
1.74065e+09 16.5878 -2.51623 0.586455 0.999499 0.00408393 0.00212393 -0.0313235
1.74065e+09 16.6942 -2.52031 0.588443 0.999514 0.00437299 0.00422526 -0.0305699
1.74065e+09 16.7925 -2.51919 0.590636 0.999568 0.00391019 -0.000352581 -0.0291438
1.74065e+09 16.8985 -2.51642 0.596398 0.999534 0.00348857 0.000425104 -0.0303063
1.74065e+09 17.003 -2.51414 0.597355 0.999527 0.0040495 0.00236143 -0.0303799
1.74065e+09 17.1048 -2.51273 0.600349 0.999554 0.0034679 0.00289321 -0.0295099
1.74065e+09 17.2014 -2.50575 0.601224 0.999611 0.00367457 0.00110337 -0.0276309
1.74065e+09 17.3012 -2.50479 0.605264 0.999611 0.00343075 0.00169838 -0.0276189
1.74065e+09 17.4002 -2.51124 0.60765 0.999672 0.00464906 -5.05199e-05 -0.025172
1.74065e+09 17.5012 -2.51512 0.613032 0.999653 0.00373846 0.000269736 -0.0260759
1.74065e+09 17.603 -2.5207 0.618219 0.99966 0.00426748 -0.000650155 -0.0257006
1.74065e+09 17.7062 -2.51991 0.621779 0.999658 0.00396952 -0.000266541 -0.0258559
1.74065e+09 17.8089 -2.52609 0.625626 0.999718 0.00395267 -0.000952868 -0.0233756
1.74065e+09 17.9099 -2.52877 0.629639 0.999658 0.00396904 -0.00181791 -0.0257794
1.74065e+09 18.0079 -2.53006 0.631248 0.999676 0.00428069 -0.00130749 -0.0250553
1.74065e+09 18.107 -2.52344 0.631838 0.999684 0.00458135 -0.00199991 -0.0246272
1.74065e+09 18.2026 -2.52301 0.636689 0.999711 0.00430529 -0.00330821 -0.0234129
1.74065e+09 18.3039 -2.52466 0.641894 0.999724 0.00380533 -0.00234333 -0.023061
1.74065e+09 18.4066 -2.51507 0.645827 0.999712 0.00378384 -0.00494741 -0.0231581
1.74065e+09 18.5257 -2.51576 0.651097 0.999753 0.00364882 -0.00103186 -0.0219046
1.74065e+09 18.6386 -2.51822 0.656594 0.999796 0.00352848 -0.000346628 -0.019889
1.74065e+09 18.7501 -2.52106 0.661263 0.999757 0.0044082 -0.000191348 -0.0216113
1.74065e+09 18.8663 -2.51824 0.666279 0.999804 0.00367779 0.00117111 -0.0194048
1.74065e+09 18.9794 -2.517 0.668403 0.9998 0.00393702 0.00268329 -0.0194113
1.74065e+09 19.0869 -2.52032 0.670062 0.99986 0.0025553 -0.000867041 -0.016503
1.74065e+09 19.1965 -2.52001 0.673998 0.999835 0.00320087 -0.00266245 -0.0176536
1.74065e+09 19.3125 -2.51575 0.676279 0.999864 0.00308333 -0.00102831 -0.0161812
1.74065e+09 19.4175 -2.51331 0.681722 0.999863 0.00415591 -0.00419531 -0.0154466
1.74065e+09 19.5355 -2.50871 0.686392 0.999878 0.00313775 -0.00108087 -0.0152821
1.74065e+09 19.6468 -2.50891 0.689216 0.999915 0.00381528 -0.00394511 -0.011857
1.74065e+09 19.7602 -2.50411 0.6942 0.999885 0.00289523 -0.00375074 -0.0144033
1.74065e+09 19.8708 -2.50406 0.699158 0.999915 0.00422829 -0.00262691 -0.0120651
1.74065e+09 19.9872 -2.50656 0.70537 0.999914 0.00336578 -0.000904091 -0.0126665
1.74065e+09 20.0998 -2.50553 0.709675 0.999945 0.00302993 -0.00292212 -0.0096358
1.74065e+09 20.2043 -2.49519 0.713813 0.999908 0.00252298 -0.0045745 -0.0125038
1.74065e+09 20.3163 -2.48674 0.714924 0.999933 0.00306076 -0.0042375 -0.0103236
1.74065e+09 20.4249 -2.4784 0.720878 0.999929 0.00433311 -0.000586457 -0.0110751
1.74065e+09 20.5277 -2.47032 0.724111 0.999936 0.00283134 -0.00274159 -0.010641
1.74065e+09 20.6343 -2.47472 0.726962 0.999932 0.00369038 -0.00462721 -0.0100958
1.74065e+09 20.7509 -2.47266 0.731673 0.999952 0.0025929 -0.0024816 -0.00914486
1.74065e+09 20.8629 -2.46717 0.738006 0.99995 0.00348909 -0.00216942 -0.00910407
1.74065e+09 20.9775 -2.46756 0.741629 0.999961 0.00329798 -0.00266485 -0.00777356
1.74065e+09 21.0906 -2.46457 0.746633 0.999965 0.00431897 -0.00272361 -0.00663499
1.74065e+09 21.2065 -2.45732 0.75103 0.999969 0.00361834 -0.00118162 -0.00693541
1.74065e+09 21.3246 -2.45979 0.757364 0.999977 0.0035595 -0.00101836 -0.00573131
1.74065e+09 21.4406 -2.45666 0.762207 0.99997 0.00334348 -0.000963813 -0.00689423
1.74065e+09 21.5534 -2.45362 0.767453 0.999974 0.00389467 -0.00218025 -0.0056232
1.74065e+09 21.6752 -2.44734 0.773218 0.999983 0.00336598 -0.000765133 -0.00475746
1.74065e+09 21.7951 -2.44316 0.778439 0.999985 0.00440575 -0.0013955 -0.00305051
1.74065e+09 21.9086 -2.43863 0.781281 0.999992 0.00282149 -0.00177121 -0.00208779
1.74065e+09 22.0238 -2.43652 0.784817 0.999991 0.00317653 -0.00207394 -0.00172663
1.74065e+09 22.1365 -2.43041 0.789515 0.99999 0.00373538 -0.00188169 -0.00155411
1.74065e+09 22.2582 -2.42446 0.79353 0.999993 0.00374228 -0.000185778 -0.000836387
1.74065e+09 22.3681 -2.42296 0.798014 0.999994 0.00293703 -0.00168144 0.000247085
1.74065e+09 22.4781 -2.41345 0.801448 0.999995 0.00323112 -0.00063697 -2.81838e-05
1.74065e+09 22.5912 -2.40764 0.803556 0.999994 0.00330274 -0.000684652 0.00036721
1.74065e+09 22.6987 -2.40964 0.811725 0.999992 0.00396807 6.67174e-05 -0.000589803
1.74065e+09 22.8044 -2.4046 0.811854 0.999996 0.00285004 -0.000252677 0.000207301
1.74065e+09 22.9281 -2.40685 0.81138 0.999994 0.00291481 0.000255776 0.00191373
1.74065e+09 23.0413 -2.39626 0.815062 0.999994 0.0030885 0.000652665 0.00116339
1.74065e+09 23.1498 -2.38926 0.821947 0.999989 0.00272333 0.000919683 0.00360798
1.74065e+09 23.2631 -2.38471 0.828711 0.999986 0.00384103 0.00119911 0.00356189
1.74065e+09 23.3727 -2.37378 0.833783 0.999984 0.00347873 0.000208806 0.00447631
1.74065e+09 23.487 -2.36233 0.838956 0.999977 0.00368292 0.00120498 0.00558822
1.74065e+09 23.6005 -2.35384 0.84444 0.999977 0.00282667 0.00303261 0.00529926
1.74065e+09 23.7061 -2.35092 0.850301 0.999978 0.00351995 0.00223926 0.00510688
1.74065e+09 23.8113 -2.33929 0.850739 0.999983 0.0035162 -0.00120862 0.00438429
1.74065e+09 23.9208 -2.33369 0.851593 0.999969 0.00326762 0.00030991 0.00717241
1.74065e+09 24.027 -2.32813 0.853196 0.999974 0.00410253 0.00138679 0.00584784
1.74065e+09 24.127 -2.32397 0.85607 0.999979 0.00368772 0.0029869 0.0044695
1.74065e+09 24.2259 -2.3176 0.857781 0.999991 0.00265232 0.00320225 -0.000322946
1.74065e+09 24.3272 -2.32056 0.861285 0.99998 0.00394111 0.000959459 -0.00490443
1.74065e+09 24.4257 -2.31054 0.865599 0.999938 0.00325255 0.00279571 -0.0102294
1.74065e+09 24.5192 -2.29947 0.869568 0.999866 0.00456545 0.00228773 -0.0155566
1.74065e+09 24.6117 -2.29166 0.874062 0.999742 0.00435822 0.00246833 -0.0221329
1.74065e+09 24.7042 -2.28572 0.877372 0.999541 0.00490958 0.000270147 -0.0298845
1.74065e+09 24.8008 -2.28023 0.881671 0.999343 0.00578244 0.00124771 -0.0357619
1.74065e+09 24.8944 -2.27639 0.884381 0.998989 0.0052949 -8.37203e-05 -0.0446427
1.74065e+09 24.9879 -2.28114 0.884509 0.998689 0.00613081 -8.10441e-05 -0.0508242
1.74065e+09 25.0784 -2.28589 0.886338 0.998688 0.00371692 -0.00458469 -0.050876
1.74065e+09 25.1841 -2.29994 0.891564 0.998746 0.00429322 -0.000801027 -0.0498767
1.74065e+09 25.2895 -2.30655 0.895143 0.998834 0.00450026 -0.000346663 -0.0480733
1.74065e+09 25.3882 -2.31066 0.897343 0.998786 0.00496312 -0.00301709 -0.0489185
1.74065e+09 25.4905 -2.32035 0.901695 0.998788 0.00464242 -0.00237597 -0.048946
1.74065e+09 25.6029 -2.3291 0.90748 0.998826 0.00435867 0.000283147 -0.0482529
1.74065e+09 25.7003 -2.33201 0.910248 0.998873 0.00429457 -0.00066052 -0.0472549
1.74065e+09 25.7959 -2.33405 0.910102 0.998899 0.00445266 -0.002331 -0.0466325
1.74065e+09 25.8941 -2.33522 0.915397 0.998857 0.0046551 -0.000718521 -0.0475682
1.74065e+09 25.9934 -2.33219 0.919238 0.99892 0.00429376 0.000316587 -0.0462538
1.74065e+09 26.0838 -2.33762 0.921121 0.998906 0.00486775 -0.00198949 -0.0464611
1.74065e+09 26.1802 -2.34058 0.92499 0.998967 0.00451584 -0.00209384 -0.0451648
1.74065e+09 26.2821 -2.33968 0.927288 0.998982 0.00357148 -0.000724657 -0.044954
1.74065e+09 26.3809 -2.34709 0.931612 0.999056 0.00520011 -0.000760518 -0.0431172
1.74065e+09 26.4793 -2.34608 0.937581 0.999043 0.00397444 -0.00119232 -0.0435447
1.74065e+09 26.58 -2.35549 0.9404 0.999074 0.00381983 -0.00211406 -0.0428074
1.74065e+09 26.6836 -2.36003 0.943679 0.99904 0.00412704 -0.00126805 -0.0435918
1.74065e+09 26.7884 -2.36951 0.947912 0.999112 0.00410005 -0.000281674 -0.0419285
1.74065e+09 26.881 -2.37734 0.953793 0.999085 0.00418133 -0.00207681 -0.0425132
1.74065e+09 26.9811 -2.38525 0.957588 0.999143 0.00400026 -0.00177321 -0.0411712
1.74065e+09 27.0789 -2.38376 0.959824 0.999097 0.00434194 -0.00132799 -0.0422372
1.74065e+09 27.1801 -2.38687 0.966151 0.999133 0.00408113 -0.00104181 -0.0414293
1.74065e+09 27.2746 -2.39214 0.969227 0.999057 0.00390852 -0.00067954 -0.0432465
1.74065e+09 27.3812 -2.39649 0.973279 0.999157 0.00388393 0.000204771 -0.0408561
1.74065e+09 27.4793 -2.39571 0.974827 0.9991 0.00339789 0.000286291 -0.0422786
1.74065e+09 27.5821 -2.3974 0.97812 0.999145 0.00428566 0.000316495 -0.041125
1.74065e+09 27.6823 -2.40154 0.984042 0.999141 0.00525588 -0.00122371 -0.0410822
1.74065e+09 27.7928 -2.4119 0.990996 0.999184 0.00437196 -0.000981002 -0.0401406
1.74065e+09 27.8945 -2.41792 0.99389 0.999224 0.00446393 -0.000948407 -0.0391291
1.74065e+09 27.999 -2.41977 0.996813 0.999257 0.0042972 -0.000402768 -0.0382898
1.74065e+09 28.1039 -2.43091 0.999247 0.999254 0.00477133 0.000306929 -0.0383319
1.74065e+09 28.1994 -2.42969 1.00108 0.999201 0.00446008 -0.00116816 -0.0397
1.74065e+09 28.2999 -2.43859 1.00264 0.999244 0.00516547 -0.00212312 -0.0384823
1.74065e+09 28.3995 -2.43778 1.00565 0.999296 0.00475562 -0.000699891 -0.0372057
1.74065e+09 28.4999 -2.43963 1.01169 0.999282 0.00560639 -0.00114751 -0.0374546
1.74065e+09 28.6014 -2.44042 1.01716 0.999352 0.00534135 0.000565673 -0.0355788
1.74065e+09 28.6987 -2.44078 1.0219 0.999359 0.00540191 -7.62858e-05 -0.0353787
1.74065e+09 28.7948 -2.4471 1.02602 0.99937 0.00491796 -0.00072452 -0.0351448
1.74065e+09 28.8974 -2.45385 1.02895 0.999329 0.00489278 -0.00138552 -0.0362745
1.74065e+09 29.0018 -2.45518 1.03532 0.999401 0.00599706 -0.00100668 -0.0340603
1.74065e+09 29.1016 -2.4565 1.03763 0.999368 0.00475117 -0.00289083 -0.0350956
1.74065e+09 29.2134 -2.4573 1.04386 0.999423 0.00591 0.000358247 -0.0334564
1.74065e+09 29.3135 -2.46141 1.04578 0.99944 0.00551763 -0.00019824 -0.0330099
1.74065e+09 29.4018 -2.45775 1.04831 0.999427 0.0057508 -0.000228985 -0.0333409
1.74065e+09 29.5128 -2.45588 1.05176 0.999433 0.00677726 0.000922819 -0.0329564
1.74065e+09 29.6232 -2.45917 1.05286 0.999446 0.00428096 0.000432216 -0.0330047
1.74065e+09 29.7156 -2.46166 1.05536 0.999491 0.0055058 -0.00153009 -0.0313982
1.74065e+09 29.8182 -2.45612 1.05834 0.999493 0.00484207 -0.00101175 -0.031446
1.74065e+09 29.9222 -2.45837 1.06146 0.999473 0.00547655 -0.000813222 -0.0319776
1.74065e+09 30.0272 -2.46086 1.06649 0.999522 0.00477924 -0.00290249 -0.0304181
1.74065e+09 30.1231 -2.46183 1.06972 0.999494 0.00461936 -0.00227813 -0.0313909
1.74065e+09 30.2323 -2.47099 1.07427 0.999554 0.00493402 -0.000482496 -0.0294337
1.74065e+09 30.3397 -2.47106 1.07891 0.999537 0.00562836 -0.00167752 -0.02985
1.74065e+09 30.4433 -2.47326 1.08014 0.999523 0.00357687 -0.00198079 -0.0306152
1.74065e+09 30.5418 -2.47132 1.08566 0.99953 0.00496243 -0.00243069 -0.0301464
1.74065e+09 30.6409 -2.47154 1.08743 0.99954 0.00513549 -0.00261079 -0.0297924
1.74065e+09 30.7396 -2.47425 1.09022 0.999593 0.00516615 -0.00214642 -0.0279727
1.74065e+09 30.8436 -2.47672 1.09648 0.999586 0.00400551 -0.00295686 -0.0283224
1.74065e+09 30.9484 -2.48223 1.10029 0.999633 0.00399779 -0.00249424 -0.0266857
1.74065e+09 31.0542 -2.4769 1.10627 0.999632 0.00405955 0.00013063 -0.0268325
1.74065e+09 31.1563 -2.47336 1.11094 0.999664 0.00484562 -0.00132219 -0.0254481
1.74065e+09 31.2554 -2.4691 1.11518 0.999623 0.00466594 -0.00100766 -0.0270496
1.74065e+09 31.3562 -2.47094 1.1176 0.999665 0.00443386 -0.000237361 -0.025489
1.74065e+09 31.4583 -2.46538 1.11927 0.999645 0.00420393 -0.00124794 -0.0262615
1.74065e+09 31.5593 -2.46357 1.12373 0.999663 0.00470901 -0.000525143 -0.0255264
1.74065e+09 31.6624 -2.46373 1.12897 0.999672 0.00493075 -0.000718585 -0.0251201
1.74065e+09 31.7637 -2.47007 1.13052 0.99967 0.00513017 -0.00229086 -0.0250772
1.74065e+09 31.8627 -2.47 1.13451 0.999666 0.0039719 -0.000203429 -0.0255316
1.74065e+09 31.9594 -2.47363 1.13925 0.999696 0.00438915 -0.00273332 -0.024102
1.74065e+09 32.0537 -2.47683 1.13916 0.999717 0.00535208 -0.00376916 -0.0228521
1.74065e+09 32.1544 -2.47431 1.14372 0.999715 0.00501858 -0.00315994 -0.0231369
1.74065e+09 32.244 -2.47373 1.14907 0.999694 0.00518549 -0.00368127 -0.0239172
1.74065e+09 32.3399 -2.47524 1.15706 0.999769 0.0057724 -0.00276091 -0.0204974
1.74065e+09 32.4337 -2.47311 1.15878 0.999761 0.00552568 -0.00151333 -0.0210781
1.74065e+09 32.5253 -2.47016 1.16329 0.999781 0.00558944 0.000220694 -0.0201467
1.74065e+09 32.6322 -2.47263 1.1648 0.999774 0.0049247 0.00180307 -0.0206113
1.74065e+09 32.7295 -2.47135 1.16778 0.99978 0.00485946 0.00366173 -0.020061
1.74065e+09 32.8261 -2.47114 1.17225 0.999777 0.0049811 0.00528106 -0.0198523
1.74065e+09 32.9265 -2.47379 1.17682 0.99979 0.00477288 0.00491715 -0.0193231
1.74065e+09 33.0316 -2.47641 1.18101 0.999764 0.00519536 0.00821415 -0.0194085
1.74065e+09 33.1204 -2.47801 1.18354 0.999818 0.00430735 0.0069894 -0.0172332
1.74065e+09 33.215 -2.47749 1.1868 0.999829 0.00385324 0.00529561 -0.0173116
1.74065e+09 33.2967 -2.47257 1.18606 0.999833 0.00352289 0.00650176 -0.0167367
1.74065e+09 33.3879 -2.46982 1.18702 0.999831 0.00420828 0.00727772 -0.0163334
1.74065e+09 33.4804 -2.46584 1.18999 0.999806 0.00439517 0.00534686 -0.0184445
1.74065e+09 33.5748 -2.46331 1.19073 0.999851 0.00439181 0.00268156 -0.016464
1.74065e+09 33.668 -2.46313 1.19483 0.999849 0.00409097 0.00164668 -0.0168248
1.74065e+09 33.7581 -2.45598 1.19702 0.999862 0.00427017 0.000169646 -0.0160829
1.74065e+09 33.843 -2.45378 1.19826 0.99987 0.00389715 -0.000619473 -0.0156363
1.74065e+09 33.9338 -2.44886 1.20008 0.99987 0.00377962 -0.00254158 -0.0154595
1.74065e+09 34.0252 -2.44655 1.20245 0.999856 0.0033001 -0.0040779 -0.016159
1.74065e+09 34.1243 -2.45019 1.20423 0.999862 0.00383217 -0.00540764 -0.015265
1.74065e+09 34.215 -2.45359 1.21071 0.999864 0.00380491 -0.00692938 -0.0144684
1.74065e+09 34.3058 -2.45007 1.21523 0.999864 0.00391199 -0.00577762 -0.0149243
1.74065e+09 34.4032 -2.44808 1.2205 0.999874 0.00321208 -0.00383175 -0.0150877
1.74065e+09 34.5011 -2.44695 1.22313 0.999864 0.00360871 -0.0021497 -0.0159514
1.74065e+09 34.594 -2.44921 1.22508 0.999877 0.00306368 -0.000542166 -0.015397
1.74065e+09 34.6869 -2.44526 1.23093 0.999898 0.0048678 0.000419847 -0.0134536
1.74065e+09 34.7823 -2.43839 1.23141 0.999916 0.00319829 0.00147856 -0.0124933
1.74065e+09 34.88 -2.43707 1.23651 0.99992 0.00329162 0.00183317 -0.0121143
1.74065e+09 34.9828 -2.43966 1.24269 0.999914 0.002086 0.00331139 -0.0125211
1.74065e+09 35.0702 -2.43991 1.24558 0.999911 0.00309024 0.00261114 -0.0126965
1.74065e+09 35.1662 -2.43161 1.25011 0.999921 0.00299149 0.00310345 -0.0118364
1.74065e+09 35.2593 -2.42664 1.25073 0.99993 0.00347067 0.00113824 -0.0112262
1.74065e+09 35.3526 -2.42065 1.2538 0.999932 0.00327004 0.00165129 -0.0111158
1.74065e+09 35.4539 -2.42294 1.25754 0.999947 0.00307786 0.00316357 -0.00927308
1.74065e+09 35.5451 -2.41973 1.25928 0.99995 0.00247585 0.00381084 -0.00885368
1.74065e+09 35.6445 -2.41673 1.26347 0.999942 0.00307528 0.0052347 -0.0088506
1.74065e+09 35.743 -2.41471 1.26443 0.999938 0.00298676 0.00612487 -0.00879883
1.74065e+09 35.8423 -2.4173 1.26711 0.999944 0.00343145 0.00713489 -0.00704432
1.74065e+09 35.9349 -2.41022 1.26979 0.999943 0.00213907 0.00568858 -0.00872272
1.74065e+09 36.0207 -2.40009 1.26747 0.999956 0.00225914 0.00605185 -0.00679509
1.74065e+09 36.1168 -2.39394 1.2713 0.999942 0.00222463 0.0077078 -0.00711769
1.74065e+09 36.1948 -2.38972 1.2748 0.999944 0.0027001 0.00678406 -0.00759882
1.74065e+09 36.278 -2.38742 1.27349 0.999967 0.00238141 0.00415573 -0.00658957
1.74065e+09 36.3684 -2.38353 1.27337 0.999961 0.00263251 0.0053386 -0.00656021
1.74065e+09 36.4627 -2.38291 1.2799 0.999969 0.00240579 0.00418609 -0.00621823
1.74065e+09 36.564 -2.38303 1.28325 0.999965 0.00165275 0.00581908 -0.00586289
1.74065e+09 36.6653 -2.38574 1.28826 0.999965 0.00161858 0.00629809 -0.00535269
1.74065e+09 36.7592 -2.3811 1.28865 0.999979 0.00281326 0.00361022 -0.00452183
1.74065e+09 36.8502 -2.37585 1.29105 0.999971 0.00220777 0.00545725 -0.00486789
1.74065e+09 36.9421 -2.36923 1.29337 0.999964 0.00242644 0.00696757 -0.00409527
1.74065e+09 37.0399 -2.36388 1.297 0.999972 0.00189109 0.00655946 -0.00313793
1.74065e+09 37.1329 -2.3635 1.29956 0.999977 0.00191279 0.0059638 -0.00250351
1.74065e+09 37.2268 -2.36051 1.30217 0.999972 0.0025401 0.00672928 -0.00192732
1.74065e+09 37.3208 -2.35933 1.30554 0.999968 0.00267903 0.00751485 -0.00112282
1.74065e+09 37.4208 -2.35267 1.30558 0.999968 0.00267879 0.00735845 -0.00173754
1.74065e+09 37.5132 -2.34473 1.30785 0.999975 0.0016255 0.00677981 -0.000765625
1.74065e+09 37.6088 -2.34051 1.30959 0.999954 0.00155645 0.009474 -0.00077984
1.74065e+09 37.7055 -2.34008 1.31234 0.99997 0.00155758 0.00753319 0.00108855
1.74065e+09 37.8035 -2.33579 1.31602 0.999975 0.00259593 0.00616367 0.00210828
1.74065e+09 37.9059 -2.33042 1.31863 0.999964 0.00296969 0.00756977 0.00225828
1.74065e+09 37.9992 -2.32559 1.32017 0.99996 0.00150512 0.00846316 0.00250157
1.74065e+09 38.0971 -2.3186 1.32191 0.999962 0.00223953 0.00802927 0.00263837
1.74065e+09 38.1908 -2.31274 1.32187 0.999969 0.00207949 0.00689599 0.00330934
1.74065e+09 38.2954 -2.30004 1.32456 0.999957 0.00213494 0.00787151 0.00438609
1.74065e+09 38.3904 -2.29378 1.32803 0.999954 0.00300259 0.00830722 0.00367787
1.74065e+09 38.4827 -2.29141 1.32784 0.999961 0.00209887 0.00665593 0.00549477
1.74065e+09 38.58 -2.29108 1.32979 0.99997 0.00240248 0.00634023 0.00384709
1.74065e+09 38.6843 -2.2803 1.33256 0.999961 0.00314747 0.0058463 0.00584799
1.74065e+09 38.7863 -2.27259 1.33226 0.999977 0.00362745 0.00354612 0.00456472
1.74065e+09 38.8979 -2.26799 1.33509 0.999938 0.00333739 0.00875989 0.00604591
1.74065e+09 39.0066 -2.26179 1.34023 0.999919 0.0035495 0.00945474 0.00769782
1.74065e+09 39.1138 -2.25916 1.33977 0.999934 0.00314471 0.00738116 0.00816618
1.74065e+09 39.2232 -2.24936 1.34003 0.999926 0.00191697 0.00916694 0.00775937
1.74065e+09 39.3327 -2.24008 1.3422 0.999907 0.00292716 0.0095103 0.00932987
1.74065e+09 39.4398 -2.24103 1.34549 0.999908 0.00354307 0.00690336 0.0111534
1.74065e+09 39.5412 -2.22966 1.35062 0.999923 0.00313837 0.00617711 0.0103225
1.74065e+09 39.6515 -2.22326 1.35208 0.999918 0.0028761 0.00712754 0.0102285
1.74065e+09 39.7573 -2.21614 1.35259 0.999926 0.00331436 0.00484944 0.0106353
1.74065e+09 39.8709 -2.2049 1.35746 0.999909 0.00279358 0.00583304 0.0118003
1.74065e+09 39.983 -2.20262 1.36211 0.999862 0.00286177 0.00682328 0.0148836
1.74065e+09 40.084 -2.19029 1.36374 0.999882 0.00248819 0.00520877 0.0142449
1.74065e+09 40.1891 -2.18349 1.36564 0.999848 0.00199996 0.00597282 0.0162417
1.74065e+09 40.3024 -2.17328 1.36431 0.999845 0.00183434 0.0077058 0.0157425
1.74065e+09 40.4064 -2.16537 1.36565 0.999825 0.0022859 0.0066108 0.0173433
1.74065e+09 40.5101 -2.15508 1.36715 0.999868 0.00161506 0.00535748 0.015277
1.74065e+09 40.6224 -2.14722 1.37036 0.999819 0.00184444 0.00599173 0.0179626
1.74065e+09 40.731 -2.1388 1.37768 0.999826 0.0015323 0.00784826 0.0168689
1.74065e+09 40.8371 -2.13477 1.37902 0.999802 0.00219325 0.00662489 0.0186139
1.74065e+09 40.9414 -2.12707 1.3792 0.999816 0.00301713 0.00622162 0.0179153
1.74065e+09 41.0377 -2.11708 1.38134 0.999809 0.00238714 0.00385225 0.0190231
1.74065e+09 41.1406 -2.10204 1.37958 0.999782 0.00236526 0.00602249 0.0198412
1.74065e+09 41.2401 -2.09131 1.38454 0.999773 0.00328552 0.00618833 0.0201036
1.74065e+09 41.3425 -2.08729 1.38469 0.999771 0.00248696 0.00406459 0.0208482
1.74065e+09 41.4454 -2.07821 1.38934 0.999753 0.00244397 0.00596047 0.0212531
1.74065e+09 41.5549 -2.06739 1.3939 0.999771 0.00217525 0.00615361 0.020373
1.74065e+09 41.6554 -2.05666 1.39593 0.999718 0.00338638 0.00410557 0.0231375
1.74065e+09 41.7588 -2.04472 1.39989 0.99974 0.00327986 0.00492795 0.0220037
1.74065e+09 41.861 -2.03337 1.40122 0.999728 0.00281854 0.00633302 0.0222502
1.74065e+09 41.9553 -2.02114 1.40223 0.999738 0.00303005 0.00389814 0.0223712
1.74065e+09 42.049 -2.01112 1.40561 0.999733 0.00290279 0.00346017 0.0226411
1.74065e+09 42.1557 -2.00367 1.40717 0.999677 0.00193272 0.00567897 0.0247061
1.74065e+09 42.2579 -1.99782 1.41174 0.999685 0.00246225 0.00414844 0.0246227
1.74065e+09 42.363 -1.9939 1.41544 0.999682 0.00278233 0.00487203 0.0245725
1.74065e+09 42.4664 -1.98424 1.41993 0.999646 0.00333577 0.00430108 0.0260334
1.74065e+09 42.5701 -1.97848 1.42114 0.999698 0.00271418 0.00271728 0.0242738
1.74065e+09 42.6592 -1.96224 1.40711 0.99959 0.0026461 0.00473987 0.0281094
1.74065e+09 42.7551 -1.9557 1.41194 0.999629 0.00220435 0.00466533 0.0267394
1.74065e+09 42.8461 -1.94391 1.42036 0.999607 0.00328787 0.00349084 0.0276173
1.74065e+09 42.9478 -1.93688 1.43092 0.999688 0.00296631 0.00518376 0.0242425
1.74065e+09 43.0368 -1.92148 1.4325 0.999719 0.00284207 0.00393446 0.0232009
1.74065e+09 43.1267 -1.90338 1.43756 0.999791 0.00356247 0.00401009 0.0197485
1.74065e+09 43.2161 -1.89229 1.43902 0.999854 0.00370133 0.0018908 0.0166013
1.74065e+09 43.3079 -1.89059 1.44091 0.999914 0.00367637 0.00294054 0.0122421
1.74065e+09 43.392 -1.88813 1.44079 0.99996 0.00331505 0.0036193 0.00751794
1.74065e+09 43.481 -1.87832 1.44153 0.999992 0.00305449 0.00180866 0.00191857
1.74065e+09 43.5734 -1.8849 1.44936 0.999976 0.00419327 0.00393172 -0.00399025
1.74065e+09 43.6484 -1.88881 1.44788 0.99992 0.00403736 0.0044141 -0.0111232
1.74065e+09 43.7213 -1.87965 1.44551 0.999859 0.00285272 0.00052686 -0.016518
1.74065e+09 43.8077 -1.86493 1.4506 0.99989 0.0039116 0.00310573 -0.0139496
1.74065e+09 43.9141 -1.8518 1.45768 0.999884 0.00381055 0.00454413 -0.0139996
1.74065e+09 44.0072 -1.84367 1.45827 0.999917 0.00425571 0.00315058 -0.0117262
1.74065e+09 44.1002 -1.83836 1.46084 0.999909 0.00342662 0.00208109 -0.0129173
1.74065e+09 44.196 -1.84543 1.46627 0.99992 0.0042203 0.00388299 -0.0112381
1.74065e+09 44.2956 -1.84114 1.4695 0.999925 0.00388734 0.00432155 -0.0107337
1.74065e+09 44.3911 -1.84583 1.47355 0.99991 0.00249538 0.00737187 -0.0109537
1.74065e+09 44.4949 -1.84324 1.47855 0.99994 0.0026578 0.00510587 -0.00934847
1.74065e+09 44.5872 -1.84331 1.47978 0.999939 0.00331864 0.00422336 -0.00964202
1.74065e+09 44.6917 -1.83628 1.48079 0.99995 0.0036008 0.00366594 -0.00855571
1.74065e+09 44.7871 -1.83386 1.48149 0.999949 0.0038469 0.00328488 -0.00868676
1.74065e+09 44.8743 -1.82718 1.48285 0.999955 0.00430222 0.00187291 -0.00826185
1.74065e+09 44.9666 -1.82152 1.48509 0.999952 0.00502773 0.00286283 -0.0079315
1.74065e+09 45.0652 -1.8185 1.48676 0.999956 0.00458744 0.00298512 -0.00765795
1.74065e+09 45.1511 -1.81987 1.48714 0.999963 0.00390002 0.00264474 -0.00720236
1.74065e+09 45.2404 -1.8154 1.49141 0.999965 0.00379491 0.0032322 -0.00679129
1.74065e+09 45.3209 -1.81034 1.49541 0.999951 0.00392739 0.00124913 -0.00894652
1.74065e+09 45.4107 -1.80854 1.49691 0.999968 0.00412557 0.00155013 -0.00672912
1.74065e+09 45.4983 -1.796 1.49818 0.999967 0.0045565 0.00125556 -0.00666604
1.74065e+09 45.603 -1.79637 1.50378 0.999965 0.00432983 0.00158446 -0.00694603
1.74065e+09 45.6972 -1.78997 1.50818 0.999925 0.00419426 0.00358938 -0.0108917
1.74065e+09 45.7888 -1.7893 1.51067 0.999884 0.00479495 0.00083291 -0.0144223
1.74065e+09 45.8813 -1.78718 1.51229 0.999838 0.00507555 0.00160496 -0.0171952
1.74065e+09 45.9699 -1.78418 1.51612 0.999774 0.00425342 0.00243694 -0.0207098
1.74065e+09 46.0525 -1.77739 1.51705 0.999648 0.00502142 0.00186778 -0.0259755
1.74065e+09 46.1384 -1.78296 1.51713 0.999467 0.00524131 0.000337572 -0.0322059
1.74065e+09 46.2145 -1.7784 1.52172 0.999213 0.00654053 0.00202076 -0.0390758
1.74065e+09 46.2975 -1.77678 1.52794 0.998999 0.00546068 0.0002775 -0.0444078
1.74065e+09 46.3762 -1.77439 1.53219 0.998668 0.00678252 0.000324531 -0.0511441
1.74065e+09 46.4555 -1.77591 1.53388 0.998344 0.00700709 0.00100364 -0.0570895
1.74065e+09 46.5385 -1.78039 1.53466 0.998275 0.00544767 -0.00219436 -0.0584233
1.74065e+09 46.6408 -1.7955 1.53971 0.998395 0.00626343 0.000505129 -0.0562835
1.74065e+09 46.7359 -1.80303 1.5434 0.99845 0.00608063 0.00207214 -0.0552919
1.74065e+09 46.8283 -1.80639 1.54366 0.998485 0.00548884 -0.000160916 -0.054751
1.74065e+09 46.9202 -1.80918 1.54476 0.998547 0.00659523 0.000934095 -0.0534741
1.74065e+09 47.0115 -1.81522 1.54976 0.99851 0.00611389 0.000991556 -0.0542118
1.74065e+09 47.1047 -1.82435 1.55525 0.998588 0.00580487 -0.000138406 -0.0528049
1.74065e+09 47.1918 -1.8296 1.56022 0.998591 0.00636233 -0.000891948 -0.0526815
1.74065e+09 47.2775 -1.83827 1.56132 0.998594 0.00706129 -0.00298954 -0.0524564
1.74065e+09 47.3632 -1.83815 1.56227 0.998594 0.00717706 -0.000705992 -0.0525215
1.74065e+09 47.4528 -1.84409 1.5674 0.998624 0.00781422 -0.000564335 -0.0518479
1.74065e+09 47.5509 -1.84708 1.5694 0.998648 0.00699001 -0.00173935 -0.0514818
1.74065e+09 47.6437 -1.8486 1.57062 0.998627 0.00705512 -0.00309031 -0.0518188
1.74065e+09 47.737 -1.8521 1.57392 0.998702 0.00684268 -0.00223436 -0.0504302
1.74065e+09 47.8409 -1.86364 1.57753 0.998713 0.00722721 -0.00143402 -0.050182
1.74065e+09 47.9344 -1.86483 1.58346 0.99869 0.00670558 -0.00184651 -0.0506895
1.74065e+09 48.0319 -1.87607 1.58779 0.998647 0.00827373 -0.00333705 -0.0512402
1.74065e+09 48.1268 -1.87177 1.58804 0.998744 0.00741994 -0.000477982 -0.0495397
1.74065e+09 48.2162 -1.87553 1.58947 0.99873 0.0071921 -0.00159611 -0.0498376
1.74065e+09 48.3117 -1.88066 1.59396 0.998759 0.00787704 0.00119015 -0.049172
1.74065e+09 48.3982 -1.88369 1.60006 0.99875 0.00724661 0.000552418 -0.0494632
1.74065e+09 48.4907 -1.89447 1.60346 0.998771 0.00733851 0.00083385 -0.0490084
1.74065e+09 48.5912 -1.90553 1.60775 0.998809 0.0072312 0.000121786 -0.0482555
1.74065e+09 48.6898 -1.91081 1.61126 0.998846 0.00740967 -0.000419044 -0.0474526
1.74065e+09 48.7799 -1.91598 1.61192 0.998896 0.00664528 -0.00231684 -0.046443
1.74065e+09 48.8683 -1.9186 1.61195 0.998908 0.00633682 -0.00253318 -0.0462127
1.74065e+09 48.963 -1.91938 1.61666 0.998924 0.00684218 -0.00203978 -0.0458301
1.74065e+09 49.0425 -1.91852 1.61852 0.998899 0.00706226 -0.000237272 -0.0463698
1.74065e+09 49.136 -1.91837 1.62362 0.99896 0.00753987 -0.000956861 -0.0449646
1.74065e+09 49.2236 -1.9213 1.62573 0.998953 0.00699065 -0.00210335 -0.0451616
1.74065e+09 49.3122 -1.93343 1.63068 0.999006 0.00615153 -0.00187168 -0.0441064
1.74065e+09 49.4111 -1.93397 1.63315 0.999019 0.00630474 -0.00261948 -0.0437495
1.74065e+09 49.5031 -1.93559 1.63578 0.998996 0.00682572 -0.00166209 -0.0442382
1.74065e+09 49.6004 -1.93699 1.63934 0.999039 0.00685164 -0.00132094 -0.0432801
1.74065e+09 49.687 -1.94144 1.64422 0.99906 0.00699245 -0.00135942 -0.0427532
1.74065e+09 49.7834 -1.94746 1.64853 0.999068 0.00621822 -0.00198137 -0.0426775
1.74065e+09 49.8711 -1.95584 1.65782 0.999062 0.00796614 -0.0020612 -0.0425088
1.74065e+09 49.9614 -1.95886 1.66005 0.999111 0.00670948 -0.00260939 -0.0415496
1.74065e+09 50.0532 -1.96459 1.66326 0.999119 0.00651491 -0.00275465 -0.0413717
1.74065e+09 50.1379 -1.96694 1.66592 0.999083 0.00673831 -0.00324696 -0.0421626
1.74065e+09 50.2328 -1.96687 1.6673 0.99907 0.00712971 -0.00216686 -0.0424603
1.74065e+09 50.3257 -1.96731 1.66963 0.999133 0.00690747 -0.00167206 -0.0410228
1.74065e+09 50.4198 -1.96773 1.6739 0.999184 0.0066926 -0.00204293 -0.0397868
1.74065e+09 50.5112 -1.96844 1.67869 0.999164 0.00582482 -0.00244246 -0.0403952
1.74065e+09 50.6088 -1.96914 1.6826 0.999185 0.00580377 -0.00123681 -0.0399198
1.74065e+09 50.6961 -1.97417 1.68663 0.999152 0.00552171 -0.00082204 -0.0408026
1.74065e+09 50.7863 -1.97189 1.68645 0.999194 0.00626548 -0.00170952 -0.0396216
1.74065e+09 50.8817 -1.97416 1.68667 0.999215 0.00537448 4.50923e-05 -0.0392413
1.74065e+09 50.9709 -1.97499 1.68973 0.999243 0.00514271 -0.000356004 -0.0385674
1.74065e+09 51.0665 -1.98163 1.69154 0.999225 0.00569469 -0.00120828 -0.0389309
1.74065e+09 51.1575 -1.9868 1.69488 0.999243 0.00557431 0.000181023 -0.0385106
1.74065e+09 51.2562 -1.99072 1.70035 0.999269 0.00573091 0.000540666 -0.0377882
1.74065e+09 51.3503 -1.98989 1.70263 0.99927 0.00498751 -0.000442179 -0.0378756
1.74065e+09 51.4449 -1.99371 1.70676 0.999295 0.00562626 -0.000214657 -0.0371114
1.74065e+09 51.5331 -1.99476 1.70953 0.999286 0.00517564 0.00172563 -0.0373871
1.74065e+09 51.6229 -2.00057 1.71214 0.999369 0.00474321 0.00199494 -0.0351501
1.74065e+09 51.7094 -1.99394 1.71485 0.999227 0.00414839 -0.0022938 -0.0390311
1.74065e+09 51.8091 -2.00271 1.72203 0.999314 0.00454449 0.000851643 -0.0367457
1.74065e+09 51.9032 -1.99853 1.72641 0.999316 0.00579678 -0.000391547 -0.0365078
1.74065e+09 51.996 -2.00408 1.73151 0.999378 0.0054213 -0.00033357 -0.0348426
1.74065e+09 52.0984 -2.00062 1.73467 0.999363 0.00467899 0.000351927 -0.0353709
1.74065e+09 52.1943 -2.00206 1.73861 0.999409 0.0047396 -0.000331623 -0.0340497
1.74065e+09 52.2896 -2.00317 1.73909 0.999378 0.00420452 -0.000572623 -0.0350211
1.74065e+09 52.3813 -2.00733 1.74128 0.999397 0.00494733 -0.000371862 -0.03438
1.74065e+09 52.4751 -2.01127 1.74124 0.999393 0.00458099 -0.000943657 -0.0345329
1.74065e+09 52.5775 -2.01068 1.74423 0.999391 0.00431963 -0.000236638 -0.0346335
1.74065e+09 52.6682 -2.01871 1.74852 0.999441 0.00431363 -0.000684924 -0.0331465
1.74065e+09 52.7605 -2.02166 1.75101 0.999413 0.00392437 -0.00169057 -0.0339949
1.74065e+09 52.8463 -2.0276 1.75607 0.999468 0.00484422 -0.0017412 -0.0322031
1.74065e+09 52.937 -2.0306 1.76116 0.999466 0.00400044 -0.000204291 -0.0324436
1.74065e+09 53.0412 -2.03268 1.76664 0.99951 0.00348487 0.00259505 -0.0309938
1.74065e+09 53.1375 -2.0324 1.76773 0.999491 0.00356478 0.000882416 -0.0316922
1.74065e+09 53.2275 -2.02982 1.76996 0.999525 0.0043627 0.000504441 -0.0305094
1.74065e+09 53.3179 -2.02518 1.7721 0.999537 0.00384668 -0.000594398 -0.0301623
1.74065e+09 53.4147 -2.02598 1.77654 0.999557 0.00463491 0.00153218 -0.0293644
1.74065e+09 53.5131 -2.03095 1.77908 0.999563 0.00401715 0.00103285 -0.0292508
1.74065e+09 53.6078 -2.03699 1.78181 0.999576 0.00315109 0.000202936 -0.0289476
1.74065e+09 53.7033 -2.0409 1.78324 0.999586 0.00277354 0.000209191 -0.0286511
1.74065e+09 53.7976 -2.0458 1.78845 0.999599 0.00295799 0.000575544 -0.0281692
1.74065e+09 53.8962 -2.04832 1.79375 0.999654 0.00373998 0.000620108 -0.0260158
1.74065e+09 53.9892 -2.0482 1.79542 0.999642 0.00352269 0.000656098 -0.0264966
1.74065e+09 54.0859 -2.049 1.79811 0.999628 0.0039232 0.000339735 -0.0269923
1.74065e+09 54.1831 -2.04743 1.79832 0.999646 0.00383539 0.000506962 -0.0263141
1.74065e+09 54.268 -2.05224 1.8027 0.999674 0.00272544 -3.56618e-05 -0.0253783
1.74065e+09 54.3594 -2.05367 1.80515 0.999684 0.00304783 0.00115516 -0.024922
1.74065e+09 54.4555 -2.05926 1.80858 0.999679 0.00401048 0.0014374 -0.0249553
1.74065e+09 54.5518 -2.0538 1.81029 0.999701 0.0044387 0.00165338 -0.0239839
1.74065e+09 54.6433 -2.05262 1.81124 0.999694 0.00428135 0.00307099 -0.0241623
1.74065e+09 54.7292 -2.0556 1.81494 0.999725 0.00314705 0.00141761 -0.023179
1.74065e+09 54.829 -2.06326 1.82128 0.999694 0.00454298 0.00314372 -0.0241271
1.74065e+09 54.9198 -2.06075 1.82523 0.999716 0.00447929 0.00297142 -0.0231964
1.74065e+09 55.0196 -2.06358 1.83141 0.999719 0.00390601 0.00297461 -0.0231757
1.74065e+09 55.1125 -2.05754 1.83457 0.999758 0.00321249 0.00299954 -0.0215468
1.74065e+09 55.2101 -2.05812 1.8364 0.999764 0.00339988 0.00100884 -0.0214383
1.74065e+09 55.3047 -2.05895 1.83314 0.999737 0.00311458 0.00331135 -0.0224662
1.74065e+09 55.4014 -2.06354 1.83444 0.999776 0.00274689 0.00245343 -0.0208608
1.74065e+09 55.4993 -2.05998 1.83928 0.99979 0.00275941 0.00164418 -0.020233
1.74065e+09 55.5905 -2.0553 1.83933 0.999792 0.003219 0.00362813 -0.0198074
1.74065e+09 55.6838 -2.05461 1.84526 0.999783 0.00268336 0.00322695 -0.0203947
1.74065e+09 55.7715 -2.05243 1.84884 0.9998 0.00267976 0.00331467 -0.0195378
1.74065e+09 55.8674 -2.0531 1.85564 0.999807 0.00238148 0.0033314 -0.0191908
1.74065e+09 55.9576 -2.05303 1.86079 0.999824 0.0034292 0.00248764 -0.0182573
1.74065e+09 56.059 -2.0504 1.86243 0.999834 0.00194409 0.00353754 -0.0177883
1.74065e+09 56.1514 -2.05318 1.86714 0.999849 0.00175225 0.00458528 -0.0166554
1.74065e+09 56.2412 -2.05267 1.86797 0.999856 0.0010678 0.00417949 -0.016441
1.74065e+09 56.3304 -2.05155 1.87001 0.999846 0.00185534 0.00560439 -0.0165402
1.74065e+09 56.4248 -2.05148 1.87374 0.999863 0.00199102 0.00419724 -0.0158922
1.74065e+09 56.5185 -2.04419 1.87838 0.999877 0.00176652 0.00414586 -0.0150209
1.74065e+09 56.6084 -2.04203 1.87751 0.999866 0.00133748 0.00380228 -0.0158368
1.74065e+09 56.7003 -2.03683 1.87818 0.99986 0.00162245 0.0059214 -0.0155641
1.74065e+09 56.7955 -2.03199 1.8803 0.999863 0.00114905 0.00392935 -0.0160299
1.74065e+09 56.8795 -2.03059 1.88098 0.999887 0.0022921 0.00255958 -0.0146117
1.74065e+09 56.9785 -2.03197 1.88376 0.999885 0.00222211 0.00533612 -0.0140041
1.74065e+09 57.0587 -2.02669 1.88571 0.999891 0.00163311 0.00290081 -0.0143772
1.74065e+09 57.1526 -2.02273 1.88369 0.999896 0.00121946 0.00352137 -0.0139039
1.74065e+09 57.2479 -2.02395 1.88854 0.99991 0.001412 0.00372088 -0.0128031
1.74065e+09 57.3312 -2.03009 1.89315 0.999902 0.000776178 0.00223519 -0.0137858
1.74065e+09 57.4214 -2.02465 1.89575 0.999916 0.00150815 0.00120345 -0.0127979
1.74065e+09 57.5123 -2.02532 1.90044 0.999919 0.000894833 0.00230385 -0.0125175
1.74065e+09 57.6023 -2.0219 1.90058 0.999918 0.000131126 0.00469384 -0.0118917
1.74065e+09 57.6891 -2.01772 1.9053 0.99993 0.000409951 0.00290494 -0.011466
1.74065e+09 57.7831 -2.00852 1.90366 0.999933 0.00112066 0.00260836 -0.0112441
1.74065e+09 57.8728 -2.00555 1.90877 0.999936 -0.000213754 0.00530078 -0.0100236
1.74065e+09 57.9529 -2.00657 1.90915 0.999922 0.000785557 0.00414663 -0.011771
1.74065e+09 58.0399 -2.00787 1.90682 0.999946 0.000857077 0.00415282 -0.00949311
1.74065e+09 58.1413 -2.0109 1.90767 0.99993 -0.000235069 0.0057529 -0.0103347
1.74065e+09 58.2235 -2.00727 1.91647 0.999951 -0.00038812 0.00256194 -0.00959074
1.74065e+09 58.3117 -2.00362 1.9205 0.99994 0.000690802 0.00365199 -0.0103083
1.74065e+09 58.4027 -2.00453 1.92483 0.999949 0.000880943 0.00395192 -0.00929459
1.74065e+09 58.4831 -2.00561 1.92774 0.999962 -0.000253403 0.00264625 -0.00834871
1.74065e+09 58.5787 -2.0056 1.92905 0.999945 0.000535527 0.0042878 -0.00950398
1.74065e+09 58.6728 -2.00428 1.93721 0.999952 0.000539904 0.00474783 -0.00858245
1.74065e+09 58.7703 -2.00321 1.94308 0.999948 0.000340885 0.00516958 -0.00881401
1.74065e+09 58.8626 -2.00322 1.94749 0.999962 -0.000537734 0.00437426 -0.00756588
1.74065e+09 58.9647 -1.99579 1.95043 0.99996 0.000325479 0.00449119 -0.00774195
1.74065e+09 59.0498 -1.98949 1.94729 0.999962 -1.38792e-05 0.00525548 -0.00699077
1.74065e+09 59.1383 -1.98198 1.94812 0.999963 -0.00146384 0.00495042 -0.00685601
1.74065e+09 59.2275 -1.97669 1.95008 0.999959 -0.00052933 0.00519503 -0.00743049
1.74065e+09 59.314 -1.96958 1.95206 0.999966 -8.26512e-05 0.00471537 -0.00671706
1.74065e+09 59.4054 -1.95939 1.95386 0.999976 -0.000832719 0.00297562 -0.00622393
1.74065e+09 59.5034 -1.95237 1.95706 0.999974 -0.000286925 0.00305896 -0.00648514
1.74065e+09 59.5992 -1.94581 1.96285 0.999981 -0.00068776 0.0039747 -0.00468241
1.74065e+09 59.6826 -1.9441 1.96506 0.999974 -0.00085485 0.00263665 -0.00668615
1.74065e+09 59.776 -1.94241 1.97045 0.999982 -0.00132178 0.00259494 -0.00525245
1.74065e+09 59.8729 -1.94097 1.97854 0.99998 -0.000589942 0.00293172 -0.00556442
1.74065e+09 59.9735 -1.94467 1.98079 0.99998 -0.00152809 0.00342825 -0.00507279
1.74065e+09 60.0585 -1.94001 1.97934 0.999988 -0.000813254 0.00199682 -0.00433301
1.74065e+09 60.1428 -1.93216 1.98213 0.999986 -0.00100563 0.00318228 -0.00400609
1.74065e+09 60.232 -1.93237 1.98423 0.999988 -0.00170411 0.00216901 -0.004048
1.74065e+09 60.3368 -1.93371 1.98937 0.999984 -0.00106741 0.00424241 -0.00361371
1.74065e+09 60.4194 -1.92716 1.99212 0.999994 -0.00138175 0.00125813 -0.00297438
1.74065e+09 60.505 -1.92209 1.99743 0.999992 -0.00145672 -0.000389584 -0.00361846
1.74065e+09 60.5973 -1.92015 2.00199 0.999996 -0.000365191 0.00115926 -0.00253777
1.74065e+09 60.6874 -1.90651 2.00576 0.999996 -0.000956237 0.0011647 -0.00239072
1.74065e+09 60.768 -1.9006 2.00972 0.999995 -0.000932811 0.00106837 -0.00268693
1.74065e+09 60.8531 -1.89814 2.01305 0.999998 -0.000887873 0.000950867 -0.00130071
1.74065e+09 60.9257 -1.89494 2.01463 0.999998 -0.00166404 0.000851952 -0.00121283
1.74065e+09 61.0088 -1.88817 2.01773 0.999997 -0.000913731 0.00135341 -0.00167474
1.74065e+09 61.0916 -1.88581 2.02616 0.999995 -0.000875084 0.00242848 -0.00201073
1.74065e+09 61.1657 -1.8867 2.02505 0.999995 0.000171825 0.00301259 -0.000926265
1.74065e+09 61.2457 -1.88155 2.02392 0.999993 -0.00127858 0.00329575 -0.00106461
1.74065e+09 61.3121 -1.88241 2.02479 0.999996 -0.000601877 0.00229423 -0.00135908
1.74065e+09 61.3929 -1.88025 2.02617 0.999995 -0.00191647 0.00256187 -0.000653985
1.74065e+09 61.4602 -1.87953 2.02968 0.999995 -0.000751445 0.00294025 -0.000423616
1.74065e+09 61.5392 -1.87051 2.03008 0.999994 -0.000761173 0.00321607 -0.000999858
1.74065e+09 61.6051 -1.87101 2.03101 0.999999 -0.000697698 0.000938332 -0.000729202
1.74065e+09 61.6771 -1.86559 2.03312 0.999995 -0.00260003 0.00183661 0.000133014
1.74065e+09 61.7557 -1.85628 2.04176 0.999999 -0.000952763 0.000585243 -0.000549601
1.74065e+09 61.8422 -1.851 2.04624 0.999998 -0.000430278 0.00195609 0.000765516
1.74065e+09 61.923 -1.84827 2.04304 0.999997 -0.00134727 0.00190259 0.000807242
1.74065e+09 61.984 -1.8489 2.04163 0.999981 -0.00126489 0.00575402 0.00151502
1.74065e+09 62.0423 -1.84667 2.04276 0.999995 -0.00133738 0.00199959 0.00207569
1.74065e+09 62.1004 -1.83843 2.04473 0.999995 -0.00104724 0.00108173 0.00294892
1.74065e+09 62.1525 -1.83383 2.04865 0.999993 -0.00215672 0.00145267 0.00254204
1.74065e+09 62.1869 -1.83554 2.04737 0.999996 -0.00156847 0.00124226 0.00216203
1.74065e+09 62.2331 -1.83429 2.04848 0.99999 -0.00064965 0.00349046 0.00256418
1.74065e+09 62.2612 -1.83563 2.05124 0.999973 -0.000718074 0.0068409 0.00262549
1.74065e+09 62.2876 -1.83124 2.04785 0.999984 -0.0020944 0.00502738 0.00160279
1.74065e+09 62.3004 -1.83198 2.04685 0.999989 -0.00106773 0.00393323 0.00249837
1.74065e+09 62.3152 -1.83063 2.04534 0.999972 -0.00235949 0.00693398 0.00172425
1.74065e+09 62.3312 -1.83113 2.04333 0.999982 -0.00107459 0.00517627 0.00295424
1.74065e+09 62.3471 -1.82418 2.04683 0.99999 -0.0021997 0.00339461 0.00201112
1.74065e+09 62.3574 -1.82219 2.04239 0.999986 -0.00228821 0.0046405 0.00145231
1.74065e+09 62.3547 -1.82444 2.044 0.999984 -0.00151832 0.00513208 0.00195755
1.74065e+09 62.3411 -1.82781 2.04256 0.999992 -0.00198249 0.00314854 0.00116401
1.74065e+09 62.3407 -1.82672 2.04335 0.999992 -0.00214512 0.00295137 0.0017947
1.74065e+09 62.3407 -1.83223 2.04387 0.999994 -0.00149132 0.00280171 0.00161111
1.74065e+09 62.3393 -1.83166 2.04356 0.99999 -0.0016868 0.00344404 0.00209874
1.74065e+09 62.3288 -1.82609 2.03722 0.99999 -0.002087 0.00362626 0.00132537
1.74065e+09 62.3358 -1.82698 2.03737 0.999991 -0.00206863 0.0031069 0.00200794
1.74065e+09 62.3315 -1.82417 2.03548 0.999991 -0.00216995 0.00315967 0.00181661
1.74065e+09 62.3242 -1.81944 2.03824 0.999992 -0.00173535 0.00307285 0.00205418
1.74065e+09 62.328 -1.81657 2.03796 0.999989 -0.00252509 0.00343493 0.00187915
1.74065e+09 62.3287 -1.8156 2.03679 0.999991 -0.00226902 0.00317369 0.00190344
1.74065e+09 62.3314 -1.81893 2.03681 0.999991 -0.00173782 0.00348149 0.00179729
1.74065e+09 62.3334 -1.82107 2.03665 0.999991 -0.00216463 0.00312267 0.00196112
1.74065e+09 62.3363 -1.81828 2.03663 0.99999 -0.00212296 0.00316721 0.0024004
1.74065e+09 62.3364 -1.82248 2.03562 0.999989 -0.00248372 0.00331226 0.00208039
1.74065e+09 62.335 -1.81914 2.03104 0.999987 -0.00247443 0.00359468 0.00252942
1.74065e+09 62.3315 -1.82104 2.03311 0.999984 -0.00294915 0.0034734 0.00341371
1.74065e+09 62.3319 -1.81759 2.03461 0.999983 -0.0028999 0.0032834 0.00375139
1.74065e+09 62.3266 -1.82248 2.03624 0.999977 -0.00356375 0.00427673 0.00379298
1.74065e+09 62.3242 -1.82021 2.03517 0.999973 -0.00358032 0.00383369 0.00507699
1.74065e+09 62.3318 -1.81911 2.0373 0.999977 -0.00293003 0.00371013 0.00495417
1.74065e+09 62.3314 -1.82047 2.03484 0.999973 -0.0035874 0.00395862 0.00504193
1.74065e+09 62.3337 -1.82039 2.03625 0.999977 -0.00315019 0.00349555 0.00493482
1.74065e+09 62.3344 -1.81971 2.03467 0.999976 -0.00337184 0.00347578 0.00497352
1.74065e+09 62.3328 -1.81737 2.03625 0.999973 -0.00352735 0.00401401 0.00512365
1.74065e+09 62.3319 -1.81953 2.03666 0.999974 -0.0031329 0.00374539 0.00523355
1.74065e+09 62.3314 -1.82104 2.03585 0.999971 -0.00396507 0.00371588 0.00529188
1.74065e+09 62.3292 -1.81909 2.03657 0.99997 -0.00354668 0.00351557 0.00592354
1.74065e+09 62.3307 -1.81507 2.03425 0.999973 -0.00315326 0.00343645 0.00563488
1.74065e+09 62.3314 -1.81999 2.03624 0.99997 -0.00367677 0.00384558 0.00564101
1.74065e+09 62.3338 -1.82107 2.03549 0.99997 -0.00325073 0.00340745 0.00619918
1.74065e+09 62.3374 -1.82152 2.03592 0.999969 -0.00350816 0.00352846 0.00611957
1.74065e+09 62.3346 -1.82332 2.03578 0.99997 -0.00345296 0.00351615 0.00605372
1.74065e+09 62.3344 -1.81945 2.03599 0.999966 -0.00345881 0.00318034 0.00679219
1.74065e+09 62.3306 -1.81777 2.03403 0.99997 -0.00325196 0.00320658 0.00621019
1.74065e+09 62.3334 -1.82073 2.03411 0.999963 -0.00369036 0.00408633 0.00660096
1.74065e+09 62.3337 -1.81825 2.03296 0.999961 -0.00367676 0.00350502 0.00716543
1.74065e+09 62.3366 -1.8194 2.03611 0.999927 -0.00398719 0.004532 0.0104453
1.74065e+09 62.3381 -1.82235 2.03598 0.999886 -0.0029235 0.00485043 0.0140309
1.74065e+09 62.3444 -1.82091 2.03605 0.999827 -0.00439144 0.00490856 0.0174065
1.74065e+09 62.3451 -1.82177 2.03621 0.999777 -0.00477837 0.00453375 0.0200822
1.74065e+09 62.3426 -1.82656 2.03631 0.999723 -0.00455803 0.00407333 0.0227392
1.74065e+09 62.345 -1.82687 2.03777 0.999666 -0.0049757 0.00432757 0.024978
1.74065e+09 62.3465 -1.82614 2.0369 0.99958 -0.00430057 0.00401278 0.0283813
1.74065e+09 62.3565 -1.82706 2.03692 0.999519 -0.00419498 0.00362282 0.0305195
1.74065e+09 62.3593 -1.82399 2.03601 0.99945 -0.00446188 0.00397053 0.0326092
1.74065e+09 62.3588 -1.83117 2.03508 0.999327 -0.0051593 0.00442099 0.036057
1.74065e+09 62.3649 -1.83157 2.0345 0.999103 -0.00483353 0.00532995 0.0417252
1.74065e+09 62.372 -1.83204 2.04038 0.9988 -0.00521201 0.00659193 0.0482445
1.74065e+09 62.3737 -1.83484 2.03929 0.998518 -0.00557167 0.00505781 0.0538962
1.74065e+09 62.3744 -1.83699 2.03704 0.998048 -0.00461487 0.00383658 0.0621621
1.74065e+09 62.3722 -1.84024 2.03703 0.997501 -0.00526724 0.00515726 0.0702638
1.74065e+09 62.369 -1.84307 2.03828 0.996841 -0.0058242 0.00569846 0.0790076
1.74065e+09 62.3672 -1.84392 2.03877 0.996009 -0.00582979 0.00579564 0.0888689
1.74065e+09 62.3677 -1.85277 2.0381 0.995213 -0.00624859 0.00637326 0.0973204
1.74065e+09 62.3679 -1.85477 2.03858 0.994541 -0.00767757 0.00760124 0.103787
1.74065e+09 62.3643 -1.85567 2.03856 0.993713 -0.00688406 0.00589245 0.111592
1.74065e+09 62.37 -1.85766 2.03871 0.992557 -0.00694643 0.00637166 0.121413
1.74065e+09 62.3781 -1.85907 2.0405 0.991341 -0.00749268 0.00742523 0.130887
1.74065e+09 62.3769 -1.8631 2.04254 0.989836 -0.00693154 0.00884835 0.141768
1.74065e+09 62.3817 -1.86789 2.04226 0.987744 -0.00818984 0.00712746 0.155706
1.74065e+09 62.3839 -1.87268 2.03956 0.985949 -0.00876446 0.00587652 0.166713
1.74065e+09 62.3927 -1.86774 2.03777 0.984559 -0.00971484 0.00781652 0.174607
1.74065e+09 62.3951 -1.86911 2.03762 0.983258 -0.00925389 0.00819593 0.1818
1.74065e+09 62.4004 -1.86766 2.03874 0.981362 -0.00927709 0.00955843 0.191706
1.74065e+09 62.4059 -1.87286 2.03861 0.978766 -0.00921514 0.00882483 0.204581
1.74065e+09 62.4089 -1.87766 2.04011 0.976094 -0.0101137 0.00833177 0.216955
1.74065e+09 62.4082 -1.88107 2.03904 0.973263 -0.0110931 0.008242 0.229276
1.74065e+09 62.4121 -1.88413 2.04131 0.971008 -0.01162 0.00980351 0.238565
1.74065e+09 62.4147 -1.88774 2.04372 0.968032 -0.0116163 0.0100996 0.250354
1.74065e+09 62.4123 -1.89579 2.04204 0.965028 -0.0110263 0.00973034 0.261733
1.74065e+09 62.4138 -1.90082 2.04351 0.961547 -0.0122587 0.00997561 0.274185
1.74065e+09 62.411 -1.90497 2.04149 0.95763 -0.0121396 0.00916391 0.287598
1.74065e+09 62.4164 -1.90504 2.03927 0.954866 -0.0129924 0.0103077 0.296572
1.74065e+09 62.4211 -1.90605 2.04001 0.9512 -0.0124388 0.0103886 0.30815
1.74065e+09 62.4222 -1.90711 2.03826 0.94797 -0.0127123 0.010849 0.317921
1.74065e+09 62.4208 -1.90849 2.03747 0.943813 -0.0139688 0.0119127 0.329971
1.74065e+09 62.4191 -1.92117 2.04019 0.939145 -0.0141223 0.0109178 0.343058
1.74065e+09 62.4213 -1.92017 2.04236 0.935278 -0.0144211 0.0102953 0.353471
1.74065e+09 62.4335 -1.92694 2.04421 0.930505 -0.0137858 0.0121353 0.365819
1.74065e+09 62.4414 -1.92984 2.04331 0.925367 -0.014935 0.0119468 0.378589
1.74065e+09 62.4413 -1.93113 2.04441 0.919347 -0.0150468 0.0116201 0.392988
1.74065e+09 62.4407 -1.93431 2.03862 0.914943 -0.0162176 0.0112525 0.4031
1.74065e+09 62.4467 -1.93751 2.04006 0.909455 -0.0159329 0.0131346 0.41529
1.74065e+09 62.4519 -1.93934 2.03736 0.904159 -0.0162449 0.0126454 0.4267
1.74065e+09 62.4571 -1.94348 2.03737 0.897315 -0.017107 0.0128272 0.440873
1.74065e+09 62.4578 -1.94384 2.03637 0.892066 -0.0172596 0.0109122 0.451444
1.74065e+09 62.4648 -1.94356 2.03849 0.885244 -0.0179074 0.0136022 0.464582
1.74065e+09 62.4716 -1.94527 2.04257 0.878481 -0.0180214 0.0151626 0.477197
1.74065e+09 62.4664 -1.94979 2.04102 0.870309 -0.0190273 0.013101 0.491964
1.74065e+09 62.47 -1.95254 2.04114 0.86422 -0.0182463 0.0125288 0.502628
1.74065e+09 62.4809 -1.9533 2.04044 0.857445 -0.0194578 0.014568 0.514001
1.74065e+09 62.4879 -1.95758 2.04013 0.850216 -0.0197286 0.0157588 0.525828
1.74065e+09 62.4854 -1.96486 2.04239 0.841109 -0.0192175 0.0129027 0.540371
1.74065e+09 62.4904 -1.96861 2.04371 0.834921 -0.0191253 0.012331 0.549899
1.74065e+09 62.497 -1.96269 2.04292 0.827835 -0.0210626 0.0155446 0.560361
1.74065e+09 62.505 -1.96362 2.04766 0.81922 -0.0205166 0.0166272 0.57287
1.74065e+09 62.5032 -1.97012 2.04583 0.809632 -0.021067 0.0138016 0.586398
1.74065e+09 62.5109 -1.97278 2.04508 0.801662 -0.0220554 0.0152254 0.597177
1.74065e+09 62.5258 -1.96959 2.04519 0.793332 -0.0225224 0.017238 0.608128
1.74065e+09 62.5332 -1.96973 2.04234 0.783268 -0.0226936 0.0170183 0.621037
1.74065e+09 62.5306 -1.9742 2.04263 0.773741 -0.0218603 0.0156671 0.632931
1.74065e+09 62.5302 -1.97508 2.03879 0.765812 -0.0229073 0.0161173 0.642455
1.74065e+09 62.5398 -1.97606 2.03859 0.757225 -0.0243679 0.0178606 0.652455
1.74065e+09 62.5384 -1.9795 2.0386 0.747025 -0.0247022 0.0172823 0.664112
1.74065e+09 62.5404 -1.98673 2.04066 0.737098 -0.023681 0.0161241 0.675178
1.74065e+09 62.5466 -1.98038 2.04358 0.72886 -0.0248614 0.0164857 0.684013
1.74065e+09 62.5563 -1.9749 2.04292 0.718847 -0.0243015 0.0191126 0.69448
1.74065e+09 62.5637 -1.97594 2.04048 0.706751 -0.0250457 0.0181674 0.706785
1.74065e+09 62.5663 -1.98187 2.04255 0.695327 -0.0244827 0.0165667 0.718085
1.74065e+09 62.5795 -1.97475 2.04352 0.685715 -0.0256972 0.0187072 0.727175
1.74065e+09 62.5818 -1.97569 2.04337 0.674337 -0.0257645 0.0191763 0.737725
1.74065e+09 62.59 -1.97417 2.04394 0.660647 -0.0266921 0.0192346 0.749975
1.74065e+09 62.5946 -1.97612 2.0403 0.65056 -0.0263777 0.0178772 0.758786
1.74065e+09 62.6012 -1.97304 2.04292 0.640669 -0.0270757 0.0202804 0.767072
1.74065e+09 62.6019 -1.97535 2.04102 0.627762 -0.0278451 0.0205403 0.777636
1.74065e+09 62.5979 -1.98085 2.04209 0.613511 -0.0265574 0.0190895 0.789008
1.74065e+09 62.5978 -1.97781 2.04362 0.603588 -0.0289348 0.018969 0.796545
1.74065e+09 62.6002 -1.97139 2.04531 0.591708 -0.0287412 0.0215263 0.805352
1.74065e+09 62.605 -1.97269 2.04321 0.575999 -0.0290254 0.0204456 0.816679
1.74065e+09 62.6083 -1.9696 2.04332 0.563061 -0.0278359 0.0205581 0.825691
1.74065e+09 62.6111 -1.96548 2.04391 0.553111 -0.0298774 0.0208348 0.832311
1.74065e+09 62.6187 -1.96546 2.04447 0.538991 -0.0293981 0.0224269 0.8415
1.74065e+09 62.6282 -1.96715 2.04441 0.523267 -0.0275219 0.0210326 0.851465
1.74065e+09 62.6322 -1.96138 2.04297 0.513209 -0.0292362 0.0208281 0.857513
1.74065e+09 62.6385 -1.95542 2.04324 0.499611 -0.0308254 0.0224465 0.86541
1.74065e+09 62.6484 -1.95578 2.04197 0.482849 -0.028429 0.0206746 0.874998
1.74065e+09 62.6452 -1.96032 2.03793 0.480671 -0.0258106 0.0206141 0.876279
1.74065e+09 62.6381 -1.94836 2.03511 0.480576 -0.0285087 0.0228236 0.876192
1.74065e+09 62.6363 -1.94522 2.0382 0.481827 -0.0280986 0.0221684 0.875535
1.74065e+09 62.628 -1.94094 2.03742 0.48141 -0.0285133 0.0215086 0.875767
1.74065e+09 62.6234 -1.93294 2.0389 0.481448 -0.0287981 0.0217562 0.875731
1.74065e+09 62.6151 -1.92432 2.04264 0.481059 -0.0290317 0.022229 0.875925
1.74065e+09 62.6107 -1.91851 2.04377 0.479101 -0.0282222 0.0223633 0.877021
1.74065e+09 62.6075 -1.91294 2.0437 0.478723 -0.0283211 0.0210976 0.877255
1.74065e+09 62.6101 -1.90502 2.04429 0.47822 -0.0281832 0.021536 0.877524
1.74065e+09 62.6076 -1.89919 2.04507 0.47701 -0.0271405 0.0209837 0.878228
1.74065e+09 62.6034 -1.88448 2.04337 0.475877 -0.028427 0.0218337 0.878781
1.74065e+09 62.5892 -1.86911 2.0408 0.47613 -0.0275764 0.0203876 0.878706
1.74065e+09 62.5801 -1.85266 2.0402 0.473544 -0.0294838 0.022637 0.879985
1.74065e+09 62.5732 -1.84125 2.03689 0.472458 -0.0279523 0.0216436 0.880644
1.74065e+09 62.557 -1.83127 2.03678 0.47285 -0.0280021 0.0201047 0.880469
1.74065e+09 62.5445 -1.81614 2.03878 0.470553 -0.0304519 0.0220348 0.881571
1.74065e+09 62.5368 -1.80679 2.03672 0.468267 -0.0273494 0.0216177 0.882899
1.74065e+09 62.5304 -1.79357 2.03536 0.468744 -0.0271255 0.0202617 0.882685
1.74065e+09 62.5165 -1.77336 2.03519 0.467781 -0.030967 0.0217551 0.883034
1.74065e+09 62.5156 -1.76358 2.03371 0.462855 -0.0269648 0.0205896 0.885784
1.74065e+09 62.5092 -1.74713 2.03597 0.461063 -0.0278016 0.0200378 0.886706
1.74065e+09 62.4904 -1.72371 2.03568 0.45838 -0.0308205 0.0223406 0.887941
1.74065e+09 62.4833 -1.70594 2.03312 0.448824 -0.0278069 0.0220442 0.892915
1.74065e+09 62.4687 -1.69396 2.03103 0.446865 -0.0266603 0.0216037 0.893943
1.74065e+09 62.4442 -1.66999 2.02904 0.443845 -0.0307079 0.0216691 0.895315
1.74065e+09 62.4391 -1.65094 2.02822 0.435602 -0.0274134 0.0223676 0.899444
1.74065e+09 62.428 -1.63949 2.02743 0.432312 -0.0269784 0.0217314 0.901058
1.74065e+09 62.412 -1.61625 2.02641 0.430883 -0.0285636 0.0215518 0.901698
1.74065e+09 62.3989 -1.5957 2.02649 0.422268 -0.0289993 0.0230697 0.905713
1.74065e+09 62.3948 -1.5828 2.02431 0.41755 -0.0262198 0.0206231 0.908041
1.74065e+09 62.3736 -1.56167 2.02183 0.414891 -0.0293483 0.0213262 0.909147
1.74065e+09 62.3714 -1.53828 2.02465 0.40441 -0.0279654 0.0225707 0.913872
1.74065e+09 62.3563 -1.5191 2.0254 0.400595 -0.0295426 0.021906 0.915517
1.74065e+09 62.3344 -1.5011 2.0244 0.397601 -0.0286919 0.022126 0.916843
1.74065e+09 62.3176 -1.48075 2.02311 0.391065 -0.0305043 0.0228336 0.919574
1.74065e+09 62.2995 -1.46695 2.02253 0.385987 -0.0287342 0.0225228 0.921782
1.74065e+09 62.2804 -1.44664 2.02095 0.374843 -0.0316284 0.0233612 0.926254
1.74065e+09 62.2784 -1.43161 2.01834 0.364497 -0.0287347 0.0243162 0.930444
1.74065e+09 62.2666 -1.4201 2.02067 0.360022 -0.0285593 0.0224799 0.932236
1.74065e+09 62.246 -1.39897 2.01865 0.356076 -0.0308043 0.0234984 0.933653
1.74065e+09 62.2273 -1.382 2.02 0.342043 -0.0298536 0.0245069 0.93889
1.74065e+09 62.2084 -1.36882 2.01734 0.334734 -0.0262594 0.022301 0.941683
1.74065e+09 62.1791 -1.34689 2.01677 0.328861 -0.0312395 0.0229723 0.943582
1.74065e+09 62.1648 -1.32119 2.01394 0.310134 -0.0318678 0.0256308 0.949813
1.74065e+09 62.1513 -1.31186 2.0148 0.304291 -0.0271696 0.0231067 0.951911
1.74065e+09 62.1284 -1.28796 2.011 0.296757 -0.0305244 0.0227644 0.954193
1.74065e+09 62.116 -1.26698 2.00884 0.279081 -0.0293626 0.0249418 0.959494
1.74065e+09 62.0972 -1.25932 2.01013 0.272512 -0.0283882 0.0233255 0.961451
1.74065e+09 62.067 -1.24478 2.00709 0.265472 -0.0287609 0.0236471 0.963399
1.74065e+09 62.0456 -1.22301 2.00602 0.25253 -0.0317685 0.0259144 0.96672
1.74065e+09 62.0263 -1.21416 2.00315 0.248722 -0.0277144 0.0230696 0.967904
1.74065e+09 62.0017 -1.19396 2.00107 0.232685 -0.031944 0.0236562 0.971739
1.74065e+09 61.9956 -1.17982 1.99534 0.215619 -0.0261556 0.0234632 0.975845
1.74065e+09 61.9703 -1.16882 1.99526 0.206796 -0.0297197 0.0240194 0.977638
1.74065e+09 61.9493 -1.15196 1.99767 0.199025 -0.0261574 0.0237916 0.979356
1.74065e+09 61.9166 -1.14186 1.99785 0.195689 -0.031676 0.0233801 0.979875
1.74065e+09 61.8985 -1.12353 1.99821 0.179565 -0.0294797 0.0261395 0.982957
1.74065e+09 61.8717 -1.12085 1.99767 0.1752 -0.0286129 0.022177 0.983867
1.74065e+09 61.845 -1.10648 1.99928 0.166799 -0.0281526 0.0252194 0.985266
1.74065e+09 61.8288 -1.09572 1.99847 0.149394 -0.0301898 0.0245701 0.988011
1.74065e+09 61.8107 -1.09283 1.99923 0.144527 -0.0260976 0.024357 0.988857
1.74065e+09 61.7832 -1.08202 1.99582 0.13478 -0.0279114 0.0246617 0.990175
1.74065e+09 61.7552 -1.06902 1.99649 0.125305 -0.0300263 0.0243278 0.991365
1.74065e+09 61.7278 -1.05849 1.99476 0.1151 -0.0302401 0.0237051 0.992611
1.74065e+09 61.7025 -1.04557 1.99081 0.105747 -0.0312247 0.0225467 0.993647
1.74065e+09 61.6907 -1.0339 1.99127 0.0832997 -0.0300505 0.0244079 0.995772
1.74065e+09 61.6708 -1.03315 1.98971 0.0708961 -0.0285434 0.0241714 0.996782
1.74065e+09 61.6497 -1.02942 1.99152 0.0613461 -0.0270269 0.0247849 0.997443
1.74065e+09 61.6163 -1.02439 1.98783 0.0566453 -0.0297509 0.0231009 0.997684
1.74065e+09 61.5875 -1.01224 1.98906 0.0434333 -0.0301307 0.0258172 0.998268
1.74065e+09 61.5561 -1.01366 1.98668 0.0427443 -0.0284162 0.0224759 0.998429
1.74065e+09 61.5085 -1.00917 1.98382 0.0418041 -0.0277997 0.024238 0.998445
1.74065e+09 61.4592 -1.0114 1.98148 0.0426073 -0.0276873 0.0236316 0.998429
1.74065e+09 61.4115 -1.00819 1.98261 0.0419537 -0.0285046 0.0253744 0.99839
1.74065e+09 61.359 -1.00924 1.98292 0.0430759 -0.0292584 0.0251211 0.998327
1.74065e+09 61.3098 -1.01144 1.98175 0.0427878 -0.030666 0.0246262 0.99831
1.74065e+09 61.2665 -1.01296 1.97836 0.04259 -0.0316524 0.0241938 0.998298
1.74065e+09 61.2278 -1.00777 1.97656 0.0432101 -0.0313342 0.0236205 0.998295
1.74065e+09 61.1812 -1.00656 1.9773 0.0429363 -0.031506 0.023334 0.998308
1.74065e+09 61.1379 -1.00496 1.97483 0.0422052 -0.0301578 0.0231792 0.998385
1.74065e+09 61.093 -1.00167 1.9733 0.0426269 -0.0293852 0.023234 0.998389
1.74065e+09 61.0501 -1.00371 1.97095 0.0429279 -0.0297608 0.0232053 0.998365
1.74065e+09 61.0001 -0.999642 1.97059 0.0431799 -0.0320303 0.0234721 0.998278
1.74065e+09 60.9513 -0.996661 1.97112 0.0430592 -0.0324839 0.0235774 0.998266
1.74065e+09 60.9086 -0.994986 1.97013 0.0425483 -0.0309427 0.0227461 0.998356
1.74065e+09 60.8652 -0.987956 1.97088 0.0427959 -0.0326163 0.02343 0.998276
1.74065e+09 60.8212 -0.990007 1.96555 0.0433012 -0.030523 0.0235155 0.998319
1.74065e+09 60.7721 -0.989749 1.96399 0.0434076 -0.0302884 0.0222359 0.998351
1.74065e+09 60.7249 -0.989361 1.96357 0.0436509 -0.0310759 0.0227208 0.998305
1.74065e+09 60.6748 -0.990291 1.96239 0.0424348 -0.0309437 0.0219718 0.998378
1.74065e+09 60.6297 -0.986949 1.96006 0.0392238 -0.0294405 0.0218823 0.998557
1.74065e+09 60.589 -0.984124 1.96028 0.0346766 -0.0306725 0.0220686 0.998684
1.74065e+09 60.5487 -0.982251 1.95979 0.0303869 -0.0321039 0.0225117 0.998769
1.74065e+09 60.508 -0.978475 1.95774 0.0249255 -0.0314239 0.0224602 0.998943
1.74065e+09 60.4687 -0.975991 1.95723 0.0186834 -0.0299133 0.0235675 0.9991
1.74065e+09 60.4276 -0.973204 1.95424 0.0103821 -0.0302028 0.0231952 0.999221
1.74065e+09 60.3945 -0.97504 1.95205 0.00523282 -0.0272824 0.0221019 0.99937
1.74065e+09 60.3548 -0.972728 1.95272 -0.00334025 -0.0277534 0.0231284 0.999342
1.74065e+09 60.3193 -0.981432 1.95138 -0.00911081 -0.0302462 0.0201269 0.999298
1.74065e+09 60.288 -0.976858 1.9497 -0.0158514 -0.0283322 0.0224407 0.999221
1.74065e+09 60.2407 -0.982936 1.95187 -0.016522 -0.0303704 0.021608 0.999169
1.74065e+09 60.1868 -0.981693 1.94813 -0.01645 -0.0309625 0.0228503 0.999124
1.74065e+09 60.1339 -0.98396 1.94737 -0.0165914 -0.0308382 0.0224253 0.999135
1.74065e+09 60.0812 -0.989767 1.94224 -0.016206 -0.0311401 0.0214729 0.999153
1.74065e+09 60.0361 -0.992712 1.9421 -0.0168945 -0.0307634 0.0218513 0.999145
1.74065e+09 59.9834 -0.998635 1.94145 -0.0166378 -0.0293294 0.0216954 0.999196
1.74065e+09 59.9295 -1.00589 1.94061 -0.0170601 -0.0303088 0.0213022 0.999168
1.74065e+09 59.8774 -1.00885 1.94103 -0.0169128 -0.0296288 0.0211823 0.999193
1.74065e+09 59.8238 -1.01047 1.94089 -0.0168552 -0.029983 0.021502 0.999177
1.74065e+09 59.7786 -1.0125 1.94095 -0.0167061 -0.030018 0.0214552 0.999179
1.74065e+09 59.73 -1.01944 1.93824 -0.0167899 -0.0301577 0.0217649 0.999167
1.74065e+09 59.6825 -1.02376 1.93869 -0.0163601 -0.0308004 0.0217808 0.999154
1.74065e+09 59.6322 -1.02797 1.93629 -0.0170921 -0.0304304 0.0217829 0.999153
1.74065e+09 59.5786 -1.0367 1.93493 -0.0176677 -0.0313652 0.0213551 0.999124
1.74065e+09 59.5303 -1.04284 1.93098 -0.0173395 -0.0303804 0.0212546 0.999162
1.74065e+09 59.4834 -1.04853 1.93049 -0.0175182 -0.0299372 0.0217074 0.999162
1.74065e+09 59.4396 -1.04744 1.9315 -0.0180119 -0.029828 0.0218469 0.999154
1.74065e+09 59.3881 -1.04986 1.92827 -0.0178399 -0.0299482 0.0222178 0.999145
1.74065e+09 59.3354 -1.05833 1.92759 -0.0184241 -0.0291179 0.0225273 0.999152
1.74065e+09 59.2911 -1.06078 1.92669 -0.0179557 -0.0283202 0.0219269 0.999197
1.74065e+09 59.2361 -1.06679 1.92364 -0.0183276 -0.0277397 0.0221049 0.999203
1.74065e+09 59.1871 -1.07048 1.92008 -0.0181115 -0.0278226 0.0220576 0.999205
1.74065e+09 59.133 -1.07674 1.92175 -0.0185707 -0.0281525 0.0220367 0.999188
1.74065e+09 59.0871 -1.08209 1.9194 -0.0187889 -0.0276732 0.0217927 0.999203
1.74065e+09 59.0321 -1.08077 1.91796 -0.0179422 -0.0273263 0.0223028 0.999217
1.74065e+09 58.9787 -1.0867 1.91622 -0.0186262 -0.0277587 0.0222436 0.999194
1.74065e+09 58.9275 -1.08919 1.91878 -0.0174539 -0.0283304 0.0223858 0.999195
1.74065e+09 58.8776 -1.09659 1.91882 -0.0180271 -0.0283847 0.022473 0.999182
1.74065e+09 58.8223 -1.10048 1.91585 -0.0177841 -0.0287943 0.0222438 0.99918
1.74065e+09 58.7774 -1.10556 1.91415 -0.0178459 -0.0299108 0.0216038 0.99916
1.74065e+09 58.726 -1.10899 1.90812 -0.0176872 -0.0300032 0.0216376 0.999159
1.74065e+09 58.6804 -1.11519 1.90832 -0.018408 -0.0297921 0.0220394 0.999144
1.74065e+09 58.6274 -1.11923 1.90687 -0.0176023 -0.0294654 0.0216958 0.999175
1.74065e+09 58.5824 -1.12234 1.90669 -0.0171905 -0.0294189 0.0223368 0.99917
1.74065e+09 58.5316 -1.12735 1.90862 -0.0170158 -0.0300644 0.0211561 0.999179
1.74065e+09 58.481 -1.13215 1.90837 -0.016588 -0.0295681 0.0212831 0.999198
1.74065e+09 58.4321 -1.13777 1.90407 -0.0163156 -0.0288269 0.021336 0.999223
1.74065e+09 58.3824 -1.14276 1.90476 -0.0167119 -0.0294068 0.0214981 0.999197
1.74065e+09 58.3335 -1.14773 1.90259 -0.0170017 -0.0292153 0.021643 0.999194
1.74065e+09 58.2811 -1.15183 1.9025 -0.0163592 -0.0292176 0.0220644 0.999196
1.74065e+09 58.2246 -1.15348 1.90083 -0.0162699 -0.0287665 0.0214198 0.999224
1.74065e+09 58.1721 -1.15754 1.89643 -0.0171388 -0.028333 0.0213194 0.999224
1.74065e+09 58.1221 -1.15866 1.89653 -0.0165885 -0.0281273 0.0214541 0.999236
1.74065e+09 58.0704 -1.16161 1.89585 -0.0164818 -0.0292602 0.0211879 0.999211
1.74065e+09 58.0203 -1.16168 1.89448 -0.0165368 -0.0290573 0.0210921 0.999218
1.74065e+09 57.9704 -1.16811 1.89668 -0.0168284 -0.0300168 0.0208172 0.999191
1.74065e+09 57.9249 -1.17322 1.89418 -0.0166421 -0.0295187 0.021622 0.999192
1.74065e+09 57.8664 -1.1783 1.89462 -0.0160578 -0.0287198 0.0211909 0.999234
1.74065e+09 57.8149 -1.18037 1.8931 -0.0156845 -0.0296602 0.0211855 0.999212
1.74065e+09 57.7594 -1.18365 1.89237 -0.0158885 -0.0297166 0.0207411 0.999217
1.74065e+09 57.714 -1.18758 1.89066 -0.0160617 -0.0288936 0.0210793 0.999231
1.74065e+09 57.6675 -1.19418 1.88995 -0.0163998 -0.0294611 0.0215107 0.9992
1.74065e+09 57.6255 -1.19697 1.88346 -0.0161351 -0.0273414 0.0210965 0.999273
1.74065e+09 57.5748 -1.20225 1.8807 -0.0164141 -0.0275217 0.0210215 0.999265
1.74065e+09 57.5327 -1.20193 1.87708 -0.0164941 -0.0274438 0.0215696 0.999254
1.74065e+09 57.4806 -1.20631 1.87685 -0.016216 -0.0269725 0.021815 0.999267
1.74065e+09 57.4308 -1.21286 1.87492 -0.0153099 -0.0296023 0.0237072 0.999163
1.74065e+09 57.3891 -1.21056 1.87013 -0.0156602 -0.02837 0.0217133 0.999239
1.74065e+09 57.3438 -1.21292 1.86949 -0.0157982 -0.0294739 0.0225589 0.999186
1.74065e+09 57.2908 -1.21866 1.87174 -0.0155027 -0.0295705 0.0223173 0.999193
1.74065e+09 57.243 -1.22375 1.8728 -0.0145999 -0.0310558 0.0216579 0.999176
1.74065e+09 57.1929 -1.22868 1.87279 -0.0143154 -0.0312374 0.0214592 0.999179
1.74065e+09 57.1415 -1.23202 1.87091 -0.014325 -0.0319324 0.0212804 0.999161
1.74065e+09 57.0838 -1.24021 1.86917 -0.0139718 -0.0302414 0.0213788 0.999216
1.74065e+09 57.0348 -1.24706 1.87068 -0.0141363 -0.030159 0.0211149 0.999222
1.74065e+09 56.9841 -1.25123 1.87003 -0.0135138 -0.0307977 0.0208942 0.999216
1.74065e+09 56.9351 -1.25584 1.86884 -0.0134026 -0.0310047 0.0198311 0.999233
1.74065e+09 56.8883 -1.25732 1.86645 -0.013612 -0.0296964 0.0205098 0.999256
1.74065e+09 56.8408 -1.26221 1.8653 -0.0137698 -0.0292948 0.019802 0.99928
1.74065e+09 56.7988 -1.26477 1.86207 -0.0142788 -0.0273678 0.0201172 0.999321
1.74065e+09 56.7458 -1.27069 1.85839 -0.0149295 -0.0264122 0.0200358 0.999339
1.74065e+09 56.6935 -1.27152 1.85679 -0.0149608 -0.0277952 0.0203731 0.999294
1.74065e+09 56.6395 -1.27803 1.85877 -0.014561 -0.0279889 0.0194855 0.999312
1.74065e+09 56.5892 -1.27902 1.8559 -0.0146167 -0.027608 0.020631 0.999299
1.74065e+09 56.54 -1.28535 1.85648 -0.0146195 -0.0274237 0.0203181 0.99931
1.74065e+09 56.4877 -1.28988 1.85731 -0.0145602 -0.0278242 0.0202647 0.999301
1.74065e+09 56.4321 -1.29329 1.85952 -0.0149116 -0.0280628 0.0203639 0.999287
1.74065e+09 56.3674 -1.29867 1.86211 -0.013904 -0.0294947 0.0209956 0.999248
1.74065e+09 56.3189 -1.30353 1.86391 -0.0138437 -0.0296821 0.020856 0.999246
1.74065e+09 56.2699 -1.30681 1.85697 -0.0146815 -0.0300928 0.0206705 0.999226
1.74065e+09 56.2238 -1.30658 1.85196 -0.0142757 -0.0301267 0.0202439 0.999239
1.74065e+09 56.1771 -1.31083 1.84694 -0.0142103 -0.0301868 0.0202903 0.999237
1.74065e+09 56.1272 -1.316 1.84624 -0.0141157 -0.0311279 0.0202673 0.99921
1.74065e+09 56.072 -1.31935 1.84526 -0.0137296 -0.0309681 0.0203564 0.999219
1.74065e+09 56.0169 -1.32558 1.84221 -0.0140539 -0.0306644 0.0204987 0.999221
1.74065e+09 55.9644 -1.33191 1.83879 -0.0143337 -0.0312883 0.020361 0.9992
1.74065e+09 55.9151 -1.33842 1.8363 -0.0149293 -0.0298585 0.0206797 0.999229
1.74065e+09 55.8613 -1.34414 1.83357 -0.0150331 -0.0298571 0.020618 0.999228
1.74065e+09 55.8157 -1.35106 1.82889 -0.0150066 -0.0303301 0.0210057 0.999207
1.74065e+09 55.7694 -1.35668 1.82514 -0.0157333 -0.0293973 0.0204012 0.999236
1.74065e+09 55.7155 -1.36061 1.82507 -0.0156459 -0.0308735 0.0199538 0.999202
1.74065e+09 55.6552 -1.35938 1.82258 -0.0158342 -0.030269 0.0204703 0.999207
1.74065e+09 55.5983 -1.36175 1.82696 -0.0153698 -0.029716 0.0198003 0.999244
1.74065e+09 55.5334 -1.36407 1.82844 -0.015455 -0.0305089 0.019632 0.999222
1.74065e+09 55.4766 -1.3667 1.82876 -0.0157552 -0.0298159 0.0199416 0.999232
1.74065e+09 55.422 -1.37079 1.8314 -0.0164994 -0.0299764 0.0198166 0.999218
1.74065e+09 55.371 -1.37867 1.827 -0.017136 -0.030039 0.0185828 0.999229
1.74065e+09 55.3385 -1.3842 1.81724 -0.0170171 -0.0292715 0.0210894 0.999204
1.74065e+09 55.2823 -1.38772 1.81361 -0.0167651 -0.0290761 0.0212327 0.999211
1.74065e+09 55.2235 -1.39472 1.81546 -0.0168481 -0.0280814 0.0216154 0.99923
1.74065e+09 55.1588 -1.39787 1.81662 -0.0172007 -0.0299735 0.0214985 0.999171
1.74065e+09 55.0884 -1.40267 1.81865 -0.0181972 -0.0313727 0.0207482 0.999127
1.74065e+09 55.0129 -1.40315 1.81526 -0.0175591 -0.0320552 0.0199773 0.999132
1.74065e+09 54.9484 -1.41116 1.81415 -0.0195671 -0.0312234 0.0196087 0.999128
1.74065e+09 54.8805 -1.41634 1.8099 -0.0192232 -0.0310517 0.0205724 0.999121
1.74065e+09 54.8181 -1.42599 1.80845 -0.0202714 -0.0327037 0.0217465 0.999023
1.74065e+09 54.7631 -1.43163 1.80794 -0.0197733 -0.0340358 0.0223602 0.998975
1.74065e+09 54.6853 -1.43667 1.81408 -0.0204093 -0.0335462 0.020793 0.999012
1.74065e+09 54.6197 -1.43775 1.81093 -0.0218752 -0.0315635 0.0192782 0.999076
1.74065e+09 54.5511 -1.44632 1.80869 -0.0219307 -0.0321902 0.0192008 0.999057
1.74065e+09 54.4936 -1.45356 1.80653 -0.0218612 -0.0351947 0.0201647 0.998938
1.74065e+09 54.4374 -1.45662 1.8047 -0.0220104 -0.0339512 0.0214023 0.998952
1.74065e+09 54.3744 -1.4633 1.80331 -0.0229215 -0.0343411 0.0195896 0.998955
1.74065e+09 54.3194 -1.47108 1.79765 -0.0238745 -0.0323276 0.018947 0.999012
1.74065e+09 54.2672 -1.47917 1.79338 -0.0239237 -0.0299008 0.0196139 0.999074
1.74065e+09 54.2127 -1.48489 1.79001 -0.024138 -0.0326026 0.0207711 0.998961
1.74065e+09 54.1541 -1.48749 1.78545 -0.0245421 -0.0306018 0.0213513 0.999002
1.74065e+09 54.0767 -1.47933 1.79516 -0.0245837 -0.0335163 0.0189633 0.998956
1.74065e+09 54.0028 -1.4783 1.79124 -0.024693 -0.0317635 0.0193131 0.999004
1.74065e+09 53.9383 -1.48912 1.78733 -0.0244566 -0.0316734 0.0195408 0.999008
1.74065e+09 53.8841 -1.50033 1.78309 -0.0246133 -0.0327334 0.0205888 0.998949
1.74065e+09 53.8247 -1.5094 1.77731 -0.0256761 -0.0324155 0.0201325 0.998942
1.74065e+09 53.7617 -1.52216 1.77454 -0.0268364 -0.0319565 0.0185027 0.998958
1.74065e+09 53.7032 -1.53327 1.77128 -0.0270405 -0.0312381 0.0183012 0.998979
1.74065e+09 53.6371 -1.54181 1.77346 -0.0269128 -0.032405 0.0200745 0.998911
1.74065e+09 53.5662 -1.5519 1.77395 -0.0276617 -0.0315736 0.0200301 0.998918
1.74065e+09 53.4973 -1.56068 1.7652 -0.0277941 -0.0309026 0.01907 0.998954
1.74065e+09 53.4405 -1.57285 1.7517 -0.0283386 -0.0326867 0.0195417 0.998873
1.74065e+09 53.3812 -1.58529 1.74487 -0.0290162 -0.0304996 0.0207074 0.998899
1.74065e+09 53.3055 -1.58929 1.74418 -0.0282778 -0.0295974 0.018525 0.99899
1.74065e+09 53.2246 -1.59243 1.74857 -0.0288554 -0.032298 0.020713 0.998847
1.74065e+09 53.1382 -1.59854 1.75174 -0.0294239 -0.0328664 0.0192602 0.998841
1.74065e+09 53.0576 -1.60551 1.755 -0.0293989 -0.0327386 0.0199687 0.998832
1.74065e+09 52.9768 -1.61185 1.75431 -0.0294177 -0.0330056 0.019076 0.99884
1.74065e+09 52.8919 -1.61683 1.75474 -0.0295626 -0.0333125 0.0196558 0.998814
1.74065e+09 52.81 -1.62657 1.75176 -0.0295727 -0.0340822 0.0197589 0.998786
1.74065e+09 52.7202 -1.63545 1.74987 -0.0291572 -0.0346715 0.0197316 0.998778
1.74065e+09 52.6375 -1.64336 1.74683 -0.0293624 -0.0342504 0.0191384 0.998799
1.74065e+09 52.5513 -1.65607 1.73763 -0.0303417 -0.0324565 0.0190443 0.998831
1.74065e+09 52.4745 -1.66037 1.73399 -0.0299925 -0.0327034 0.0194185 0.998826
1.74065e+09 52.3914 -1.67079 1.72926 -0.0305536 -0.0325762 0.0190623 0.99882
1.74065e+09 52.3132 -1.68297 1.72698 -0.0315446 -0.0321747 0.0187536 0.998808
1.74065e+09 52.2325 -1.6938 1.72534 -0.0307501 -0.0334174 0.0187051 0.998793
1.74065e+09 52.1623 -1.70103 1.72708 -0.0323234 -0.0332045 0.0195572 0.998734
1.74065e+09 52.0819 -1.71345 1.72503 -0.0319401 -0.0337062 0.0189366 0.998742
1.74065e+09 51.9996 -1.72328 1.72589 -0.032578 -0.0332148 0.0189563 0.998737
1.74065e+09 51.9205 -1.73065 1.72363 -0.0316113 -0.0321059 0.0186532 0.99881
1.74065e+09 51.8287 -1.73063 1.72592 -0.0319267 -0.032911 0.0189237 0.998769
1.74065e+09 51.7494 -1.7387 1.72326 -0.0314413 -0.0320915 0.0187256 0.998815
1.74065e+09 51.6678 -1.75195 1.71714 -0.0318226 -0.0312898 0.0184934 0.998832
1.74065e+09 51.5877 -1.76044 1.71373 -0.0319182 -0.0315543 0.0182453 0.998826
1.74065e+09 51.4959 -1.77364 1.709 -0.0321941 -0.0326463 0.018658 0.998774
1.74065e+09 51.408 -1.78462 1.70373 -0.0337708 -0.0322959 0.0192521 0.998722
1.74065e+09 51.3288 -1.79495 1.6992 -0.0338929 -0.0329597 0.0178483 0.998722
1.74065e+09 51.2414 -1.80486 1.69607 -0.0339539 -0.0328327 0.0180845 0.99872
1.74065e+09 51.157 -1.81221 1.6915 -0.0345402 -0.0324581 0.0175389 0.998722
1.74065e+09 51.064 -1.82363 1.68525 -0.0345951 -0.0317665 0.0193268 0.998709
1.74065e+09 50.9824 -1.82392 1.68024 -0.0361456 -0.0334239 0.0178248 0.998628
1.74065e+09 50.9012 -1.83254 1.67901 -0.0357022 -0.0336616 0.0172232 0.998647
1.74065e+09 50.8127 -1.84537 1.6754 -0.0355066 -0.0339147 0.0174389 0.998642
1.74065e+09 50.7244 -1.85862 1.67579 -0.0335292 -0.0358588 0.0173256 0.998644
1.74065e+09 50.6432 -1.87663 1.67346 -0.028542 -0.0340407 0.0167013 0.998873
1.74065e+09 50.5659 -1.88899 1.67286 -0.0246699 -0.0343542 0.0180877 0.998941
1.74065e+09 50.4827 -1.90672 1.67212 -0.0196311 -0.0363443 0.0165226 0.99901
1.74065e+09 50.4063 -1.91782 1.66939 -0.0149178 -0.0345332 0.0165415 0.999155
1.74065e+09 50.3283 -1.92187 1.66863 -0.0100155 -0.0361799 0.0175625 0.999141
1.74065e+09 50.2597 -1.93401 1.66417 -0.00315685 -0.0344892 0.0165958 0.999262
1.74065e+09 50.1693 -1.9391 1.66181 0.00339048 -0.035743 0.0169695 0.999211
1.74065e+09 50.0972 -1.94591 1.65716 0.0100549 -0.0350115 0.0165676 0.999199
1.74065e+09 50.0233 -1.955 1.65532 0.0166822 -0.0337027 0.0166327 0.999154
1.74065e+09 49.9394 -1.95661 1.65058 0.0144746 -0.0333464 0.0162876 0.999206
1.74065e+09 49.8447 -1.95821 1.64657 0.0144204 -0.0341784 0.0162274 0.99918
1.74065e+09 49.7557 -1.9602 1.64537 0.0128941 -0.0354298 0.0159376 0.999162
1.74065e+09 49.667 -1.96605 1.64289 0.0130827 -0.0341608 0.0159827 0.999203
1.74065e+09 49.5783 -1.96981 1.63872 0.0130205 -0.0338735 0.0164397 0.999206
1.74065e+09 49.4898 -1.97317 1.63796 0.0133772 -0.0350961 0.0160235 0.999166
1.74065e+09 49.4 -1.97446 1.62807 0.014285 -0.033575 0.0149105 0.999223
1.74065e+09 49.3024 -1.97698 1.62723 0.0131098 -0.0345923 0.0163858 0.999181
1.74065e+09 49.2151 -1.97919 1.62503 0.0126149 -0.0335579 0.0152423 0.999241
1.74065e+09 49.1248 -1.97737 1.62396 0.0130586 -0.0330418 0.0165907 0.999231
1.74065e+09 49.0349 -1.9748 1.62222 0.0126183 -0.0329916 0.0163517 0.999242
1.74065e+09 48.9416 -1.97367 1.61998 0.0114688 -0.032438 0.0163697 0.999274
1.74065e+09 48.852 -1.97116 1.61533 0.0115724 -0.0312338 0.0158756 0.999319
1.74065e+09 48.7595 -1.98095 1.61107 0.0114955 -0.032395 0.0157021 0.999286
1.74065e+09 48.6678 -1.98687 1.60888 0.0106406 -0.033281 0.0160262 0.999261
1.74065e+09 48.5815 -1.99369 1.60477 0.0102028 -0.0322133 0.0159356 0.999302
1.74065e+09 48.483 -1.99719 1.59741 0.00987604 -0.0318455 0.015395 0.999325
1.74065e+09 48.3921 -2.00723 1.59356 0.00973194 -0.0332239 0.015949 0.999273
1.74065e+09 48.3113 -2.01168 1.59025 0.00948167 -0.0334788 0.0166026 0.999257
1.74065e+09 48.2214 -2.01956 1.58781 0.00946486 -0.0335565 0.0160523 0.999263
1.74065e+09 48.1291 -2.01733 1.58264 0.00829942 -0.0351378 0.0168978 0.999205
1.74065e+09 48.0398 -2.01573 1.58025 0.00738953 -0.0343461 0.0164282 0.999248
1.74065e+09 47.953 -2.01528 1.57899 0.00680737 -0.0344381 0.0165287 0.999247
1.74065e+09 47.8622 -2.01288 1.57546 0.00729903 -0.0331583 0.0161988 0.999292
1.74065e+09 47.7673 -2.01636 1.57258 0.00637816 -0.0335678 0.0166881 0.999277
1.74065e+09 47.669 -2.01727 1.57171 0.00738709 -0.0339439 0.0168804 0.999254
1.74065e+09 47.5662 -2.02431 1.56855 0.00757154 -0.0341675 0.0175385 0.999234
1.74065e+09 47.4791 -2.04049 1.55848 0.00573196 -0.0327788 0.0166985 0.999307
1.74065e+09 47.3886 -2.04563 1.55712 0.00572221 -0.03283 0.0169008 0.999302
1.74065e+09 47.299 -2.04799 1.55474 0.00594112 -0.031596 0.0174979 0.99933
1.74065e+09 47.2131 -2.04845 1.5534 0.00539547 -0.030855 0.0175108 0.999356
1.74065e+09 47.1174 -2.05324 1.55398 0.00526807 -0.03228 0.0179512 0.999304
1.74065e+09 47.0109 -2.04996 1.54996 0.00533485 -0.0312715 0.0178989 0.999336
1.74065e+09 46.9177 -2.0534 1.54883 0.00311757 -0.0316275 0.0171712 0.999347
1.74065e+09 46.8231 -2.05167 1.54612 0.00377283 -0.0319227 0.0171041 0.999337
1.74065e+09 46.7226 -2.05687 1.54087 0.00220936 -0.0322204 0.0172943 0.999329
1.74065e+09 46.6185 -2.06323 1.54037 0.00229402 -0.0322734 0.0166342 0.999338
1.74065e+09 46.5103 -2.06962 1.53206 0.00245542 -0.0317654 0.0177457 0.999335
1.74065e+09 46.4041 -2.07911 1.53 0.00164216 -0.0325274 0.0175622 0.999315
1.74065e+09 46.3038 -2.09346 1.52843 0.00114548 -0.0281546 0.0177238 0.999446
1.74065e+09 46.1847 -2.10056 1.52506 0.00099226 -0.0308077 0.0174619 0.999372
1.74065e+09 46.0641 -2.0997 1.52079 0.000826943 -0.0324326 0.0173131 0.999324
1.74065e+09 45.9445 -2.10114 1.51776 0.000672062 -0.0320134 0.0172801 0.999338
1.74065e+09 45.829 -2.10531 1.51392 -0.00234956 -0.0309229 0.0185371 0.999347
1.74065e+09 45.7087 -2.11156 1.50977 -0.00174477 -0.0324567 0.0166302 0.999333
1.74065e+09 45.5904 -2.11497 1.50694 -0.00266402 -0.0323556 0.017306 0.999323
1.74065e+09 45.4739 -2.12301 1.50244 -0.00446239 -0.0314716 0.0175381 0.999341
1.74065e+09 45.3558 -2.13364 1.49746 -0.00344056 -0.0311019 0.0170082 0.999366
1.74065e+09 45.2357 -2.13936 1.49314 -0.00499868 -0.0324392 0.0164668 0.999326
1.74065e+09 45.1213 -2.14505 1.48888 -0.00417687 -0.0308927 0.0172016 0.999366
1.74065e+09 45.0005 -2.15397 1.48729 -0.00552008 -0.0301427 0.0178519 0.999371
1.74065e+09 44.8904 -2.16164 1.48292 -0.0043291 -0.0290389 0.0176593 0.999413
1.74065e+09 44.7793 -2.17065 1.48086 -0.00652401 -0.0292767 0.0185321 0.999378
1.74065e+09 44.6626 -2.17963 1.47808 -0.00716912 -0.0293834 0.0182963 0.999375
1.74065e+09 44.5447 -2.18968 1.47576 -0.0071264 -0.0286767 0.0176288 0.999408
1.74065e+09 44.4269 -2.19753 1.47215 -0.00793756 -0.0310567 0.0181089 0.999322
1.74065e+09 44.3113 -2.20203 1.47175 -0.00763232 -0.0278369 0.0181978 0.999418
1.74065e+09 44.1935 -2.21261 1.46971 -0.00913049 -0.0292606 0.0179894 0.999368
1.74065e+09 44.0732 -2.22572 1.47116 -0.00957831 -0.0301438 0.0183204 0.999332
1.74065e+09 43.962 -2.2359 1.46975 -0.0102422 -0.0304875 0.018512 0.999311
1.74065e+09 43.8452 -2.24456 1.46554 -0.0101233 -0.030205 0.0192119 0.999308
1.74065e+09 43.7303 -2.25776 1.46053 -0.0105484 -0.0312563 0.0179989 0.999294
1.74065e+09 43.6027 -2.26674 1.45602 -0.012039 -0.0331959 0.0187276 0.999201
1.74065e+09 43.4816 -2.27107 1.44923 -0.0133061 -0.0320358 0.0182018 0.999232
1.74065e+09 43.3646 -2.27475 1.44138 -0.0146019 -0.0299725 0.0183324 0.999276
1.74065e+09 43.2465 -2.27814 1.43636 -0.0139391 -0.0308881 0.0173188 0.999276
1.74065e+09 43.1248 -2.28187 1.43537 -0.0149757 -0.0307535 0.0179481 0.999254
1.74065e+09 43.0071 -2.29813 1.43723 -0.0158498 -0.02984 0.017577 0.999274
1.74065e+09 42.8905 -2.30897 1.43539 -0.0163931 -0.0284138 0.0170689 0.999316
1.74065e+09 42.7771 -2.32361 1.43254 -0.0163905 -0.0287291 0.0172616 0.999304
1.74065e+09 42.6624 -2.32849 1.42755 -0.0156055 -0.0295578 0.0173759 0.99929
1.74065e+09 42.5501 -2.33799 1.42303 -0.0167255 -0.0303106 0.0179739 0.999239
1.74065e+09 42.4381 -2.34564 1.42014 -0.0168926 -0.0293625 0.0177976 0.999268
1.74065e+09 42.3222 -2.35047 1.41456 -0.0187923 -0.0280995 0.0188376 0.999251
1.74065e+09 42.2058 -2.36316 1.4109 -0.0184035 -0.0292468 0.0186801 0.999228
1.74065e+09 42.0979 -2.36912 1.40998 -0.0183465 -0.028436 0.0185459 0.999255
1.74065e+09 41.9783 -2.38684 1.40624 -0.0206599 -0.027996 0.0172453 0.999246
1.74065e+09 41.8545 -2.40248 1.40515 -0.0210718 -0.0285109 0.018381 0.999202
1.74065e+09 41.7262 -2.42064 1.40311 -0.021547 -0.0281852 0.0181701 0.999205
1.74065e+09 41.6115 -2.42504 1.39951 -0.0217827 -0.0276836 0.0185092 0.999208
1.74065e+09 41.4938 -2.42713 1.39396 -0.0220486 -0.0292058 0.0180752 0.999167
1.74065e+09 41.3794 -2.43342 1.39166 -0.0227729 -0.0295695 0.0184286 0.999133
1.74065e+09 41.2622 -2.44262 1.38811 -0.0243683 -0.0284092 0.0186118 0.999126
1.74065e+09 41.1501 -2.45586 1.38376 -0.0260618 -0.0299076 0.0174074 0.999061
1.74065e+09 41.0432 -2.47402 1.38259 -0.0259878 -0.0282055 0.0181157 0.9991
1.74065e+09 40.9353 -2.48534 1.3814 -0.0260653 -0.028532 0.0186044 0.99908
1.74065e+09 40.8136 -2.50116 1.37819 -0.0258324 -0.0261491 0.0189781 0.999144
1.74065e+09 40.7138 -2.51946 1.36903 -0.0282755 -0.0299547 0.0180945 0.998987
1.74065e+09 40.609 -2.53486 1.36409 -0.0282487 -0.0278953 0.0178884 0.999051
1.74065e+09 40.4918 -2.5473 1.36422 -0.0284876 -0.0291306 0.0185808 0.998997
1.74065e+09 40.3754 -2.54701 1.36569 -0.0288818 -0.0287964 0.0174196 0.999016
1.74065e+09 40.2553 -2.5644 1.36366 -0.0291464 -0.029432 0.017221 0.998993
1.74065e+09 40.1459 -2.5726 1.36226 -0.0307013 -0.0282791 0.0173027 0.998979
1.74065e+09 40.0335 -2.58496 1.35883 -0.0316461 -0.0279884 0.0169611 0.998963
1.74065e+09 39.9163 -2.5974 1.35743 -0.0319378 -0.0281607 0.0159419 0.998966
1.74065e+09 39.7922 -2.61228 1.35388 -0.031675 -0.0272181 0.0169877 0.998983
1.74065e+09 39.6617 -2.63021 1.35035 -0.0328177 -0.026552 0.0161154 0.998979
1.74065e+09 39.5518 -2.64652 1.34913 -0.0339708 -0.0253215 0.0162536 0.99897
1.74065e+09 39.4425 -2.66445 1.34591 -0.0335736 -0.0253369 0.0159608 0.998988
1.74065e+09 39.3229 -2.68026 1.34554 -0.0327185 -0.0271617 0.0160001 0.998967
1.74065e+09 39.2203 -2.69286 1.34467 -0.0296348 -0.0277533 0.0156135 0.999053
1.74065e+09 39.1246 -2.70681 1.34222 -0.0267265 -0.0269019 0.0152216 0.999165
1.74065e+09 39.0258 -2.71276 1.3396 -0.0225762 -0.0271949 0.0162131 0.999244
1.74065e+09 38.9276 -2.72197 1.33759 -0.0179179 -0.0286226 0.0153828 0.999311
1.74065e+09 38.8343 -2.73374 1.33506 -0.0113053 -0.028563 0.0151609 0.999413
1.74065e+09 38.7363 -2.74292 1.33414 -0.00435004 -0.0280266 0.015746 0.999474
1.74065e+09 38.6373 -2.74857 1.33486 0.0049427 -0.0290693 0.015069 0.999452
1.74065e+09 38.5367 -2.76127 1.33572 0.012255 -0.0275252 0.0157001 0.999423
1.74065e+09 38.4431 -2.76379 1.33448 0.0207158 -0.0274847 0.015677 0.999285
1.74065e+09 38.3514 -2.76778 1.32898 0.030218 -0.0259559 0.0146295 0.999099
1.74065e+09 38.2606 -2.76874 1.32463 0.0337247 -0.0222065 0.0141233 0.999085
1.74065e+09 38.156 -2.77086 1.31903 0.0322649 -0.0252477 0.0147124 0.999052
1.74065e+09 38.0411 -2.77278 1.31794 0.0324876 -0.0262033 0.0141065 0.999029
1.74065e+09 37.932 -2.76696 1.31476 0.0310889 -0.0261374 0.013945 0.999078
1.74065e+09 37.8225 -2.76548 1.3119 0.0311774 -0.0258042 0.0142974 0.999078
1.74065e+09 37.7154 -2.76736 1.3087 0.0304226 -0.0263483 0.0136054 0.999097
1.74065e+09 37.602 -2.76817 1.30764 0.0308669 -0.0259593 0.0145512 0.99908
1.74065e+09 37.487 -2.77076 1.30806 0.0301513 -0.0274214 0.0136359 0.999076
1.74065e+09 37.3657 -2.76493 1.30388 0.0284112 -0.0276276 0.0132462 0.999127
1.74065e+09 37.2614 -2.76333 1.30196 0.0283995 -0.027685 0.0139096 0.999116
1.74065e+09 37.1457 -2.75599 1.29818 0.0286559 -0.0280054 0.0138337 0.999101
1.74065e+09 37.0322 -2.7572 1.29421 0.0283901 -0.0273295 0.0140358 0.999125
1.74065e+09 36.9136 -2.75932 1.2924 0.0285074 -0.0299824 0.0137651 0.999049
1.74065e+09 36.8027 -2.75702 1.29101 0.0269954 -0.0282924 0.0143744 0.999132
1.74065e+09 36.6949 -2.75669 1.28984 0.0257741 -0.0290847 0.0129847 0.99916
1.74065e+09 36.5831 -2.75823 1.28597 0.0250324 -0.028386 0.0143515 0.99918
1.74065e+09 36.4746 -2.75865 1.28388 0.0268291 -0.0277691 0.013943 0.999157
1.74065e+09 36.3635 -2.73849 1.28945 0.0257258 -0.0270482 0.0140425 0.999204
1.74065e+09 36.2244 -2.73561 1.28878 0.0244142 -0.0276393 0.0140072 0.999222
1.74065e+09 36.1106 -2.73801 1.28461 0.0243419 -0.0280639 0.0138684 0.999213
1.74065e+09 35.9924 -2.74325 1.27929 0.0246053 -0.0296092 0.0143918 0.999155
1.74065e+09 35.8873 -2.7479 1.274 0.0236958 -0.0278815 0.0154343 0.999211
1.74065e+09 35.7837 -2.74967 1.26537 0.0240556 -0.0279363 0.0144824 0.999215
1.74065e+09 35.6733 -2.75456 1.25799 0.0225781 -0.0305825 0.0149821 0.999165
1.74065e+09 35.5632 -2.75934 1.25633 0.0219426 -0.0300098 0.0144099 0.999205
1.74065e+09 35.4532 -2.76136 1.25256 0.0214163 -0.0296696 0.0153228 0.999213
1.74065e+09 35.3425 -2.76613 1.25242 0.0223561 -0.0261657 0.0170716 0.999262
1.74065e+09 35.2268 -2.77048 1.24098 0.0212383 -0.0302266 0.014644 0.99921
1.74065e+09 35.1087 -2.76486 1.23383 0.0194651 -0.0315735 0.0153897 0.999193
1.74065e+09 34.9949 -2.76844 1.23576 0.0209427 -0.0355906 0.0149869 0.999035
1.74065e+09 34.8941 -2.76703 1.23193 0.0190332 -0.0330427 0.0157966 0.999148
1.74065e+09 34.7735 -2.76238 1.23037 0.0180013 -0.0352805 0.0150596 0.999102
1.74065e+09 34.6608 -2.76766 1.22823 0.0167582 -0.0370656 0.0149637 0.99906
1.74065e+09 34.551 -2.76782 1.22542 0.0171997 -0.0374046 0.0156079 0.99903
1.74065e+09 34.4425 -2.7684 1.21953 0.0160604 -0.0373701 0.0161098 0.999043
1.74065e+09 34.3284 -2.77656 1.21678 0.0151086 -0.0372702 0.0156086 0.999069
1.74065e+09 34.2168 -2.77909 1.21299 0.0145728 -0.0349222 0.0159207 0.999157
1.74065e+09 34.1027 -2.77867 1.20763 0.0141674 -0.0341726 0.0161256 0.999185
1.74065e+09 33.9923 -2.77962 1.20397 0.0128022 -0.0321252 0.0161067 0.999272
1.74065e+09 33.8816 -2.78243 1.20087 0.0127501 -0.0311142 0.0152454 0.999318
1.74065e+09 33.775 -2.79119 1.19629 0.0119619 -0.0291307 0.0145857 0.999398
1.74065e+09 33.6687 -2.79612 1.19382 0.0118808 -0.0277102 0.0153501 0.999428
1.74065e+09 33.5547 -2.79896 1.19168 0.0124438 -0.0268447 0.0144921 0.999457
1.74065e+09 33.4424 -2.80416 1.18906 0.0117298 -0.027895 0.0136004 0.99945
1.74065e+09 33.3263 -2.81016 1.18839 0.0104945 -0.0272735 0.0134332 0.999483
1.74065e+09 33.2141 -2.82161 1.18416 0.00968733 -0.0289351 0.012706 0.999454
1.74065e+09 33.1076 -2.82762 1.18035 0.0102286 -0.0295631 0.0118171 0.999441
1.74065e+09 32.9927 -2.82955 1.17547 0.00958464 -0.0333701 0.0118428 0.999327
1.74065e+09 32.8808 -2.83124 1.17512 0.00765196 -0.0359913 0.0123991 0.999246
1.74065e+09 32.769 -2.83414 1.16936 0.00812272 -0.0362687 0.01258 0.99923
1.74065e+09 32.6561 -2.83593 1.16461 0.00790074 -0.0350071 0.0128599 0.999273
1.74065e+09 32.5377 -2.83613 1.16161 0.00734808 -0.0373516 0.0138117 0.99918
1.74065e+09 32.4262 -2.83725 1.15571 0.00609776 -0.0349404 0.0151133 0.999257
1.74065e+09 32.3081 -2.83381 1.15294 0.00501882 -0.0349022 0.0145796 0.999272
1.74065e+09 32.2018 -2.83731 1.14821 0.00430829 -0.0339806 0.0141819 0.999313
1.74065e+09 32.0874 -2.84311 1.14211 0.00262097 -0.0331119 0.014198 0.999347
1.74065e+09 31.9621 -2.85252 1.13841 0.0027217 -0.0344837 0.0149572 0.99929
1.74065e+09 31.8595 -2.86079 1.13133 0.00233214 -0.0325833 0.0153625 0.999348
1.74065e+09 31.7389 -2.86517 1.1279 0.00244167 -0.0343085 0.0151863 0.999293
1.74065e+09 31.6232 -2.86527 1.1222 0.00105375 -0.0335972 0.0151686 0.99932
1.74065e+09 31.514 -2.86964 1.12107 0.000747822 -0.034756 0.015358 0.999278
1.74065e+09 31.4064 -2.87549 1.1193 0.00107683 -0.0337236 0.0148748 0.99932
1.74065e+09 31.296 -2.88301 1.11633 0.00183823 -0.0346684 0.015048 0.999284
1.74065e+09 31.1836 -2.88554 1.11258 0.00155513 -0.0358995 0.0143245 0.999252
1.74065e+09 31.0694 -2.89171 1.10706 8.73778e-05 -0.0347266 0.0144626 0.999292
1.74065e+09 30.9599 -2.89739 1.1019 -0.000373244 -0.0356686 0.0147535 0.999255
1.74065e+09 30.8491 -2.90125 1.09936 -0.000249994 -0.0353052 0.0150227 0.999264
1.74065e+09 30.7393 -2.90742 1.09416 -0.000911489 -0.0357702 0.0151545 0.999245
1.74065e+09 30.6269 -2.91934 1.08999 -0.00159693 -0.0358312 0.0142861 0.999254
1.74065e+09 30.5064 -2.92781 1.0839 -0.00303081 -0.0356778 0.0147429 0.99925
1.74065e+09 30.3909 -2.93151 1.07719 -0.00250234 -0.0342871 0.0149275 0.999297
1.74065e+09 30.278 -2.9462 1.07553 -0.00279489 -0.0340505 0.0145168 0.999311
1.74065e+09 30.1655 -2.95252 1.07062 -0.00302948 -0.0338262 0.0137467 0.999329
1.74065e+09 30.0536 -2.96001 1.06811 -0.00403879 -0.0342864 0.0141375 0.999304
1.74065e+09 29.9484 -2.96256 1.06405 -0.00522142 -0.0335382 0.0140193 0.999325
1.74065e+09 29.8394 -2.96537 1.05917 -0.00733134 -0.0338376 0.01423 0.999299
1.74065e+09 29.7354 -2.97185 1.05739 -0.00486758 -0.0327553 0.0142675 0.99935
1.74065e+09 29.7374 -2.97132 1.05778 -0.00485645 -0.0327489 0.0142453 0.99935
1.74065e+09 29.7386 -2.97113 1.05796 -0.00485569 -0.032746 0.0142398 0.99935
1.74065e+09 29.3978 -2.97896 1.05276 -0.00767228 -0.0349139 0.0146703 0.999253
1.74065e+09 29.2901 -2.99225 1.04788 -0.00273823 -0.035696 0.0154972 0.999239
1.74065e+09 29.1803 -3.00082 1.03831 0.000144958 -0.0350179 0.0155348 0.999266
1.74065e+09 29.0834 -3.01335 1.03131 0.00411644 -0.0347914 0.0150127 0.999273
1.74065e+09 28.9869 -3.0304 1.02745 0.0101529 -0.0349749 0.0154102 0.999218
1.74065e+09 28.8939 -3.03633 1.02315 0.0158598 -0.032963 0.015283 0.999214
1.74065e+09 28.7984 -3.03806 1.01882 0.0227018 -0.0341639 0.0154333 0.999039
1.74065e+09 28.6967 -3.04129 1.01775 0.0301379 -0.0333087 0.015864 0.998865
1.74065e+09 28.6047 -3.03803 1.01546 0.0395151 -0.0324124 0.0160434 0.998564
1.74065e+09 28.5205 -3.04845 1.0101 0.0499854 -0.0321145 0.0158359 0.998108
1.74065e+09 28.4202 -3.04551 1.01049 0.0595695 -0.0336582 0.0163989 0.997522
1.74065e+09 28.3236 -3.0383 1.00652 0.0682964 -0.0322282 0.016327 0.997011
1.74065e+09 28.2273 -3.03347 1.00186 0.0785723 -0.032176 0.0167857 0.996248
1.74065e+09 28.1224 -3.02549 1.00407 0.0886824 -0.0325415 0.0164871 0.995392
1.74065e+09 28.0183 -3.02276 0.999149 0.0967761 -0.031941 0.0161027 0.994663
1.74065e+09 27.9154 -3.01455 0.993848 0.106882 -0.0344122 0.017182 0.993527
1.74065e+09 27.8236 -3.00577 0.990519 0.115285 -0.0328365 0.0166214 0.99265
1.74065e+09 27.7319 -2.99238 0.986377 0.125937 -0.0326511 0.016515 0.991363
1.74065e+09 27.6496 -2.97428 0.984657 0.133915 -0.0337463 0.0166168 0.990279
1.74065e+09 27.5516 -2.94928 0.977967 0.144355 -0.0331551 0.0167761 0.988828
1.74065e+09 27.4632 -2.92853 0.97373 0.153679 -0.0343204 0.017215 0.987375
1.74065e+09 27.3743 -2.90531 0.970507 0.161667 -0.0339377 0.0167701 0.986119
1.74065e+09 27.2914 -2.88998 0.968518 0.171619 -0.0324263 0.0174521 0.984475
1.74065e+09 27.2073 -2.85779 0.966816 0.18222 -0.0357787 0.0178545 0.982444
1.74065e+09 27.1232 -2.82746 0.962998 0.191854 -0.0328247 0.0171813 0.980724
1.74065e+09 27.0366 -2.79947 0.959397 0.201913 -0.0326968 0.0174909 0.978701
1.74065e+09 26.9464 -2.76985 0.959192 0.210598 -0.0343435 0.0183545 0.976797
1.74065e+09 26.8582 -2.74987 0.953857 0.222511 -0.0313586 0.0180703 0.974258
1.74065e+09 26.7658 -2.73439 0.945921 0.230296 -0.0342267 0.0181855 0.972348
1.74065e+09 26.6842 -2.70782 0.940509 0.23918 -0.0323444 0.0169403 0.970288
1.74065e+09 26.5998 -2.67153 0.941984 0.249356 -0.0321351 0.0183612 0.967704
1.74065e+09 26.5103 -2.63642 0.941003 0.259833 -0.0321336 0.0183937 0.964943
1.74065e+09 26.4271 -2.59544 0.940164 0.269686 -0.0328882 0.0184624 0.962209
1.74065e+09 26.3458 -2.54631 0.934931 0.279964 -0.0325151 0.0177913 0.959295
1.74065e+09 26.2598 -2.49972 0.932354 0.291119 -0.0324713 0.0186471 0.955954
1.74065e+09 26.1734 -2.4514 0.92702 0.301509 -0.0318581 0.0176788 0.952767
1.74065e+09 26.0816 -2.39143 0.923848 0.31151 -0.0329876 0.0183021 0.949494
1.74065e+09 25.9968 -2.33374 0.921602 0.321961 -0.0328027 0.0180108 0.946013
1.74065e+09 25.9242 -2.28587 0.917403 0.330182 -0.0310024 0.0179482 0.943237
1.74065e+09 25.8538 -2.23911 0.912094 0.340394 -0.0307417 0.0179835 0.939608
1.74065e+09 25.7806 -2.19742 0.909907 0.349793 -0.0320334 0.0184305 0.936098
1.74065e+09 25.7179 -2.14952 0.904932 0.350732 -0.0265173 0.0152059 0.935977
1.74065e+09 25.6269 -2.0851 0.900879 0.350233 -0.0319643 0.0170607 0.935961
1.74065e+09 25.5462 -2.01814 0.895966 0.349201 -0.0319251 0.0170699 0.936348
1.74065e+09 25.4617 -1.96099 0.89278 0.348417 -0.0306638 0.0169967 0.936684
1.74065e+09 25.3843 -1.89227 0.889011 0.347851 -0.0316284 0.0173595 0.936855
1.74065e+09 25.3032 -1.82839 0.884989 0.347307 -0.0312918 0.0168277 0.937078
1.74065e+09 25.2174 -1.75901 0.881038 0.345235 -0.0319025 0.0170481 0.937819
1.74065e+09 25.1216 -1.72132 0.880079 0.347158 -0.0307997 0.0166168 0.937153
1.74065e+09 25.0346 -1.65752 0.874058 0.346317 -0.0297854 0.01727 0.937485
1.74065e+09 24.95 -1.58728 0.869611 0.345801 -0.0313135 0.0172331 0.937627
1.74065e+09 24.8768 -1.51695 0.867228 0.345448 -0.029433 0.0170032 0.937822
1.74065e+09 24.8016 -1.4581 0.863773 0.345826 -0.0289386 0.0163728 0.937709
1.74065e+09 24.7247 -1.38988 0.861388 0.345278 -0.0289876 0.0171933 0.937895
1.74065e+09 24.652 -1.3283 0.859792 0.345 -0.0301668 0.0172329 0.937959
1.74065e+09 24.5774 -1.26771 0.85384 0.344889 -0.0287268 0.0156211 0.938074
1.74065e+09 24.5043 -1.2193 0.850312 0.345132 -0.0286761 0.0161916 0.937976
1.74065e+09 24.424 -1.15703 0.846356 0.344901 -0.0281886 0.0157719 0.938083
1.74065e+09 24.3551 -1.09639 0.838393 0.344908 -0.0286625 0.0156476 0.938068
1.74065e+09 24.2753 -1.0386 0.83495 0.344853 -0.0284415 0.0161 0.938088
1.74065e+09 24.2014 -0.981179 0.834791 0.342065 -0.0289668 0.0160014 0.939094
1.74065e+09 24.1239 -0.927822 0.83159 0.34306 -0.0299357 0.0150797 0.938715
1.74065e+09 24.0457 -0.872785 0.829157 0.341861 -0.0286012 0.0147407 0.9392
1.74065e+09 23.9696 -0.819283 0.826638 0.342069 -0.0265945 0.0140664 0.939193
1.74065e+09 23.8971 -0.761135 0.827157 0.342185 -0.0265247 0.0156569 0.939127
1.74065e+09 23.8224 -0.699566 0.821513 0.342237 -0.0282315 0.0144016 0.939079
1.74065e+09 23.7469 -0.640934 0.816593 0.341485 -0.0284069 0.0145957 0.939345
1.74065e+09 23.6781 -0.584174 0.815079 0.340821 -0.0272479 0.0151283 0.939611
1.74065e+09 23.6001 -0.524651 0.812371 0.34063 -0.0271033 0.0150623 0.939686
1.74065e+09 23.5232 -0.460335 0.808658 0.339739 -0.0289482 0.0140326 0.93997
1.74065e+09 23.4436 -0.402497 0.807533 0.338246 -0.0301501 0.0149525 0.940456
1.74065e+09 23.3746 -0.345911 0.804562 0.332744 -0.0291138 0.0153575 0.942443
1.74065e+09 23.3055 -0.30115 0.803781 0.329514 -0.0286958 0.0127032 0.943629
1.74065e+09 23.2401 -0.254091 0.799768 0.323619 -0.0283766 0.0137637 0.945662
1.74065e+09 23.1785 -0.205075 0.796047 0.316879 -0.0278014 0.0121888 0.94798
1.74065e+09 23.1104 -0.156045 0.793084 0.308918 -0.0293401 0.0132214 0.950544
1.74065e+09 23.0437 -0.110734 0.790338 0.300747 -0.0300339 0.0128799 0.953144
1.74065e+09 22.9838 -0.0667396 0.791002 0.292148 -0.030661 0.0128338 0.955795
1.74065e+09 22.9163 -0.0279948 0.786384 0.283018 -0.0291171 0.0124383 0.958592
1.74065e+09 22.8518 0.00898776 0.78131 0.272809 -0.0295695 0.0125046 0.961532
1.74065e+09 22.7876 0.0525066 0.779044 0.26074 -0.02922 0.0125888 0.964885
1.74065e+09 22.7164 0.0866555 0.775059 0.259499 -0.0271405 0.0121861 0.965285
1.74065e+09 22.619 0.133678 0.769375 0.259839 -0.0322823 0.0127882 0.965027
1.74065e+09 22.5348 0.181167 0.767709 0.258023 -0.0312989 0.0140202 0.96553
1.74065e+09 22.4511 0.223565 0.764373 0.258353 -0.0297385 0.0116568 0.965523
1.74065e+09 22.3643 0.263797 0.764399 0.258244 -0.0305033 0.012114 0.965522
1.74065e+09 22.2827 0.305016 0.764452 0.257688 -0.0313041 0.0112895 0.965655
1.74065e+09 22.2042 0.346916 0.759602 0.256631 -0.0291233 0.0111527 0.966006
1.74065e+09 22.1254 0.390473 0.753708 0.255303 -0.0292951 0.0105531 0.96636
1.74065e+09 22.039 0.428164 0.749518 0.255054 -0.0285992 0.010067 0.966451
1.74065e+09 21.9589 0.467286 0.746474 0.254539 -0.0289905 0.0102014 0.966574
1.74065e+09 21.87 0.513649 0.743068 0.25508 -0.0293851 0.00884391 0.966433
1.74065e+09 21.7878 0.556956 0.743344 0.254347 -0.0297479 0.00888639 0.966615
1.74065e+09 21.7024 0.597963 0.74076 0.253443 -0.0292166 0.00797613 0.966876
1.74065e+09 21.6166 0.63265 0.736592 0.253132 -0.0287756 0.00764277 0.966974
1.74065e+09 21.534 0.679223 0.733851 0.252422 -0.0298203 0.00703089 0.967132
1.74065e+09 21.454 0.719587 0.728412 0.25228 -0.0290431 0.00753358 0.967189
1.74065e+09 21.3712 0.759618 0.727253 0.251509 -0.0305562 0.00514864 0.967359
1.74065e+09 21.3006 0.8056 0.725655 0.251702 -0.0311174 0.00609013 0.967285
1.74065e+09 21.1957 0.844253 0.719448 0.251667 -0.0317875 0.00568347 0.967275
1.74065e+09 21.1204 0.887803 0.713154 0.25138 -0.0330309 0.00693626 0.9673
1.74065e+09 21.0401 0.924306 0.710886 0.252405 -0.0344564 0.00628852 0.966988
1.74065e+09 20.9594 0.970037 0.704723 0.253677 -0.0345475 0.00837358 0.966636
1.74065e+09 20.8741 1.01583 0.701036 0.252791 -0.0358937 0.00990676 0.966804
1.74065e+09 20.7917 1.05195 0.703754 0.253339 -0.0365165 0.0108488 0.966627
1.74065e+09 20.7114 1.0937 0.701564 0.252102 -0.03549 0.0115548 0.966981
1.74065e+09 20.6296 1.13966 0.698455 0.251649 -0.0369195 0.0119582 0.96704
1.74065e+09 20.5444 1.18016 0.694069 0.251808 -0.0337877 0.0136725 0.967091
1.74065e+09 20.4706 1.21229 0.688264 0.249759 -0.032185 0.0135112 0.967679
1.74065e+09 20.394 1.24598 0.683455 0.250298 -0.0308414 0.0130284 0.96759
1.74065e+09 20.3133 1.28759 0.680487 0.251762 -0.0309329 0.014418 0.967187
1.74065e+09 20.2387 1.32439 0.679056 0.253809 -0.0301169 0.0148048 0.966672
1.74065e+09 20.1651 1.35939 0.675779 0.255261 -0.0295408 0.0158945 0.96629
1.74065e+09 20.0782 1.40761 0.673517 0.259454 -0.0297812 0.0164082 0.965157
1.74065e+09 20.0175 1.44226 0.672852 0.261509 -0.0297305 0.0170596 0.964592
1.74065e+09 19.9447 1.47629 0.669615 0.266476 -0.0300513 0.0183745 0.963198
1.74065e+09 19.8745 1.51067 0.67048 0.272986 -0.0288148 0.0188237 0.961402
1.74065e+09 19.8051 1.54601 0.666269 0.279571 -0.0266683 0.0189773 0.959567
1.74065e+09 19.7439 1.57545 0.663107 0.286167 -0.0282961 0.0213692 0.957523
1.74065e+09 19.6811 1.61026 0.660102 0.291649 -0.0292598 0.0204303 0.955859
1.74065e+09 19.6182 1.65173 0.655846 0.299083 -0.0297542 0.0231034 0.953483
1.74065e+09 19.5477 1.69062 0.649801 0.308701 -0.0312289 0.0234863 0.950356
1.74065e+09 19.479 1.73765 0.647446 0.318083 -0.0326412 0.025576 0.947156
1.74065e+09 19.4035 1.7823 0.642892 0.328506 -0.0320772 0.0238771 0.943655
1.74065e+09 19.3329 1.82615 0.640409 0.339248 -0.032521 0.0249595 0.939803
1.74065e+09 19.2692 1.86761 0.639889 0.350192 -0.0319497 0.0238899 0.935828
1.74065e+09 19.2094 1.9092 0.639516 0.360725 -0.031477 0.0240735 0.93183
1.74065e+09 19.1429 1.95487 0.638845 0.368755 -0.0315571 0.0229844 0.928706
1.74065e+09 19.0736 2.00596 0.637525 0.376298 -0.0306826 0.0229334 0.925706
1.74065e+09 19.0149 2.05125 0.635511 0.386638 -0.0290113 0.0219054 0.921515
1.74065e+09 18.9594 2.10498 0.631956 0.39484 -0.0275636 0.0213924 0.918087
1.74065e+09 18.8977 2.16083 0.625081 0.403231 -0.0273818 0.0207714 0.914453
1.74065e+09 18.84 2.21141 0.621024 0.411829 -0.0247358 0.0194378 0.910718
1.74065e+09 18.7801 2.26558 0.618858 0.419349 -0.0267532 0.0210252 0.907187
1.74065e+09 18.7169 2.32212 0.615438 0.42902 -0.0259654 0.0202557 0.902694
1.74065e+09 18.6568 2.38074 0.612956 0.437691 -0.0257364 0.0201875 0.89853
1.74065e+09 18.5991 2.44751 0.611654 0.445529 -0.0264172 0.020689 0.894639
1.74065e+09 18.5424 2.50849 0.608318 0.4537 -0.0268039 0.0197931 0.890531
1.74065e+09 18.4875 2.57276 0.605841 0.461799 -0.0273515 0.0203759 0.886328
1.74065e+09 18.4273 2.63483 0.603927 0.47132 -0.0282149 0.0202324 0.881279
1.74065e+09 18.376 2.70159 0.602355 0.480645 -0.0271084 0.0196054 0.876277
1.74065e+09 18.3282 2.76393 0.596471 0.484502 -0.0235324 0.0152957 0.87434
1.74065e+09 18.2704 2.85158 0.593468 0.481972 -0.0283858 0.0181812 0.875538
1.74065e+09 18.2106 2.93351 0.588517 0.481083 -0.0282782 0.0174544 0.876045
1.74065e+09 18.1495 3.01741 0.584991 0.480602 -0.0274234 0.0169791 0.876346
1.74065e+09 18.0918 3.09732 0.58244 0.480774 -0.0257938 0.016046 0.876318
1.74065e+09 18.0349 3.18422 0.577374 0.480964 -0.0261602 0.0165944 0.876193
1.74065e+09 17.9702 3.26249 0.574244 0.480674 -0.0263732 0.0160696 0.876355
1.74065e+09 17.9049 3.35057 0.57914 0.479675 -0.0252507 0.0165312 0.876927
1.74065e+09 17.8464 3.43564 0.582119 0.478537 -0.0291002 0.019364 0.877371
1.74065e+09 17.7896 3.51774 0.575879 0.480327 -0.0301552 0.0195726 0.876352
1.74065e+09 17.7401 3.59163 0.569927 0.482352 -0.0302157 0.0190479 0.875249
1.74065e+09 17.6891 3.66813 0.564827 0.485802 -0.0304686 0.0196897 0.873316
1.74065e+09 17.6355 3.75151 0.558011 0.490025 -0.0308771 0.0202097 0.870927
1.74065e+09 17.5833 3.82607 0.554493 0.496525 -0.0305193 0.0198546 0.867258
1.74065e+09 17.5334 3.89635 0.549105 0.501594 -0.0299419 0.0192394 0.864371
1.74065e+09 17.4844 3.96262 0.545916 0.508225 -0.0294109 0.0182908 0.860527
1.74065e+09 17.4336 4.03933 0.542815 0.513357 -0.0292009 0.0179858 0.85749
1.74065e+09 17.3869 4.10944 0.539117 0.520097 -0.0303282 0.0177493 0.853384
1.74065e+09 17.34 4.18345 0.535819 0.525362 -0.0290953 0.0180172 0.850191
1.74065e+09 17.297 4.24998 0.533794 0.531573 -0.0283884 0.0170388 0.846365
1.74065e+09 17.2538 4.32074 0.529987 0.536121 -0.027276 0.0155738 0.843556
1.74065e+09 17.2117 4.39247 0.525691 0.541228 -0.0277639 0.0152889 0.840278
1.74065e+09 17.1728 4.46438 0.52458 0.54745 -0.0265001 0.0155964 0.836274
1.74065e+09 17.1333 4.53485 0.52248 0.553449 -0.0256263 0.0151174 0.832352
1.74065e+09 17.0935 4.60838 0.51751 0.559428 -0.026144 0.0154717 0.828322
1.74065e+09 17.0593 4.67795 0.51824 0.566299 -0.0268159 0.016408 0.8236
1.74065e+09 17.0207 4.7487 0.514413 0.572298 -0.0255042 0.0144375 0.819522
1.74065e+09 16.9885 4.82042 0.513092 0.579262 -0.0251995 0.0157106 0.8146
1.74065e+09 16.9498 4.89786 0.508341 0.586275 -0.0262162 0.0150224 0.809549
1.74065e+09 16.9154 4.97016 0.505533 0.59326 -0.0241007 0.0149247 0.804512
1.74065e+09 16.8841 5.04536 0.503509 0.594926 -0.0217814 0.0116153 0.803402
1.74065e+09 16.8484 5.15118 0.498959 0.593178 -0.0261823 0.0145781 0.804514
1.74065e+09 16.8134 5.25258 0.498968 0.592317 -0.0259755 0.0150637 0.805145
1.74065e+09 16.7796 5.34287 0.495563 0.59145 -0.0242573 0.0133824 0.805865
1.74065e+09 16.7442 5.44328 0.49258 0.59219 -0.0250241 0.0142312 0.805284
1.74065e+09 16.7115 5.53315 0.486416 0.592014 -0.0252273 0.0143895 0.805405
1.74065e+09 16.6825 5.62604 0.483353 0.590781 -0.0244783 0.0140316 0.806338
1.74065e+09 16.6468 5.7126 0.479451 0.590479 -0.0257994 0.0139484 0.80652
1.74065e+09 16.6119 5.80878 0.475566 0.590765 -0.0253667 0.0142937 0.806318
1.74065e+09 16.5738 5.90818 0.473012 0.590782 -0.0255092 0.0147773 0.806293
1.74065e+09 16.5348 5.9956 0.475178 0.592625 -0.025225 0.015364 0.804936
1.74065e+09 16.5012 6.0816 0.472149 0.593926 -0.0250088 0.0142949 0.804004
1.74065e+09 16.4684 6.1667 0.472166 0.597165 -0.0266075 0.016069 0.801516
1.74065e+09 16.4411 6.24785 0.471934 0.599196 -0.0254348 0.0155284 0.800047
1.74065e+09 16.4065 6.3304 0.469278 0.603979 -0.0240535 0.0132321 0.796527
1.74065e+09 16.3838 6.41517 0.466105 0.607885 -0.0246683 0.0155255 0.79349
1.74065e+09 16.3617 6.49008 0.462585 0.611872 -0.0244514 0.0147482 0.790442
1.74065e+09 16.337 6.56223 0.45557 0.618364 -0.0232021 0.0145515 0.785415
1.74065e+09 16.3133 6.64361 0.450801 0.62348 -0.0231944 0.0142115 0.781366
1.74065e+09 16.2823 6.72145 0.448772 0.629102 -0.0238526 0.014856 0.776815
1.74065e+09 16.26 6.79806 0.4496 0.634546 -0.0229357 0.014097 0.772416
1.74065e+09 16.2404 6.87741 0.452188 0.640993 -0.0237239 0.0147032 0.767039
1.74065e+09 16.2217 6.95779 0.452253 0.648484 -0.0233256 0.0145819 0.760731
1.74065e+09 16.2032 7.03606 0.45128 0.654467 -0.0236325 0.014118 0.755589
1.74065e+09 16.1855 7.1166 0.449387 0.66217 -0.0247085 0.0150503 0.748795
1.74065e+09 16.167 7.19023 0.446692 0.668514 -0.0225226 0.0136263 0.743234
1.74065e+09 16.1528 7.26517 0.444209 0.673552 -0.0234071 0.0143759 0.73863
1.74065e+09 16.1398 7.34259 0.433008 0.680904 -0.0223235 0.0120325 0.731933
1.74065e+09 16.1297 7.42317 0.432789 0.685345 -0.0215704 0.0121887 0.727797
1.74065e+09 16.1163 7.50401 0.433539 0.690315 -0.0212935 0.0116524 0.723102
1.74065e+09 16.1038 7.58651 0.434073 0.689099 -0.0188131 0.0104923 0.724347
1.74065e+09 16.0934 7.6865 0.435706 0.689426 -0.0211551 0.0120159 0.723948
1.74065e+09 16.0865 7.77831 0.436436 0.688017 -0.0222592 0.0121614 0.725251
1.74065e+09 16.0743 7.87361 0.43637 0.688194 -0.0217692 0.01121 0.725113
1.74065e+09 16.0668 7.96073 0.434169 0.687493 -0.021188 0.0116276 0.725789
1.74065e+09 16.0566 8.05733 0.433844 0.687354 -0.0228579 0.012397 0.725857
1.74065e+09 16.0469 8.15174 0.432753 0.687797 -0.022548 0.0123275 0.725448
1.74065e+09 16.0405 8.24972 0.430479 0.687205 -0.0232532 0.0126334 0.725982
1.74065e+09 16.0308 8.34609 0.429147 0.686721 -0.0222752 0.0131737 0.72646
1.74065e+09 16.0223 8.44246 0.424882 0.686353 -0.0220671 0.0131093 0.726815
1.74065e+09 16.0094 8.53439 0.424435 0.686563 -0.0240657 0.0140909 0.726535
1.74065e+09 15.9978 8.63058 0.422448 0.686083 -0.0244913 0.0137264 0.726981
1.74065e+09 15.9879 8.72148 0.420144 0.685923 -0.024071 0.0135431 0.72715
1.74065e+09 15.9752 8.81789 0.417905 0.686188 -0.0238753 0.0124901 0.726925
1.74065e+09 15.962 8.91327 0.416801 0.68581 -0.0241723 0.0133568 0.727257
1.74065e+09 15.9528 9.00697 0.414951 0.685994 -0.0244358 0.0120213 0.727097
1.74065e+09 15.9393 9.10027 0.413767 0.685811 -0.0244789 0.0137245 0.727239
1.74065e+09 15.9296 9.19291 0.409215 0.685719 -0.0252043 0.0137002 0.727301
1.74065e+09 15.9238 9.28617 0.404801 0.685343 -0.0252238 0.012973 0.727668
1.74065e+09 15.9138 9.38435 0.403702 0.685167 -0.0259003 0.0134358 0.727802
1.74065e+09 15.9061 9.48016 0.401883 0.684708 -0.0256971 0.0136923 0.728235
1.74065e+09 15.8937 9.58072 0.399289 0.68368 -0.0256267 0.0135462 0.729206
1.74065e+09 15.8826 9.66834 0.398799 0.683531 -0.0251852 0.0120481 0.729387
1.74065e+09 15.8754 9.75945 0.397365 0.684247 -0.0256525 0.0128513 0.728686
1.74065e+09 15.8627 9.83893 0.394327 0.684592 -0.0241132 0.012489 0.72842
1.74065e+09 15.8548 9.92165 0.394046 0.684755 -0.0242334 0.0125323 0.728262
1.74065e+09 15.8428 10.0034 0.39228 0.684532 -0.0236975 0.0115592 0.728506
1.74065e+09 15.8365 10.0828 0.387963 0.683912 -0.0243085 0.0125272 0.729052
1.74065e+09 15.8228 10.183 0.385644 0.683372 -0.0246745 0.0125729 0.729545
1.74065e+09 15.812 10.2703 0.382893 0.683577 -0.0245048 0.0131831 0.729347
1.74065e+09 15.7989 10.3671 0.3805 0.681599 -0.0260627 0.0139263 0.731129
1.74065e+09 15.7898 10.4505 0.378511 0.67889 -0.0248648 0.0122905 0.733716
1.74065e+09 15.7807 10.5362 0.378625 0.675984 -0.0240809 0.0130891 0.736406
1.74065e+09 15.7701 10.6172 0.377896 0.672306 -0.0260665 0.0129724 0.739701
1.74065e+09 15.7609 10.6978 0.375155 0.667356 -0.0243634 0.0120072 0.744244
1.74065e+09 15.7494 10.7722 0.37344 0.663539 -0.0246293 0.0111977 0.747653
1.74065e+09 15.7375 10.8435 0.373305 0.658161 -0.0255773 0.0116951 0.752351
1.74065e+09 15.7299 10.9152 0.371206 0.653113 -0.0238773 0.0113205 0.756799
1.74065e+09 15.7213 10.9898 0.36693 0.648486 -0.0236643 0.0105353 0.760785
1.74065e+09 15.7089 11.0688 0.366467 0.642923 -0.0243923 0.00975823 0.76548
1.74065e+09 15.6941 11.14 0.36483 0.636885 -0.0246563 0.0108176 0.770489
1.74065e+09 15.684 11.2057 0.363378 0.629185 -0.024493 0.0108472 0.776794
1.74065e+09 15.6722 11.2748 0.361724 0.620734 -0.0261366 0.010395 0.783517
1.74065e+09 15.6518 11.3474 0.361226 0.611928 -0.026566 0.0110362 0.79039
1.74065e+09 15.6288 11.4188 0.357442 0.602012 -0.0265681 0.0121967 0.797952
1.74065e+09 15.611 11.4949 0.360177 0.590693 -0.0263983 0.0138023 0.806346
1.74065e+09 15.5904 11.5663 0.356021 0.578587 -0.0282376 0.0147614 0.814998
1.74065e+09 15.5725 11.6381 0.34875 0.565036 -0.0282722 0.0130313 0.824478
1.74065e+09 15.5447 11.7008 0.344858 0.552968 -0.0286089 0.0122446 0.832621
1.74065e+09 15.5131 11.7596 0.342861 0.53947 -0.0279729 0.0120839 0.841453
1.74065e+09 15.4797 11.8238 0.342216 0.538689 -0.0252081 0.0132065 0.842024
1.74065e+09 15.4338 11.9078 0.339142 0.539382 -0.0272716 0.0156802 0.841474
1.74065e+09 15.3954 11.9878 0.34282 0.537058 -0.0281569 0.0163002 0.842918
1.74065e+09 15.3488 12.0698 0.341436 0.53644 -0.0294818 0.0156179 0.843279
1.74065e+09 15.3104 12.149 0.335995 0.53638 -0.0288954 0.0138377 0.843368
1.74065e+09 15.2706 12.2283 0.333395 0.537252 -0.0271224 0.0144986 0.842861
1.74065e+09 15.2301 12.3069 0.331396 0.537287 -0.0274116 0.0154995 0.842811
1.74065e+09 15.1834 12.3787 0.325758 0.536229 -0.0258503 0.0152147 0.84354
1.74065e+09 15.1429 12.4603 0.323531 0.535612 -0.0268425 0.0153073 0.843899
1.74065e+09 15.1021 12.5367 0.318295 0.535036 -0.0274625 0.015186 0.844246
1.74065e+09 15.0604 12.6131 0.317188 0.531586 -0.0270419 0.015662 0.846428
1.74065e+09 15.0217 12.6919 0.313933 0.526784 -0.0275955 0.0145321 0.849427
1.74065e+09 14.9883 12.7617 0.31096 0.522589 -0.0284193 0.0163338 0.851954
1.74065e+09 14.9512 12.8299 0.308967 0.516468 -0.0279989 0.0155955 0.855707
1.74065e+09 14.9139 12.9022 0.306077 0.509912 -0.0287109 0.0171732 0.859576
1.74065e+09 14.8724 12.9736 0.301037 0.502484 -0.0269549 0.0158674 0.864021
1.74065e+09 14.8332 13.0421 0.301472 0.495298 -0.0315491 0.0162809 0.867998
1.74065e+09 14.7967 13.1098 0.302819 0.484436 -0.0305424 0.0175454 0.874117
1.74065e+09 14.7575 13.1715 0.303614 0.474393 -0.030958 0.0178716 0.879587
1.74065e+09 14.7128 13.2335 0.298389 0.465375 -0.0310201 0.0163075 0.88442
1.74065e+09 14.6677 13.2954 0.292098 0.455066 -0.0320526 0.0169617 0.889719
1.74065e+09 14.6275 13.3564 0.287937 0.445036 -0.0327765 0.0194572 0.894701
1.74065e+09 14.5877 13.4154 0.284961 0.433052 -0.0323851 0.0180721 0.900606
1.74065e+09 14.543 13.4746 0.281049 0.419581 -0.0336106 0.0167573 0.906941
1.74065e+09 14.499 13.5294 0.276233 0.406099 -0.0326979 0.0184678 0.913057
1.74065e+09 14.4494 13.5832 0.277026 0.392419 -0.0341857 0.018528 0.918964
1.74065e+09 14.4023 13.6338 0.269725 0.377835 -0.0321856 0.0172098 0.925153
1.74065e+09 14.3477 13.6808 0.271456 0.362562 -0.0340579 0.0189715 0.931144
1.74065e+09 14.2999 13.7285 0.272125 0.348974 -0.0336373 0.018301 0.93635
1.74065e+09 14.245 13.7772 0.266876 0.331933 -0.0335535 0.0186634 0.942521
1.74065e+09 14.1937 13.8192 0.266719 0.319707 -0.0331262 0.0187386 0.946752
1.74065e+09 14.1357 13.8621 0.26184 0.308694 -0.0346996 0.019481 0.950329
1.74065e+09 14.0862 13.907 0.257753 0.291927 -0.0328852 0.0196676 0.955673
1.74065e+09 14.0316 13.9494 0.250325 0.280598 -0.031985 0.0174032 0.959135
1.74065e+09 13.9776 13.993 0.247341 0.264409 -0.0330119 0.0176375 0.963684
1.74065e+09 13.9218 14.0256 0.242724 0.251361 -0.0331447 0.0180914 0.967156
1.74065e+09 13.8697 14.0633 0.239042 0.234215 -0.0351898 0.0198587 0.971345
1.74065e+09 13.8259 14.1031 0.232533 0.219854 -0.0339039 0.0187552 0.974763
1.74065e+09 13.7726 14.1344 0.230225 0.203227 -0.0315605 0.0194258 0.97843
1.74065e+09 13.7025 14.157 0.22805 0.186311 -0.03262 0.0184228 0.981776
1.74065e+09 13.6448 14.1808 0.230076 0.171012 -0.0300074 0.0196019 0.984617
1.74065e+09 13.578 14.2056 0.229058 0.156128 -0.0335964 0.0183514 0.986995
1.74065e+09 13.519 14.2267 0.228947 0.136357 -0.0310805 0.019897 0.989972
1.74065e+09 13.4543 14.243 0.226364 0.11998 -0.0350975 0.0186716 0.99198
1.74065e+09 13.3966 14.263 0.226092 0.098512 -0.0319867 0.0211796 0.994396
1.74065e+09 13.3271 14.2738 0.222377 0.0804004 -0.0341717 0.0191072 0.995993
1.74065e+09 13.2605 14.292 0.220109 0.0584515 -0.0349123 0.021162 0.997455
1.74065e+09 13.2067 14.3014 0.216973 0.0400198 -0.0360687 0.0188548 0.99837
1.74065e+09 13.1422 14.3164 0.213568 0.017107 -0.0346654 0.0195072 0.999062
1.74065e+09 13.0874 14.3193 0.212318 0.000453717 -0.0321336 0.0201915 0.99928
1.74065e+09 13.0175 14.3243 0.20877 -0.0160429 -0.0333921 0.0192859 0.999127
1.74065e+09 12.9393 14.3209 0.206746 -0.020507 -0.0293245 0.0202977 0.999153
1.74065e+09 12.8393 14.3114 0.203022 -0.0178676 -0.03523 0.0181225 0.999055
1.74065e+09 12.7475 14.2988 0.201107 -0.0195703 -0.0352305 0.0183092 0.99902
1.74065e+09 12.6662 14.29 0.199963 -0.0198008 -0.032751 0.0186813 0.999093
1.74065e+09 12.5765 14.2817 0.196895 -0.020579 -0.0336408 0.0184858 0.999051
1.74065e+09 12.4891 14.2762 0.194007 -0.0205935 -0.0333885 0.0187203 0.999055
1.74065e+09 12.4012 14.2715 0.19013 -0.0212269 -0.0331603 0.018787 0.999048
1.74065e+09 12.3072 14.2641 0.185529 -0.0216067 -0.0318118 0.0188945 0.999082
1.74065e+09 12.2175 14.251 0.182255 -0.0220807 -0.0331668 0.0188193 0.999029
1.74065e+09 12.119 14.2468 0.174108 -0.0223775 -0.0335356 0.0177266 0.99903
1.74065e+09 12.0376 14.237 0.172912 -0.0221361 -0.0338699 0.0182967 0.999014
1.74065e+09 11.946 14.2325 0.168782 -0.0221736 -0.0343236 0.0185672 0.998992
1.74065e+09 11.8549 14.22 0.165675 -0.0236009 -0.034036 0.0185598 0.99897
1.74065e+09 11.7654 14.208 0.16813 -0.0229119 -0.0333031 0.0180831 0.999019
1.74065e+09 11.6781 14.1968 0.163837 -0.0238714 -0.0316488 0.0174466 0.999062
1.74065e+09 11.5865 14.1886 0.162222 -0.0241145 -0.0304813 0.0185693 0.999072
1.74065e+09 11.4904 14.1784 0.160497 -0.023573 -0.0310867 0.0188846 0.99906
1.74065e+09 11.3996 14.1681 0.157801 -0.0237603 -0.0317454 0.0182726 0.999046
1.74065e+09 11.3033 14.1569 0.1555 -0.0233709 -0.032148 0.0182532 0.999043
1.74065e+09 11.2153 14.1473 0.150774 -0.023465 -0.0310694 0.0193278 0.999055
1.74065e+09 11.1267 14.1382 0.148728 -0.0239407 -0.0277476 0.0187841 0.999152
1.74065e+09 11.0361 14.1312 0.146306 -0.0256415 -0.0292034 0.0192186 0.99906
1.74065e+09 10.9422 14.1268 0.145546 -0.0263472 -0.0304944 0.019302 0.999001
1.74065e+09 10.8543 14.1164 0.142815 -0.0259678 -0.0298591 0.0182851 0.999049
1.74065e+09 10.7622 14.1101 0.140942 -0.0268318 -0.0279259 0.0187547 0.999074
1.74065e+09 10.6729 14.1005 0.136538 -0.0269914 -0.0260606 0.0197136 0.999101
1.74065e+09 10.578 14.0967 0.132914 -0.027924 -0.0260553 0.0207066 0.999056
1.74065e+09 10.4829 14.0861 0.132208 -0.0275541 -0.0269894 0.0192779 0.99907
1.74065e+09 10.3889 14.075 0.132917 -0.0274455 -0.0274713 0.019139 0.999062
1.74065e+09 10.301 14.0615 0.131775 -0.0284441 -0.0262946 0.0195408 0.999058
1.74065e+09 10.2063 14.0517 0.128098 -0.029945 -0.0257011 0.0213365 0.998993
1.74065e+09 10.1142 14.0372 0.12749 -0.0303681 -0.0267355 0.0219605 0.99894
1.74065e+09 10.0178 14.0353 0.126771 -0.0312014 -0.0260202 0.0213598 0.998946
1.74065e+09 9.92514 14.0249 0.125446 -0.0320474 -0.0277589 0.0221713 0.998855
1.74065e+09 9.83372 14.0133 0.122958 -0.0323534 -0.026026 0.0225774 0.998882
1.74065e+09 9.74116 14.0019 0.120316 -0.0325632 -0.0259893 0.0238991 0.998846
1.74065e+09 9.64356 13.99 0.119357 -0.0329739 -0.0253534 0.0238867 0.998849
1.74065e+09 9.55034 13.9767 0.116686 -0.0336436 -0.0257482 0.0252273 0.998784
1.74065e+09 9.45596 13.9655 0.113144 -0.0335786 -0.0253933 0.0266493 0.998758
1.74065e+09 9.36646 13.9517 0.111833 -0.0348896 -0.025777 0.0264832 0.998708
1.74065e+09 9.27502 13.9459 0.110131 -0.0357407 -0.0268845 0.0279882 0.998607
1.74065e+09 9.18423 13.9357 0.110653 -0.0360466 -0.0274431 0.0277561 0.998588
1.74065e+09 9.09241 13.9256 0.110645 -0.0366643 -0.0278761 0.028191 0.998541
1.74065e+09 8.99106 13.9148 0.108253 -0.0366659 -0.0288246 0.0281355 0.998515
1.74065e+09 8.89332 13.911 0.10671 -0.0370816 -0.0313151 0.0285097 0.998415
1.74065e+09 8.79772 13.9004 0.100896 -0.0377555 -0.0334887 0.028272 0.998325
1.74065e+09 8.70159 13.8778 0.103318 -0.0376183 -0.0322696 0.027933 0.99838
1.74065e+09 8.61192 13.8587 0.0996733 -0.0386155 -0.0329254 0.0258153 0.998378
1.74065e+09 8.51312 13.8501 0.0973645 -0.0391174 -0.0328368 0.0271176 0.998327
1.74065e+09 8.42074 13.8364 0.0937552 -0.0392092 -0.032437 0.0261627 0.998362
1.74065e+09 8.33197 13.8191 0.0899316 -0.0390931 -0.0310597 0.0247445 0.998446
1.74065e+09 8.23969 13.8068 0.0842322 -0.0389978 -0.0294305 0.0254326 0.998482
1.74065e+09 8.14731 13.7992 0.0795959 -0.0397156 -0.0285754 0.0252426 0.998483
1.74065e+09 8.05515 13.7882 0.0781576 -0.0401561 -0.0296414 0.0247674 0.998447
1.74065e+09 7.95918 13.7803 0.0789331 -0.0403846 -0.0300479 0.0246347 0.998428
1.74065e+09 7.85892 13.7748 0.0791364 -0.0404868 -0.0306363 0.0252963 0.99839
1.74065e+09 7.76175 13.762 0.0766837 -0.0419239 -0.0295944 0.025028 0.998369
1.74065e+09 7.66127 13.753 0.0739208 -0.0420893 -0.0308853 0.0242199 0.998343
1.74065e+09 7.56646 13.739 0.0670997 -0.0423368 -0.0315051 0.0231375 0.998338
1.74065e+09 7.47782 13.727 0.0633503 -0.045663 -0.0345028 0.0235571 0.998083
1.74065e+09 7.38883 13.713 0.0571346 -0.0506083 -0.0322783 0.023086 0.99793
1.74065e+09 7.3039 13.7022 0.0561705 -0.0573322 -0.032735 0.0237407 0.997536
1.74065e+09 7.22693 13.683 0.0562503 -0.0616494 -0.0332092 0.0230354 0.997279
1.74065e+09 7.14346 13.6709 0.0581276 -0.0679384 -0.0340051 0.0216039 0.996876
1.74065e+09 7.06425 13.6553 0.0578035 -0.0749897 -0.0337694 0.0214574 0.996381
1.74065e+09 6.98808 13.6407 0.0564492 -0.0807904 -0.0309926 0.0214859 0.996017
1.74065e+09 6.91297 13.6196 0.0543205 -0.0866219 -0.0312618 0.0201284 0.995547
1.74065e+09 6.83795 13.605 0.0519773 -0.0940891 -0.0275242 0.0214901 0.994951
1.74065e+09 6.75936 13.5891 0.0482101 -0.100306 -0.0285034 0.0207089 0.994333
1.74065e+09 6.67713 13.5757 0.0456352 -0.105184 -0.0307156 0.022299 0.993728
1.74065e+09 6.59923 13.5588 0.0413789 -0.113062 -0.0312694 0.0218452 0.992856
1.74065e+09 6.51389 13.5458 0.0420126 -0.12543 -0.0342853 0.0219291 0.991267
1.74065e+09 6.43995 13.533 0.0429442 -0.141812 -0.0374793 0.0229727 0.988917
1.74065e+09 6.36038 13.5172 0.0396728 -0.159199 -0.038691 0.0246444 0.98618
1.74065e+09 6.2847 13.4977 0.0385465 -0.177967 -0.0410503 0.0241768 0.982883
1.74065e+09 6.21768 13.4757 0.0351125 -0.19609 -0.0417818 0.0232709 0.979419
1.74065e+09 6.15622 13.447 0.0319755 -0.210014 -0.0424389 0.0228334 0.97651
1.74065e+09 6.0958 13.4177 0.0231316 -0.226612 -0.0394711 0.0223619 0.972928
1.74065e+09 6.03182 13.3925 0.0213306 -0.241101 -0.0365391 0.0248988 0.969492
1.74065e+09 5.96084 13.3563 0.0211178 -0.256462 -0.0391415 0.0227018 0.965495
1.74065e+09 5.90063 13.3263 0.0185971 -0.272966 -0.0361013 0.0243631 0.961037
1.74065e+09 5.8424 13.2862 0.0182547 -0.284679 -0.0364861 0.0225583 0.957663
1.74065e+09 5.77952 13.2519 0.019593 -0.303059 -0.0365542 0.0231777 0.951988
1.74065e+09 5.72477 13.2095 0.0230575 -0.314992 -0.0348589 0.0228923 0.948178
1.74065e+09 5.66629 13.1746 0.018822 -0.332176 -0.0322325 0.0215448 0.94242
1.74065e+09 5.62052 13.1359 0.0195995 -0.341161 -0.0310532 0.0253244 0.93915
1.74065e+09 5.57834 13.0961 0.0108919 -0.359552 -0.0271588 0.0202844 0.932509
1.74065e+09 5.52467 13.0421 0.0109906 -0.373967 -0.0292004 0.0193581 0.92678
1.74065e+09 5.47117 12.9851 0.00829292 -0.385101 -0.0263264 0.0192959 0.922297
1.74065e+09 5.41535 12.9283 0.0134463 -0.399932 -0.0305889 0.0158578 0.915897
1.74065e+09 5.36317 12.8793 0.0141207 -0.41434 -0.0270456 0.0206155 0.909487
1.74065e+09 5.31129 12.8226 0.0172536 -0.432227 -0.0311864 0.0134491 0.901125
1.74065e+09 5.26311 12.7725 0.0151615 -0.450782 -0.0298817 0.0154058 0.892001
1.74065e+09 5.209 12.7136 0.0123261 -0.47102 -0.0289825 0.0149292 0.88152
1.74065e+09 5.17101 12.6611 0.011058 -0.489591 -0.0318816 0.011828 0.871289
1.74065e+09 5.1304 12.6027 0.0103089 -0.50789 -0.0315366 0.0134477 0.86074
1.74065e+09 5.09621 12.5455 0.0102319 -0.528186 -0.0315985 0.0126669 0.848446
1.74065e+09 5.06008 12.4847 0.0102865 -0.544352 -0.0336971 0.0112668 0.838104
1.74065e+09 5.02744 12.4222 0.0113586 -0.562423 -0.0336557 0.0110553 0.826091
1.74065e+09 4.99978 12.3664 0.0108796 -0.572663 -0.03048 0.0155869 0.819076
1.74065e+09 4.97424 12.2743 0.0129791 -0.571724 -0.0309364 0.0126785 0.819765
1.74065e+09 4.94219 12.1846 0.0132989 -0.572723 -0.0321755 0.0126272 0.81902
1.74065e+09 4.92574 12.0942 0.0125088 -0.573136 -0.0301076 0.0152814 0.818764
1.74065e+09 4.89743 12.0027 0.0126304 -0.571817 -0.0310397 0.0154392 0.819648
1.74065e+09 4.87029 11.9096 0.0118782 -0.572596 -0.0308897 0.0152331 0.819114
1.74065e+09 4.83954 11.8254 0.0109239 -0.573028 -0.0306151 0.0150605 0.818825
1.74065e+09 4.80934 11.7339 0.0124888 -0.573093 -0.0312779 0.0141784 0.818771
1.74065e+09 4.78419 11.6421 0.011715 -0.574151 -0.0321405 0.0138141 0.818001
1.74065e+09 4.75575 11.5511 0.0102801 -0.57332 -0.0347406 0.0132558 0.818487
1.74065e+09 4.72981 11.4713 0.00945 -0.570651 -0.0329307 0.0138436 0.820415
1.74065e+09 4.70511 11.3916 0.00766306 -0.567713 -0.0335743 0.0150362 0.822404
1.74065e+09 4.6821 11.3118 0.00852423 -0.565434 -0.0324551 0.0154562 0.82401
1.74065e+09 4.65831 11.2343 0.00872993 -0.56205 -0.0322512 0.0164678 0.82631
1.74065e+09 4.63191 11.1562 0.00877188 -0.559594 -0.0319568 0.0165633 0.827985
1.74065e+09 4.60627 11.0767 0.00859732 -0.555383 -0.03173 0.0169892 0.830815
1.74065e+09 4.58482 11.0024 0.0079414 -0.552034 -0.0299573 0.0173543 0.833103
1.74065e+09 4.55849 10.9283 0.00960316 -0.548443 -0.0309589 0.0179149 0.835423
1.74065e+09 4.53565 10.8562 0.0117745 -0.544591 -0.0314363 0.017002 0.83794
1.74065e+09 4.5093 10.7848 0.0125613 -0.53969 -0.0306037 0.0183502 0.841107
1.74065e+09 4.47831 10.7109 0.0125704 -0.539932 -0.0277943 0.0192225 0.84103
1.74065e+09 4.44277 10.6229 0.0121037 -0.540718 -0.0311908 0.0172268 0.840449
1.74065e+09 4.40447 10.539 0.0114374 -0.541671 -0.0307484 0.0174267 0.839847
1.74065e+09 4.37395 10.4544 0.0113604 -0.541036 -0.0300986 0.0180572 0.840267
1.74065e+09 4.34349 10.3683 0.0123441 -0.541356 -0.0303881 0.0176075 0.840059
1.74065e+09 4.31565 10.2791 0.0124013 -0.541414 -0.029761 0.0183535 0.840029
1.74065e+09 4.28328 10.194 0.0163013 -0.542089 -0.0289664 0.0194054 0.839597
1.74065e+09 4.24036 10.1022 0.0207364 -0.542563 -0.0296738 0.0183813 0.839289
1.74065e+09 4.20278 10.0186 0.0207923 -0.542759 -0.0293655 0.016925 0.839204
1.74065e+09 4.16767 9.94402 0.0212653 -0.543433 -0.0301989 0.0174737 0.838727
1.74065e+09 4.13431 9.86626 0.0172804 -0.543416 -0.0291646 0.017755 0.838769
1.74065e+09 4.10055 9.78275 0.0144383 -0.543467 -0.0296748 0.0177249 0.838719
1.74065e+09 4.06908 9.6954 0.0128436 -0.542633 -0.0306257 0.0163815 0.839251
1.74065e+09 4.04037 9.61105 0.0127725 -0.542934 -0.0310188 0.0174292 0.839021
1.74065e+09 4.01044 9.5256 0.014088 -0.543569 -0.0320365 0.0163352 0.838594
1.74065e+09 3.97837 9.43834 0.0148848 -0.543823 -0.0317319 0.0166104 0.838435
1.74065e+09 3.9469 9.3543 0.0147078 -0.543679 -0.030615 0.0166097 0.838571
1.74065e+09 3.9128 9.26535 0.0158796 -0.544172 -0.031917 0.0163472 0.838207
1.74065e+09 3.87997 9.18048 0.0146604 -0.544538 -0.030859 0.0167292 0.838001
1.74065e+09 3.84771 9.09698 0.0155138 -0.544823 -0.0302412 0.0167424 0.837838
1.74065e+09 3.81379 9.00641 0.0159979 -0.545612 -0.0303552 0.0168045 0.837319
1.74065e+09 3.78488 8.9199 0.0128101 -0.544959 -0.0291594 0.0170739 0.837781
1.74065e+09 3.75475 8.83875 0.0137166 -0.54633 -0.0284085 0.0177196 0.8369
1.74065e+09 3.72208 8.75437 0.0164533 -0.546222 -0.0291319 0.0172657 0.836956
1.74065e+09 3.69098 8.67405 0.0177419 -0.545639 -0.0281143 0.0180523 0.837354
1.74065e+09 3.65576 8.59255 0.0195718 -0.545722 -0.0283254 0.0173745 0.837307
1.74065e+09 3.62 8.50854 0.0197418 -0.546786 -0.0295599 0.0178111 0.836561
1.74065e+09 3.59253 8.42209 0.0188709 -0.547761 -0.0273673 0.0172863 0.836009
1.74065e+09 3.56076 8.34387 0.0180052 -0.546517 -0.0284212 0.0176443 0.836779
1.74065e+09 3.52971 8.25299 0.0186309 -0.546982 -0.0293483 0.0174578 0.836447
1.74065e+09 3.49769 8.1721 0.0183576 -0.547271 -0.0280928 0.0179809 0.83629
1.74065e+09 3.46707 8.08853 0.0195165 -0.54774 -0.0279851 0.0174596 0.835998
1.74065e+09 3.43211 8.00892 0.0225676 -0.547895 -0.0277078 0.0175431 0.835904
1.74065e+09 3.39969 7.9237 0.0226924 -0.548947 -0.0284382 0.0169327 0.835201
1.74065e+09 3.36621 7.84353 0.0232751 -0.549154 -0.0271788 0.0166387 0.835113
1.74065e+09 3.3359 7.75639 0.0238588 -0.548846 -0.027845 0.0167043 0.835292
1.74065e+09 3.30399 7.67431 0.0240868 -0.548817 -0.0260194 0.0186108 0.83533
1.74065e+09 3.28297 7.58769 0.0226221 -0.549724 -0.0268224 0.0182481 0.834716
1.74065e+09 3.25492 7.50109 0.0230063 -0.550351 -0.0262881 0.0171293 0.834343
1.74065e+09 3.22136 7.41839 0.0253889 -0.550348 -0.0276005 0.0164427 0.834317
1.74065e+09 3.18925 7.33566 0.0255426 -0.550947 -0.0276104 0.0160149 0.83393
1.74065e+09 3.15654 7.25855 0.0275381 -0.551222 -0.0277764 0.016436 0.833734
1.74065e+09 3.12742 7.17523 0.0318547 -0.55009 -0.0266741 0.0161319 0.834524
1.74065e+09 3.0936 7.09236 0.0309644 -0.550796 -0.0275003 0.0164308 0.834025
1.74065e+09 3.063 7.00785 0.0317984 -0.55039 -0.0272536 0.0163982 0.834302
1.74065e+09 3.03168 6.92572 0.0331297 -0.551945 -0.0273136 0.015828 0.833283
1.74065e+09 3.00373 6.84588 0.0342079 -0.55161 -0.0261949 0.0171673 0.833514
1.74065e+09 2.95239 6.77618 0.0227796 -0.552324 -0.0276588 0.0150669 0.833035
1.74065e+09 2.92071 6.70604 0.0195858 -0.552846 -0.02745 0.0161425 0.832675
1.74065e+09 2.89647 6.62004 0.0237468 -0.551622 -0.0273196 0.015562 0.833501
1.74065e+09 2.87102 6.53449 0.0282639 -0.551904 -0.0266509 0.0163313 0.833322
1.74065e+09 2.8459 6.43963 0.0316984 -0.552457 -0.0273055 0.0153466 0.832953
1.74065e+09 2.82213 6.34795 0.0370685 -0.552563 -0.0278539 0.0150298 0.83287
1.74065e+09 2.79551 6.26239 0.0363283 -0.55244 -0.0280974 0.0148676 0.832946
1.74065e+09 2.76546 6.18138 0.0367308 -0.552968 -0.0269774 0.0162561 0.832607
1.74065e+09 2.73285 6.09531 0.0397485 -0.55342 -0.02753 0.0151853 0.832309
1.74065e+09 2.70385 6.01215 0.0370327 -0.55246 -0.02768 0.0150753 0.832943
1.74065e+09 2.67299 5.9338 0.0308933 -0.554256 -0.0278444 0.0154363 0.831737
1.74065e+09 2.6391 5.85419 0.034803 -0.555027 -0.0294227 0.0155752 0.831166
1.74065e+09 2.61021 5.77114 0.0349874 -0.555258 -0.0274946 0.0155622 0.831078
1.74065e+09 2.58007 5.68557 0.0396124 -0.555383 -0.0285194 0.015488 0.830961
1.74065e+09 2.55214 5.59616 0.0426333 -0.556379 -0.0280812 0.0155457 0.830308
1.74065e+09 2.52212 5.51002 0.0431286 -0.556836 -0.0273324 0.0158289 0.830021
1.74065e+09 2.49111 5.42406 0.0430502 -0.556375 -0.0294309 0.0138354 0.830295
1.74065e+09 2.46174 5.34147 0.0423756 -0.557303 -0.0277214 0.0158169 0.829695
1.74065e+09 2.4327 5.25843 0.0405716 -0.557538 -0.0277527 0.0151117 0.82955
1.74065e+09 2.40279 5.17815 0.0413712 -0.559786 -0.0277518 0.0145447 0.828045
1.74065e+09 2.36206 5.08744 0.0456713 -0.557998 -0.0269029 0.0157357 0.829257
1.74065e+09 2.32906 5.00284 0.0497895 -0.558232 -0.0275807 0.0163608 0.829065
1.74065e+09 2.30617 4.92283 0.0466701 -0.559053 -0.026803 0.0154843 0.828554
1.74065e+09 2.28095 4.83473 0.043163 -0.559324 -0.0282801 0.0147446 0.828336
1.74065e+09 2.25778 4.76256 0.0446516 -0.559665 -0.0289912 0.0154276 0.828068
1.74065e+09 2.23837 4.69518 0.0447044 -0.559977 -0.0264155 0.0162686 0.827927
1.74065e+09 2.21356 4.62134 0.0459466 -0.559674 -0.0265285 0.015536 0.828143
1.74065e+09 2.18528 4.54412 0.0454849 -0.560451 -0.0268354 0.0152009 0.827613
1.74065e+09 2.16136 4.46619 0.0469942 -0.559729 -0.0270725 0.0149236 0.828099
1.74065e+09 2.13135 4.38546 0.0506686 -0.560541 -0.0286092 0.014511 0.827505
1.74065e+09 2.10062 4.31194 0.0544107 -0.559721 -0.028419 0.0133904 0.828085
1.74065e+09 2.07375 4.23279 0.055072 -0.56103 -0.0298047 0.0128522 0.827159
1.74065e+09 2.05047 4.15814 0.0523149 -0.56284 -0.0301891 0.0126407 0.825917
1.74065e+09 2.02915 4.08664 0.0500248 -0.565078 -0.0293824 0.012055 0.824426
1.74065e+09 2.00761 4.02024 0.0477431 -0.568393 -0.0302059 0.0130852 0.822099
1.74065e+09 1.98503 3.95557 0.0490944 -0.572687 -0.0296417 0.011527 0.819157
1.74065e+09 1.96312 3.8914 0.0476117 -0.578244 -0.0294787 0.00977017 0.815273
1.74065e+09 1.94202 3.83232 0.0477784 -0.584142 -0.0298925 0.0122869 0.811008
1.74065e+09 1.91956 3.77408 0.046785 -0.591438 -0.0307698 0.0126121 0.805664
1.74065e+09 1.90582 3.71475 0.0499683 -0.597888 -0.030111 0.0132461 0.800904
1.74065e+09 1.89089 3.65802 0.0462053 -0.605812 -0.0289182 0.0113236 0.795002
1.74065e+09 1.86939 3.59847 0.045688 -0.614809 -0.0296513 0.0109652 0.788042
1.74065e+09 1.85 3.53656 0.046838 -0.622991 -0.0278913 0.0123864 0.781633
1.74065e+09 1.83811 3.47061 0.0478641 -0.627054 -0.0265698 0.0120482 0.778429
1.74065e+09 1.82739 3.39498 0.0475519 -0.626808 -0.0294118 0.0100039 0.778554
1.74065e+09 1.81358 3.31337 0.0468395 -0.627218 -0.0313127 0.0115316 0.778129
1.74065e+09 1.79878 3.23595 0.049046 -0.627861 -0.0313027 0.0103627 0.777626
1.74065e+09 1.78455 3.1588 0.0490897 -0.62841 -0.0311124 0.0100537 0.777195
1.74065e+09 1.77092 3.08188 0.0527014 -0.627902 -0.0315205 0.00905496 0.777601
1.74065e+09 1.75905 3.01163 0.0526067 -0.628403 -0.0330434 0.0103174 0.777117
1.74065e+09 1.75611 2.93034 0.0511954 -0.628251 -0.0327307 0.00929779 0.777266
1.74065e+09 1.74353 2.85878 0.0500193 -0.629178 -0.0332568 0.00907101 0.776497
1.74065e+09 1.73022 2.78148 0.0496307 -0.628436 -0.0329263 0.00861647 0.777117
1.74065e+09 1.71551 2.70601 0.0488581 -0.629301 -0.0334304 0.00905409 0.77639
1.74065e+09 1.69926 2.62506 0.0509084 -0.629447 -0.033204 0.00905705 0.776281
1.74065e+09 1.68611 2.5493 0.0513231 -0.629686 -0.0335739 0.00828295 0.77608
1.74065e+09 1.67412 2.47582 0.0502345 -0.629664 -0.0327161 0.00915916 0.776124
1.74065e+09 1.66221 2.40442 0.0501804 -0.629996 -0.0341021 0.00789027 0.775809
1.74065e+09 1.64979 2.32707 0.0485298 -0.630325 -0.0351341 0.00805723 0.775494
1.74065e+09 1.6364 2.2573 0.0469076 -0.630615 -0.0333384 0.0078265 0.77534
1.74065e+09 1.6233 2.17996 0.0435578 -0.630406 -0.0336693 0.00820505 0.775492
1.74065e+09 1.61146 2.10493 0.0408802 -0.63059 -0.0338383 0.00849069 0.775332
1.74065e+09 1.60138 2.02656 0.0423888 -0.63101 -0.0343029 0.00819317 0.774973
1.74065e+09 1.58958 1.94737 0.0446442 -0.630704 -0.0348332 0.00796745 0.7752
1.74065e+09 1.5782 1.87355 0.0454625 -0.631112 -0.0335402 0.00862423 0.774918
1.74065e+09 1.56659 1.79866 0.0450121 -0.630848 -0.0325845 0.00967196 0.775162
1.74065e+09 1.55497 1.72193 0.0469966 -0.63104 -0.0336604 0.00939096 0.774963
1.74065e+09 1.54253 1.64635 0.0475042 -0.630986 -0.0327759 0.0103516 0.775032
1.74065e+09 1.53033 1.57182 0.0477643 -0.631855 -0.0338299 0.0116775 0.77426
1.74065e+09 1.51644 1.49614 0.0452038 -0.632031 -0.0331401 0.010445 0.774164
1.74065e+09 1.49798 1.42286 0.0398713 -0.631943 -0.0333835 0.0126404 0.774192
1.74065e+09 1.48655 1.35301 0.0393179 -0.631954 -0.0320962 0.0127863 0.774236
1.74065e+09 1.47841 1.27892 0.0386244 -0.632269 -0.0316563 0.0139602 0.773976
1.74065e+09 1.46794 1.20271 0.038169 -0.632498 -0.0319032 0.014313 0.773772
1.74065e+09 1.45891 1.12554 0.0410036 -0.633725 -0.0344744 0.0119816 0.772697
1.74065e+09 1.4476 1.05224 0.0450612 -0.634403 -0.0339737 0.0132724 0.772142
1.74065e+09 1.43405 0.97416 0.0452894 -0.634384 -0.0343182 0.0119831 0.772163
1.74065e+09 1.42563 0.892029 0.0470305 -0.634074 -0.0337324 0.0128908 0.772428
1.74065e+09 1.41582 0.813081 0.0443856 -0.634147 -0.0314738 0.0123524 0.772473
1.74065e+09 1.40507 0.733566 0.0475707 -0.63552 -0.0333354 0.0121079 0.77127
1.74065e+09 1.38433 0.652514 0.0495401 -0.635286 -0.0320089 0.0119567 0.771521
1.74065e+09 1.37132 0.572497 0.0500252 -0.63551 -0.0326275 0.0133745 0.771287
1.74065e+09 1.36515 0.495663 0.0501751 -0.63527 -0.0314382 0.0141692 0.77152
1.74065e+09 1.35876 0.421694 0.0506284 -0.635462 -0.0298565 0.0144367 0.771419
1.74065e+09 1.34834 0.346727 0.049128 -0.636507 -0.0288722 0.0154254 0.770576
1.74065e+09 1.33664 0.272945 0.0477042 -0.636071 -0.0275681 0.0174739 0.77094
1.74065e+09 1.32734 0.197642 0.0489393 -0.636358 -0.0285671 0.0175559 0.770664
1.74065e+09 1.31605 0.12 0.04848 -0.63667 -0.0273466 0.0167108 0.77047
1.74065e+09 1.30422 0.0452356 0.0508439 -0.636895 -0.0270504 0.0184426 0.770255
1.74065e+09 1.29353 -0.0332762 0.0479004 -0.63781 -0.0278461 0.0134533 0.769572
1.74065e+09 1.27364 -0.108727 0.0578621 -0.637231 -0.0279894 0.0166765 0.769984
1.74065e+09 1.2632 -0.187466 0.0618538 -0.637376 -0.0266963 0.016583 0.769911
1.74065e+09 1.25466 -0.270836 0.0582956 -0.637824 -0.0269916 0.0175529 0.769509
1.74065e+09 1.24797 -0.346288 0.0595607 -0.6387 -0.0269534 0.0157611 0.768822
1.74065e+09 1.24148 -0.424543 0.058313 -0.639515 -0.0279182 0.0160435 0.768104
1.74065e+09 1.23159 -0.503179 0.058574 -0.639115 -0.0263964 0.0157435 0.768497
1.74065e+09 1.21967 -0.577086 0.0598675 -0.63927 -0.0272958 0.016429 0.768322
1.74065e+09 1.21027 -0.655592 0.0607108 -0.639859 -0.0266635 0.0157721 0.767868
1.74065e+09 1.19974 -0.735042 0.0641184 -0.640554 -0.0281484 0.0165923 0.767218
1.74065e+09 1.18936 -0.808116 0.0623217 -0.641649 -0.0245809 0.0172866 0.766409
1.74065e+09 1.17799 -0.86977 0.0681185 -0.640836 -0.0263962 0.0173848 0.767027
1.74065e+09 1.16781 -0.944129 0.0690975 -0.640767 -0.0253467 0.0163016 0.767144
1.74065e+09 1.15802 -1.02148 0.0705285 -0.641239 -0.0263081 0.0167368 0.766707
1.74065e+09 1.14797 -1.10229 0.0663337 -0.642172 -0.0253182 0.0151054 0.765993
1.74065e+09 1.14174 -1.17147 0.068901 -0.644672 -0.0254338 0.0162334 0.763864
1.74065e+09 1.13169 -1.24037 0.0684513 -0.647168 -0.0257887 0.0167665 0.761726
1.74065e+09 1.12147 -1.31033 0.0704371 -0.651415 -0.0245833 0.016197 0.75815
1.74065e+09 1.1144 -1.37057 0.0743384 -0.656686 -0.023505 0.0162677 0.753622
1.74065e+09 1.10669 -1.42892 0.0764932 -0.662561 -0.0234544 0.0169576 0.748448
1.74065e+09 1.09855 -1.48676 0.0779718 -0.669099 -0.0241649 0.0161603 0.742604
1.74065e+09 1.08832 -1.53632 0.0764727 -0.676515 -0.0214776 0.0178655 0.735899
1.74065e+09 1.08055 -1.58838 0.076241 -0.685127 -0.0224918 0.0170453 0.727876
1.74065e+09 1.0769 -1.64304 0.0770521 -0.691416 -0.0223853 0.0154843 0.721944
1.74065e+09 1.0792 -1.70048 0.0768808 -0.693826 -0.0204369 0.0196728 0.719583
1.74065e+09 1.08197 -1.77492 0.0778054 -0.693487 -0.0223034 0.01649 0.719935
1.74065e+09 1.07914 -1.86039 0.0827739 -0.693267 -0.024493 0.0157376 0.720093
1.74065e+09 1.08176 -1.93108 0.0838194 -0.693346 -0.0207916 0.0176835 0.720088
1.74065e+09 1.08538 -2.00994 0.0892262 -0.693082 -0.0224604 0.0172554 0.720302
1.74065e+09 1.08732 -2.08644 0.0921103 -0.693219 -0.0222107 0.0168869 0.720186
1.74065e+09 1.08724 -2.15979 0.0948067 -0.692907 -0.0220425 0.0172802 0.720483
1.74065e+09 1.08786 -2.23521 0.0960245 -0.693682 -0.0210357 0.0171117 0.719771
1.74065e+09 1.08885 -2.30824 0.0964575 -0.695008 -0.0220805 0.0162457 0.718479
1.74065e+09 1.08984 -2.37532 0.0980643 -0.694482 -0.0213678 0.0167224 0.718999
1.74065e+09 1.0922 -2.44128 0.0995118 -0.694844 -0.0215902 0.0177774 0.718616
1.74065e+09 1.09475 -2.5176 0.103192 -0.694955 -0.0212872 0.0160969 0.718558
1.74065e+09 1.09419 -2.58776 0.10578 -0.694388 -0.0219187 0.0166488 0.719075
1.74065e+09 1.09585 -2.665 0.105555 -0.695806 -0.0206478 0.0163311 0.717747
1.74065e+09 1.09823 -2.73685 0.109715 -0.696048 -0.0220441 0.0159192 0.71748
1.74065e+09 1.1002 -2.81141 0.111876 -0.69595 -0.0216188 0.0162072 0.717581
1.74065e+09 1.09926 -2.88895 0.112525 -0.696448 -0.0218855 0.0161671 0.717092
1.74065e+09 1.09855 -2.89032 0.112202 -0.696377 -0.0218698 0.0161896 0.71716
1.74065e+09 1.12421 -3.02563 0.102724 -0.69719 -0.020711 0.0159207 0.71641
1.74065e+09 1.13139 -3.09003 0.108302 -0.697383 -0.0219441 0.0166258 0.71617
1.74065e+09 1.121 -3.16543 0.116893 -0.697494 -0.020433 0.0172437 0.716092
1.74065e+09 1.11064 -3.2454 0.127923 -0.6976 -0.0216011 0.0165351 0.715971
1.74065e+09 1.10995 -3.31704 0.130789 -0.697857 -0.0203578 0.0171829 0.715741
1.74065e+09 1.11005 -3.39211 0.131301 -0.698076 -0.021045 0.0161599 0.715531
1.74065e+09 1.11301 -3.4672 0.130358 -0.699329 -0.0226898 0.0156922 0.714268
1.74065e+09 1.11732 -3.53922 0.134101 -0.700137 -0.0225332 0.0151852 0.713492
1.74065e+09 1.12423 -3.60852 0.132916 -0.699949 -0.0230164 0.0149735 0.713664
1.74065e+09 1.12495 -3.69299 0.140599 -0.699921 -0.0232459 0.0146502 0.713691
1.74065e+09 1.12877 -3.78157 0.143391 -0.700263 -0.0247889 0.0132797 0.713331
1.74065e+09 1.13087 -3.85947 0.143356 -0.700172 -0.0231392 0.0151285 0.713439
1.74065e+09 1.13579 -3.93427 0.144058 -0.701145 -0.0238862 0.0132923 0.712494
1.74065e+09 1.13786 -4.00399 0.143301 -0.700986 -0.0245789 0.0134451 0.712625
1.74065e+09 1.13525 -4.07619 0.142242 -0.701173 -0.0248676 0.012821 0.712442
1.74065e+09 1.13935 -4.1542 0.145504 -0.70118 -0.0252397 0.0127003 0.712424
1.74065e+09 1.14347 -4.22262 0.146451 -0.701664 -0.0230559 0.0136994 0.712003
1.74065e+09 1.14398 -4.29024 0.150018 -0.701572 -0.0246957 0.0116377 0.712075
1.74065e+09 1.1455 -4.35617 0.149659 -0.701936 -0.025451 0.0136936 0.711653
1.74065e+09 1.14736 -4.42954 0.156428 -0.701608 -0.0235611 0.0139679 0.712036
1.74065e+09 1.15349 -4.50539 0.156331 -0.701989 -0.0247398 0.0127675 0.711644
1.74065e+09 1.15582 -4.57202 0.156876 -0.702223 -0.0245564 0.0124812 0.711424
1.74065e+09 1.16246 -4.64714 0.154262 -0.702208 -0.0255409 0.0124092 0.711405
1.74065e+09 1.16533 -4.71145 0.155299 -0.700698 -0.0254051 0.0133111 0.712881
1.74065e+09 1.17206 -4.77716 0.153003 -0.699314 -0.0240338 0.0131388 0.71429
1.74065e+09 1.17501 -4.8384 0.155043 -0.697449 -0.0257322 0.0128609 0.716057
1.74065e+09 1.17733 -4.90003 0.157923 -0.695983 -0.0260673 0.0136528 0.717455
1.74065e+09 1.18193 -4.96131 0.158777 -0.693098 -0.0248104 0.0127579 0.720303
1.74065e+09 1.18192 -5.02223 0.163167 -0.688593 -0.0248545 0.0134137 0.724597
1.74065e+09 1.18256 -5.07707 0.168506 -0.684076 -0.0255372 0.0134569 0.72884
1.74065e+09 1.18423 -5.13255 0.171954 -0.678487 -0.0263608 0.0140252 0.734006
1.74065e+09 1.18568 -5.18111 0.169995 -0.673273 -0.0258946 0.0142364 0.738803
1.74065e+09 1.18727 -5.22977 0.167445 -0.668154 -0.0273767 0.014019 0.743387
1.74065e+09 1.18858 -5.28018 0.163361 -0.662047 -0.0254611 0.0154246 0.748871
1.74065e+09 1.18887 -5.33303 0.163982 -0.658217 -0.02582 0.0149606 0.752237
1.74065e+09 1.18742 -5.38987 0.161391 -0.653135 -0.0259432 0.0144574 0.756659
1.74065e+09 1.18399 -5.44254 0.163999 -0.649187 -0.024819 0.0138317 0.760098
1.74065e+09 1.18486 -5.49546 0.16503 -0.644985 -0.0245265 0.0151496 0.763651
1.74065e+09 1.18202 -5.55228 0.169465 -0.637948 -0.0255633 0.0145456 0.769518
1.74065e+09 1.17814 -5.60456 0.168298 -0.632442 -0.026113 0.0151735 0.774019
1.74065e+09 1.17273 -5.65668 0.16935 -0.627219 -0.0276964 0.0160584 0.778185
1.74065e+09 1.1677 -5.70635 0.170525 -0.621414 -0.0255185 0.0175383 0.78287
1.74065e+09 1.16008 -5.7637 0.175433 -0.613798 -0.0282877 0.0160651 0.788792
1.74065e+09 1.15816 -5.81101 0.177298 -0.60225 -0.0308372 0.0139406 0.79759
1.74065e+09 1.16499 -5.84069 0.178083 -0.578585 -0.0277929 0.0142988 0.815023
1.74065e+09 1.15908 -5.87001 0.176731 -0.566406 -0.0265171 0.0173656 0.823517
1.74065e+09 1.15313 -5.9148 0.176051 -0.55297 -0.02794 0.0148964 0.832599
1.74065e+09 1.14943 -5.9576 0.177107 -0.535545 -0.0294967 0.017424 0.843811
1.74065e+09 1.13752 -5.99232 0.178411 -0.52053 -0.0290165 0.0190704 0.853137
1.74065e+09 1.13017 -6.02939 0.179116 -0.504752 -0.0278708 0.0191473 0.862602
1.74065e+09 1.11021 -6.07478 0.182286 -0.489753 -0.0332252 0.0201325 0.870995
1.74065e+09 1.10034 -6.11166 0.181395 -0.474347 -0.0275859 0.0185166 0.879711
1.74065e+09 1.08065 -6.14751 0.180494 -0.460824 -0.0311531 0.0179115 0.886764
1.74065e+09 1.06375 -6.19137 0.181734 -0.441859 -0.0326028 0.0174126 0.896323
1.74065e+09 1.05062 -6.22038 0.179793 -0.428657 -0.0296197 0.0194785 0.902772
1.74065e+09 1.02182 -6.26193 0.179051 -0.414078 -0.0351617 0.0172816 0.909398
1.74065e+09 1.01577 -6.29501 0.178023 -0.392153 -0.0308126 0.0173355 0.91922
1.74065e+09 0.990707 -6.32019 0.179175 -0.379654 -0.0317709 0.0200815 0.924365
1.74065e+09 0.965434 -6.36176 0.179513 -0.362143 -0.034914 0.0164364 0.931323
1.74065e+09 0.946613 -6.38892 0.181148 -0.346866 -0.0305748 0.0193757 0.937216
1.74065e+09 0.910068 -6.42403 0.181633 -0.33267 -0.0349088 0.0188115 0.942209
1.74065e+09 0.896113 -6.45711 0.18144 -0.312059 -0.0288852 0.0194405 0.949424
1.74065e+09 0.857467 -6.48227 0.179132 -0.300363 -0.0344515 0.021228 0.952966
1.74065e+09 0.836254 -6.51886 0.177812 -0.278666 -0.0316605 0.0207373 0.959642
1.74065e+09 0.813332 -6.53914 0.172306 -0.262745 -0.0301419 0.0219322 0.964145
1.74065e+09 0.778866 -6.56544 0.175641 -0.245508 -0.0343764 0.0219823 0.968535
1.74065e+09 0.755037 -6.58506 0.171912 -0.230065 -0.0303832 0.0213036 0.972467
1.74065e+09 0.719033 -6.6103 0.177494 -0.217772 -0.035819 0.0211602 0.975113
1.74065e+09 0.698788 -6.64113 0.177808 -0.191922 -0.033332 0.0198206 0.980644
1.74065e+09 0.664476 -6.65754 0.17479 -0.177889 -0.0329091 0.0214353 0.983267
1.74065e+09 0.632769 -6.68186 0.174969 -0.15798 -0.0359182 0.019034 0.986605
1.74065e+09 0.600345 -6.6992 0.172849 -0.141315 -0.0332601 0.0208607 0.989186
1.74065e+09 0.56315 -6.71592 0.174177 -0.123759 -0.0379181 0.0208096 0.991369
1.74065e+09 0.5405 -6.74117 0.172869 -0.0991258 -0.0321792 0.019374 0.994366
1.74065e+09 0.496717 -6.75706 0.173171 -0.08614 -0.0361111 0.0222466 0.99538
1.74065e+09 0.462619 -6.78134 0.171904 -0.0656473 -0.0334925 0.0182106 0.997114
1.74065e+09 0.417484 -6.78252 0.168473 -0.0517816 -0.0343602 0.0213833 0.997838
1.74065e+09 0.377482 -6.79734 0.16901 -0.0345333 -0.0380217 0.0200974 0.998478
1.74065e+09 0.352867 -6.81056 0.167093 -0.0131881 -0.0282053 0.0198795 0.999317
1.74065e+09 0.313418 -6.81824 0.161751 -0.002577 -0.0354514 0.0227332 0.999109
1.74065e+09 0.278984 -6.83949 0.159312 0.023783 -0.0317351 0.0189224 0.999034
1.74065e+09 0.242967 -6.83265 0.160312 0.032658 -0.0288405 0.0218881 0.998811
1.74065e+09 0.190644 -6.83386 0.159791 0.0361574 -0.0286697 0.0194418 0.998746
1.74065e+09 0.12562 -6.82594 0.159341 0.0328856 -0.0309086 0.0200776 0.998779
1.74065e+09 0.0507192 -6.82271 0.158247 0.033133 -0.0333969 0.0200195 0.998692
1.74065e+09 -0.0177556 -6.82071 0.15659 0.0324893 -0.0318252 0.0211332 0.998742
1.74065e+09 -0.086576 -6.82272 0.155155 0.0315327 -0.0320771 0.0198193 0.998791
1.74065e+09 -0.15483 -6.82245 0.153028 0.0311516 -0.0321126 0.0200939 0.998797
1.74065e+09 -0.222358 -6.8212 0.149885 0.0303643 -0.032866 0.0200075 0.998798
1.74065e+09 -0.292212 -6.82101 0.151174 0.0303996 -0.0329936 0.0208332 0.998776
1.74065e+09 -0.361437 -6.81655 0.147801 0.0293008 -0.0329105 0.0203705 0.998821
1.74065e+09 -0.43202 -6.81785 0.144926 0.0297392 -0.0377907 0.0208072 0.998626
1.74065e+09 -0.495996 -6.81546 0.141177 0.0290538 -0.0366662 0.0208413 0.998688
1.74065e+09 -0.557483 -6.81329 0.134438 0.0286375 -0.0365814 0.0191488 0.998737
1.74065e+09 -0.620906 -6.81171 0.133083 0.0288069 -0.0377055 0.0193525 0.998686
1.74065e+09 -0.69216 -6.81092 0.129224 0.0286841 -0.038351 0.0208906 0.998634
1.74065e+09 -0.755133 -6.81315 0.132244 0.0284933 -0.0393865 0.0215022 0.998586
1.74065e+09 -0.813749 -6.81694 0.132201 0.0275428 -0.0387744 0.0210266 0.998647
1.74065e+09 -0.873792 -6.81754 0.129045 0.0266372 -0.0380463 0.0199933 0.998721
1.74065e+09 -0.937375 -6.81797 0.125763 0.0260451 -0.0396295 0.0198982 0.998677
1.74065e+09 -0.994085 -6.81241 0.122885 0.0260102 -0.0400751 0.0221918 0.998612
1.74065e+09 -1.05563 -6.80813 0.12151 0.0257769 -0.0398134 0.0229818 0.99861
1.74065e+09 -1.11593 -6.80808 0.121559 0.0253205 -0.0389933 0.0220777 0.998675
1.74065e+09 -1.17711 -6.81053 0.115407 0.0255277 -0.0361317 0.0208122 0.998804
1.74065e+09 -1.23153 -6.81014 0.112588 0.0248239 -0.0352562 0.0215859 0.998837
1.74065e+09 -1.28944 -6.81181 0.109275 0.0254616 -0.0360828 0.0220476 0.998781
1.74065e+09 -1.34532 -6.8118 0.10788 0.0246849 -0.0366893 0.0231101 0.998754
1.74065e+09 -1.40107 -6.81007 0.106154 0.0240524 -0.0358316 0.0235758 0.99879
1.74065e+09 -1.4637 -6.80599 0.102414 0.0233259 -0.0356617 0.0233778 0.998818
1.74065e+09 -1.52819 -6.80378 0.0989762 0.023438 -0.0356666 0.0230157 0.998824
1.74065e+09 -1.59163 -6.80363 0.0969694 0.0234323 -0.0339278 0.0233475 0.998877
1.74065e+09 -1.65194 -6.80669 0.0923808 0.0224345 -0.033891 0.0232458 0.998903
1.74065e+09 -1.70265 -6.80712 0.0907481 0.0206469 -0.0333642 0.0243411 0.998933
1.74065e+09 -1.75449 -6.80653 0.0887535 0.0178717 -0.0326356 0.0236611 0.999027
1.74065e+09 -1.8019 -6.80419 0.0872071 0.0134676 -0.0318505 0.0236116 0.999123
1.74065e+09 -1.84806 -6.8065 0.0897163 0.0095439 -0.032893 0.0246326 0.99911
1.74065e+09 -1.89307 -6.80434 0.0889975 0.00327629 -0.0316952 0.0241751 0.9992
1.74065e+09 -1.93859 -6.80496 0.0866035 -0.00169617 -0.0326136 0.0240218 0.999178
1.74065e+09 -1.9775 -6.80409 0.0860409 -0.00712892 -0.0298908 0.023465 0.999252
1.74065e+09 -2.02204 -6.80457 0.0832083 -0.0129448 -0.0302887 0.0234854 0.999181
1.74065e+09 -2.06576 -6.80452 0.0789456 -0.0184967 -0.0304089 0.0239417 0.99908
1.74065e+09 -2.11148 -6.80636 0.0725238 -0.0216565 -0.030593 0.0239181 0.999011
1.74065e+09 -2.1501 -6.80779 0.0707894 -0.0207236 -0.0313554 0.0248297 0.998985
1.74065e+09 -2.17985 -6.80965 0.0740385 -0.0222078 -0.0300254 0.0252504 0.998983
1.74065e+09 -2.19965 -6.8133 0.0735023 -0.0221586 -0.028077 0.024042 0.999071
1.74065e+09 -2.22027 -6.81215 0.0745646 -0.0255553 -0.0286235 0.0253401 0.998942
1.74065e+09 -2.22889 -6.81541 0.0743613 -0.0263318 -0.0269423 0.0257655 0.998958
1.74065e+09 -2.24767 -6.81684 0.0726502 -0.0273867 -0.0265502 0.0242494 0.998978
1.74065e+09 -2.26718 -6.81811 0.0733849 -0.0278699 -0.029082 0.0249096 0.998878
1.74065e+09 -2.27538 -6.81571 0.0725463 -0.0301897 -0.0263612 0.0256756 0.998867
1.74065e+09 -2.29405 -6.82329 0.0752955 -0.029935 -0.0255993 0.0243505 0.998927
1.74065e+09 -2.31663 -6.82425 0.0752743 -0.0312344 -0.028183 0.0243317 0.998818
1.74065e+09 -2.32119 -6.82108 0.0739432 -0.0374044 -0.0243054 0.0245324 0.998703
1.74065e+09 -2.33622 -6.8251 0.0729977 -0.0375411 -0.0254614 0.0233299 0.998698
1.74065e+09 -2.36161 -6.82814 0.0726991 -0.0400982 -0.0280255 0.0246942 0.998497
1.74065e+09 -2.38153 -6.82834 0.0718513 -0.0440687 -0.027354 0.0244103 0.998356
1.74065e+09 -2.40744 -6.8318 0.068725 -0.0448325 -0.0253935 0.0247185 0.998366
1.74065e+09 -2.43794 -6.8308 0.0709085 -0.05123 -0.0275221 0.0252735 0.997988
1.74065e+09 -2.45772 -6.83416 0.068312 -0.0528573 -0.0243018 0.0238144 0.998022
1.74065e+09 -2.49434 -6.83666 0.0693689 -0.0551555 -0.0277116 0.0252482 0.997774
1.74065e+09 -2.51582 -6.8358 0.0689419 -0.0608806 -0.0257569 0.0247839 0.997505
1.74065e+09 -2.54156 -6.84232 0.0674883 -0.0614501 -0.0259229 0.0243631 0.997476
1.74065e+09 -2.57209 -6.84415 0.0677677 -0.061648 -0.0296644 0.025711 0.997326
1.74065e+09 -2.58953 -6.84852 0.0643176 -0.0600644 -0.0279157 0.0251743 0.997486
1.74065e+09 -2.59102 -6.84966 0.0634824 -0.0595092 -0.0283758 0.0254114 0.997501
1.74065e+09 -2.58979 -6.84917 0.0650011 -0.0598611 -0.0273908 0.0249896 0.997518
1.74065e+09 -2.58549 -6.84836 0.0644934 -0.0592062 -0.027064 0.0256209 0.99755
1.74065e+09 -2.58842 -6.84878 0.0660651 -0.0592455 -0.0269524 0.0252523 0.99756
1.74065e+09 -2.58312 -6.84868 0.0672668 -0.0595187 -0.0274894 0.0256313 0.997519
1.74065e+09 -2.57843 -6.84736 0.0674618 -0.059709 -0.0267357 0.0254003 0.997534
1.74065e+09 -2.5774 -6.84781 0.0674168 -0.05957 -0.0274653 0.025547 0.997519
1.74065e+09 -2.57518 -6.8455 0.065646 -0.0642426 -0.0249248 0.0238622 0.997338
1.74065e+09 -2.57245 -6.84125 0.0671829 -0.0786115 -0.028072 0.025068 0.996195
1.74065e+09 -2.56518 -6.83417 0.0649477 -0.0951816 -0.0270101 0.0236972 0.994811
1.74065e+09 -2.55677 -6.83251 0.0640724 -0.108897 -0.0250704 0.0232445 0.993465
1.74065e+09 -2.56249 -6.823 0.0644671 -0.124814 -0.0270795 0.0240412 0.991519
1.74065e+09 -2.56214 -6.81767 0.0640006 -0.141529 -0.0269934 0.0233175 0.989291
1.74065e+09 -2.56136 -6.81244 0.062412 -0.157116 -0.0242221 0.0220334 0.987037
1.74065e+09 -2.56905 -6.80895 0.0661186 -0.171735 -0.0251178 0.0232949 0.984547
1.74065e+09 -2.56954 -6.80175 0.0666858 -0.18934 -0.0253681 0.0219015 0.981339
1.74065e+09 -2.56907 -6.79723 0.0662382 -0.20411 -0.0249513 0.0222998 0.978376
1.74065e+09 -2.57063 -6.7885 0.0670832 -0.225609 -0.0241533 0.0216097 0.973679
1.74065e+09 -2.57284 -6.77683 0.0644554 -0.266581 -0.0246433 0.0217076 0.963253
1.74065e+09 -2.58215 -6.75947 0.0644808 -0.30658 -0.0229047 0.0218694 0.951318
1.74065e+09 -2.58718 -6.75032 0.0642385 -0.34305 -0.0227237 0.0188551 0.938853
1.74065e+09 -2.59674 -6.73852 0.0626561 -0.380042 -0.0234093 0.0193283 0.924471
1.74065e+09 -2.61399 -6.73104 0.0579891 -0.417579 -0.0223165 0.019366 0.90816
1.74065e+09 -2.63265 -6.72655 0.0593999 -0.453426 -0.0218968 0.0183135 0.890837
1.74065e+09 -2.63792 -6.72282 0.058686 -0.486564 -0.0202201 0.0162087 0.87326
1.74065e+09 -2.65323 -6.7163 0.0579563 -0.52136 -0.0203784 0.0160863 0.852942
1.74065e+09 -2.66037 -6.70772 0.0600902 -0.555318 -0.0186883 0.0157433 0.831279
1.74065e+09 -2.67267 -6.70012 0.0626877 -0.587217 -0.017942 0.014733 0.809097
1.74065e+09 -2.68526 -6.69388 0.0631579 -0.619198 -0.0162678 0.0138916 0.784943
1.74065e+09 -2.69717 -6.68949 0.0650291 -0.651495 -0.0171317 0.0140834 0.758329
1.74065e+09 -2.70913 -6.68784 0.0681111 -0.68122 -0.0149874 0.0127579 0.731814
1.74065e+09 -2.72335 -6.68746 0.065717 -0.708431 -0.0133243 0.012405 0.705546
1.74065e+09 -2.73793 -6.6868 0.060692 -0.737328 -0.0120071 0.0115884 0.675328
1.74065e+09 -2.75423 -6.68624 0.0570229 -0.764037 -0.0126135 0.00990924 0.644973
1.74065e+09 -2.76979 -6.69543 0.055858 -0.789104 -0.0117317 0.00791876 0.614096
1.74065e+09 -2.79228 -6.70352 0.0560926 -0.812678 -0.0109586 0.0100208 0.582524
1.74065e+09 -2.80593 -6.70724 0.0538818 -0.835687 -0.00768581 0.00767655 0.549098
1.74065e+09 -2.81394 -6.71468 0.059966 -0.855199 -0.0079917 0.00451496 0.518219
1.74065e+09 -2.81643 -6.71964 0.0599712 -0.872124 -0.00833537 0.00575084 0.489181
1.74065e+09 -2.82883 -6.72571 0.0534519 -0.891325 -0.00484662 0.00715114 0.453282
1.74065e+09 -2.83284 -6.73581 0.0507521 -0.908213 -0.0035757 0.00381185 0.418476
1.74065e+09 -2.84312 -6.74445 0.0567323 -0.923436 -0.00364865 0.0009515 0.383734
1.74065e+09 -2.85919 -6.75317 0.0574645 -0.93837 -0.00489183 0.00258748 0.345589
1.74065e+09 -2.86805 -6.76705 0.0588681 -0.952123 -0.00296647 0.00200762 0.305695
1.74065e+09 -2.87599 -6.7775 0.0598652 -0.963431 0.000649276 -0.00125235 0.267954
1.74065e+09 -2.88116 -6.78992 0.0584064 -0.973439 0.00086868 -0.000996318 0.228943
1.74065e+09 -2.87824 -6.80469 0.0595236 -0.982079 0.000244914 -0.00168181 0.18846
1.74065e+09 -2.8919 -6.81434 0.060682 -0.987192 0.00111485 -0.000975412 0.15953
1.74065e+09 -2.8805 -6.8146 0.0584922 -0.987355 0.00231653 -0.00342008 0.158473
1.74065e+09 -2.86777 -6.82284 0.057882 -0.986904 0.000163001 -0.00412689 0.161258
1.74065e+09 -2.86139 -6.82251 0.057435 -0.98652 0.00108299 -0.0024167 0.163617
1.74065e+09 -2.85608 -6.82387 0.0572129 -0.986517 0.000975729 -0.00222205 0.163642
1.74065e+09 -2.85917 -6.82173 0.0596912 -0.986629 0.00134055 -0.00265408 0.162958
1.74065e+09 -2.85615 -6.82113 0.0584778 -0.986609 0.00149168 -0.0019096 0.163084
1.74065e+09 -2.85958 -6.8212 0.0592036 -0.98658 0.00144542 -0.00191854 0.163262
1.74065e+09 -2.85377 -6.82194 0.0597781 -0.986558 0.00125463 -0.0021782 0.16339
1.74065e+09 -2.85382 -6.8202 0.061756 -0.986709 0.00142396 -0.00218649 0.162476
1.74065e+09 -2.85248 -6.82179 0.0595161 -0.98663 0.00224464 0.00205711 0.162948
1.74065e+09 -2.82361 -6.83021 0.0591738 -0.986859 0.00160919 0.00340431 0.161541
1.74065e+09 -2.75714 -6.84708 0.0644044 -0.98679 0.00202082 -0.00522768 0.161907
1.74065e+09 -2.69232 -6.86493 0.067209 -0.987005 0.000182805 -0.00535821 0.1606
1.74065e+09 -2.64018 -6.88204 0.0682607 -0.987113 0.00162675 -0.00179466 0.160004
1.74065e+09 -2.57587 -6.8958 0.0702728 -0.98702 0.00204393 -0.00120182 0.160579
1.74065e+09 -2.51807 -6.91055 0.0695992 -0.986966 0.000878717 -0.00169855 0.160919
1.74065e+09 -2.46553 -6.92581 0.069618 -0.987004 1.74348e-05 -0.000983627 0.160693
1.74065e+09 -2.4072 -6.94176 0.0754401 -0.987002 -0.000134804 -0.000734063 0.160707
1.74065e+09 -2.34865 -6.96143 0.0745699 -0.98696 0.000383989 -0.00185353 0.160954
1.74065e+09 -2.29803 -6.97786 0.078896 -0.987382 0.0021827 0.00135547 0.158333
1.74065e+09 -2.23599 -6.99398 0.080879 -0.988709 0.00366384 -0.00122065 0.1498
1.74065e+09 -2.171 -7.01865 0.0835755 -0.991355 0.00249267 -0.00651949 0.131023
1.74065e+09 -2.13838 -7.04321 0.0799693 -0.995569 0.00465963 -0.00168125 0.0939023
1.74065e+09 -2.10606 -7.05057 0.0782519 -0.997334 0.004185 0.00230802 0.0728181
1.74065e+09 -2.05736 -7.06663 0.0818328 -0.999083 0.00448995 -0.00358359 0.0424268
1.74065e+09 -2.01632 -7.07842 0.0848139 -0.999775 0.00669821 0.00187851 0.0200512
1.74065e+09 -1.96639 -7.08293 0.0891704 -0.999965 0.00769991 -0.00324503 -0.00071547
1.74065e+09 -1.92298 -7.09828 0.0894355 -0.999409 0.00696357 -0.0025482 -0.0335738
1.74065e+09 -1.88601 -7.09506 0.0948552 -0.998471 0.00796752 0.000921244 -0.0547006
1.74065e+09 -1.83791 -7.09076 0.09614 -0.997086 0.00943893 2.8406e-05 -0.0756939
1.74065e+09 -1.78313 -7.08463 0.0990838 -0.996037 0.00674214 0.00101082 -0.0886732
1.74065e+09 -1.71415 -7.06936 0.0973231 -0.995992 0.00611263 0.00503638 -0.0890955
1.74065e+09 -1.61176 -7.04795 0.104878 -0.996156 0.00605043 -0.00182058 -0.0873708
1.74065e+09 -1.51761 -7.03189 0.105997 -0.996197 0.00646422 -0.00128225 -0.0868841
1.74065e+09 -1.43221 -7.01575 0.107177 -0.996221 0.00619395 0.00246453 -0.0865994
1.74065e+09 -1.34542 -6.99776 0.108396 -0.99622 0.00496753 0.00358863 -0.086655
1.74065e+09 -1.25768 -6.97949 0.111465 -0.996204 0.00518458 0.00216445 -0.0868626
1.74065e+09 -1.17886 -6.96055 0.110706 -0.996264 0.00473281 0.0034763 -0.0861549
1.74065e+09 -1.10051 -6.94343 0.11406 -0.9962 0.00448307 0.00437926 -0.0868667
1.74065e+09 -1.0134 -6.92277 0.116941 -0.996192 0.00343846 0.00269722 -0.0870741
1.74065e+09 -0.927297 -6.90498 0.121502 -0.996168 0.00407566 0.00314609 -0.0873078
1.74065e+09 -0.844266 -6.88625 0.125622 -0.996 0.00320425 0.00305645 -0.0892484
1.74065e+09 -0.761099 -6.86454 0.131392 -0.996043 0.00283555 0.00153813 -0.0888098
1.74065e+09 -0.6773 -6.85003 0.1336 -0.995969 0.00335915 -0.00140771 -0.0896273
1.74065e+09 -0.596491 -6.83112 0.138549 -0.99592 0.00293632 -0.00138883 -0.0901795
1.74065e+09 -0.510726 -6.8103 0.140346 -0.996017 0.00396564 -0.00218537 -0.0890494
1.74065e+09 -0.425723 -6.79266 0.141881 -0.995959 0.0032955 -0.00310707 -0.0896982
1.74065e+09 -0.344303 -6.77565 0.144117 -0.995882 0.00331733 -0.00268575 -0.0905595
1.74065e+09 -0.261908 -6.75529 0.146723 -0.99597 0.00386424 -0.00216116 -0.0895778
1.74065e+09 -0.174721 -6.73656 0.149711 -0.995774 0.00394542 -0.00514566 -0.0916076
1.74065e+09 -0.100632 -6.71926 0.150834 -0.995448 0.00393374 -0.00293452 -0.0951818
1.74065e+09 -0.0268193 -6.70158 0.153715 -0.995126 0.00337505 -0.00222358 -0.0985283
1.74065e+09 0.0463021 -6.68587 0.157337 -0.994713 0.00442011 -0.00262216 -0.102562
1.74065e+09 0.117616 -6.67332 0.160467 -0.99417 0.00435139 -0.00329462 -0.107687
1.74065e+09 0.191609 -6.65773 0.16078 -0.993485 0.00412662 -0.0023143 -0.113869
1.74065e+09 0.262348 -6.63868 0.163723 -0.992701 0.00644344 -0.00328507 -0.120381
1.74065e+09 0.337801 -6.61736 0.162078 -0.991623 0.00553317 -0.00280075 -0.129014
1.74065e+09 0.407287 -6.59705 0.165154 -0.990533 0.00525763 -0.00456939 -0.1371
1.74065e+09 0.470989 -6.57722 0.166836 -0.989336 0.00764964 -0.00253678 -0.145426
1.74065e+09 0.538702 -6.55995 0.169803 -0.988038 0.00586282 -0.00312926 -0.154066
1.74065e+09 0.609222 -6.53732 0.172933 -0.985871 0.0073923 -0.00607971 -0.167231
1.74065e+09 0.678531 -6.52623 0.17559 -0.980133 0.00770921 -0.00776111 -0.198038
1.74065e+09 0.729969 -6.52122 0.175949 -0.970162 0.00946156 -0.00671967 -0.242178
1.74065e+09 0.764161 -6.50685 0.171592 -0.96182 0.00933328 -0.0027515 -0.273509
1.74065e+09 0.818972 -6.48726 0.172421 -0.950181 0.0110115 -0.00642903 -0.311439
1.74065e+09 0.861499 -6.46963 0.179233 -0.939908 0.00964727 -0.00560533 -0.341246
1.74065e+09 0.915185 -6.43267 0.178777 -0.929326 0.0164797 -0.0124056 -0.368683
1.74065e+09 0.967572 -6.41788 0.180588 -0.912133 0.00985355 -0.00676177 -0.409721
1.74065e+09 1.00738 -6.36665 0.180211 -0.900412 0.0189149 -0.011776 -0.434468
1.74065e+09 1.06684 -6.33517 0.179951 -0.882601 0.0126242 -0.0108233 -0.469829
1.74065e+09 1.0976 -6.28362 0.177988 -0.867492 0.0197192 -0.010054 -0.496958
1.74065e+09 1.14 -6.23735 0.179186 -0.852106 0.0172443 -0.011571 -0.522957
1.74065e+09 1.16901 -6.18852 0.179569 -0.837884 0.0197461 -0.0115076 -0.54537
1.74065e+09 1.19851 -6.13394 0.178776 -0.822501 0.0206553 -0.0124834 -0.568252
1.74065e+09 1.2275 -6.08375 0.180816 -0.808436 0.0189268 -0.0112849 -0.588172
1.74065e+09 1.24956 -6.02557 0.177292 -0.795733 0.020468 -0.0110571 -0.6052
1.74065e+09 1.27012 -5.96439 0.180365 -0.780737 0.0209243 -0.0128608 -0.624377
1.74065e+09 1.28798 -5.90779 0.180584 -0.767202 0.0213474 -0.0120514 -0.640937
1.74065e+09 1.30065 -5.84499 0.178353 -0.753536 0.0226444 -0.0139482 -0.656868
1.74065e+09 1.31102 -5.7788 0.178685 -0.73991 0.0223575 -0.0148498 -0.67217
1.74065e+09 1.31966 -5.70701 0.175954 -0.729799 0.0218009 -0.0134209 -0.683183
1.74065e+09 1.32352 -5.62558 0.17321 -0.72888 0.0191174 -0.0108003 -0.684289
1.74065e+09 1.32589 -5.52358 0.178081 -0.728988 0.0226709 -0.0150135 -0.683986
1.74065e+09 1.3308 -5.42538 0.176228 -0.727568 0.0227024 -0.0152029 -0.685491
1.74065e+09 1.33391 -5.33328 0.173307 -0.727224 0.0210385 -0.0128683 -0.685957
1.74065e+09 1.33163 -5.23847 0.170787 -0.728277 0.0204664 -0.0132733 -0.684849
1.74065e+09 1.33401 -5.13738 0.166026 -0.727796 0.0220138 -0.0139091 -0.685299
1.74065e+09 1.33818 -5.03913 0.163543 -0.726955 0.0214795 -0.0136273 -0.686213
1.74065e+09 1.34002 -4.93927 0.160209 -0.727075 0.0221256 -0.0132103 -0.686074
1.74065e+09 1.34112 -4.84403 0.161035 -0.72684 0.0240662 -0.0155759 -0.686208
1.74065e+09 1.34076 -4.7582 0.158811 -0.727062 0.0225555 -0.0146985 -0.686044
1.74065e+09 1.33859 -4.68479 0.159584 -0.725741 0.0217877 -0.0126719 -0.687506
1.74065e+09 1.33699 -4.59966 0.157971 -0.727125 0.0221788 -0.0134915 -0.686015
1.74065e+09 1.33614 -4.52058 0.158239 -0.726197 0.0222341 -0.0143524 -0.686977
1.74065e+09 1.3363 -4.43706 0.157186 -0.726009 0.0219739 -0.01403 -0.687191
1.74065e+09 1.33524 -4.34909 0.158469 -0.726262 0.0221603 -0.0132706 -0.686932
1.74065e+09 1.33727 -4.26652 0.153088 -0.725076 0.0208719 -0.0126562 -0.688236
1.74065e+09 1.33624 -4.18784 0.152614 -0.725526 0.0219816 -0.0130639 -0.68772
1.74065e+09 1.33892 -4.10514 0.152515 -0.725849 0.0232931 -0.0151048 -0.687293
1.74065e+09 1.33922 -4.02155 0.149445 -0.725731 0.0245842 -0.0163844 -0.687344
1.74065e+09 1.33686 -3.94283 0.14807 -0.725907 0.0223235 -0.0130813 -0.687306
1.74065e+09 1.33639 -3.85856 0.14504 -0.725266 0.0250306 -0.0159028 -0.68783
1.74065e+09 1.33813 -3.77515 0.142293 -0.725069 0.0245996 -0.0157234 -0.688057
1.74065e+09 1.33855 -3.69073 0.140247 -0.724662 0.0250048 -0.0170449 -0.68844
1.74065e+09 1.34001 -3.60755 0.139228 -0.72432 0.025861 -0.0163265 -0.688785
1.74065e+09 1.33693 -3.52651 0.136981 -0.725259 0.0262672 -0.016686 -0.687773
1.74065e+09 1.33767 -3.44341 0.135444 -0.72455 0.0255439 -0.0167173 -0.688546
1.74065e+09 1.33327 -3.36302 0.13068 -0.724764 0.0246504 -0.0157352 -0.688376
1.74065e+09 1.33346 -3.28304 0.128958 -0.723408 0.0249902 -0.0159953 -0.689783
1.74065e+09 1.32997 -3.19501 0.128519 -0.723465 0.0247901 -0.0148201 -0.689756
1.74065e+09 1.33081 -3.10918 0.127133 -0.723831 0.0250126 -0.0152106 -0.689356
1.74065e+09 1.33039 -3.02054 0.124973 -0.722992 0.0252802 -0.0155006 -0.690219
1.74065e+09 1.32841 -2.93614 0.122052 -0.723733 0.0258276 -0.0148674 -0.689436
1.74065e+09 1.32898 -2.85352 0.121993 -0.722954 0.0251041 -0.0160112 -0.690254
1.74065e+09 1.32754 -2.7723 0.116907 -0.722765 0.0264893 -0.0155318 -0.690412
1.74065e+09 1.328 -2.69103 0.113619 -0.723003 0.0257593 -0.0149889 -0.690202
1.74065e+09 1.32586 -2.60625 0.109154 -0.722623 0.0257732 -0.0162548 -0.690571
1.74065e+09 1.32435 -2.52779 0.106446 -0.722392 0.0261863 -0.0143775 -0.690838
1.74065e+09 1.32575 -2.43826 0.105259 -0.72121 0.02607 -0.0166853 -0.692024
1.74065e+09 1.33397 -2.35522 0.104308 -0.721571 0.0267073 -0.0147892 -0.691667
1.74065e+09 1.33594 -2.26966 0.104875 -0.72127 0.0276036 -0.0164428 -0.691909
1.74065e+09 1.33176 -2.1927 0.102273 -0.720484 0.0263507 -0.0146855 -0.692815
1.74065e+09 1.32915 -2.11615 0.102669 -0.721509 0.0257038 -0.0148341 -0.691768
1.74065e+09 1.3236 -2.03574 0.100124 -0.720307 0.0270887 -0.0154553 -0.692954
1.74065e+09 1.31745 -1.96379 0.0965037 -0.720514 0.0257415 -0.0141135 -0.692819
1.74065e+09 1.31339 -1.88489 0.0933793 -0.720561 0.0260402 -0.0139999 -0.692761
1.74065e+09 1.31184 -1.80293 0.089823 -0.720976 0.0257389 -0.0148141 -0.692324
1.74065e+09 1.31186 -1.71926 0.0880129 -0.720278 0.0271668 -0.0155388 -0.692979
1.74065e+09 1.31092 -1.64349 0.0855075 -0.720994 0.02436 -0.0131258 -0.692389
1.74065e+09 1.30974 -1.55979 0.0813703 -0.720188 0.0258768 -0.0134891 -0.693165
1.74065e+09 1.30893 -1.48078 0.0809356 -0.720504 0.0255997 -0.0135588 -0.692845
1.74065e+09 1.30863 -1.40442 0.0782178 -0.719615 0.0249366 -0.0129002 -0.693805
1.74065e+09 1.31006 -1.32503 0.0785163 -0.719454 0.0251966 -0.014924 -0.693922
1.74065e+09 1.31444 -1.25855 0.077964 -0.719607 0.0261482 -0.0130179 -0.693767
1.74065e+09 1.31213 -1.18374 0.0790693 -0.719933 0.0245194 -0.0131112 -0.693487
1.74065e+09 1.30587 -1.10527 0.0733851 -0.718711 0.0243784 -0.0125269 -0.694768
1.74065e+09 1.30203 -1.02981 0.072478 -0.71882 0.0243699 -0.012389 -0.694658
1.74065e+09 1.29678 -0.949138 0.068387 -0.718053 0.0250863 -0.0118794 -0.695435
1.74065e+09 1.29795 -0.871643 0.0672527 -0.717682 0.0242793 -0.012064 -0.695843
1.74065e+09 1.29514 -0.791257 0.0623705 -0.717282 0.025707 -0.0129467 -0.696189
1.74065e+09 1.29744 -0.718512 0.0613013 -0.716717 0.0246578 -0.0131183 -0.696805
1.74065e+09 1.29319 -0.662521 0.0604141 -0.717343 0.0248571 -0.0107465 -0.696194
1.74065e+09 1.29091 -0.605689 0.0582234 -0.716074 0.026205 -0.0117271 -0.697434
1.74065e+09 1.28966 -0.562741 0.0574871 -0.716271 0.0261418 -0.0112409 -0.697242
1.74065e+09 1.29121 -0.523098 0.0558006 -0.715962 0.0249164 -0.0116189 -0.697598
1.74065e+09 1.28812 -0.492516 0.0551606 -0.716081 0.0240179 -0.0118778 -0.697502
1.74065e+09 1.288 -0.453894 0.0544909 -0.716403 0.0252478 -0.0121942 -0.697123
1.74065e+09 1.28692 -0.408426 0.055491 -0.717217 0.0269002 -0.0132156 -0.696205
1.74065e+09 1.2863 -0.365864 0.0556455 -0.717618 0.0266977 -0.0121252 -0.69582
1.74065e+09 1.2863 -0.324499 0.0565002 -0.716894 0.026748 -0.0137234 -0.696534
1.74065e+09 1.28475 -0.28853 0.0562418 -0.716308 0.0258073 -0.0130811 -0.697184
1.74065e+09 1.28134 -0.256127 0.0566623 -0.717427 0.0261362 -0.0126084 -0.696029
1.74065e+09 1.28429 -0.234216 0.0583041 -0.716569 0.0244686 -0.0132192 -0.696962
1.74065e+09 1.27855 -0.209923 0.0569068 -0.717708 0.027447 -0.0124315 -0.695692
1.74065e+09 1.28417 -0.193909 0.0555363 -0.716185 0.0255766 -0.0136258 -0.697308
1.74065e+09 1.28151 -0.184145 0.0551172 -0.716788 0.0255856 -0.013012 -0.6967
1.74065e+09 1.28151 -0.173439 0.0540797 -0.717028 0.0262357 -0.013362 -0.696422
1.74065e+09 1.28047 -0.170247 0.0525993 -0.71747 0.025856 -0.01211 -0.696004
1.74065e+09 1.28163 -0.165351 0.0506509 -0.717345 0.0258456 -0.0115813 -0.696142
1.74065e+09 1.28084 -0.163031 0.0524264 -0.717025 0.0253564 -0.0119859 -0.696483
1.74065e+09 1.28151 -0.165011 0.051896 -0.717198 0.0271716 -0.0131739 -0.696215
1.74065e+09 1.28071 -0.170074 0.0536967 -0.717622 0.0261944 -0.0120032 -0.695836
1.74065e+09 1.28186 -0.171616 0.0506345 -0.717808 0.0260868 -0.0119373 -0.69565
1.74065e+09 1.28118 -0.17086 0.0516793 -0.717753 0.0259191 -0.0122342 -0.695708
1.74065e+09 1.28126 -0.169448 0.0522794 -0.717472 0.0262702 -0.0122119 -0.695985
1.74065e+09 1.28152 -0.172762 0.0517053 -0.717765 0.0259376 -0.0118689 -0.695701
1.74065e+09 1.28047 -0.172646 0.0523391 -0.717752 0.0260795 -0.0121101 -0.695705
1.74065e+09 1.28099 -0.174355 0.0524954 -0.717529 0.0262656 -0.0118212 -0.695933
1.74065e+09 1.28014 -0.175057 0.0542973 -0.717915 0.0260593 -0.0121489 -0.695537
1.74065e+09 1.27983 -0.175197 0.0525503 -0.717657 0.0259947 -0.0121303 -0.695806
1.74065e+09 1.28067 -0.174366 0.0541859 -0.717808 0.0258914 -0.0120379 -0.695656
1.74065e+09 1.28146 -0.173048 0.0534209 -0.717526 0.0264967 -0.0124764 -0.695916
1.74065e+09 1.28127 -0.172715 0.05464 -0.717469 0.0257445 -0.0122482 -0.696007
1.74065e+09 1.28144 -0.172822 0.05181 -0.717617 0.0263325 -0.012219 -0.695832
1.74065e+09 1.28134 -0.174932 0.0535863 -0.717976 0.0262238 -0.012219 -0.695466
1.74065e+09 1.28222 -0.170945 0.0503666 -0.717645 0.0261666 -0.0117495 -0.695818
1.74065e+09 1.28228 -0.171107 0.05222 -0.717665 0.026335 -0.0121864 -0.695784
1.74065e+09 1.28155 -0.171721 0.0502787 -0.717672 0.0261721 -0.0118485 -0.695789
1.74065e+09 1.28108 -0.172809 0.0516133 -0.717855 0.0260447 -0.0120768 -0.6956
1.74065e+09 1.28124 -0.173454 0.0524606 -0.71753 0.0254549 -0.011385 -0.695969
1.74065e+09 1.28117 -0.167848 0.0527483 -0.717649 0.0254442 -0.0120087 -0.695837
1.74065e+09 1.28033 -0.162868 0.0527726 -0.716893 0.0251448 -0.0120636 -0.696625
1.74065e+09 1.28093 -0.161975 0.0528513 -0.717095 0.0252918 -0.0122239 -0.696409
1.74065e+09 1.27886 -0.158516 0.0531978 -0.717098 0.0252801 -0.0119213 -0.696411
1.74065e+09 1.27954 -0.155661 0.0525601 -0.717022 0.0247941 -0.0117775 -0.696509
1.74065e+09 1.27962 -0.150656 0.055006 -0.717012 0.025168 -0.0119352 -0.696504
1.74065e+09 1.28084 -0.147121 0.0544719 -0.717282 0.0248652 -0.0119309 -0.696237
1.74065e+09 1.28192 -0.144983 0.0551289 -0.717233 0.0250645 -0.0120963 -0.696277
1.74065e+09 1.28223 -0.142018 0.0563022 -0.717416 0.0254665 -0.0125102 -0.696067
1.74065e+09 1.28215 -0.139021 0.0538683 -0.717686 0.0262194 -0.0127487 -0.695757
1.74065e+09 1.28156 -0.134519 0.0529982 -0.717743 0.0258468 -0.0123067 -0.695719
1.74065e+09 1.28073 -0.129925 0.0506561 -0.717953 0.0262451 -0.0119456 -0.695494
1.74065e+09 1.28007 -0.127439 0.0513693 -0.718402 0.0259244 -0.0122568 -0.695037
1.74065e+09 1.2801 -0.124915 0.0512379 -0.71818 0.0260392 -0.0119511 -0.695267
1.74065e+09 1.28005 -0.120038 0.051743 -0.717859 0.0257725 -0.011703 -0.695613
1.74065e+09 1.28038 -0.118056 0.0510467 -0.717965 0.0258914 -0.0119241 -0.695495
1.74065e+09 1.27973 -0.115085 0.0525688 -0.717863 0.0254475 -0.0119133 -0.695618
1.74065e+09 1.27995 -0.112604 0.0512057 -0.717742 0.0254931 -0.0117686 -0.695743
1.74065e+09 1.2801 -0.11291 0.0502479 -0.717433 0.0254242 -0.0118968 -0.696061
1.74065e+09 1.28068 -0.113498 0.0501672 -0.71749 0.025474 -0.011718 -0.696004
1.74065e+09 1.28041 -0.117076 0.0499985 -0.717832 0.0267619 -0.0130794 -0.695579
1.74065e+09 1.27995 -0.124524 0.05355 -0.718293 0.0257775 -0.0118168 -0.695163
1.74065e+09 1.28092 -0.123113 0.0533824 -0.718178 0.0256271 -0.0116609 -0.69529
1.74065e+09 1.27981 -0.119222 0.0554204 -0.718014 0.0261278 -0.0125199 -0.695425
1.74065e+09 1.27933 -0.117034 0.0542638 -0.718166 0.0262845 -0.012339 -0.695266
1.74065e+09 1.27778 -0.118821 0.0552507 -0.718302 0.0258331 -0.0119933 -0.695148
1.74065e+09 1.27796 -0.117179 0.0537529 -0.717919 0.025969 -0.0123946 -0.695532
1.74065e+09 1.27867 -0.118008 0.053588 -0.718094 0.0258381 -0.0123367 -0.695357
1.74065e+09 1.28126 -0.122607 0.0525221 -0.718306 0.0262791 -0.0120157 -0.695127
1.74065e+09 1.2794 -0.122259 0.0525737 -0.718177 0.0258392 -0.0121325 -0.695275
1.74065e+09 1.27972 -0.122819 0.0501612 -0.718278 0.0257692 -0.0121183 -0.695173
1.74065e+09 1.2787 -0.122194 0.052093 -0.718236 0.0259422 -0.0122557 -0.695208
1.74065e+09 1.27844 -0.119968 0.0513712 -0.718253 0.0254743 -0.0124738 -0.695203
1.74065e+09 1.27874 -0.117008 0.0518304 -0.717852 0.0260625 -0.0120829 -0.695603
1.74065e+09 1.27982 -0.114362 0.0528126 -0.718214 0.025908 -0.01255 -0.695226
1.74065e+09 1.28051 -0.119021 0.0520476 -0.718065 0.0259143 -0.0119983 -0.69539
1.74065e+09 1.28008 -0.121947 0.0519413 -0.718494 0.0256723 -0.0122412 -0.694951
1.74065e+09 1.28024 -0.123821 0.0509425 -0.718398 0.0259259 -0.0120137 -0.695046
1.74065e+09 1.27968 -0.123645 0.0519754 -0.718255 0.0260585 -0.0122201 -0.695185
1.74065e+09 1.28151 -0.124226 0.0512929 -0.722332 0.0249729 -0.01437 -0.690946
1.74065e+09 1.27288 -0.116119 0.0521871 -0.737001 0.0254811 -0.0150711 -0.675243
1.74065e+09 1.2612 -0.114789 0.0530587 -0.757232 0.0235681 -0.0132617 -0.652586
1.74065e+09 1.25261 -0.113922 0.0531269 -0.774497 0.0229425 -0.0130639 -0.632027
1.74065e+09 1.24478 -0.107962 0.0518207 -0.791391 0.0222759 -0.0130385 -0.610765
1.74065e+09 1.23466 -0.108849 0.048472 -0.8074 0.0201279 -0.0113092 -0.589552
1.74065e+09 1.22847 -0.105641 0.0468267 -0.823842 0.0200912 -0.0126738 -0.566321
1.74065e+09 1.21794 -0.103645 0.0471573 -0.838891 0.0188678 -0.0100466 -0.543879
1.74065e+09 1.21322 -0.0969641 0.0477995 -0.853679 0.0180001 -0.0115294 -0.52036
1.74065e+09 1.20308 -0.0917581 0.0461866 -0.867644 0.0169002 -0.00946247 -0.496808
1.74065e+09 1.19568 -0.0863663 0.0471554 -0.882409 0.0164814 -0.010785 -0.47007
1.74065e+09 1.18442 -0.0858387 0.0455942 -0.895382 0.0152588 -0.007721 -0.444971
1.74065e+09 1.1749 -0.0808247 0.0483039 -0.909421 0.0147541 -0.00851142 -0.415527
1.74065e+09 1.16929 -0.0769601 0.0475052 -0.920616 0.01272 -0.0078145 -0.390184
1.74065e+09 1.1596 -0.066723 0.0460496 -0.932545 0.0121218 -0.00623995 -0.360797
1.74065e+09 1.15364 -0.0555391 0.0445706 -0.941968 0.0109029 -0.00639191 -0.335465
1.74065e+09 1.1468 -0.0474412 0.0429163 -0.952519 0.0102219 -0.00414808 -0.304279
1.74065e+09 1.14671 -0.043027 0.0429023 -0.960594 0.00861944 -0.00574271 -0.277761
1.74065e+09 1.13711 -0.0359805 0.04059 -0.968981 0.00748498 -0.00201229 -0.247014
1.74065e+09 1.13619 -0.0259539 0.0434944 -0.974722 0.00627254 -0.00568759 -0.22326
1.74065e+09 1.12772 -0.0142946 0.042185 -0.981786 0.0062022 -0.000458151 -0.189886
1.74065e+09 1.12628 -0.00475899 0.0461745 -0.986251 0.00415635 -0.00458447 -0.165138
1.74065e+09 1.12113 0.00653076 0.0425984 -0.99105 0.00417284 0.00109002 -0.133424
1.74065e+09 1.12362 0.0142271 0.0437446 -0.994186 0.0019537 -0.00220443 -0.107638
1.74065e+09 1.11996 0.0252051 0.0408573 -0.996867 0.00192873 0.001272 -0.0790623
1.74065e+09 1.12125 0.0289392 0.0423527 -0.998708 -0.000580278 -0.00164852 -0.0507801
1.74065e+09 1.11615 0.0399518 0.0425344 -0.999802 -0.000704268 0.000325719 -0.0198786
1.74065e+09 1.11827 0.0470194 0.0449006 -0.999957 -0.00325578 -0.000483651 0.00865468
1.74065e+09 1.11736 0.0581337 0.040694 -0.999325 -0.00398648 0.00110615 0.0365154
1.74065e+09 1.12229 0.0684481 0.0420038 -0.997681 -0.00602946 0.00125802 0.0677879
1.74065e+09 1.12071 0.0785863 0.0426481 -0.99548 -0.00578941 0.000850314 0.094796
1.74065e+09 1.1261 0.0877781 0.0427137 -0.993914 -0.0031652 0.00487411 0.110008
1.74065e+09 1.14281 0.0852711 0.0431656 -0.994537 -0.00427036 0.00191435 0.104283
1.74065e+09 1.15026 0.0839756 0.0421819 -0.994893 -0.00357589 0.00402197 0.10079
1.74065e+09 1.14999 0.0851097 0.0417144 -0.994838 -0.00376409 0.00470349 0.101302
1.74065e+09 1.14682 0.0828403 0.0406434 -0.994791 -0.0040761 0.0043719 0.10176
1.74065e+09 1.14695 0.0834228 0.0404895 -0.994822 -0.00361488 0.00461916 0.101461
1.74065e+09 1.14573 0.0796827 0.0413698 -0.994846 -0.00373786 0.00392134 0.101254
1.74065e+09 1.14507 0.0773977 0.0423306 -0.994805 -0.00396068 0.00439183 0.101624
1.74065e+09 1.14595 0.0770727 0.0418931 -0.994841 -0.003717 0.00455176 0.10128
1.74065e+09 1.14622 0.0772135 0.0427761 -0.995108 -0.00280572 0.00455046 0.09865
1.74065e+09 1.14761 0.0781174 0.0419332 -0.99574 -0.00136887 0.00393962 0.0921093
1.74065e+09 1.14963 0.0744155 0.0419059 -0.996421 -0.00173666 0.00394451 0.0844244
1.74065e+09 1.15056 0.0722093 0.0432098 -0.997146 -0.00172928 0.00257301 0.0754307
1.74065e+09 1.15106 0.0723935 0.0429221 -0.997876 -0.00145011 0.00219915 0.06509
1.74065e+09 1.14697 0.0687928 0.0417984 -0.998393 -0.00111744 0.00439252 0.056489
1.74065e+09 1.14772 0.0678945 0.0412214 -0.998904 -0.000936876 0.00358553 0.0466578
1.74065e+09 1.14854 0.0625786 0.0416962 -0.999193 -5.08203e-05 0.00312379 0.0400355
1.74065e+09 1.14955 0.0596394 0.0410506 -0.999411 0.000668812 0.0025965 0.0342227
1.74065e+09 1.15057 0.057064 0.0415857 -0.99963 0.000417117 0.00194238 0.0271437
1.74065e+09 1.15345 0.0548488 0.0414923 -0.99975 -0.000519637 0.00161259 0.0222871
1.74065e+09 1.15833 0.0590861 0.0423772 -0.999499 -0.00107004 0.00186516 0.0315673
1.74065e+09 1.16086 0.0585904 0.0412455 -0.999543 -0.0012694 0.00158875 0.0301527
1.74065e+09 1.15892 0.0604212 0.0409582 -0.999527 -0.00114784 0.00206036 0.0306568
1.74065e+09 1.1571 0.0602948 0.0404306 -0.999538 -0.00112484 0.00233454 0.0302935
1.74065e+09 1.15742 0.0563938 0.0410137 -0.999532 -0.00114789 0.00219364 0.0304945
1.74065e+09 1.15823 0.0587392 0.0431802 -0.999544 -0.000988712 0.0019793 0.0301011
1.74065e+09 1.15784 0.058892 0.0427646 -0.99954 -0.00112914 0.00198189 0.0302351
1.74065e+09 1.15791 0.0595079 0.0431091 -0.999539 -0.000912085 0.00225335 0.0302519
1.74065e+09 1.15864 0.0574208 0.042466 -0.99954 -0.00115866 0.00224205 0.0302338
1.74065e+09 1.15549 0.0579321 0.0427303 -0.999532 -0.000936225 0.00224486 0.0305054
1.74065e+09 1.15548 0.0561015 0.0411725 -0.999533 -0.000842241 0.000561882 0.0305447
1.74065e+09 1.14455 0.0570105 0.0451626 -0.999503 -0.000912122 5.42919e-05 0.0314954
1.74065e+09 1.14082 0.0590413 0.0444132 -0.99952 -0.00131014 0.00140839 0.0309198
1.74065e+09 1.13858 0.0570282 0.0432985 -0.999512 -0.00137534 0.000945833 0.0312054
1.74065e+09 1.13484 0.0560185 0.0418847 -0.999516 -0.00211646 0.000438784 0.0310202
1.74065e+09 1.13045 0.0554403 0.0416488 -0.999533 -0.00173704 0.00151762 0.0304781
1.74065e+09 1.12604 0.0555888 0.041243 -0.999545 -0.00162787 0.00120073 0.0301105
1.74065e+09 1.11995 0.0566166 0.040326 -0.999555 -0.00123718 0.001135 0.0297682
1.74065e+09 1.11194 0.0590659 0.0380635 -0.999542 -0.0011535 0.00151417 0.0301889
1.74065e+09 1.1041 0.0591977 0.0393173 -0.999529 -0.000471148 0.00225005 0.0306173
1.74065e+09 1.10044 0.0617572 0.0391895 -0.999581 -6.14918e-05 0.00192378 0.028866
1.74065e+09 1.09777 0.0613473 0.0421305 -0.999615 -0.000269484 0.000973498 0.0277453
1.74065e+09 1.09421 0.0606293 0.0409191 -0.999636 -0.000452914 0.00168211 0.0269296
1.74065e+09 1.08804 0.0614202 0.0407164 -0.999681 -0.000478474 0.0020663 0.025178
1.74065e+09 1.08235 0.0559873 0.039717 -0.999675 -0.00105063 0.00204378 0.0253726
1.74065e+09 1.07561 0.0567167 0.0382474 -0.999716 -0.000712432 0.00252996 0.0236744
1.74065e+09 1.06662 0.0544517 0.0365079 -0.999735 -0.000446916 0.00279876 0.0228666
1.74065e+09 1.0596 0.0547871 0.0362348 -0.999742 -6.37139e-05 0.00278696 0.0225256
1.74065e+09 1.05786 0.0536702 0.0362825 -0.99974 -2.775e-05 0.00145964 0.0227358
1.74065e+09 1.05416 0.0520278 0.0369554 -0.999722 -0.000330616 0.000687256 0.023579
1.74065e+09 1.04937 0.0520002 0.0378838 -0.999717 -0.00106919 -0.000752858 0.0237611
1.74065e+09 1.03467 0.0523757 0.0377702 -0.99971 -0.00129961 0.00100891 0.0240044
1.74065e+09 1.01831 0.0542955 0.0370779 -0.999731 -0.00116149 0.00199255 0.0230816
1.74065e+09 1.00574 0.0544148 0.0360651 -0.999714 -0.000660987 0.00263688 0.0237617
1.74065e+09 0.999573 0.0535082 0.035458 -0.999679 -0.000956298 0.000912387 0.0253042
1.74065e+09 0.989629 0.051648 0.0348579 -0.999698 -0.00154262 0.000429905 0.0245086
1.74065e+09 0.975101 0.0502492 0.0349916 -0.999715 -0.00129501 0.00113192 0.0238187
1.74065e+09 0.960088 0.0527267 0.0339853 -0.999726 -0.000692516 0.0026081 0.0232391
1.74065e+09 0.951501 0.0519519 0.03337 -0.99969 -0.00019858 0.00117027 0.0248741
1.74065e+09 0.943428 0.0518575 0.0339583 -0.99972 -0.000876696 0.000447103 0.023645
1.74065e+09 0.932882 0.0514353 0.0346919 -0.999784 -0.00093164 0.000126747 0.0207816
1.74065e+09 0.921635 0.0528694 0.0322479 -0.99982 -0.000412511 0.00130602 0.0189344
1.74065e+09 0.908629 0.0530644 0.0305993 -0.99982 0.000350812 0.00227197 0.0188118
1.74065e+09 0.903333 0.0514923 0.0303892 -0.999826 0.000241364 0.00249581 0.0185006
1.74065e+09 0.899712 0.0516939 0.0310682 -0.999854 -7.67525e-05 0.00125643 0.0170664
1.74065e+09 0.89413 0.0507344 0.030982 -0.999866 -0.000854175 0.000342739 0.0163736
1.74065e+09 0.884178 0.0482046 0.0299885 -0.999873 -0.0003917 0.00050015 0.0159529
1.74065e+09 0.870425 0.0507581 0.0294445 -0.999884 0.000291243 0.00155871 0.0151234
1.74065e+09 0.858053 0.0505238 0.0280562 -0.99988 0.000630135 0.00181036 0.0153926
1.74065e+09 0.852384 0.0497633 0.0291125 -0.999894 0.000198411 0.00117583 0.0144931
1.74065e+09 0.849804 0.047058 0.0309388 -0.999882 -0.000506287 -0.00243097 0.0151799
1.74065e+09 0.834376 0.0488709 0.031017 -0.999867 -0.00108275 -0.00181257 0.0161946
1.74065e+09 0.810553 0.0509015 0.0268116 -0.999881 0.000122233 0.00266723 0.0152241
1.74065e+09 0.797722 0.0492446 0.0284912 -0.999859 0.000129694 0.00125946 0.016738
1.74065e+09 0.79085 0.0467368 0.0310341 -0.999864 -0.00105886 -0.00306271 0.0161939
1.74065e+09 0.770531 0.043691 0.0273434 -0.999878 -0.000413421 0.000420869 0.0156107
1.74065e+09 0.749455 0.0438633 0.0240763 -0.999866 0.00014881 0.00320475 0.016067
1.74065e+09 0.741095 0.0434781 0.0253099 -0.999876 -0.000884387 -0.000325403 0.0157067
1.74065e+09 0.727524 0.0426942 0.0240419 -0.999885 -0.00111999 -0.00174441 0.0150179
1.74065e+09 0.702115 0.045209 0.0219919 -0.999883 0.000414228 0.00337592 0.0148878
1.74065e+09 0.690715 0.0458886 0.0236351 -0.999882 -0.000351791 0.00048422 0.0153814
1.74065e+09 0.678719 0.0430556 0.0249128 -0.99988 -0.00100678 -0.00359353 0.0150571
1.74065e+09 0.654487 0.0467796 0.021738 -0.999887 0.000488461 0.00304242 0.0146879
1.74065e+09 0.641678 0.0480653 0.0208994 -0.999876 4.74939e-05 0.00265995 0.0155439
1.74065e+09 0.63456 0.0460769 0.0235266 -0.999892 -0.000975024 -0.00252389 0.0144611
1.74065e+09 0.61193 0.0461897 0.0184228 -0.999894 -0.000228907 0.00227702 0.0143801
1.74065e+09 0.593343 0.047746 0.018247 -0.999884 0.000910526 0.00373509 0.0147408
1.74065e+09 0.585895 0.0433298 0.0188921 -0.999892 -0.00102232 -0.00139849 0.014601
1.74065e+09 0.56908 0.0414382 0.0167979 -0.999894 -0.000282695 -0.000619714 0.0145575
1.74065e+09 0.543651 0.040803 0.0149523 -0.999915 0.00153737 0.00394808 0.0123302
1.74065e+09 0.539935 0.0406247 0.0163004 -0.999946 0.000409755 0.00154976 0.010265
1.74065e+09 0.536641 0.0349399 0.0177363 -0.999987 0.000608238 0.00184395 0.00478583
1.74065e+09 0.527926 0.0334463 0.0172306 -0.999996 0.00154546 0.00249824 -0.000435442
1.74065e+09 0.516394 0.0342729 0.0159297 -0.99999 0.00185168 0.00272197 -0.00309804
1.74065e+09 0.510772 0.033884 0.0153501 -0.999999 0.0015773 -0.000199991 -0.000536559
1.74065e+09 0.496459 0.0321043 0.015611 -0.999997 0.000948593 0.00112601 -0.00193901
1.74065e+09 0.478585 0.0300688 0.0143725 -0.999976 0.00195098 0.00329319 -0.00571187
1.74065e+09 0.472106 0.0303542 0.0135348 -0.99997 0.00235795 0.00191777 -0.00718105
1.74065e+09 0.464382 0.0304387 0.0127833 -0.999971 0.00235985 0.0015148 -0.00701376
1.74065e+09 0.461541 0.0298628 0.0146985 -0.999967 0.00180087 -0.00142794 -0.00776154
1.74065e+09 0.449583 0.0283128 0.0139273 -0.999966 0.0015333 -0.0016217 -0.00792596
1.74065e+09 0.426525 0.028361 0.0112448 -0.999971 0.00113187 0.0027698 -0.00704886
1.74065e+09 0.409219 0.0285552 0.010415 -0.999978 0.00228448 0.00240687 -0.00571215
1.74065e+09 0.400893 0.0253494 0.0122376 -0.999982 0.000802372 -0.00227281 -0.00558102
1.74065e+09 0.379042 0.0255199 0.00871732 -0.999976 0.00130253 0.00211722 -0.00640232
1.74065e+09 0.360949 0.0244946 0.00760993 -0.999975 0.00253694 0.00290853 -0.00586296
1.74065e+09 0.349893 0.0222243 0.00995455 -0.999986 0.00125082 -0.00150731 -0.0049776
1.74065e+09 0.330533 0.0190004 0.00776807 -0.999981 0.00135431 0.00155035 -0.00578503
1.74065e+09 0.310468 0.0196983 0.00726897 -0.999977 0.00196823 0.00270742 -0.00582651
1.74065e+09 0.299914 0.0162687 0.00648862 -0.99999 0.000865579 0.000534856 -0.0043497
1.74065e+09 0.287947 0.0153141 0.00705718 -0.999997 0.0005423 0.00216804 0.000237921
1.74065e+09 0.281686 0.0159151 0.00471856 -0.999998 0.000110456 -0.000446717 -0.00182564
1.74065e+09 0.26814 0.0143355 0.00699652 -0.999999 0.00102804 0.000101529 -0.000728147
1.74065e+09 0.255176 0.0148263 0.00464028 -0.999996 0.00136047 0.00208262 0.00139325
1.74065e+09 0.247252 0.0153104 0.00489341 -0.999984 0.00103794 0.00188885 0.00518266
1.74065e+09 0.239907 0.0183938 0.00476894 -0.999983 -7.03495e-05 0.000519928 0.00574761
1.74065e+09 0.231621 0.0174554 0.00542163 -0.999989 -6.49662e-05 -0.000264318 0.00478183
1.74065e+09 0.222142 0.0190933 0.00525904 -0.999984 0.000108954 -6.07547e-05 0.00567081
1.74065e+09 0.20914 0.0201315 0.00448714 -0.999978 0.000815676 0.000622014 0.00657618
1.74065e+09 0.193875 0.0224256 0.00241831 -0.999958 0.00113456 0.0019365 0.00888827
1.74065e+09 0.188533 0.0205726 0.003379 -0.999969 0.000654558 -0.000829209 0.0078495
1.74065e+09 0.179489 0.0185483 0.00442965 -0.999981 0.000604541 -0.00152038 0.00601871
1.74065e+09 0.165084 0.0168462 0.00459054 -0.99998 0.00139942 -0.00075414 0.00606194
1.74065e+09 0.146349 0.0154929 0.00228875 -0.999966 0.00208422 0.00219134 0.00770007
1.74065e+09 0.133592 0.0133859 0.00118831 -0.999978 0.000694777 0.000742271 0.00659443
1.74065e+09 0.12244 0.015391 0.00059633 -0.999982 0.00158196 -0.000428584 0.00582527
1.74065e+09 0.10656 0.0129875 -0.00104628 -0.999979 0.00182051 0.000211968 0.00615222
1.74065e+09 0.0905475 0.0128553 -0.00273135 -0.99997 0.00147016 0.00125504 0.00755224
1.74065e+09 0.0791606 0.00943071 -0.00113483 -0.999984 0.000252288 -9.11799e-05 0.0055913
1.74065e+09 0.0684026 0.0103265 0.000529276 -0.99998 0.00131903 0.00320347 0.00529929
1.74065e+09 0.0746057 0.010446 0.000709841 -0.999985 0.00125629 0.00133909 0.00513506
1.74065e+09 0.0817543 0.0120924 -0.00104755 -0.999985 0.000863164 0.00103345 0.00522946
1.74065e+09 0.0879167 0.0106241 -0.000151359 -0.999982 0.0010524 0.00102601 0.00575901
1.74065e+09 0.0891209 0.0101879 -3.03789e-05 -0.999979 0.000831345 0.000856592 0.00636649
1.74065e+09 0.087505 0.0106586 -8.88718e-05 -0.999983 0.00125632 0.00123591 0.0055093
1.74065e+09 0.0850373 0.00977791 0.000343265 -0.999982 0.00108113 0.0012777 0.00581002
1.74065e+09 0.086687 0.0112861 0.0012734 -0.999981 0.00120468 0.00115586 0.00593123
1.74065e+09 0.0869284 0.0104427 0.00020627 -0.999981 0.00122383 0.00116811 0.00598938
1.74065e+09 0.0880158 0.00898605 -0.000954191 -0.999981 0.00114226 0.00121868 0.00594499
1.74065e+09 0.0887069 0.0123575 -0.00056765 -0.999984 0.00125187 -0.000138359 0.00545806
1.74065e+09 0.0783858 0.00717298 0.00123272 -0.999987 0.000879567 -0.00065162 0.00502456
1.74065e+09 0.0628655 0.0124228 1.13047e-05 -0.999988 0.00157881 0.000861082 0.00457612
1.74065e+09 0.0551971 0.0140137 -0.00213972 -0.999985 0.00182579 -4.33148e-05 0.00524653
1.74065e+09 0.0498733 0.015397 -0.00330951 -0.999978 0.0022318 0.000387506 0.00628314
1.74065e+09 0.0438641 0.0158046 -0.00569559 -0.999974 0.00155911 0.000491327 0.00703226
1.74065e+09 0.0363485 0.0117094 -0.00499165 -0.999981 0.000840448 0.000179609 0.00615764
1.74065e+09 0.0256045 0.00662331 -0.00363695 -0.999985 0.000975437 0.00031801 0.00543579
1.74065e+09 0.01712 0.00321238 -0.00292087 -0.999988 0.00149338 -0.000164946 0.00468397
1.74065e+09 0.00713278 0.00385473 -0.00269795 -0.999985 0.00167348 -0.000896125 0.00509184
1.74065e+09 -0.000221179 0.00412383 -0.00295076 -0.999975 0.00198376 0.00177982 0.00651009
1.74065e+09 0.00518497 0.00341839 -0.00179823 -0.999979 0.00123256 -0.00120087 0.00625721
1.74065e+09 0.0113246 0.00454553 -0.00158298 -0.999986 0.00156599 0.000608729 0.00511471
1.74065e+09 0.0122112 0.00669851 -0.00257093 -0.999984 0.00139152 -3.64827e-05 0.00540062
1.74065e+09 0.011348 0.00723508 -0.00387036 -0.999984 0.00149652 0.000377949 0.00548611
1.74065e+09 0.00991067 0.0099862 -0.0043966 -0.999984 0.00151876 0.000203944 0.00540654
1.74065e+09 0.00909079 0.00987811 -0.00347475 -0.999984 0.00135878 -4.44569e-05 0.00552048
1.74065e+09 0.00899894 0.0117163 -0.0039744 -0.999986 0.00157188 0.00036735 0.00496395
1.74065e+09 0.00917224 0.0116941 -0.00403073 -0.999986 0.00157842 0.000358423 0.00500359
1.74065e+09 0.00924854 0.0116777 -0.00407165 -0.999986 0.00158254 0.00035657 0.00501807
1.74065e+09 0.00929781 0.0116592 -0.00409 -0.999986 0.00158226 0.000359194 0.00502688
1.74065e+09 0.00841768 0.0103886 -0.00382976 -0.999984 0.00131143 0.00046015 0.00543708
1.74065e+09 0.0101876 0.00636921 -0.0063801 -0.999985 0.00133695 0.000417764 0.00537722
1.74065e+09 0.0108631 0.00410934 -0.00315305 -0.999985 0.00137146 0.000269006 0.00530305
1.74065e+09 0.00909472 0.00506866 -0.00391044 -0.999985 0.00141763 0.000256307 0.00522274
1.74065e+09 0.0088198 0.00295329 -0.0046162 -0.999986 0.00116794 0.000282122 0.00522103
1.74065e+09 0.00891757 0.00419128 -0.00254984 -0.999985 0.00145056 3.95359e-05 0.0053678
1.74065e+09 0.00923591 0.00539626 -0.00281276 -0.999983 0.00132825 0.000118723 0.00563866
1.74065e+09 0.0105084 0.00630205 -0.00315479 -0.999984 0.0012614 0.000349869 0.00543352
1.74065e+09 0.0109676 0.00616929 -0.00364625 -0.999984 0.00146124 0.000372263 0.00549423
1.74065e+09 0.0109655 0.0093085 -0.00480624 -0.999986 0.00138622 0.000464852 0.0050373
1.74065e+09 0.00988878 0.00786595 -0.00451413 -0.999983 0.00152562 0.000863307 0.00558799
1.74065e+09 0.0088046 0.00745699 -0.00286437 -0.999985 0.00147699 0.000342288 0.00526074
1.74065e+09 0.00940659 0.00707313 -0.00399285 -0.999984 0.00147217 0.000329536 0.00545843
1.74065e+09 0.0106538 0.00595616 -0.00461067 -0.999983 0.00144426 0.000352251 0.00562825
1.74065e+09 0.0106981 0.00959464 -0.00552515 -0.999985 0.00147548 0.000559447 0.00530022
1.74065e+09 0.0115663 0.00769984 -0.00399892 -0.999984 0.0014799 0.000378852 0.00539802
1.74065e+09 0.0115196 0.00899849 -0.00382137 -0.999983 0.0013946 0.00068916 0.00556992
1.74065e+09 0.0108038 0.0108438 -0.00332056 -0.999984 0.00123263 0.000529133 0.00553339
1.74065e+09 0.0097416 0.00960188 -0.00379882 -0.999986 0.00131396 0.000422301 0.00516441
1.74065e+09 0.00912098 0.0103017 -0.00374367 -0.999985 0.00128367 0.000362218 0.0053243
1.74065e+09 0.00901034 0.00868896 -0.00238005 -0.999987 0.00129588 0.000233182 0.00502588
1.74065e+09 0.00805721 0.00907894 -0.00263794 -0.999984 0.00130715 0.000165254 0.00552065
1.74065e+09 0.00903099 0.00783862 -0.00215738 -0.999984 0.00127127 0.000343195 0.00541501
1.74065e+09 0.00911766 0.00763586 -0.00326902 -0.999985 0.0012487 0.000372151 0.00537772
1.74065e+09 0.0102422 0.0083609 -0.00419297 -0.999985 0.00154546 0.000558891 0.00520259
1.74065e+09 0.0101573 0.0101556 -0.00329311 -0.999985 0.0012191 0.00038154 0.00539498
1.74065e+09 0.0112426 0.0114693 -0.00397363 -0.999984 0.00160077 0.000917573 0.0053693
1.74065e+09 0.00760499 0.00996642 -0.0006472 -0.999984 0.00144413 -0.000857296 0.00546389
1.74065e+09 0.00863199 0.00996812 -0.00144114 -0.999985 0.00147728 0.000195989 0.00530327
1.74065e+09 0.00946728 0.00927541 -0.00278842 -0.999986 0.00150107 0.000331188 0.00508399
1.74065e+09 0.0107158 0.00479698 -0.0032293 -0.999982 0.00137948 0.000460575 0.00576313
1.74065e+09 0.0107389 0.0018166 -0.00450791 -0.999985 0.00166069 0.000546713 0.00515661
1.74065e+09 0.0110403 -0.00186159 -0.00522744 -0.999985 0.00142944 0.000538146 0.00533597
1.74065e+09 0.0101375 -0.00242552 -0.00347432 -0.999986 0.00153896 0.00028683 0.00507774
1.74065e+09 0.0096673 -0.00291306 -0.00355505 -0.999984 0.00125746 0.000495172 0.00541343
1.74065e+09 0.0105608 -0.00504237 -0.00308375 -0.999984 0.0014747 0.000494562 0.00534753
1.74065e+09 0.0105293 -0.00385691 -0.00260433 -0.999986 0.00128677 0.000339556 0.00506507
1.74065e+09 0.0104071 -0.00389109 -0.00301256 -0.999985 0.00136583 0.000178031 0.00531129
1.74065e+09 0.00940171 -0.000713751 -0.00234488 -0.999986 0.00111801 -0.000125202 0.00522986
1.74065e+09 0.0104328 -0.00218596 -0.00264052 -0.999983 0.00133838 0.000386995 0.00562075
1.74065e+09 0.0110286 0.000756407 -0.0029759 -0.999985 0.00137921 0.000312353 0.00522681
1.74065e+09 0.011818 -0.000692339 -0.0037967 -0.999984 0.00159271 0.000586048 0.00543648
1.74065e+09 0.0121951 0.00119013 -0.00439859 -0.999984 0.00147939 0.000591977 0.00535145
1.74065e+09 0.0125771 -0.00159671 -0.00349858 -0.999984 0.00143752 0.000240141 0.00543631
1.74065e+09 0.0109181 -0.0028056 -0.0043025 -0.999984 0.00165313 0.000346559 0.00538852
1.74065e+09 0.0105207 -0.00515724 -0.00102681 -0.999985 0.00139353 0.000268 0.00523733
1.74065e+09 0.0101555 -0.00257275 -0.000478559 -0.999983 0.00149891 0.000386653 0.00555666
1.74065e+09 0.0105775 -0.00398961 -0.000663282 -0.999984 0.00152672 0.000364519 0.00542033
1.74065e+09 0.0105842 -0.00592313 -0.00167645 -0.999986 0.00149045 0.0004411 0.00513071
1.74065e+09 0.0120706 -0.00861788 -0.00347724 -0.999983 0.00142696 0.000588864 0.00556237
1.74065e+09 0.0119868 -0.0059869 -0.00365429 -0.999985 0.00134599 0.000593351 0.00520726
1.74065e+09 0.0121078 -0.00361931 -0.0045812 -0.999985 0.00123079 0.000572668 0.00526872
1.74065e+09 0.0111829 -0.00312117 -0.00328923 -0.999984 0.00157629 0.000330567 0.00535983
1.74065e+09 0.0110732 -0.000703994 -0.00350166 -0.999985 0.00143266 0.000310605 0.00533
1.74065e+09 0.00962781 -0.000881798 -0.00296767 -0.999985 0.00140118 8.75922e-06 0.00528266
1.74065e+09 0.00849819 0.00157264 -0.00214207 -0.999986 0.000837812 9.13465e-05 0.00531531
1.74065e+09 0.00839018 0.000935757 -0.0031628 -0.999985 0.00131372 0.000309593 0.00526561
1.74065e+09 0.0102734 -0.000293177 -0.00379676 -0.999983 0.00136129 0.000321276 0.00561297
1.74065e+09 0.0107945 -0.00192489 -0.00411949 -0.999984 0.00140709 0.000583628 0.00548672
1.74065e+09 0.0108817 -6.38154e-05 -0.00488266 -0.999984 0.00152704 0.000469879 0.00542452
1.74065e+09 0.0111336 -0.000363049 -0.00350686 -0.999985 0.00137925 0.000450117 0.00532029
1.74065e+09 0.0105424 0.00139076 -0.0033632 -0.999985 0.00147844 0.000412574 0.00533195
1.74065e+09 0.0110375 0.00115774 -0.00325338 -0.999983 0.00150638 0.000217414 0.00557189
1.74065e+09 0.0103853 0.00223435 -0.00333812 -0.999985 0.00144873 0.000406833 0.00518805
1.74065e+09 0.0106538 0.0010568 -0.00469845 -0.999984 0.00156929 0.000720574 0.00538735
1.74065e+09 0.0102759 0.000797776 -0.00392204 -0.999984 0.00142655 0.000178204 0.00540439
1.74065e+09 0.00956264 0.00229516 -0.00402772 -0.999985 0.00160733 0.000331149 0.00529108
1.74065e+09 0.00995613 0.00357247 -0.00338408 -0.999984 0.00115019 0.000263484 0.00547953
1.74065e+09 0.0103326 0.00447916 -0.00346961 -0.999986 0.00150705 0.000537852 0.00511723
1.74065e+09 0.0101695 0.00163092 -0.00297361 -0.999985 0.00123509 0.000209643 0.00526214
1.74065e+09 0.0101311 3.34259e-05 -0.00280757 -0.999985 0.00151819 0.000315709 0.00534352
1.74065e+09 0.00964039 0.00169254 -0.0030631 -0.999983 0.00125886 0.000265707 0.00564852
1.74065e+09 0.00954136 -0.000910552 -0.0024588 -0.999985 0.00129448 0.000156675 0.00534246
1.74065e+09 0.00956462 -0.00210153 -0.0032955 -0.999984 0.00138208 0.000399219 0.00546607
1.74065e+09 0.0110783 -0.00304264 -0.00252429 -0.999985 0.00135417 0.000478754 0.00532825
1.74065e+09 0.0102102 -0.00174718 -0.00197997 -0.999983 0.00162762 0.000406972 0.00565806
1.74065e+09 0.0110597 0.00125951 -0.0016105 -0.999984 0.00173147 0.000462855 0.00528031
1.74065e+09 0.0100722 0.00238884 -0.00146646 -0.999984 0.00160089 0.000320619 0.0053465
1.74065e+09 0.00968556 0.000841464 -0.00242976 -0.999985 0.00140897 0.000215277 0.00532556
1.74065e+09 0.0101941 0.0036116 -0.00401105 -0.999985 0.001563 0.000684869 0.00518129
1.74065e+09 0.0105631 0.00429055 -0.00459576 -0.999986 0.00147664 0.000435632 0.00508997
1.74065e+09 0.0102641 0.00437369 -0.00411305 -0.999985 0.00149171 0.000536192 0.00515706
1.74065e+09 0.00864877 0.00454219 -0.00403483 -0.999984 0.00138119 -5.68025e-05 0.00545328
1.74065e+09 0.00885702 0.00367578 -0.003706 -0.999985 0.00136191 0.000254607 0.00532492
1.74065e+09 0.00926615 0.004216 -0.00353068 -0.999984 0.00119368 0.000389862 0.0055211
1.74065e+09 0.0101316 0.00216996 -0.00288752 -0.999984 0.00145678 0.000379215 0.00538603
1.74065e+09 0.00892943 0.00322596 -0.00240238 -0.999985 0.00130193 0.000463661 0.00526018
1.74065e+09 0.00934331 0.00224828 -0.00292128 -0.999984 0.00142126 0.000234987 0.00538701
1.74065e+09 0.00908459 0.00203484 -0.00353686 -0.999985 0.00143411 0.000441279 0.00519996
1.74065e+09 0.0100452 0.00210334 -0.00339738 -0.999984 0.0014013 0.000302888 0.0055484
1.74065e+09 0.00998769 0.0044312 -0.00305892 -0.999985 0.00140009 0.000231116 0.0052329
1.74065e+09 0.0104661 0.00309131 -0.00322472 -0.999985 0.001414 0.000355206 0.00527158
1.74065e+09 0.0101902 0.00674416 -0.00260622 -0.999986 0.00134172 0.000458063 0.00501569
1.74065e+09 0.00974215 0.00554868 -0.00250528 -0.999984 0.00130576 0.000264134 0.00553509
1.74065e+09 0.00887404 0.00753979 -0.00325916 -0.999986 0.00141047 0.000330846 0.00506307
1.74065e+09 0.00802007 0.00696239 -0.00150963 -0.999983 0.00123887 -4.66952e-05 0.00563551
1.74065e+09 0.00820346 0.00641841 -0.0021542 -0.999984 0.00130097 0.000421924 0.00540722
1.74065e+09 0.00972997 0.00650372 -0.00286367 -0.999985 0.00139522 0.000411496 0.00535182
1.74065e+09 0.00979639 0.00704969 -0.00273992 -0.999985 0.00124657 0.000119305 0.00526725
1.74065e+09 0.00950528 0.00890855 -0.00358399 -0.999985 0.00136306 0.000377583 0.00527299
1.74065e+09 0.00944385 0.00636377 -0.00382886 -0.999984 0.00151036 0.000484476 0.00535414
1.74065e+09 0.0072045 0.00459893 -0.0037148 -0.999986 0.00108277 -0.000214025 0.00525714
1.74065e+09 0.00770203 0.00189234 -0.00208289 -0.999987 0.00138573 1.16652e-05 0.00484364
1.74065e+09 0.00980763 0.00463814 -0.00301288 -0.999985 0.00133916 0.000510839 0.00528939
1.74065e+09 0.0099505 0.00361859 -0.00230864 -0.999985 0.00137216 0.000271635 0.00524934
1.74065e+09 0.0102298 0.00469517 -0.00250879 -0.999984 0.00142215 0.00028108 0.0054736
1.74065e+09 0.00943738 0.00634905 -0.00226277 -0.999985 0.00120652 0.000255515 0.00530023
1.74065e+09 0.00920343 0.00838372 -0.00248006 -0.999985 0.00155917 0.000219827 0.00530601
1.74065e+09 0.00930333 0.00655838 -0.00360951 -0.999984 0.0013569 0.000274451 0.00541356
1.74065e+09 0.00986725 0.00683061 -0.00428216 -0.999985 0.00151781 0.000418794 0.00524643
1.74065e+09 0.00731542 0.00619058 -0.00279946 -0.999984 0.001437 0.000449585 0.00545967
1.74065e+09 0.0073577 0.0085268 -0.00259534 -0.999986 0.00129312 0.000167821 0.0052092
1.74065e+09 0.008129 0.00872504 -0.00246669 -0.999985 0.00145834 0.000340295 0.00534546
1.74065e+09 0.00847783 0.0081061 -0.00330471 -0.999984 0.00134687 0.000358494 0.00545969
1.74065e+09 0.00904576 0.00899849 -0.00352054 -0.999985 0.00152815 0.000307816 0.00523276
1.74065e+09 0.00877053 0.00803232 -0.00289002 -0.999986 0.00138235 0.000293999 0.00517976
1.74065e+09 0.00955139 0.00749311 -0.00349816 -0.999985 0.00144069 0.000443712 0.00523161
1.74065e+09 0.00898621 0.00584875 -0.002373 -0.999984 0.00120865 0.000161532 0.00556808
1.74065e+09 0.00914736 0.00532365 -0.00297971 -0.999984 0.00136902 0.000342071 0.00546928
1.74065e+09 0.00938805 0.00621742 -0.00323373 -0.999986 0.00109212 0.000450051 0.00509947
1.74065e+09 0.00941914 0.00772749 -0.00314904 -0.999985 0.00129668 0.000358363 0.00525419
1.74065e+09 0.00860613 0.0068416 -0.00364869 -0.999986 0.00134233 0.000447788 0.00519002
1.74065e+09 0.00872335 0.00488173 -0.00283069 -0.999982 0.00126772 0.00036255 0.00583475
1.74065e+09 0.00836374 0.0050349 -0.00284654 -0.999983 0.00131955 0.000286519 0.00559345
1.74065e+09 0.00873442 0.00470514 -0.00246898 -0.999984 0.00119061 -3.96929e-05 0.00545447
1.74065e+09 0.00967792 0.00566592 -0.00182436 -0.999985 0.00126963 0.000478033 0.00525804
1.74065e+09 0.0106031 0.00487533 -0.00219545 -0.999983 0.00153364 0.000458888 0.00552966
1.74065e+09 0.00981273 0.00736743 -0.00154364 -0.999984 0.00143136 0.000385113 0.00539296
1.74065e+09 0.00907843 0.00723053 -0.00211852 -0.999983 0.00149984 0.000335992 0.0056655
1.74065e+09 0.00793709 0.00836883 -0.00382082 -0.999987 0.00144753 0.000406011 0.00495253
1.74065e+09 0.00756225 0.00700399 -0.00306529 -0.999984 0.00129274 0.000187707 0.00546147
1.74065e+09 0.00675393 0.00856893 -0.00408193 -0.999986 0.00146497 -6.38223e-05 0.00503716
1.74065e+09 0.00764432 0.00943622 -0.00400592 -0.999985 0.00121607 0.000201079 0.0052814
1.74065e+09 0.00834301 0.00741213 -0.00335451 -0.999985 0.0014829 0.00016964 0.00534418
1.74065e+09 0.00839918 0.00837485 -0.00303136 -0.999986 0.00109614 0.000226843 0.00513724
1.74065e+09 0.00941985 0.00750775 -0.00394156 -0.999984 0.00147533 0.000428906 0.00535849
1.74065e+09 0.00830495 0.00764492 -0.00357025 -0.999984 0.00133689 0.000481418 0.00544403
1.74065e+09 0.00914575 0.00597546 -0.00307071 -0.999984 0.00147438 0.000193334 0.00545045
1.74065e+09 0.00899766 0.0064354 -0.00186498 -0.999984 0.00124688 0.000292474 0.00545566
1.74065e+09 0.0095933 0.00464643 -0.00240316 -0.999984 0.00131059 0.000429706 0.00545395
1.74065e+09 0.00844289 0.00543727 -0.00362538 -0.999984 0.00136736 0.000134459 0.00542895
1.74065e+09 0.00958193 0.00487762 -0.00374485 -0.999984 0.00142206 0.000489664 0.00548839
1.74065e+09 0.00864701 0.00533641 -0.00390436 -0.999984 0.00140615 0.000450032 0.00543949
1.74065e+09 0.00946497 0.00583855 -0.00335706 -0.999984 0.00152813 0.000481984 0.00547789
1.74065e+09 0.00861386 0.00593737 -0.00366505 -0.999984 0.00144017 0.000651377 0.00547658
1.74065e+09 0.00762517 0.0071612 -0.00186107 -0.999984 0.00142833 -0.000113356 0.0054851
1.74065e+09 0.00785717 0.00908124 -0.00129471 -0.999985 0.00151146 0.000262352 0.0051788
1.74065e+09 0.00882289 0.00888819 -0.00106747 -0.999985 0.00145984 0.000378237 0.00520278
1.74065e+09 0.00837546 0.00940475 -0.00287234 -0.999987 0.00166012 0.000400984 0.00485166
1.74065e+09 0.00908994 0.00795689 -0.0033926 -0.999984 0.00128077 0.000228493 0.00557282
1.74065e+09 0.0094443 0.00728768 -0.00391255 -0.999986 0.00146324 0.000518206 0.00497646
1.74065e+09 0.00944399 0.00858276 -0.0032355 -0.999985 0.00114469 0.000251235 0.00537275
1.74065e+09 0.00923895 0.00686806 -0.00243806 -0.999985 0.00134794 0.000293359 0.00522955
1.74065e+09 0.00978008 0.00876349 -0.00452464 -0.999985 0.00139656 0.000452199 0.00522913
1.74065e+09 0.00903764 0.00912887 -0.00400094 -0.999985 0.00143813 0.000280855 0.00525358
1.74065e+09 0.00847985 0.0109656 -0.0035274 -0.999986 0.00129823 -2.27755e-05 0.00514335
1.74065e+09 0.00893078 0.00812712 -0.00300315 -0.999986 0.00126443 0.000568175 0.00515246
1.74065e+09 0.00938832 0.00885395 -0.00270673 -0.999985 0.00134057 0.000348822 0.00522312
1.74065e+09 0.00905045 0.0070064 -0.00321887 -0.999985 0.00154767 0.000396151 0.00530584
1.74065e+09 0.0101013 0.00557669 -0.00354684 -0.999984 0.00131484 0.000491722 0.00539319
1.74065e+09 0.00918748 0.00273193 -0.00295862 -0.999985 0.00149517 0.00030534 0.00524021
1.74065e+09 0.00920392 0.00390967 -0.00255 -0.999985 0.00164436 0.000205696 0.00527542
1.74065e+09 0.00917205 0.0028732 -0.00175315 -0.999985 0.00137208 0.000359605 0.00532481
1.74065e+09 0.00864104 0.00539471 -0.00241604 -0.999984 0.00161794 0.000117058 0.00542526
1.74065e+09 0.00873784 0.00533706 -0.00382931 -0.999984 0.00145796 0.000350592 0.00548808
1.74065e+09 0.00859688 0.00438856 -0.00287612 -0.999984 0.00153452 0.000224706 0.00541468
1.74065e+09 0.00988792 0.00506941 -0.00315307 -0.999984 0.00136447 0.000530007 0.005383
1.74065e+09 0.0105515 0.00321322 -0.00294032 -0.999984 0.00124618 0.000209835 0.0054392
1.74065e+09 0.00942893 0.00469818 -0.00281222 -0.999985 0.00142839 0.000502037 0.0053083
1.74065e+09 0.00800955 0.00809438 -0.00174543 -0.999986 0.00122761 0.000399263 0.00511181
1.74065e+09 0.00806333 0.0107918 -0.00216891 -0.999986 0.00127402 0.000378238 0.00518965
1.74065e+09 0.00757707 0.00967081 -0.00186379 -0.999985 0.00105772 -0.000206758 0.00528351
1.74065e+09 0.00894817 0.00957289 -0.00207863 -0.999986 0.00151572 0.000322165 0.00512081
1.74065e+09 0.00980477 0.00834994 -0.00333232 -0.999985 0.00126618 0.000448466 0.00535182
1.74065e+09 0.0101783 0.00654141 -0.00407264 -0.999985 0.00153921 0.00044565 0.00521591
1.74065e+09 0.00941691 0.00686362 -0.00305139 -0.999986 0.00130478 0.000142981 0.00510929
1.74065e+09 0.00966432 0.00523148 -0.00315296 -0.999984 0.00139022 0.000513088 0.00539272
1.74065e+09 0.00966893 0.00636057 -0.00249984 -0.999985 0.00132171 0.000460602 0.0053132
1.74065e+09 0.00900123 0.0062737 -0.00194224 -0.999986 0.00158787 0.000202965 0.00502547
1.74065e+09 0.00870092 0.00679597 -0.00228767 -0.999985 0.0013829 7.42318e-05 0.00523537
1.74065e+09 0.00898132 0.00659692 -0.00306782 -0.999985 0.00134531 0.000156433 0.00530407
1.74065e+09 0.00926003 0.00803482 -0.00238816 -0.999985 0.00131364 0.000318605 0.00532345
1.74065e+09 0.00805599 0.00494141 -0.00070879 -0.999984 0.0012549 -0.00080175 0.00546261
1.74065e+09 0.00947859 0.00393912 -0.00203536 -0.999984 0.00139734 0.000367652 0.005558
1.74065e+09 0.00948826 0.00247666 -0.00157231 -0.999985 0.00129311 0.00016884 0.00529266
1.74065e+09 0.0105088 0.00336335 -0.00358896 -0.999985 0.0013259 0.000381928 0.00537046
1.74065e+09 0.00802706 0.00567135 -0.00401954 -0.999984 0.00125826 7.66074e-05 0.00542788
1.74065e+09 0.00905638 0.00760567 -0.00400613 -0.999984 0.00134538 0.000383774 0.00550064
1.74065e+09 0.00930382 0.00693126 -0.00330813 -0.999984 0.00122616 0.000515529 0.00553018
1.74065e+09 0.00988272 0.0084 -0.00287625 -0.999983 0.00140199 0.00040717 0.00564605
1.74065e+09 0.0101163 0.00771418 -0.00300155 -0.999986 0.00137944 0.000339394 0.00518874
1.74065e+09 0.0115312 0.0064989 -0.00466356 -0.999984 0.00146161 0.000619915 0.00533686
1.74065e+09 0.0111573 0.00669061 -0.00387104 -0.999984 0.00129889 0.00034478 0.00543842
1.74065e+09 0.0117224 0.00605792 -0.004076 -0.999984 0.00161592 0.000677559 0.0053892
1.74065e+09 0.0102558 0.00702226 -0.00314682 -0.999986 0.00132674 0.000288692 0.00518617
1.74065e+09 0.00960348 0.00535681 -0.00240661 -0.999984 0.00148125 0.000232114 0.00551373
1.74065e+09 0.00944915 0.00592252 -0.00188131 -0.999985 0.00156005 0.000244653 0.00527574
1.74065e+09 0.0100629 0.00312302 -0.00172395 -0.999983 0.0013987 0.000337019 0.00566472
1.74065e+09 0.0112714 0.00189561 -0.00175396 -0.999984 0.0015374 0.000418425 0.00547739
1.74065e+09 0.00962479 0.00452617 -0.00179487 -0.999985 0.00133504 -0.0004404 0.00533141
1.74065e+09 0.0108144 0.00569903 -0.00227397 -0.999986 0.00120292 0.000279109 0.00518634
1.74065e+09 0.0105968 0.00720972 -0.00398768 -0.999985 0.00128452 0.000344104 0.00524372
1.74065e+09 0.0102797 0.00823496 -0.00398967 -0.999984 0.00128672 0.000210297 0.00547439
1.74065e+09 0.0103954 0.00813382 -0.00531394 -0.999985 0.00105467 0.000595241 0.00526241
1.74065e+09 0.0104338 0.00752227 -0.0044112 -0.999985 0.00135784 0.000328011 0.00523279
1.74065e+09 0.0101186 0.0052202 -0.00331117 -0.999984 0.00120483 0.000172788 0.00555546
1.74065e+09 0.0104677 0.00553355 -0.00262856 -0.999986 0.00129282 0.000272675 0.00514932
1.74065e+09 0.0112435 0.00440117 -0.00287708 -0.999984 0.001288 0.000561834 0.00547255
1.74065e+09 0.0109241 0.00445259 -0.00338538 -0.999985 0.00134777 0.000408679 0.00534245
1.74065e+09 0.0113472 0.00400497 -0.00422016 -0.999983 0.00137958 0.000537675 0.00564412
1.74065e+09 0.0110129 0.00387108 -0.00415073 -0.999985 0.00158148 0.000473082 0.00525566
1.74065e+09 0.00914468 0.00551232 -0.0037035 -0.999986 0.00141328 7.04891e-05 0.00510817
1.74065e+09 0.00953092 0.00680723 -0.00343667 -0.999986 0.00145913 0.000443476 0.00514722
1.74065e+09 0.0101519 0.00899522 -0.00283835 -0.999986 0.00152672 0.000305048 0.00503772
1.74065e+09 0.0107403 0.0102195 -0.00314892 -0.999987 0.00134525 0.000513068 0.00491804
1.74065e+09 0.0113698 0.00843974 -0.00194499 -0.999984 0.00143747 0.000381923 0.00548574
1.74065e+09 0.0101495 0.00714429 -0.00158995 -0.999985 0.00111041 -0.000228841 0.00544651
1.74065e+09 0.0103392 0.00395334 -0.00134045 -0.999985 0.00141427 0.000113075 0.00527467
1.74065e+09 0.011037 0.00376887 -0.00280908 -0.999985 0.00138207 0.000337254 0.00523541
1.74065e+09 0.0107979 0.00222108 -0.00276525 -0.999985 0.00104434 0.00034321 0.0054478
1.74065e+09 0.0114497 0.00368754 -0.00437099 -0.999984 0.00118384 0.000287833 0.00545556
1.74065e+09 0.00801032 0.00292569 -0.00267464 -0.999984 0.000913465 -0.000370007 0.00551485
1.74065e+09 0.00857223 0.00547835 -0.00237885 -0.999985 0.00149383 0.00031078 0.00521728
1.74065e+09 0.00839821 0.008294 -0.00333975 -0.999986 0.000972102 -0.00029991 0.00518003
1.74065e+09 0.00963171 0.00795746 -0.00323704 -0.999986 0.00112886 -0.000177139 0.00522139
1.74065e+09 0.0103726 0.00865162 -0.00354469 -0.999986 0.00107532 0.000202102 0.00524665
1.74065e+09 0.0116459 0.00642486 -0.00305983 -0.999985 0.00132019 0.000350551 0.00528026
1.74065e+09 0.0101073 0.007436 -0.0019722 -0.999986 0.00124014 -0.00012271 0.00523781
1.74065e+09 0.0100932 0.00734824 -0.00201542 -0.999986 0.00135403 0.000139701 0.00519773
1.74065e+09 0.0113864 0.00627882 -0.00256561 -0.999984 0.00155543 0.000430861 0.00549565
1.74065e+09 0.01134 0.00560198 -0.00320618 -0.999986 0.00124465 0.000140695 0.00514063
1.74065e+09 0.00897159 0.00446334 -0.0034708 -0.999987 0.00147889 0.000215911 0.00493236
1.74065e+09 0.00814454 0.0079751 -0.00273585 -0.999987 0.00124749 0.000176373 0.00495546
1.74065e+09 0.00987956 0.00872507 -0.00294458 -0.999984 0.00138245 0.000325284 0.00544613
1.74065e+09 0.0107984 0.0086624 -0.00354632 -0.999985 0.00122345 0.000222526 0.00525887
1.74065e+09 0.012067 0.0096614 -0.00418961 -0.999986 0.00132129 0.000380809 0.00519027
1.74065e+09 0.0103884 0.00960904 -0.00400686 -0.999986 0.000948653 0.000160406 0.00519105
1.74065e+09 0.0105482 0.010391 -0.00376861 -0.999985 0.00122027 0.000235136 0.00528772
1.74065e+09 0.00933254 0.0102302 -0.00444225 -0.999985 0.000662891 -5.51576e-05 0.00538952
1.74065e+09 0.0101234 0.00952711 -0.00449322 -0.999986 0.00122601 0.000142326 0.00512219
1.74065e+09 0.00980468 0.00897091 -0.00527106 -0.999985 0.000918353 0.000146507 0.00537907
1.74065e+09 0.0111063 0.0051841 -0.00487672 -0.999984 0.00126077 0.000368113 0.00547993
1.74065e+09 0.0098723 0.0064297 -0.0052764 -0.999986 0.000628844 4.46268e-05 0.005318
1.74065e+09 0.0110761 0.00462232 -0.00519787 -0.999981 0.00104513 0.000193957 0.00601534
1.74065e+09 0.0110666 0.00267488 -0.00338112 -0.999984 0.00128794 0.000517516 0.00547717
1.74065e+09 0.0107479 0.00246358 -0.00170693 -0.999985 0.00136286 0.000280121 0.00531597
1.74065e+09 0.0108861 0.00370398 -0.0013044 -0.999984 0.00149946 0.000438152 0.00547543
1.74065e+09 0.0108717 0.00525233 -0.00237033 -0.999984 0.00142495 0.000350984 0.00546562
1.74065e+09 0.0105059 0.00554578 -0.00341909 -0.999985 0.00140099 0.000213488 0.0053734
1.74065e+09 0.0106976 0.00511124 -0.00548856 -0.999985 0.001105 0.000116549 0.00541637
1.74065e+09 0.0114727 0.00504291 -0.00499949 -0.999985 0.00124485 0.00043266 0.00526961
1.74065e+09 0.0124677 0.00387319 -0.00577392 -0.999986 0.00132093 0.00061022 0.00516822
1.74065e+09 0.0124845 0.00593278 -0.00495252 -0.999986 0.00136706 0.000675069 0.00514728
1.74065e+09 0.0118474 0.00708184 -0.00591401 -0.999984 0.00105645 0.000489008 0.00559944
1.74065e+09 0.0115435 0.0101699 -0.00441706 -0.999985 0.00109441 0.000478822 0.00542698
1.74065e+09 0.0114699 0.00928336 -0.00463248 -0.999983 0.00111153 0.00069517 0.00569153
1.74065e+09 0.01191 0.00897163 -0.00366431 -0.999984 0.00142728 0.000702404 0.00533576
1.74065e+09 0.0115748 0.00574373 -0.0045079 -0.999985 0.00111407 0.000518058 0.00531516
1.74065e+09 0.0111529 0.00666441 -0.0050937 -0.999985 0.001517 0.000727553 0.00526915
1.74065e+09 0.0108699 0.00488416 -0.00539034 -0.999983 0.00118913 0.000515634 0.00565928
1.74065e+09 0.0106752 0.00685799 -0.00481239 -0.999986 0.0014433 0.000398597 0.0051142
1.74065e+09 0.0114637 0.00590994 -0.00420568 -0.999985 0.0014234 0.000712476 0.00529725
1.74065e+09 0.0105288 0.00510852 -0.0032816 -0.999985 0.00153053 0.000466653 0.00525523
1.74065e+09 0.0114565 0.00617384 -0.00220344 -0.999986 0.00159052 0.000503827 0.00498345
1.74065e+09 0.00973248 0.0052695 -0.00210435 -0.999986 0.00142643 0.000442742 0.00511548
1.74065e+09 0.0105783 0.00217235 -0.00231404 -0.999985 0.00141002 0.000488571 0.00530141
1.74065e+09 0.0109934 0.000900727 -0.00318152 -0.999986 0.00147622 0.000483744 0.00512559
1.74065e+09 0.0114825 0.00131733 -0.00374072 -0.999984 0.00145574 0.000303122 0.00554481
1.74065e+09 0.0110552 0.00479871 -0.00366253 -0.999985 0.00121088 0.000380019 0.00527202
1.74065e+09 0.00857254 0.00576391 -0.0027043 -0.999984 0.00112781 0.00019284 0.00552326
1.74065e+09 0.0102698 0.00827689 -0.00293235 -0.999985 0.00123849 0.000537745 0.0053403
1.74065e+09 0.0109731 0.00843058 -0.00375578 -0.999986 0.0011978 0.000583723 0.00514642
1.74065e+09 0.0119459 0.00750077 -0.00381153 -0.999987 0.00142305 0.00051536 0.00493562
1.74065e+09 0.0113484 0.00594399 -0.00316067 -0.999985 0.00120415 0.000439095 0.00535811
1.74065e+09 0.0122097 0.00538508 -0.00313251 -0.999984 0.00143844 0.000665572 0.00543668
1.74065e+09 0.0104564 0.00508209 -0.00334161 -0.999986 0.00132689 0.000539437 0.00512451
1.74065e+09 0.0118302 0.00493495 -0.0042496 -0.999984 0.00147682 0.000733587 0.00534461
1.74065e+09 0.0103412 0.00601316 -0.00221758 -0.999986 0.00125452 0.000340043 0.00519863
1.74065e+09 0.0103107 0.00533758 -0.00192779 -0.999985 0.00124298 0.000360429 0.00540726
1.74065e+09 0.0104709 0.00450469 -0.00172582 -0.999985 0.0013632 0.000479993 0.0053353
1.74065e+09 0.0115788 0.00531055 -0.0023915 -0.999984 0.00142576 0.000468291 0.00544894
1.74065e+09 0.0103087 0.00512738 -0.0021617 -0.999984 0.00161308 0.000539842 0.00538405
1.74065e+09 0.0107683 0.0042884 -0.00292063 -0.999984 0.00155698 0.000471295 0.00539294
1.74065e+09 0.0124805 0.00534561 -0.00330896 -0.999985 0.00148781 0.000692671 0.00527581
1.74065e+09 0.0127494 0.00723004 -0.00433774 -0.999985 0.00131597 0.000624718 0.00522519
1.74065e+09 0.0125952 0.00486828 -0.00352428 -0.999985 0.00131458 0.000549951 0.00534922
1.74065e+09 0.0107776 0.00407567 -0.00388938 -0.999986 0.0012716 0.000318341 0.00514924
1.74065e+09 0.0113994 0.00298766 -0.00381304 -0.999984 0.00136752 0.000650253 0.00547531
1.74065e+09 0.0103765 0.00103725 -0.00295497 -0.999984 0.00113986 0.000387954 0.00545885
1.74065e+09 0.0111726 -1.33369e-05 -0.00292596 -0.999984 0.0015104 0.00055393 0.00545677
1.74065e+09 0.0109879 -0.000133736 -0.00305348 -0.999986 0.00138676 0.000288215 0.00516592
1.74065e+09 0.0120811 -0.000720339 -0.00316745 -0.999985 0.00160021 0.000776537 0.00527376
1.74065e+09 0.0112135 0.00174541 -0.00331293 -0.999985 0.00130074 0.000464295 0.00530277
1.74065e+09 0.0117592 0.0049828 -0.00431954 -0.999984 0.00147104 0.000581531 0.00539123
1.74065e+09 0.0114091 0.00523871 -0.0038003 -0.999985 0.00147795 0.000709228 0.00525001
1.74065e+09 0.01177 0.00508351 -0.00203375 -0.999985 0.00149802 0.000503584 0.0051704
1.74065e+09 0.0106324 0.00635027 -0.00117112 -0.999986 0.00149223 0.000302899 0.00502302
1.74065e+09 0.0111068 0.00494146 -0.00224082 -0.999986 0.00138391 0.000232192 0.00511094
1.74065e+09 0.0105405 0.00521396 -0.0028076 -0.999985 0.00141155 0.000436232 0.00519048
1.74065e+09 0.0108585 0.0040406 -0.00386803 -0.999985 0.00152291 0.000371553 0.00533408
1.74065e+09 0.0119465 0.0029443 -0.00386709 -0.999985 0.0013651 0.000553681 0.00525669
1.74065e+09 0.0126419 0.00604467 -0.00428851 -0.999985 0.00145515 0.000663755 0.00531701
1.74065e+09 0.0126838 0.00317807 -0.00367513 -0.999985 0.0011486 0.000479024 0.00540822
1.74065e+09 0.0118352 0.00286186 -0.00486085 -0.999984 0.0011535 0.000474111 0.00547818
1.74065e+09 0.0109851 0.00137118 -0.00260357 -0.999984 0.00120128 0.00023655 0.00545058
1.74065e+09 0.0105165 0.00213584 -0.00350602 -0.999985 0.00136587 0.000480073 0.0053571
1.74065e+09 0.011168 0.000952507 -0.00266501 -0.999984 0.00154855 0.000468704 0.00533692
1.74065e+09 0.0115735 0.00173094 -0.00370568 -0.999985 0.00122141 0.000490203 0.00531808
1.74065e+09 0.0114702 0.00402078 -0.0044422 -0.999984 0.00161462 0.000664558 0.00539022
1.74065e+09 0.0113079 0.00196154 -0.00543896 -0.999984 0.00136377 0.000731624 0.00543376
1.74065e+09 0.0119114 0.000857154 -0.00374541 -0.999985 0.00162962 0.000693687 0.00521138
1.74065e+09 0.0121182 0.00111228 -0.00334333 -0.999984 0.00139526 0.000641007 0.00542624
1.74065e+09 0.0104441 0.00305811 -0.00298329 -0.999985 0.00150824 0.000508245 0.00531477
1.74065e+09 0.0106331 0.00613747 -0.00146263 -0.999986 0.00130309 0.000273743 0.00514322
1.74065e+09 0.0111078 0.00704976 -0.00275558 -0.999984 0.00162202 0.000327587 0.00543194
1.74065e+09 0.0115429 0.00754933 -0.00304581 -0.999984 0.00138782 0.000413296 0.00545286
1.74065e+09 0.00932612 0.00619956 -0.00256861 -0.999985 0.00124769 0.000402419 0.0053466
1.74065e+09 0.0103813 0.00440687 -0.002275 -0.999983 0.00147269 0.000489088 0.00559753
1.74065e+09 0.0114143 0.0029369 -0.00324668 -0.999983 0.00146927 0.000670732 0.00560521
1.74065e+09 0.00951333 -0.000257124 -0.00298375 -0.999985 0.0012527 0.0004643 0.00530921
1.74065e+09 0.0100956 0.00167972 -0.00410009 -0.999985 0.00132004 0.000364158 0.00528372
1.74065e+09 0.0105164 0.00301187 -0.0044479 -0.999986 0.00132548 0.000519545 0.00515356
1.74065e+09 0.0110605 0.00385049 -0.00443499 -0.999986 0.0014887 0.0005997 0.00512583
1.74065e+09 0.00978549 0.00227185 -0.00281054 -0.999984 0.00127827 0.000429359 0.00545919
1.74065e+09 0.011282 0.000863018 -0.00247039 -0.999984 0.00138783 0.000681539 0.00543785
1.74065e+09 0.0117483 0.00147422 -0.00306163 -0.999985 0.00136748 0.000698302 0.00522791
1.74065e+09 0.0126538 0.0034826 -0.00304538 -0.999985 0.00140991 0.000481492 0.00530834
1.74065e+09 0.0120231 0.00268905 -0.00278301 -0.999985 0.00148471 0.000739999 0.00516479
1.74065e+09 0.012757 0.00172293 -0.00326266 -0.999985 0.00156252 0.000607064 0.00516366
1.74065e+09 0.0104615 0.00317603 -0.0024622 -0.999984 0.00156524 0.000590686 0.00539883
1.74065e+09 0.0103851 0.00065326 -0.00243379 -0.999985 0.0016138 0.000252329 0.00530334
1.74065e+09 0.0106879 0.00335268 -0.00165637 -0.999985 0.00154008 0.000360292 0.00527499
1.74065e+09 0.0119501 0.00333368 -0.00332269 -0.999984 0.00139347 0.000391454 0.00545059
1.74065e+09 0.0129049 0.00425222 -0.00313199 -0.999984 0.00158295 0.000645206 0.00532428
1.74065e+09 0.0128395 0.00751478 -0.003421 -0.999985 0.00143391 0.000679462 0.00524549
1.74065e+09 0.0120687 0.00813518 -0.00381136 -0.999984 0.0012372 0.000777223 0.00546031
1.74065e+09 0.01102 0.00403928 -0.00357345 -0.999984 0.0011116 0.000558776 0.00545918
1.74065e+09 0.0111545 0.00302314 -0.0035633 -0.999985 0.00124198 0.000590794 0.00528055
1.74065e+09 0.0111874 0.00217801 -0.00341442 -0.999984 0.00140656 0.000601501 0.00537087
1.74065e+09 0.0115164 0.00102036 -0.00395699 -0.999984 0.00127818 0.000312435 0.00558077
1.74065e+09 0.00996533 0.00126184 -0.00383608 -0.999986 0.00113773 0.000385105 0.00521104
1.74065e+09 0.0111118 0.00171413 -0.00382575 -0.999985 0.00145453 0.000783817 0.00529721
1.74065e+09 0.0105641 0.00366277 -0.00290277 -0.999985 0.00146459 0.000503944 0.00528636
1.74065e+09 0.0108994 0.00376944 -0.00398645 -0.999985 0.00130692 0.000569176 0.00524683
1.74065e+09 0.00962382 0.00276107 -0.00294201 -0.999985 0.00133537 0.000261414 0.00521654
1.74065e+09 0.0109221 0.0045714 -0.00215217 -0.999986 0.00156437 0.000344213 0.00505422
1.74065e+09 0.0110249 0.00835405 -0.002398 -0.999985 0.00132862 0.000440742 0.0052885
1.74065e+09 0.0116755 0.00862275 -0.00223134 -0.999984 0.00143926 0.000375463 0.00546167
1.74065e+09 0.0116135 0.00783057 -0.00331271 -0.999983 0.0015521 0.000677322 0.00556395
1.74065e+09 0.011995 0.00684179 -0.00448705 -0.999984 0.00126791 0.000520628 0.00544652
1.74065e+09 0.0110726 0.0068908 -0.00335285 -0.999983 0.00152812 0.000619403 0.0055198
1.74065e+09 0.0113884 0.00685255 -0.00476297 -0.999984 0.00132093 0.000668928 0.00541533
1.74065e+09 0.0107566 0.00462637 -0.00330925 -0.999985 0.0012291 0.000339177 0.00541274
1.74065e+09 0.0103838 0.00302142 -0.0048689 -0.999984 0.00125715 0.000541478 0.00555286
1.74065e+09 0.0105884 0.00213405 -0.00299147 -0.999985 0.00131069 0.00038482 0.00526846
1.74065e+09 0.0103542 0.00372311 -0.00374489 -0.999985 0.00122016 0.000377249 0.00535719
1.74065e+09 0.0102955 0.00628137 -0.00270014 -0.999984 0.00168009 0.000481935 0.00532453
1.74065e+09 0.0104346 0.00691838 -0.00347046 -0.999985 0.00136269 0.000238329 0.00522589
1.74065e+09 0.0106429 0.00753033 -0.00336785 -0.999985 0.00139114 0.000482475 0.00527559
1.74065e+09 0.0108459 0.00599895 -0.0034744 -0.999984 0.00115653 0.00017976 0.00549012
1.74065e+09 0.011108 0.00384555 -0.00281858 -0.999985 0.00154963 0.000719469 0.00523176
1.74065e+09 0.0114725 0.00534409 -0.00327256 -0.999985 0.00136099 0.000544984 0.00521157
1.74065e+09 0.0103522 0.00696069 -0.00293705 -0.999986 0.00153912 0.0006797 0.00493263
1.74065e+09 0.0112669 0.00852285 -0.00266916 -0.999984 0.00143211 0.000333388 0.00539535
1.74065e+09 0.0108133 0.00868258 -0.00357459 -0.999985 0.00149483 0.000363228 0.00529857
1.74065e+09 0.011392 0.00361666 -0.0034789 -0.999985 0.00136397 0.000451199 0.00529184
1.74065e+09 0.010393 0.00481684 -0.00385021 -0.999984 0.00156501 0.000501901 0.00538424
1.74065e+09 0.011158 0.00143173 -0.00251127 -0.999986 0.0015827 0.000581138 0.00510962
1.74065e+09 0.0112365 0.00217984 -0.00249768 -0.999986 0.00157111 0.00062934 0.0050517
1.74065e+09 0.00966966 0.00175776 -0.00200996 -0.999986 0.00146152 0.00049261 0.0050905
1.74065e+09 0.00998179 0.00194962 -0.00258872 -0.999986 0.00132969 0.000451041 0.00513021
1.74065e+09 0.00883384 -0.00019947 -0.00310988 -0.999984 0.00127934 0.000392451 0.00552509
1.74065e+09 0.0103404 0.000462873 -0.00422767 -0.999984 0.00157251 0.000475191 0.00536277
1.74065e+09 0.0117518 0.00303274 -0.00372205 -0.999985 0.00127188 0.000462047 0.00524249
1.74065e+09 0.0115979 0.00520689 -0.00204533 -0.999984 0.00130578 0.000511608 0.00546011
1.74065e+09 0.0109194 0.00756179 -0.00277633 -0.999985 0.00128683 0.000444582 0.00532573
1.74065e+09 0.0110462 0.0115868 -0.00238015 -0.999986 0.00133518 0.000555803 0.00516765
1.74065e+09 0.00869695 0.0119472 -0.000484484 -0.999986 0.00121776 0.000401929 0.0051691
1.74065e+09 0.0102399 0.0105098 -0.00123463 -0.999983 0.0015246 0.000525157 0.00551571
1.74065e+09 0.010527 0.00961065 -0.00134463 -0.999983 0.00133348 0.00033431 0.0057327
1.74065e+09 0.0113297 0.00752729 -0.00220269 -0.999985 0.00138538 0.000447475 0.00531879
1.74065e+09 0.00931557 0.00666423 -0.00267981 -0.999986 0.001515 0.000516106 0.00511734
1.74065e+09 0.00961244 0.00440078 -0.00275469 -0.999985 0.00133708 0.000313738 0.0053325
1.74065e+09 0.00990105 0.0041059 -0.00407476 -0.999987 0.00150262 0.000580373 0.00492311
1.74065e+09 0.00970987 0.00246013 -0.00434826 -0.999984 0.00142565 0.000536447 0.00539363
1.74065e+09 0.00966341 0.00447669 -0.00480042 -0.999985 0.00148503 0.000479181 0.00521375
1.74065e+09 0.0111094 0.0049461 -0.00297465 -0.999986 0.00131845 0.000548038 0.00509217
1.74065e+09 0.0118962 0.00557014 -0.00232175 -0.999985 0.0014897 0.000590149 0.00525944
1.74065e+09 0.0102455 0.00561762 -0.00273485 -0.999985 0.00114485 0.000565767 0.00535535
1.74065e+09 0.0107653 0.00556545 -0.00223648 -0.999985 0.00133197 0.000456213 0.00523725
1.74065e+09 0.00894144 0.00592458 -0.00227649 -0.999984 0.00142151 0.00044266 0.00536731
1.74065e+09 0.00961759 0.00961697 -0.00287833 -0.999986 0.0014341 0.000575761 0.00513713
1.74065e+09 0.00956704 0.0115436 -0.0029862 -0.999985 0.00129203 0.000422959 0.00537161
1.74065e+09 0.00950371 0.0114193 -0.00255782 -0.999983 0.0014271 0.000325981 0.00562815
1.74065e+09 0.00869412 0.0112716 -0.00210481 -0.999986 0.00124009 0.000447026 0.00511663
1.74065e+09 0.00970106 0.00669807 -0.00104712 -0.999985 0.00153841 0.000316893 0.00521379
1.74065e+09 0.0110581 0.00603905 -0.00291361 -0.999984 0.00145733 0.000567552 0.00546007
1.74065e+09 0.0104374 0.00558812 -0.00211484 -0.999987 0.00125922 0.000198317 0.00503123
1.74065e+09 0.00954734 0.0061292 -0.0023654 -0.999986 0.00158781 0.000552157 0.0051065
1.74065e+09 0.00985193 0.00538241 -0.00334472 -0.999986 0.00135554 0.000435999 0.00511209
1.74065e+09 0.00941875 0.00318475 -0.00472068 -0.999985 0.00140288 0.000456576 0.00524788
1.74065e+09 0.0103578 0.00599028 -0.00354463 -0.999985 0.00146015 0.000612956 0.00526246
1.74065e+09 0.0104255 0.00477065 -0.00393298 -0.999985 0.00143755 0.000582971 0.00528979
1.74065e+09 0.0110888 0.00456499 -0.00345361 -0.999984 0.00144142 0.000675828 0.00543782
1.74065e+09 0.0108288 0.0017696 -0.00210261 -0.999984 0.001285 0.000492707 0.00545003
1.74065e+09 0.0112508 0.0028399 -0.00314673 -0.999985 0.00134068 0.000651556 0.00529825
1.74065e+09 0.0106468 0.00300077 -0.00262617 -0.999984 0.00151596 0.000527874 0.00538082
1.74065e+09 0.00939804 0.00473337 -0.00312175 -0.999985 0.00152418 0.000512495 0.00515032
1.74065e+09 0.00949242 0.00443674 -0.00338298 -0.999986 0.00121688 0.000649643 0.00517391
1.74065e+09 0.00975013 0.00850284 -0.00268305 -0.999984 0.00140991 0.000142564 0.00549417
1.74065e+09 0.010793 0.00796753 -0.00267995 -0.999981 0.00151001 0.000740719 0.00584934
1.74065e+09 0.0112353 0.0103116 -0.00296608 -0.999983 0.00132253 0.000550482 0.00557946
1.74065e+09 0.0106136 0.0129193 -0.00375385 -0.999986 0.00128827 0.000657467 0.00509821
1.74065e+09 0.0108109 0.0134968 -0.00345993 -0.999984 0.00149357 0.000546813 0.00542427
1.74065e+09 0.0104559 0.01516 -0.00377358 -0.999985 0.00149605 0.000531919 0.00527238
1.74065e+09 0.00915911 0.0113841 -0.00323245 -0.999984 0.00134795 0.000286999 0.00554408
1.74065e+09 0.00845303 0.010333 -0.00291934 -0.999984 0.00163295 0.000634977 0.00539954
1.74065e+09 0.00949207 0.00986803 -0.00206269 -0.999985 0.00143844 0.000441014 0.0053366
1.74065e+09 0.0103144 0.0075776 -0.00249117 -0.999984 0.00156739 0.000653743 0.00538747
1.74065e+09 0.0118746 0.00640097 -0.00212737 -0.999984 0.00138521 0.000588284 0.00543597
1.74065e+09 0.0108398 0.00674106 -0.00259691 -0.999986 0.00144906 0.000532861 0.00507092
1.74065e+09 0.0090674 0.00598904 -0.00234951 -0.999983 0.00127112 0.00038026 0.00570122
1.74065e+09 0.00876754 0.00559268 -0.00234856 -0.999986 0.0013471 0.000361098 0.00509701
1.74065e+09 0.0086016 0.00527981 -0.00318256 -0.999985 0.00140019 0.000522478 0.00530272
1.74065e+09 0.00878836 0.00598351 -0.00258177 -0.999986 0.00141725 0.000324933 0.0051548
1.74065e+09 0.00734289 0.00575722 -0.00303214 -0.999986 0.00132237 0.000511959 0.00510387
1.74065e+09 0.00859355 0.00726254 -0.00341818 -0.999985 0.00131965 0.000388494 0.00533323
1.74065e+09 0.00778864 0.00759349 -0.00137985 -0.999985 0.00124714 0.000402716 0.00538721
1.74065e+09 0.009712 0.0075353 -0.00233601 -0.999986 0.00167731 0.000473476 0.00494382
1.74065e+09 0.00860035 0.00821569 -0.00223358 -0.999985 0.00155964 0.000523493 0.0052872
1.74065e+09 0.00974766 0.00763985 -0.00276309 -0.999985 0.00133864 0.000469944 0.00529571
1.74065e+09 0.00979548 0.00879015 -0.00317925 -0.999986 0.00155939 0.000529473 0.00507338
1.74065e+09 0.00880155 0.00936754 -0.00384809 -0.999985 0.00157584 0.000453489 0.00530195
1.74065e+09 0.00784913 0.00991234 -0.00442003 -0.999986 0.00151274 0.000505296 0.00497846
1.74065e+09 0.00771604 0.00992599 -0.0047447 -0.999985 0.00140931 0.000483347 0.00526796
1.74065e+09 0.00762979 0.011182 -0.00384897 -0.999984 0.00148577 0.000348717 0.00545529
1.74065e+09 0.00774464 0.0113508 -0.00415781 -0.999985 0.0013137 0.000369784 0.00523819
1.74065e+09 0.00813318 0.00951716 -0.00362214 -0.999984 0.00144351 0.00042875 0.00541847
1.74065e+09 0.00709629 0.00788375 -0.00322082 -0.999985 0.00122797 0.000468106 0.00538306
1.74065e+09 0.00834072 0.00691858 -0.00153359 -0.999985 0.00131682 0.000295811 0.00539922
1.74065e+09 0.007769 0.00669462 -0.0013935 -0.999984 0.00124663 0.000550717 0.00540828
1.74065e+09 0.0090002 0.00619567 -0.00183306 -0.999984 0.00155515 0.000364733 0.00541708
1.74065e+09 0.00947973 0.00505127 -0.00163991 -0.999986 0.00139384 0.000552512 0.00512251
1.74065e+09 0.0107219 0.00482115 -0.00189511 -0.999983 0.00138713 0.000534427 0.00558032
1.74065e+09 0.0107552 0.00639762 -0.00195338 -0.999985 0.0014917 0.000614866 0.00514876
1.74065e+09 0.0111526 0.00714175 -0.00186048 -0.999985 0.00143137 0.000447114 0.00533878
1.74065e+09 0.0106123 0.00632961 -0.00364702 -0.999985 0.00142076 0.000556298 0.00525327
1.74065e+09 0.00993813 0.0057278 -0.00339924 -0.999986 0.00132099 0.000203189 0.00519112
1.74065e+09 0.00919431 0.007873 -0.00386898 -0.999984 0.00166633 0.000543374 0.005434
1.74065e+09 0.00980583 0.00677012 -0.00428038 -0.999982 0.00144892 0.000394145 0.00573669
1.74065e+09 0.0099612 0.00654041 -0.00477036 -0.999983 0.00146179 0.000418821 0.00554309
1.74065e+09 0.0106642 0.00330372 -0.00392406 -0.999983 0.00139219 0.000629416 0.00560746
1.74065e+09 0.0103051 0.00346736 -0.00275089 -0.999986 0.00121495 0.000642919 0.0051513
1.74065e+09 0.0096771 0.00543351 -0.00241961 -0.999986 0.00139108 0.000560781 0.00509946
1.74065e+09 0.00936221 0.00429085 -0.00208736 -0.999986 0.00125148 0.000305436 0.0051977
1.74065e+09 0.00906051 0.00326195 -0.00357593 -0.999984 0.00120324 0.000527672 0.00553384
1.74065e+09 0.009468 0.00285409 -0.00229019 -0.999984 0.00146437 0.000505951 0.00540486
1.74065e+09 0.00994079 0.00532475 -0.00234642 -0.999983 0.00132261 0.000403568 0.00559424
1.74065e+09 0.0108415 0.0049909 -0.00327044 -0.999984 0.00126811 0.0005388 0.00541668
1.74065e+09 0.0112333 0.00723534 -0.00373945 -0.999985 0.00152433 0.000388019 0.00528142
1.74065e+09 0.0124038 0.00728127 -0.00445099 -0.999985 0.00145394 0.000814418 0.00530293
1.74065e+09 0.0118347 0.00926382 -0.0044477 -0.999984 0.0012973 0.000647352 0.00541186
1.74065e+09 0.011077 0.00809961 -0.00350296 -0.999984 0.00151769 0.000843822 0.00536727
1.74065e+09 0.0105932 0.0100101 -0.00304097 -0.999985 0.0014741 0.000607956 0.00526401
1.74065e+09 0.0107037 0.00846858 -0.00336246 -0.999984 0.00165353 0.000602092 0.00536022
1.74065e+09 0.0107378 0.00778327 -0.00323098 -0.999985 0.00142398 0.00049358 0.00518432
1.74065e+09 0.00911403 0.00795981 -0.00406218 -0.999986 0.00156769 0.000558742 0.00510859
1.74065e+09 0.0100939 0.00745386 -0.00344802 -0.999986 0.00153264 0.000502187 0.005121
1.74065e+09 0.011567 0.00546536 -0.00340538 -0.999984 0.00152317 0.000623743 0.00533827
1.74065e+09 0.00953469 0.00360012 -0.00227806 -0.999984 0.00123593 0.000446908 0.00555328
1.74065e+09 0.00963996 0.00314627 -0.00216907 -0.999984 0.00154317 0.000512171 0.00543844
1.74065e+09 0.00965982 0.00373694 -0.00190866 -0.999985 0.00104342 0.000351221 0.00542641
1.74065e+09 0.0110749 0.004612 -0.0035485 -0.999985 0.0013968 0.000575276 0.00525139
1.74065e+09 0.00942531 0.00760622 -0.00357827 -0.999984 0.0014482 0.000508067 0.00537363
1.74065e+09 0.0101878 0.00785483 -0.00424914 -0.999984 0.00153291 0.000522202 0.00543425
1.74065e+09 0.00899336 0.00811584 -0.00290185 -0.999984 0.00129084 0.000615267 0.00548189
1.74065e+09 0.00995395 0.00842858 -0.00316117 -0.999986 0.00139881 0.000463365 0.00505222
1.74065e+09 0.00986081 0.00900511 -0.00254417 -0.999984 0.00124443 0.000439534 0.0054769
1.74065e+09 0.0108543 0.00852036 -0.00386009 -0.999984 0.00138383 0.000656122 0.00549796
1.74065e+09 0.0115004 0.00800374 -0.00280635 -0.999984 0.0015092 0.000559769 0.00535931
1.74065e+09 0.0108522 0.00662579 -0.00308074 -0.999984 0.00138741 0.000461689 0.00540251
1.74065e+09 0.0105227 0.00704235 -0.00311939 -0.999985 0.00154473 0.000536647 0.00520814
1.74065e+09 0.00955153 0.00635155 -0.00303163 -0.999985 0.00145322 0.000318037 0.00522062
1.74065e+09 0.0085645 0.00576455 -0.00355515 -0.999985 0.00153543 0.000428609 0.00518681
1.74065e+09 0.0089255 0.00731039 -0.00351541 -0.999985 0.00142364 0.000343506 0.00530437
1.74065e+09 0.00846524 0.0072626 -0.00386503 -0.999985 0.00149751 0.000700177 0.00515536
1.74065e+09 0.00877892 0.00696394 -0.00318465 -0.999984 0.00109689 0.000306358 0.00546597
1.74065e+09 0.00921187 0.00676107 -0.0033651 -0.999985 0.00141001 0.000434372 0.00525336
1.74065e+09 0.00828632 0.00787297 -0.003614 -0.999984 0.0013615 0.000545235 0.00539668
1.74065e+09 0.00866037 0.00819089 -0.00274922 -0.999985 0.00129809 0.000291582 0.00530859
1.74065e+09 0.00799477 0.00946617 -0.00150361 -0.999985 0.00128736 0.000284937 0.00531206
1.74065e+09 0.00957165 0.00680426 -0.00145727 -0.999984 0.0015126 0.000461305 0.0054642
1.74065e+09 0.00944709 0.00814207 -0.00183418 -0.999983 0.00143329 0.000492361 0.00556248
1.74065e+09 0.0102602 0.00782896 -0.00171518 -0.999984 0.0014614 0.000457813 0.00541264
1.74065e+09 0.0102774 0.00852083 -0.000983946 -0.999984 0.00135122 0.00039371 0.00540039
1.74065e+09 0.0103408 0.0101418 -0.00151538 -0.999985 0.00152774 0.000430581 0.00516013
1.74065e+09 0.00915643 0.0130305 -0.00260364 -0.999985 0.00142524 0.000594524 0.0053485
1.74065e+09 0.00901105 0.0113478 -0.00308446 -0.999983 0.0014102 0.000297702 0.00559623
1.74065e+09 0.00905116 0.0124936 -0.00345732 -0.999984 0.00169191 0.000459072 0.0052895
1.74065e+09 0.00893651 0.0110561 -0.00367161 -0.999985 0.00140514 0.000388719 0.00530433
1.74065e+09 0.00889798 0.0109191 -0.00395609 -0.999986 0.00139452 0.000535983 0.00510014
1.74065e+09 0.00915115 0.0110809 -0.00356721 -0.999985 0.00143236 0.000486045 0.0052818
1.74065e+09 0.00915512 0.00981919 -0.00408395 -0.999985 0.00141174 0.000406834 0.00530115
1.74065e+09 0.00850962 0.012107 -0.00492526 -0.999985 0.00104865 0.000436457 0.00531242
1.74065e+09 0.00880148 0.00984656 -0.00471751 -0.999985 0.00138272 0.000393856 0.00530769
1.74065e+09 0.00885846 0.0120302 -0.00621021 -0.999985 0.0013226 0.000556646 0.00521869
1.74065e+09 0.00767735 0.010653 -0.00394256 -0.999987 0.00134533 0.000347984 0.00491608
1.74065e+09 0.0086073 0.0120362 -0.00396291 -0.999985 0.00141524 0.000506366 0.00531349
1.74065e+09 0.00918637 0.0102576 -0.00321577 -0.999985 0.0012072 0.000579506 0.00523513
1.74065e+09 0.0103287 0.00943214 -0.00352874 -0.999986 0.0012932 0.000562808 0.00514597
1.74065e+09 0.0104892 0.004092 -0.002725 -0.999985 0.0014398 0.000615462 0.0052163
1.74065e+09 0.0111639 0.00306784 -0.00294442 -0.999983 0.0013025 0.000555579 0.00566665
1.74065e+09 0.010704 0.00199993 -0.00159399 -0.999984 0.00140442 0.000373095 0.00550257
1.74065e+09 0.0100924 0.00345193 -0.00120945 -0.999982 0.001583 0.000546567 0.00580836
1.74065e+09 0.0101196 0.00723679 -0.00155519 -0.999985 0.00160465 0.000465921 0.00528934
1.74065e+09 0.00982013 0.00962325 -0.00204898 -0.999984 0.00142375 0.000277224 0.00550344
1.74065e+09 0.00924423 0.0103508 -0.00340669 -0.999986 0.00149397 0.00047899 0.00510192
1.74065e+09 0.00982878 0.0105609 -0.00395067 -0.999984 0.0012738 0.000433782 0.00544078
1.74065e+09 0.00880087 0.0107675 -0.00454624 -0.999985 0.00162286 0.000820262 0.00514858
1.74065e+09 0.00941883 0.00832384 -0.00413158 -0.999985 0.00123395 0.000485962 0.00538972
1.74065e+09 0.0102747 0.00662766 -0.00353906 -0.999984 0.00137045 0.000422668 0.00548647
1.74065e+09 0.00995723 0.00774748 -0.00280399 -0.999984 0.00114844 0.000670821 0.00558176
1.74065e+09 0.0102918 0.00711146 -0.00260538 -0.999985 0.00133129 0.00044082 0.00534277
1.74065e+09 0.0106804 0.00909352 -0.0028714 -0.999985 0.0011541 0.000619371 0.00533268
1.74065e+09 0.0114478 0.00937704 -0.00330202 -0.999986 0.00155089 0.000485905 0.00494304
1.74065e+09 0.00967285 0.0112987 -0.00360776 -0.999985 0.00149475 0.000357284 0.00530351
1.74065e+09 0.00991037 0.0106176 -0.00388279 -0.999983 0.001475 0.000507625 0.00559444
1.74065e+09 0.00800766 0.0103472 -0.00305983 -0.999984 0.00127454 0.000660692 0.00545012
1.74065e+09 0.00958175 0.0082132 -0.0033886 -0.999984 0.00139849 0.000463141 0.00549926
1.74065e+09 0.0108645 0.00645572 -0.00393629 -0.999985 0.00130444 0.00062696 0.00533445
1.74065e+09 0.0112032 0.00270638 -0.00344306 -0.999983 0.00146594 0.000470199 0.0055727
1.74065e+09 0.0101587 0.000687424 -0.00340901 -0.999984 0.00158932 0.000588152 0.00541092
1.74065e+09 0.00959872 0.0021417 -0.00202204 -0.999985 0.00147183 0.000211791 0.00531747
1.74065e+09 0.00935239 0.00368657 -0.0022583 -0.999985 0.00146694 0.000469794 0.0051954
1.74065e+09 0.0097938 0.00501458 -0.00191337 -0.999985 0.00144706 0.000294526 0.00527855
1.74065e+09 0.0111665 0.00724031 -0.00262257 -0.999984 0.0014436 0.000661484 0.00546453
1.74065e+09 0.010893 0.00841486 -0.00220812 -0.999985 0.00138741 0.000332486 0.00521107
1.74065e+09 0.0113735 0.00779224 -0.00232995 -0.999984 0.00121055 0.000410401 0.00552566
1.74065e+09 0.00980079 0.00791276 -0.00260205 -0.999986 0.00118237 0.00026259 0.00520889
1.74065e+09 0.00976963 0.0103076 -0.00259907 -0.999984 0.00123753 0.00030516 0.00551238
1.74065e+09 0.0100303 0.00724925 -0.00347304 -0.999985 0.00125396 0.000514939 0.00538973
1.74065e+09 0.0109632 0.00593897 -0.00274299 -0.999984 0.00158855 0.000293093 0.00538719
1.74065e+09 0.0107686 0.00299144 -0.00223596 -0.999986 0.00120688 0.000451144 0.0052058
1.74065e+09 0.0109152 0.0038754 -0.00239662 -0.999983 0.00156816 0.000498952 0.00560579
1.74065e+09 0.0100425 0.00469465 -0.00282906 -0.999984 0.00142496 0.000585055 0.0054773
1.74065e+09 0.0104225 0.00526206 -0.00283917 -0.999983 0.00163141 0.00063323 0.00547694
1.74065e+09 0.00999184 0.00622955 -0.00253 -0.999985 0.00140647 0.000583976 0.00534764
1.74065e+09 0.00992898 0.00673671 -0.00222536 -0.999984 0.00155128 0.000338817 0.00544243
1.74065e+09 0.0103481 0.00896997 -0.00279792 -0.999984 0.00156141 0.000669001 0.00538256
1.74065e+09 0.0105774 0.00771505 -0.00299536 -0.999984 0.00148418 0.000451097 0.00546848
1.74065e+09 0.0114613 0.0083898 -0.00441888 -0.999985 0.00163763 0.000720292 0.00512688
1.74065e+09 0.0111263 0.00755598 -0.00471671 -0.999985 0.00140875 0.000370513 0.00531824
1.74065e+09 0.0113066 0.00626869 -0.00321873 -0.999984 0.00119581 0.000403157 0.00544648
1.74065e+09 0.0107679 0.00371226 -0.00271145 -0.999984 0.00138058 0.000545572 0.00543735
1.74065e+09 0.0106298 0.0031535 -0.00243111 -0.999986 0.00126552 0.000382612 0.00514316
1.74065e+09 0.0101536 0.00339346 -0.00306778 -0.999986 0.00130965 0.000469605 0.00510247
1.74065e+09 0.00889786 0.00442535 -0.00346711 -0.999984 0.00110578 0.000404245 0.00552186
1.74065e+09 0.00973769 0.00642422 -0.00380331 -0.999985 0.00145878 0.000392837 0.00527373
1.74065e+09 0.0102127 0.00854448 -0.003241 -0.999985 0.00130068 0.000482656 0.00520956
1.74065e+09 0.0112232 0.0060766 -0.0025766 -0.999983 0.00147371 0.000425515 0.0056286
1.74065e+09 0.0106606 0.00597049 -0.00252231 -0.999986 0.00148889 0.000823052 0.00510544
1.74065e+09 0.0101381 0.00505346 -0.00281157 -0.999985 0.00136915 0.000303145 0.00530413
1.74065e+09 0.0103782 0.0050637 -0.00363663 -0.999985 0.00127928 0.000605513 0.00532331
1.74065e+09 0.0104965 0.00487653 -0.00292088 -0.999985 0.00157426 0.000510347 0.00526467
1.74065e+09 0.0096146 0.00553828 -0.00248996 -0.999983 0.00158634 0.000585664 0.00556252
1.74065e+09 0.0104789 0.00598071 -0.0012535 -0.999985 0.0014728 0.000423965 0.00530525
1.74065e+09 0.0110977 0.00735014 -0.00270263 -0.999985 0.00160983 0.000465973 0.00525567
1.74065e+09 0.0107537 0.00516652 -0.00295503 -0.999985 0.00145129 0.000268865 0.00533627
1.74065e+09 0.00933815 0.00526409 -0.00434502 -0.999986 0.00162798 0.000756754 0.00503748
1.74065e+09 0.00830817 0.00652649 -0.003864 -0.999985 0.00148869 0.000316827 0.00525667
1.74065e+09 0.00996525 0.00616799 -0.0036816 -0.999985 0.00147097 0.000384078 0.00519497
1.74065e+09 0.00999917 0.00594742 -0.00244066 -0.999986 0.00109724 0.000536009 0.00524408
1.74065e+09 0.0102745 0.00501222 -0.00284902 -0.999984 0.00136785 0.000329765 0.00545539
1.74065e+09 0.0104215 0.00524561 -0.00294839 -0.999985 0.001122 0.000793206 0.00524115
1.74065e+09 0.0100029 0.00466673 -0.00176995 -0.999984 0.00139409 0.00036887 0.00543323
1.74065e+09 0.0102762 0.00399531 -0.00165287 -0.999984 0.00112329 0.000404418 0.00551872
1.74065e+09 0.0108131 0.00605746 -0.00229416 -0.999986 0.00156021 0.000565667 0.00507712
1.74065e+09 0.00994137 0.00653444 -0.00225145 -0.999985 0.00138036 0.000358961 0.0053737
1.74065e+09 0.0109497 0.0055076 -0.00316286 -0.999983 0.00153583 0.000621842 0.00558596
1.74065e+09 0.0106954 0.00580062 -0.00346983 -0.999986 0.00130341 0.000436182 0.00518607
1.74065e+09 0.0110699 0.00545485 -0.00329598 -0.999984 0.00174687 0.000593021 0.00538802
1.74065e+09 0.0102062 0.00608337 -0.00311441 -0.999985 0.00153614 0.000497323 0.00523541
1.74065e+09 0.00988357 0.00411654 -0.0019072 -0.999983 0.00162008 0.000255595 0.00553907
1.74065e+09 0.0105746 0.00474492 -0.0028305 -0.999985 0.00163221 0.000602802 0.00519402
1.74065e+09 0.0105514 0.00420629 -0.00252007 -0.999985 0.00138223 0.000202659 0.005256
1.74065e+09 0.00991281 0.00376686 -0.00331689 -0.999984 0.0015426 0.000448031 0.00543594
1.74065e+09 0.00984584 0.00227164 -0.00291521 -0.999985 0.00134079 0.000443049 0.00535599
1.74065e+09 0.0109427 0.00294871 -0.00313913 -0.999984 0.0013487 0.000495485 0.00549959
1.74065e+09 0.0105797 0.00447184 -0.00346059 -0.999986 0.00106956 0.000386289 0.00521516
1.74065e+09 0.0112155 0.00581489 -0.00353981 -0.999984 0.00128259 0.0005436 0.00556486
1.74065e+09 0.0110307 0.00740409 -0.00336369 -0.999984 0.00125484 0.000472152 0.00546228
1.74065e+09 0.0115743 0.0043324 -0.00376635 -0.999984 0.0011815 0.000411504 0.00553872
1.74065e+09 0.00965967 0.00528153 -0.00317856 -0.999985 0.00144191 0.000477018 0.0052279
1.74065e+09 0.0102804 0.00631513 -0.00356121 -0.999985 0.00128662 0.000538579 0.00525534
1.74065e+09 0.0107767 0.00323236 -0.00292278 -0.999986 0.00119429 0.000379633 0.00512112
1.74065e+09 0.0114237 0.00578189 -0.0030521 -0.999984 0.00143554 0.000771351 0.00534004
1.74065e+09 0.0108246 0.00634224 -0.00272041 -0.999985 0.00151724 0.000584955 0.00525347
1.74065e+09 0.0106501 0.00636876 -0.0026514 -0.999985 0.00151565 0.000574012 0.00525412
1.74065e+09 0.0105771 0.00638237 -0.00262099 -0.999985 0.00151497 0.000569595 0.00525431
1.74065e+09 0.010528 0.00644705 -0.00261625 -0.999985 0.00151496 0.000567542 0.00525213
1.74065e+09 0.0104953 0.00649137 -0.0026135 -0.999985 0.00151488 0.00056614 0.00525063
1.74065e+09 0.0104729 0.00652262 -0.00261156 -0.999985 0.0015148 0.000565169 0.00524962
1.74065e+09 0.010758 -0.00158698 -0.00267531 -0.999984 0.0014362 0.000612301 0.00539403
1.74065e+09 0.0122766 -0.00141303 -0.00427354 -0.999985 0.00136991 0.000726847 0.0052359
1.74065e+09 0.0124508 0.000987621 -0.00340368 -0.999986 0.00126256 0.000388826 0.00513597
1.74065e+09 0.0107738 0.00671816 -0.00520601 -0.999985 0.00135206 0.000575884 0.00520768
1.74065e+09 0.00959171 0.00617176 -0.00387973 -0.999986 0.00134464 0.000607825 0.00505349
1.74065e+09 0.00962349 0.0030988 -0.00407805 -0.999985 0.00139157 0.00028918 0.00519557
1.74065e+09 0.00979398 -0.000917325 -0.00331289 -0.999986 0.00151042 0.000693349 0.00496569
1.74065e+09 0.0105429 -0.000526597 -0.00339591 -0.999986 0.0014556 0.000552819 0.00514502
1.74065e+09 0.0113751 -0.000733893 -0.00373102 -0.999985 0.00155293 0.000859175 0.0051528
1.74065e+09 0.0114651 0.00195124 -0.00423725 -0.999986 0.00139527 0.00062895 0.00511906
1.74065e+09 0.00933981 -0.00109919 -0.00319228 -0.999985 0.00138196 0.000785464 0.00531703
1.74065e+09 0.0101401 0.00137727 -0.00315942 -0.999985 0.00178161 0.000680967 0.00508872
1.74065e+09 0.00984851 0.000932294 -0.00306251 -0.999983 0.00150522 0.000511206 0.00559799
1.74065e+09 0.010701 0.00143596 -0.00167881 -0.999986 0.0016633 0.000530677 0.00507629
1.74065e+09 0.0113169 0.00432332 -0.00205736 -0.999984 0.00152849 0.000618714 0.00536668
1.74065e+09 0.0110151 0.00258549 -0.00218312 -0.999985 0.0016627 0.000321475 0.00511208
1.74065e+09 0.0111627 0.00361705 -0.00236569 -0.999985 0.00163884 0.000494778 0.00523127
1.74065e+09 0.0100497 0.00273875 -0.00223359 -0.999984 0.00134958 0.000406992 0.00547558
1.74065e+09 0.0107308 0.00218466 -0.00326604 -0.999984 0.00154929 0.00055095 0.00541399
1.74065e+09 0.0109463 0.00248356 -0.00387324 -0.999984 0.00147597 0.00041231 0.00536843
1.74065e+09 0.0115143 0.00341543 -0.00399294 -0.999986 0.0012786 0.00057877 0.00513952
1.74065e+09 0.0109157 0.00301297 -0.00339969 -0.999985 0.00136481 0.000571731 0.00519862
1.74065e+09 0.0105426 0.00415781 -0.00318995 -0.999986 0.00145242 0.000498797 0.00508997
1.74065e+09 0.0100799 0.00545578 -0.00289544 -0.999985 0.00125854 0.000423081 0.00540661
1.74065e+09 0.011175 0.00401535 -0.00379304 -0.999986 0.00124865 0.000610834 0.00505748
1.74065e+09 0.0106819 0.00363127 -0.00390798 -0.999984 0.00126409 0.000625403 0.00547078
1.74065e+09 0.0114175 0.00419233 -0.00491482 -0.999984 0.00158277 0.000843935 0.00537157
1.74065e+09 0.0105176 0.00452116 -0.00329572 -0.999986 0.00147859 0.000563915 0.00514307
1.74065e+09 0.0108179 0.00410322 -0.00372276 -0.999985 0.00155825 0.000541512 0.00517663
1.74065e+09 0.0106048 0.00585023 -0.00237778 -0.999986 0.00149522 0.000697207 0.00506147
1.74065e+09 0.0109187 0.00513961 -0.00150703 -0.999987 0.00165316 0.000560838 0.0048775
1.74065e+09 0.0112019 0.00638126 -0.00168016 -0.999984 0.00161685 0.000708395 0.00542913
1.74065e+09 0.0111407 0.00456985 -0.00219878 -0.999984 0.00155404 0.000442237 0.00534224
1.74065e+09 0.0107006 0.00505157 -0.00257582 -0.999983 0.00164821 0.000423236 0.00549187
1.74065e+09 0.0109895 0.00195944 -0.00418633 -0.999986 0.00135527 0.000629883 0.00512421
1.74065e+09 0.0108502 0.00207903 -0.0036595 -0.999985 0.00153504 0.000548711 0.00514256
1.74065e+09 0.0113749 0.00206433 -0.00416921 -0.999985 0.00142844 0.000689425 0.00517659
1.74065e+09 0.0117915 0.000519298 -0.00413987 -0.999985 0.00150224 0.000614861 0.00519665
1.74065e+09 0.0100206 0.00313077 -0.0035772 -0.999987 0.00127642 0.000469951 0.00499806
1.74065e+09 0.0104301 0.00247785 -0.00325987 -0.999986 0.0014051 0.000521794 0.00515444
1.74065e+09 0.00993832 0.00380442 -0.00270865 -0.999985 0.0012934 0.00055781 0.00524191
1.74065e+09 0.0116377 0.00189082 -0.00259067 -0.999984 0.00150233 0.000667352 0.00546321
1.74065e+09 0.011017 0.00248825 -0.00232561 -0.999985 0.00139291 0.000468915 0.0053236
1.74065e+09 0.0116937 0.000317108 -0.0025527 -0.999983 0.00149116 0.000611283 0.00557868
1.74065e+09 0.01048 0.00026115 -0.00295088 -0.999985 0.00137104 0.000500318 0.00531823
1.74065e+09 0.0107886 -0.00167453 -0.00326785 -0.999984 0.0016042 0.000488628 0.00547162
1.74065e+09 0.0105858 0.0021074 -0.00435133 -0.999986 0.00141076 0.000553599 0.00501103
1.74065e+09 0.0110698 0.00620919 -0.00395261 -0.999986 0.00159616 0.000447032 0.00500229
1.74065e+09 0.0110079 0.00982987 -0.00353754 -0.999984 0.00159961 0.000510614 0.0053829
1.74065e+09 0.0113434 0.00583722 -0.00313589 -0.999983 0.00155851 0.000686939 0.00554814
1.74065e+09 0.0113229 0.00422411 -0.00238361 -0.999983 0.00142303 0.000651204 0.00563031
1.74065e+09 0.0119008 0.00395893 -0.00384981 -0.999984 0.00148667 0.000811454 0.005435
1.74065e+09 0.0115327 0.00289236 -0.00207828 -0.999985 0.00138217 0.000551414 0.00534829
1.74065e+09 0.0107157 0.00347556 -0.00387407 -0.999985 0.00133967 0.000651045 0.00535448
1.74065e+09 0.0103586 0.0033581 -0.0029782 -0.999985 0.00119956 0.000363011 0.00538714
1.74065e+09 0.0102894 0.00357208 -0.00433682 -0.999984 0.00133893 0.000480778 0.00546493
1.74065e+09 0.0115616 0.00461554 -0.00438669 -0.999985 0.00152223 0.000766224 0.00526345
1.74065e+09 0.0108041 0.00269316 -0.00333116 -0.999986 0.00146882 0.000299295 0.00513902
1.74065e+09 0.0110469 -0.00090293 -0.00288967 -0.999985 0.00141295 0.000571721 0.00525608
1.74065e+09 0.0111092 0.00148781 -0.00237871 -0.999985 0.00141155 0.000637343 0.00531813
1.74065e+09 0.0107785 0.000984305 -0.0027642 -0.999985 0.00146444 0.000810537 0.00527715
1.74065e+09 0.0113692 0.00217753 -0.00330975 -0.999985 0.00140345 0.000644795 0.00516092
1.74065e+09 0.0106338 0.00129534 -0.00381216 -0.999985 0.00160885 0.000568455 0.00526762
1.74065e+09 0.0112732 0.00424735 -0.0032312 -0.999985 0.00147145 0.000544187 0.00531129
1.74065e+09 0.00841247 0.00869698 -0.00222547 -0.999985 0.00150197 0.000424558 0.00534266
1.74065e+09 0.0102823 0.00903345 -0.0024154 -0.999985 0.00151713 0.000501501 0.0052112
1.74065e+09 0.0111074 0.00731348 -0.00225398 -0.999986 0.00148189 0.000680276 0.00511661
1.74065e+09 0.0117663 0.0040205 -0.00217694 -0.999986 0.00144809 0.000459949 0.00513594
1.74065e+09 0.0119676 0.00295437 -0.0025297 -0.999984 0.0015892 0.000896125 0.0053699
1.74065e+09 0.0115726 0.0017504 -0.00349976 -0.999985 0.00124848 0.000546526 0.00530272
1.74065e+09 0.0110542 4.98598e-05 -0.00346949 -0.999985 0.0014674 0.000645985 0.00530433
1.74065e+09 0.00879259 -0.00210445 -0.00300463 -0.999984 0.00111992 0.000387229 0.00557545
1.74065e+09 0.00878103 -0.00196579 -0.00268985 -0.999985 0.00145304 0.000513688 0.00526632
1.74065e+09 0.00979614 0.00122256 -0.00278612 -0.999985 0.00135939 0.000460351 0.00535225
1.74065e+09 0.0114943 0.00279823 -0.00356944 -0.999983 0.00157807 0.000500842 0.00559503
1.74065e+09 0.0102132 0.00605011 -0.00224595 -0.999985 0.00114593 0.000317462 0.00534416
1.74065e+09 0.0111525 0.00513627 -0.00273425 -0.999986 0.00150386 0.000707922 0.00510706
1.74065e+09 0.0103529 0.00242423 -0.0028295 -0.999983 0.00155431 0.000406475 0.0056127
1.74065e+09 0.0112556 0.00259314 -0.00298009 -0.999984 0.00156966 0.000759311 0.00535939
1.74065e+09 0.0100784 0.00174731 -0.00220162 -0.999983 0.00159481 0.000723111 0.00552164
1.74065e+09 0.00971658 0.00141752 -0.00160543 -0.999986 0.00161795 0.00048852 0.00502544
1.74065e+09 0.0100066 0.0036997 -0.00232108 -0.999985 0.00141519 0.000452216 0.00525112
1.74065e+09 0.011391 0.00261843 -0.00206167 -0.999983 0.00149378 0.000510509 0.00565533
1.74065e+09 0.0111108 0.00330019 -0.00159629 -0.999985 0.00148093 0.000415538 0.00526332
1.74065e+09 0.0111881 0.00393462 -0.00114107 -0.999986 0.00145947 0.000430176 0.00513535
1.74065e+09 0.0112825 0.00123292 -0.0017222 -0.999985 0.00145488 0.000794761 0.00531452
1.74065e+09 0.0110737 -0.000638412 -0.00231171 -0.999985 0.00135376 0.00054697 0.0052938
1.74065e+09 0.0111926 0.000961631 -0.00348201 -0.999985 0.00163218 0.00074112 0.00522138
1.74065e+09 0.0108543 0.00385842 -0.00468874 -0.999985 0.00135741 0.000483766 0.00526191
1.74065e+09 0.010917 0.00466045 -0.00502036 -0.999985 0.00150944 0.00049052 0.00523872
1.74065e+09 0.00972498 0.00365052 -0.00463925 -0.999986 0.00127915 0.000625589 0.00509592
1.74065e+09 0.0099731 0.0025269 -0.00265441 -0.999985 0.00129783 0.000384408 0.00528151
1.74065e+09 0.00927182 0.00359042 -0.00121241 -0.999984 0.00131516 0.000554207 0.00552589
1.74065e+09 0.0102034 0.00124873 -0.00191013 -0.999987 0.00143225 0.000677166 0.00487967
1.74065e+09 0.00982634 0.00341559 -0.00250533 -0.999986 0.00129495 0.000502332 0.00501655
1.74065e+09 0.0113749 0.000470164 -0.00274579 -0.999986 0.00176888 0.000664845 0.00502001
1.74065e+09 0.0113352 0.00280683 -0.00443013 -0.999985 0.00153692 0.000509938 0.00520187
1.74065e+09 0.0118022 0.000803678 -0.00410742 -0.999986 0.00136077 0.000559791 0.00512706
1.74065e+09 0.0116868 0.00235583 -0.0034933 -0.999986 0.00146696 0.000411738 0.00511065
1.74065e+09 0.0114495 0.0053175 -0.00416398 -0.999986 0.00137912 0.000561917 0.00501059
1.74065e+09 0.0111031 0.00971782 -0.00325377 -0.999984 0.00150365 0.00049989 0.00548925
1.74065e+09 0.0107847 0.0186304 -0.00414408 -0.999986 0.00124985 0.000629536 0.0051124
1.74065e+09 0.00984586 0.0192216 -0.00203748 -0.999987 0.00122608 0.000531699 0.00491141
1.74065e+09 0.00923237 0.0194634 -0.00315914 -0.999985 0.00131217 0.000392624 0.0052684
1.74065e+09 0.00873881 0.0172356 -0.00276667 -0.999988 0.00112717 0.000204113 0.00474341
1.74065e+09 0.0090381 0.0169203 -0.00423344 -0.999986 0.00147933 0.000552709 0.00500652
1.74065e+09 0.00966281 0.0122521 -0.00351735 -0.999987 0.00126896 0.000669847 0.00491646
1.74065e+09 0.00895993 0.0108616 -0.00150039 -0.999987 0.00133858 0.000127938 0.00496824
1.74065e+09 0.0078955 0.0124733 -0.000913153 -0.999986 0.00122366 0.000327177 0.00516378
1.74065e+09 0.00852989 0.0127128 -0.00127853 -0.999986 0.00114478 0.000465972 0.00512656
1.74065e+09 0.00917034 0.0102298 -0.0028445 -0.999986 0.00147397 0.000588788 0.00509785
1.74065e+09 0.0101202 0.0165142 -0.00445517 -0.999984 0.00144516 0.000580649 0.0054455
1.74065e+09 0.00823162 0.0214544 -0.00514508 -0.999986 0.00133561 0.000450702 0.00500788
1.74065e+09 0.00908487 0.01739 -0.00447402 -0.999987 0.00163313 0.000494758 0.00488021
1.74065e+09 0.00797347 0.0174942 -0.0042775 -0.999988 0.00139174 0.000422267 0.00466368
1.74065e+09 0.00925301 0.0116187 -0.0038746 -0.999986 0.00133694 0.000340722 0.0050483
1.74065e+09 0.0089438 0.00886612 -0.00290355 -0.999988 0.00137924 0.000575228 0.0047008
1.74065e+09 0.00909386 0.00763872 -0.00353662 -0.999986 0.00135443 0.000573516 0.00504273
1.74065e+09 0.00953662 0.00641258 -0.0031808 -0.999986 0.00145309 0.000645092 0.00498734
1.74065e+09 0.0104689 0.011186 -0.00390411 -0.999986 0.00143152 0.00059035 0.00514825
1.74065e+09 0.0112364 0.00831614 -0.0040619 -0.999987 0.0013224 0.000572009 0.00496242
1.74065e+09 0.0097888 0.00842511 -0.0036685 -0.999982 0.00128437 0.000514262 0.00584388
1.74065e+09 0.00907642 0.010575 -0.00239993 -0.999986 0.00133484 0.00032461 0.00503411
1.74065e+09 0.00764788 0.00913394 -0.000466266 -0.999986 0.0012442 0.000428539 0.00519946
1.74065e+09 0.00840868 0.0100698 -0.00109035 -0.999987 0.00138595 0.000391447 0.00485069
1.74065e+09 0.00787452 0.00678859 -0.000870899 -0.999986 0.00118252 0.000403388 0.00521579
1.74065e+09 0.00986476 0.00471155 -0.00207741 -0.999985 0.00136037 0.000538865 0.00534213
1.74065e+09 0.00824347 0.00544944 -0.00178036 -0.999985 0.00136634 0.000456191 0.00537546
1.74065e+09 0.00936361 0.00503138 -0.00231649 -0.999984 0.00162046 0.000639204 0.00530594
1.74065e+09 0.0080078 0.00552125 -0.00330283 -0.999984 0.0014119 0.00050536 0.0054378
1.74065e+09 0.00980248 0.00470043 -0.00308241 -0.999983 0.00156983 0.00058188 0.00562441
1.74065e+09 0.0106789 0.00528492 -0.00430798 -0.999984 0.00140764 0.00070433 0.00537906
1.74065e+09 0.0102385 0.00338529 -0.00402258 -0.999983 0.00156704 0.00042441 0.00560748
1.74065e+09 0.0102631 0.00373488 -0.00406848 -0.999985 0.00126454 0.000680598 0.00520331
1.74065e+09 0.00961426 0.00439681 -0.00378217 -0.999983 0.00139017 0.000589932 0.00566049
1.74065e+09 0.00919931 0.00577043 -0.00316363 -0.999985 0.00133408 0.000598062 0.00525415
1.74065e+09 0.0106666 0.00671179 -0.00343214 -0.999985 0.00133236 0.000622292 0.00536061
1.74065e+09 0.0115468 0.0031258 -0.00319676 -0.999984 0.00129112 0.000598815 0.00552215
1.74065e+09 0.0105136 0.00748583 -0.00406443 -0.999986 0.00118824 0.000472111 0.00512241
1.74065e+09 0.01063 0.00577752 -0.00398643 -0.999986 0.00148677 0.000488022 0.00498628
1.74065e+09 0.00924374 0.00453472 -0.00375412 -0.999985 0.00121689 0.000637983 0.00523377
1.74065e+09 0.00942731 0.00392114 -0.00275074 -0.999985 0.00141957 0.00043446 0.00534834
1.74065e+09 0.00994553 0.00660667 -0.00251676 -0.999984 0.00130119 0.00053931 0.00538975
1.74065e+09 0.0100143 0.00819754 -0.00208107 -0.999986 0.00130263 0.000402368 0.00514102
1.74065e+09 0.0104852 0.0120238 -0.00335937 -0.999985 0.00142138 0.000726896 0.00523644
1.74065e+09 0.0116105 0.0121213 -0.00227667 -0.999985 0.00137085 0.000587312 0.00536391
1.74065e+09 0.0120741 0.0155276 -0.00252999 -0.999986 0.00127323 0.000500516 0.00519303
1.74065e+09 0.0118296 0.0158728 -0.00118463 -0.999985 0.00126145 0.00052667 0.00525389
1.74065e+09 0.0115132 0.0187581 -0.0018366 -0.999987 0.00129104 0.000680885 0.00482192
1.74065e+09 0.0118085 0.0156499 -0.00226749 -0.999985 0.00140043 0.000519728 0.00519806
1.74065e+09 0.0108282 0.0147269 -0.00219351 -0.999986 0.00163796 0.000643761 0.00495699
1.74065e+09 0.0113621 0.0152972 -0.00278027 -0.999987 0.00153443 0.000675945 0.00487899
1.74065e+09 0.0109515 0.0125467 -0.00208887 -0.999985 0.00154744 0.000594041 0.00517495
1.74065e+09 0.0113923 0.0136066 -0.00420416 -0.999987 0.00135819 0.000706538 0.00496047
1.74065e+09 0.010049 0.0150402 -0.00409539 -0.999986 0.00112302 0.000420515 0.00513533
1.74065e+09 0.00993561 0.0132441 -0.00450721 -0.999984 0.00138038 0.000592689 0.00547089
1.74065e+09 0.0105836 0.0133237 -0.0026335 -0.999988 0.00146691 0.000541347 0.00470888
1.74065e+09 0.0102288 0.0107484 -0.00278392 -0.999986 0.00137912 0.000325956 0.00500563
1.74065e+09 0.0109584 0.00715583 -0.00256749 -0.999986 0.00129786 0.00057139 0.00509348
1.74065e+09 0.0113921 0.00707736 -0.00217647 -0.999985 0.0012069 0.000640597 0.00524096
1.74065e+09 0.0111424 0.00885547 -0.00276437 -0.999986 0.00148176 0.000800421 0.00492265
1.74065e+09 0.0119738 0.00891088 -0.00277878 -0.999985 0.00134998 0.000655421 0.00530118
1.74065e+09 0.0113975 0.00610871 -0.00279516 -0.999986 0.00127665 0.000757712 0.00516146
1.74065e+09 0.012175 0.00630993 -0.00236183 -0.999987 0.00142125 0.000593718 0.00496245
1.74065e+09 0.0117238 0.00918611 -0.00365179 -0.999987 0.00172373 0.000685182 0.00464636
1.74065e+09 0.0100478 0.0123267 -0.00418529 -0.999987 0.00143866 0.000385957 0.00488805
1.74065e+09 0.00785123 0.0145672 -0.00387662 -0.999987 0.00145711 0.000673898 0.00490942
1.74065e+09 0.00759479 0.0151378 -0.0032024 -0.999987 0.00146946 0.00060735 0.00478067
1.74065e+09 0.00706753 0.0136515 -0.00353374 -0.999985 0.00127823 0.000574159 0.00521412
1.74065e+09 0.00727695 0.0141956 -0.00256548 -0.999987 0.00103642 0.000165784 0.00493011
1.74065e+09 0.0073062 0.0130932 -0.00240605 -0.999986 0.00160464 0.000341922 0.00505226
1.74065e+09 0.00755131 0.0114723 -0.00236243 -0.999988 0.00122792 0.000300052 0.00475996
1.74065e+09 0.00835986 0.00951288 -0.00171573 -0.999987 0.00149078 0.000489403 0.00494996
1.74065e+09 0.00879443 0.00980926 -0.0023096 -0.999986 0.00126901 0.000450918 0.00512871
1.74065e+09 0.00922467 0.00836771 -0.00367629 -0.999985 0.0017362 0.000865387 0.00507283
1.74065e+09 0.00654469 0.0126283 -0.002836 -0.999987 0.00138498 1.56989e-05 0.00488284
1.74065e+09 0.00736505 0.0138952 -0.00166784 -0.999987 0.0012505 0.000484415 0.00482496
1.74065e+09 0.00853214 0.0138161 -0.0032137 -0.999986 0.00119358 0.000386985 0.0052094
1.74065e+09 0.00843342 0.011198 -0.0040938 -0.999986 0.001532 0.000698227 0.00506995
1.74065e+09 0.00812001 0.0118975 -0.00352514 -0.999986 0.001303 0.000369979 0.00519033
1.74065e+09 0.00864926 0.00975779 -0.00297375 -0.999985 0.00136989 0.000189824 0.00537044
1.74065e+09 0.00723108 0.0119776 -0.00289942 -0.999987 0.00146825 0.000266687 0.00485894
1.74065e+09 0.0063722 0.0129315 -0.00161454 -0.999989 0.00124996 0.00022304 0.00458709
1.74065e+09 0.00765054 0.00849225 -0.00252423 -0.999985 0.00167481 0.000490834 0.00517574
1.74065e+09 0.00943195 0.00829995 -0.00308093 -0.999984 0.00162868 0.000583249 0.00536235
1.74065e+09 0.00903904 0.00927587 -0.0025695 -0.999985 0.00131057 0.000425518 0.00535389
1.74065e+09 0.0102477 0.00981127 -0.0033646 -0.999986 0.00122354 0.000783218 0.00503529
1.74065e+09 0.00849936 0.0113182 -0.0031611 -0.999986 0.00138638 0.0002778 0.00500659
1.74065e+09 0.00919969 0.0125428 -0.00263585 -0.999988 0.00126542 0.000632434 0.00461721
1.74065e+09 0.0103692 0.00945747 -0.00108071 -0.999985 0.00148736 0.000448393 0.00530143
1.74065e+09 0.00972116 0.00974979 -0.000610468 -0.999984 0.00135611 0.000550393 0.00551009
1.74065e+09 0.00870235 0.00894536 0.000142092 -0.999983 0.00129997 0.000285031 0.00569925
1.74065e+09 0.00790357 0.00931546 -0.00125198 -0.999983 0.00109109 0.000203837 0.00571793
1.74065e+09 0.00884071 0.0101213 -0.00167866 -0.999984 0.00149135 0.000487348 0.00543948
1.74065e+09 0.00891902 0.0106439 -0.00332608 -0.999985 0.00138234 0.000665761 0.00532245
1.74065e+09 0.00899306 0.0105684 -0.00335973 -0.999982 0.00162255 0.000582143 0.00579927
1.74065e+09 0.00873884 0.0102037 -0.00313439 -0.999986 0.00163345 0.000608642 0.00505837
1.74065e+09 0.0091573 0.013067 -0.00271924 -0.999986 0.00144326 0.000362743 0.00510495
1.74065e+09 0.00906418 0.0104529 -0.00231418 -0.999985 0.0013539 0.000277675 0.00538485
1.74065e+09 0.00826823 0.00860908 -0.00203579 -0.999985 0.00125469 3.05027e-05 0.00536516
1.74065e+09 0.00806601 0.0102524 0.00121281 -0.999983 0.00121793 2.81503e-05 0.00570267
1.74065e+09 0.00877953 0.00873289 0.0016142 -0.999985 0.00148266 0.000138678 0.00526267
1.74065e+09 0.00913149 0.00912093 0.00116803 -0.999984 0.00134079 0.00039331 0.00540821
1.74065e+09 0.00954899 0.00534372 -0.00151911 -0.99998 0.00116431 0.000423592 0.00616757
1.74065e+09 0.00963194 0.004437 -0.00115446 -0.999984 0.000985968 0.000176143 0.00558509
1.74065e+09 0.00829031 0.00849771 -0.00208599 -0.999985 0.00134551 0.000445318 0.00521946
1.74065e+09 0.00843169 0.0112462 -0.00183204 -0.999984 0.00123152 0.000510727 0.00540808
1.74065e+09 0.00847242 0.0100447 -0.00169637 -0.999984 0.00152674 0.00022758 0.00545671
1.74065e+09 0.0101603 0.0098962 -0.00118926 -0.999986 0.00148866 0.000739093 0.00496817
1.74065e+09 0.0102932 0.00881607 -0.000896004 -0.999984 0.00143973 0.000378644 0.00542408
1.74065e+09 0.00936547 0.0108282 -0.00216938 -0.999984 0.00138226 0.000486462 0.00546109
1.74065e+09 0.010804 0.0118345 -0.00313838 -0.999984 0.00131503 0.000383196 0.00552887
1.74065e+09 0.0109934 0.011836 -0.00482779 -0.999983 0.00153885 0.000657853 0.0056248
1.74065e+09 0.00993057 0.0118491 -0.00324779 -0.999984 0.00152065 0.000552212 0.00548878
1.74065e+09 0.00984014 0.0104106 -0.00311883 -0.999985 0.00149431 0.000603209 0.00515186
1.74065e+09 0.00876965 0.00889285 -0.000729743 -0.999984 0.00104313 -0.00025477 0.00561672
1.74065e+09 0.00815867 0.0082273 -0.00154701 -0.999985 0.00135774 0.000746239 0.00530179
1.74065e+09 0.00777861 0.00986405 0.000685086 -0.999985 0.00101468 -0.00036224 0.00541728
1.74065e+09 0.00933588 0.00916025 -0.00105813 -0.999985 0.00141526 0.000686629 0.00526454
1.74065e+09 0.0110192 0.00765897 -0.00169397 -0.999983 0.00131785 0.000543959 0.00561495
1.74065e+09 0.0111195 0.00647162 -0.00155374 -0.999983 0.00153758 0.000579452 0.00551983
1.74065e+09 0.00925023 0.0077463 -0.000428433 -0.999985 0.000930103 -0.000185584 0.00538899
1.74065e+09 0.00884509 0.00621147 -0.00106579 -0.999982 0.00136565 0.000293047 0.00585346
1.74065e+09 0.00974751 0.0082332 -0.00250208 -0.999984 0.00126542 0.000521663 0.00552564
1.74065e+09 0.00922003 0.00977846 -0.00147012 -0.999983 0.00128637 0.000242886 0.00560986
1.74065e+09 0.00881151 0.0104604 -0.000702712 -0.999983 0.00132158 0.000386852 0.00560877
1.74065e+09 0.00961413 0.00923678 -0.000960839 -0.999985 0.00138184 0.000578284 0.00520858
1.74065e+09 0.00958476 0.0102774 -0.000709411 -0.999984 0.00135276 0.000379732 0.00542577
1.74065e+09 0.00992983 0.0102661 -0.00233678 -0.999983 0.00149325 0.000661897 0.0055402
1.74065e+09 0.00922387 0.0109598 -0.00237444 -0.999984 0.00121421 0.000689866 0.00552865
1.74065e+09 0.00912696 0.00987142 -0.00242276 -0.999984 0.00136149 0.000382295 0.00547385
1.74065e+09 0.00980941 0.0118494 -0.00270563 -0.999984 0.00142843 0.000648507 0.00545362
1.74065e+09 0.010091 0.00856428 -0.00312313 -0.999983 0.00138508 0.00054896 0.00569737
1.74065e+09 0.00987802 0.00858945 -0.00262475 -0.999986 0.00139728 0.000387561 0.00512259
1.74065e+09 0.0112573 0.00913529 -0.00088029 -0.999981 0.00139997 0.000630203 0.00600832
1.74065e+09 0.00833384 0.0098037 0.00239893 -0.999984 0.00117965 -0.000227775 0.00544924
1.74065e+09 0.00839149 0.00952063 0.000671962 -0.999983 0.00121565 0.000488308 0.00567402
1.74065e+09 0.00838875 0.00731827 -0.000131504 -0.999984 0.00156269 0.000308132 0.00541543
1.74065e+09 0.00831932 0.00660331 -0.00286864 -0.999985 0.00107719 0.000516966 0.00530564
1.74065e+09 0.0100853 0.00827366 -0.00381638 -0.999982 0.00129932 0.000503449 0.00578979
1.74065e+09 0.00975294 0.00701255 -0.0041064 -0.999984 0.00126799 0.000423631 0.00541181
1.74065e+09 0.0101411 0.00485503 -0.00334978 -0.999983 0.00145965 0.000611471 0.0055376
1.74065e+09 0.0085622 0.00577787 -0.00339959 -0.999985 0.00124184 0.000618914 0.00533238
1.74065e+09 0.00946955 0.00529893 -0.00333437 -0.999984 0.00137929 0.000791766 0.00551882
1.74065e+09 0.00988145 0.00785316 -0.00291928 -0.999984 0.00144322 0.000705436 0.00539854
1.74065e+09 0.0100886 0.00755235 -0.0017143 -0.999985 0.00151103 0.000600331 0.0053011
1.74065e+09 0.00942874 0.00700006 -0.00119351 -0.999984 0.00144132 0.000601381 0.00546604
1.74065e+09 0.00907657 0.007198 -0.00011373 -0.999984 0.00150614 0.000271435 0.00541296
1.74065e+09 0.00959011 0.0080425 -0.000629313 -0.999985 0.00145356 0.000489847 0.00533844
1.74065e+09 0.00715693 0.00960097 0.0012935 -0.999984 0.00114124 -0.000667576 0.00546397
1.74065e+09 0.00802355 0.0105977 -0.00113102 -0.999986 0.00144015 0.00065626 0.00505077
1.74065e+09 0.00722269 0.0114521 0.000156722 -0.999985 0.00110454 -0.000526046 0.00535387
1.74065e+09 0.00884807 0.00871115 0.000578736 -0.999981 0.00135901 0.000413092 0.00600955
1.74065e+09 0.0104665 0.00859794 -0.00362507 -0.999984 0.00144863 0.000810712 0.00545455
1.74065e+09 0.0110982 0.00556763 -0.00343231 -0.999983 0.00133756 0.000663711 0.00559365
1.74065e+09 0.0118552 0.00687243 -0.00456504 -0.999983 0.00142648 0.000731679 0.00552249
1.74065e+09 0.0109865 0.00524397 -0.00279876 -0.999985 0.00114512 0.000465017 0.00536342
1.74065e+09 0.00960915 0.00745595 -0.00215917 -0.999984 0.00151741 0.000518688 0.00541197
1.74065e+09 0.00840247 0.00648246 -0.00140104 -0.999985 0.00135343 0.000612208 0.00532241
1.74065e+09 0.0077349 0.00627302 -0.00131437 -0.999985 0.00116744 0.000245921 0.00536771
1.74065e+09 0.00762599 0.007509 -0.00164661 -0.999984 0.0013199 0.000687284 0.00547527
1.74065e+09 0.00832945 0.00791606 -0.00171806 -0.999984 0.00157395 0.000518344 0.00549279
1.74065e+09 0.00525134 0.00863908 0.00159496 -0.999984 0.000932493 -0.00117158 0.00552714
1.74065e+09 0.00729384 0.0135888 -0.000222603 -0.999985 0.00158381 0.000466676 0.00515438
1.74065e+09 0.00729747 0.0132703 0.000873697 -0.999985 0.00113492 -0.000511327 0.00529976
1.74065e+09 0.00924921 0.0126762 0.00024003 -0.999984 0.00142063 0.000398863 0.00549102
1.74065e+09 0.0103678 0.0109469 -0.00237181 -0.999985 0.00153501 0.000478304 0.00523829
1.74065e+09 0.0100078 0.0124474 -0.00352042 -0.999984 0.00139231 0.000415646 0.00542733
1.74065e+09 0.00987133 0.0138328 -0.00376289 -0.999984 0.00147349 0.000726114 0.0053399
1.74065e+09 0.0097974 0.0129076 -0.00318858 -0.999983 0.00153792 0.000614847 0.0056391
1.74065e+09 0.00872511 0.00939205 -0.00183934 -0.999984 0.00134137 0.000482774 0.00549178
1.74065e+09 0.00842074 0.010554 -0.00272223 -0.999985 0.00107036 0.000625079 0.00541443
1.74065e+09 0.00837458 0.0100943 -0.00078556 -0.999984 0.00141851 0.000494712 0.00547713
1.74065e+09 0.00880324 0.00917156 -0.00151294 -0.999986 0.00129733 0.000671861 0.0051327
1.74065e+09 0.0100706 0.0108264 -0.00127427 -0.999984 0.00134314 0.000335506 0.00547796
1.74065e+09 0.00982675 0.00927296 -0.000857679 -0.999986 0.00128387 0.000551314 0.00516374
1.74065e+09 0.0123887 0.00751685 -0.00203237 -0.999981 0.00152874 0.000804421 0.00586984
1.74065e+09 0.0110156 0.00730248 -0.00287039 -0.999983 0.00134007 0.000789841 0.00553982
1.74065e+09 0.00917823 0.00756981 -0.00313678 -0.999985 0.0014717 0.000667645 0.0052466
1.74065e+09 0.00893384 0.00784157 -0.00246412 -0.999981 0.00144233 0.000771981 0.00586712
1.74065e+09 0.00884356 0.0109355 -0.00243321 -0.999985 0.00146205 0.000454408 0.00529643
1.74065e+09 0.00773131 0.00961749 -0.00201533 -0.999985 0.00141948 0.000561748 0.00519626
1.74065e+09 0.00787773 0.00882992 -0.000533383 -0.999984 0.00132325 0.000130184 0.00540699
1.74065e+09 0.00741505 0.00976841 -0.00191262 -0.999986 0.00146464 0.000340159 0.00511931
1.74065e+09 0.00895263 0.0101639 -0.00233423 -0.999984 0.00134814 0.000232889 0.0053971
1.74065e+09 0.00945545 0.00899799 -0.00286536 -0.999984 0.00139777 0.000772687 0.0054834
1.74065e+09 0.00960577 0.00768271 -0.00270064 -0.999984 0.00132277 0.000426963 0.00549171
1.74065e+09 0.00836969 0.00892813 -0.00278693 -0.999985 0.00154002 0.000481166 0.00522867
1.74065e+09 0.00678082 0.00871567 -0.00252553 -0.999985 0.00116892 0.0004857 0.00532429
1.74065e+09 0.00840758 0.00781909 -0.0020117 -0.999985 0.00145848 0.000385931 0.0052907
1.74065e+09 0.0103523 0.00726156 -0.00129844 -0.999984 0.00130183 0.000611461 0.0055236
1.74065e+09 0.0104404 0.00725034 -0.00128165 -0.999983 0.00145179 0.000376398 0.00561518
1.74065e+09 0.00969971 0.00760474 -0.00188034 -0.999983 0.00139377 0.000494404 0.00557399
1.74065e+09 0.00941794 0.00607486 -0.00258589 -0.999985 0.00135765 0.000511062 0.0052016
1.74065e+09 0.00902506 0.00852762 -0.00290442 -0.999984 0.00132585 0.000267848 0.00544868
1.74065e+09 0.0098423 0.0103272 -0.00382736 -0.999984 0.00146845 0.000514694 0.00541218
1.74065e+09 0.00955702 0.0131723 -0.00368697 -0.999985 0.00138923 0.000596912 0.0053553
1.74065e+09 0.0100436 0.0089172 -0.00347193 -0.999984 0.00148926 0.000523106 0.00550944
1.74065e+09 0.0102076 0.00348289 -0.00316917 -0.999985 0.00143694 0.000527587 0.00527723
1.74065e+09 0.010392 0.00263461 -0.0025691 -0.999985 0.00139658 0.00032136 0.00528132
1.74065e+09 0.0106002 0.00081115 -0.000901238 -0.999984 0.00139516 0.000551079 0.00537709
1.74065e+09 0.0116457 0.00281836 -0.00202427 -0.999986 0.00155824 0.000419388 0.00513536
1.74065e+09 0.0112448 0.0043507 -0.00177981 -0.999986 0.00140922 0.000468668 0.00511581
1.74065e+09 0.0112291 0.00644149 -0.00257791 -0.999985 0.00129969 0.000486433 0.00537608
1.74065e+09 0.0110443 0.00660705 -0.0038266 -0.999984 0.00117405 0.000262327 0.00554497
1.74065e+09 0.0121803 0.00731096 -0.00484804 -0.999986 0.00106675 0.000603365 0.00521015
1.74065e+09 0.0116882 0.00620924 -0.00459391 -0.999984 0.00117992 0.000497701 0.00553175
1.74065e+09 0.0114555 0.00702678 -0.00457202 -0.999985 0.00152875 0.000638882 0.00525002
1.74065e+09 0.0096069 0.00507887 -0.00391134 -0.999985 0.0011896 0.000482946 0.00535969
1.74065e+09 0.00883623 0.00439655 -0.00320533 -0.999983 0.00155755 0.0003979 0.0055541
1.74065e+09 0.00912431 0.00776318 -0.00362515 -0.999987 0.00126593 0.000690688 0.0049847
1.74065e+09 0.0101712 0.00854944 -0.00340152 -0.999986 0.00156698 0.000598866 0.00495095
1.74065e+09 0.0103427 0.00919233 -0.0029588 -0.999985 0.00129684 0.000682712 0.0053285
1.74065e+09 0.0104553 0.00962398 -0.0013364 -0.999985 0.00150539 0.000540206 0.00520446
1.74065e+09 0.0103355 0.00966282 -0.00115001 -0.999984 0.00149824 0.000564498 0.00535586
1.74065e+09 0.00995179 0.00905113 -0.000385781 -0.999981 0.00131336 0.000241853 0.00593451
1.74065e+09 0.00983577 0.0100883 -0.000881658 -0.999984 0.00136524 0.000419938 0.00545188
1.74065e+09 0.00976229 0.00687789 -0.00153399 -0.999985 0.00150551 0.000476822 0.0053381
1.74065e+09 0.00972112 0.00629954 -0.00253633 -0.999985 0.00150448 0.000627381 0.0052285
1.74065e+09 0.0100492 0.00498284 -0.00333387 -0.999985 0.00136624 0.00045985 0.00527375
1.74065e+09 0.0105188 0.00628408 -0.00370709 -0.999985 0.0012993 0.000531787 0.00535347
1.74065e+09 0.0095489 0.00689973 -0.00224442 -0.999985 0.00116704 0.000429978 0.00524341
1.74065e+09 0.0105776 0.00827344 -0.00196292 -0.999983 0.00126102 0.000484973 0.00565626
1.74065e+09 0.0095206 0.0094281 -0.00210369 -0.999985 0.00128678 0.000545971 0.00534547
1.74065e+09 0.0101571 0.0115858 -0.00288201 -0.999986 0.00133645 0.000452569 0.00509283
1.74065e+09 0.00996872 0.0103621 -0.00258425 -0.999985 0.00114457 0.000415497 0.00537414
1.74065e+09 0.0102178 0.00840282 -0.00174235 -0.999985 0.0013647 0.000528304 0.00524656
1.74065e+09 0.0100889 0.00759041 -0.00173509 -0.999985 0.00128245 0.00051364 0.00534086
1.74065e+09 0.0110922 0.00807839 -0.00286154 -0.999984 0.00145536 0.00071309 0.00542522
1.74065e+09 0.0117992 0.00538219 -0.00282895 -0.999984 0.00132648 0.000687307 0.00540743
1.74065e+09 0.0114022 0.00658619 -0.00282477 -0.999984 0.00163389 0.000599135 0.00544316
1.74065e+09 0.00957735 0.00866362 -0.00319088 -0.999986 0.00149634 0.000817164 0.0049754
1.74065e+09 0.00914653 0.0094421 -0.00176299 -0.999985 0.0015402 0.000358764 0.00519336
1.74065e+09 0.00940823 0.00977371 -0.00184411 -0.999986 0.00158653 0.000584791 0.00505352
1.74065e+09 0.0101811 0.00767753 -0.00158249 -0.999984 0.00154353 0.000390548 0.00535404
1.74065e+09 0.0100545 0.00781847 -0.00221063 -0.999985 0.00140258 0.000555395 0.00524859
1.74065e+09 0.010263 0.00636791 -0.00196187 -0.999985 0.00137686 0.00031968 0.00532361
1.74065e+09 0.0118233 0.00667221 -0.00251109 -0.999984 0.00135865 0.00064088 0.00552391
1.74065e+09 0.0109003 0.00592491 -0.00374371 -0.999985 0.00136591 0.000613436 0.00527009
1.74065e+09 0.0107348 0.00625502 -0.00438729 -0.999984 0.00137388 0.000503779 0.00541389
1.74065e+09 0.0103894 0.00675145 -0.00401122 -0.999985 0.00127915 0.000612677 0.00537128
1.74065e+09 0.01027 0.00857277 -0.00182878 -0.999985 0.0012999 0.000311475 0.00528356
1.74065e+09 0.0106066 0.0091807 -0.00191993 -0.999985 0.00140912 0.000791619 0.0052573
1.74065e+09 0.0107395 0.0090604 -0.00216294 -0.999984 0.00143053 0.000571552 0.00547671
1.74065e+09 0.0108822 0.00970407 -0.00239138 -0.999986 0.00115973 0.000671921 0.00520074
1.74065e+09 0.011389 0.00880945 -0.00314749 -0.999984 0.00155939 0.000747707 0.00543116
1.74065e+09 0.010773 0.00681881 -0.00301976 -0.999984 0.00139797 0.000581013 0.0053971
1.74065e+09 0.0102974 0.00401504 -0.00286989 -0.999985 0.001627 0.000699346 0.00521652
1.74065e+09 0.0104061 0.00399559 -0.00210395 -0.999985 0.00161761 0.000630731 0.00527386
1.74065e+09 0.010132 0.00450149 -0.00159861 -0.999984 0.0014171 0.000389682 0.0054438
1.74065e+09 0.0105485 0.00734853 -0.00225984 -0.999986 0.00153415 0.000578956 0.00509324
1.74065e+09 0.0110453 0.0076865 -0.00395529 -0.999985 0.00147 0.000602149 0.00519866
1.74065e+09 0.0113971 0.00662884 -0.00240423 -0.999985 0.00138512 0.000535326 0.00526392
1.74065e+09 0.0106105 0.00767826 -0.0031184 -0.999985 0.00142514 0.000637053 0.00526955
1.74065e+09 0.0104862 0.00552815 -0.0032794 -0.999984 0.00116368 0.000328864 0.0054943
1.74065e+09 0.0102146 0.00644806 -0.00457485 -0.999984 0.00145889 0.000571943 0.00537704
1.74065e+09 0.0106271 0.0100627 -0.0032229 -0.999984 0.00136033 0.000616228 0.00539139
1.74065e+09 0.01085 0.00766028 -0.00303551 -0.999984 0.00140534 0.000384432 0.0054543
1.74065e+09 0.0111241 0.00530707 -0.0019144 -0.999983 0.00127234 0.000635616 0.00563097
1.74065e+09 0.0113463 0.00479326 -0.00127156 -0.999984 0.00130475 0.000533084 0.00555671
1.74065e+09 0.0100497 0.00518116 -0.00178371 -0.999985 0.00114266 0.000560108 0.00538388
1.74065e+09 0.0108067 0.0054167 -0.002129 -0.999984 0.00155016 0.000667539 0.00538992
1.74065e+09 0.0110092 0.00584664 -0.00255777 -0.999984 0.00116456 0.000507922 0.00558221
1.74065e+09 0.0104865 0.00535387 -0.00207348 -0.999984 0.0013793 0.000507887 0.00553374
1.74065e+09 0.00980152 0.00581274 -0.00177912 -0.999984 0.00133795 0.000777856 0.00535226
1.74065e+09 0.0104176 0.00689981 -0.00227021 -0.999985 0.00158634 0.00073951 0.00519568
1.74065e+09 0.0112048 0.00924232 -0.00350766 -0.999985 0.00143429 0.000854796 0.00523831
1.74065e+09 0.0100029 0.00719387 -0.00316455 -0.999984 0.00129712 0.000242696 0.00549465
1.74065e+09 0.010941 0.0072989 -0.00351719 -0.999983 0.00151416 0.000734142 0.00563914
1.74065e+09 0.0110623 0.00673477 -0.00300775 -0.999984 0.00151836 0.000372628 0.00539863
1.74065e+09 0.011547 0.00811415 -0.0024313 -0.999984 0.00146536 0.000490399 0.0053667
1.74065e+09 0.0102806 0.00529456 -0.00179709 -0.999984 0.00124707 0.000538059 0.00551235
1.74065e+09 0.0106988 0.00567487 -0.00210944 -0.999986 0.00135069 0.000517748 0.00515692
1.74065e+09 0.0106645 0.00505481 -0.00205585 -0.999986 0.00139832 0.000619259 0.00515916
1.74065e+09 0.0118361 0.00464753 -0.00296199 -0.999984 0.0013532 0.000468803 0.00555623
1.74065e+09 0.0116057 0.00582598 -0.00390584 -0.999985 0.0014371 0.000592565 0.00524702
1.74065e+09 0.0121004 0.00523216 -0.00392631 -0.999986 0.00158236 0.000822535 0.00505765
1.74065e+09 0.00949017 0.00467544 -0.00378826 -0.999985 0.00149432 0.000634009 0.00517606
1.74065e+09 0.0112327 0.00487823 -0.00349274 -0.999983 0.00144277 0.00114301 0.00551562
1.74065e+09 0.0128953 0.00458592 -0.00344488 -0.999985 0.00116239 0.00169875 0.0050796
1.74065e+09 0.016721 0.00586902 -0.0033659 -0.999984 0.00158342 0.00200653 0.00499211
1.74065e+09 0.0197337 0.00548215 -0.000757104 -0.999985 0.0014437 0.00153776 0.00514446
1.74065e+09 0.022305 0.00528098 0.000107791 -0.999984 0.0016164 0.00209 0.00504942
1.74065e+09 0.0255113 0.00604888 8.95794e-05 -0.999984 0.00126698 0.00168343 0.00531499
1.74065e+09 0.0285122 0.00586259 0.000207403 -0.999986 0.00126274 0.00123949 0.00503942
1.74065e+09 0.0314676 0.00737975 -0.000850621 -0.999982 0.00144236 0.00222622 0.00529779
1.74065e+09 0.0349745 0.00644348 -0.00304912 -0.99998 0.0015086 0.00194405 0.00575531
1.74065e+09 0.0357236 0.00760261 -0.00404717 -0.999969 0.0023836 0.00532211 0.00534788
1.74065e+09 0.0599279 0.00679489 -0.00317859 -0.999983 0.00132031 0.00262044 0.00512443
1.74065e+09 0.101359 0.00824114 0.000208328 -0.999984 0.00158423 0.000630919 0.00537235
1.74065e+09 0.136697 0.00844518 0.00232528 -0.999986 0.000963913 0.00309121 0.00410197
1.74065e+09 0.168723 0.0117485 0.00511251 -0.999975 0.00220225 0.00251673 0.00620707
1.74065e+09 0.201983 0.00995576 0.00603275 -0.999987 0.000544765 0.00207923 0.0046626
1.74065e+09 0.235539 0.0125396 0.00640027 -0.999987 0.00112389 0.00248869 0.00426042
1.74065e+09 0.267087 0.0173466 0.00579636 -0.999976 0.00193043 0.00289811 0.00600849
1.74065e+09 0.300697 0.0181191 0.00982484 -0.999983 0.000176557 0.00314274 0.0048794
1.74065e+09 0.336668 0.0245617 0.00961653 -0.999987 0.00125319 0.00255493 0.00419843
1.74065e+09 0.371308 0.0241332 0.0103696 -0.999962 0.00064398 0.00648093 0.00585977
1.74065e+09 0.426846 0.0254419 0.0125703 -0.999938 -0.00107574 0.00932925 0.00593105
1.74065e+09 0.526444 0.0287953 0.0172008 -0.999984 0.00135006 0.00159566 0.00517837
1.74065e+09 0.629641 0.0307348 0.0205595 -0.999994 0.00028651 0.000161582 0.00333995
1.74065e+09 0.721276 0.0356443 0.0230479 -0.999995 0.000587731 0.00260481 0.00186003
1.74065e+09 0.81099 0.0444638 0.0285401 -0.999995 0.000312645 0.00185941 0.00233553
1.74065e+09 0.910364 0.0497594 0.0325632 -0.999994 -0.000213387 0.00158046 0.00292919
1.74065e+09 0.999347 0.0517436 0.0366896 -0.999995 -0.000661826 0.00285491 0.00136772
1.74065e+09 1.0907 0.0553016 0.0396024 -0.999995 -1.97209e-05 0.00275914 0.00121474
1.74065e+09 1.18694 0.0811201 0.0423367 -0.999999 -0.000266103 0.00165975 -5.50464e-06
1.74065e+09 1.28344 0.0898504 0.0478521 -0.999996 -0.000290234 0.00258256 0.000786445
1.74065e+09 1.38352 0.092051 0.0537064 -0.999985 -0.00118152 0.0053476 0.000437769
1.74065e+09 1.48844 0.0956887 0.0563028 -0.999997 -0.00122533 0.00223303 0.000529148
1.74065e+09 1.60324 0.0961428 0.0640058 -1 -0.000475668 0.000498982 -0.000311872
1.74065e+09 1.71509 0.0978313 0.0679079 -0.999996 -0.000431195 0.000266856 -0.00285923
1.74065e+09 1.82184 0.100603 0.0730372 -0.999996 -0.000699774 0.000599868 -0.00282907
1.74065e+09 1.92744 0.108341 0.075035 -0.999993 -0.00127972 0.0001581 -0.00339829
1.74065e+09 2.03657 0.119348 0.0779049 -0.999995 -0.00087213 -6.89715e-05 -0.00313953
1.74065e+09 2.14936 0.12346 0.0824297 -0.99999 -0.00139529 -0.000674754 -0.00417284
1.74065e+09 2.26217 0.129107 0.0849994 -0.999991 -0.00117892 -0.000465518 -0.00409343
1.74065e+09 2.37031 0.135974 0.0879205 -0.99999 -0.00116033 -0.00153034 -0.00409614
1.74065e+09 2.47963 0.135957 0.0931164 -0.999991 -0.00118266 0.000541935 -0.00410286
1.74065e+09 2.59259 0.141883 0.0955807 -0.999989 -0.00219934 -0.000700105 -0.00409181
1.74065e+09 2.70414 0.153929 0.0979947 -0.999988 -0.00150118 -0.000661424 -0.00459984
1.74065e+09 2.81661 0.16748 0.100759 -0.999986 -0.00154001 -0.000806237 -0.00492242
1.74065e+09 2.9275 0.175276 0.104573 -0.999983 -0.00182575 -0.00123976 -0.00535822
1.74065e+09 3.03682 0.185154 0.10784 -0.999978 -0.00126691 0.00104936 -0.00640134
1.74065e+09 3.15206 0.187774 0.114471 -0.999976 -0.0020179 0.000717484 -0.00656284
1.74065e+09 3.26508 0.19242 0.116322 -0.999959 -0.00229152 0.000824518 -0.00874555
1.74065e+09 3.38509 0.202468 0.124168 -0.999978 -0.00171849 0.000806611 -0.00638146
1.74065e+09 3.50743 0.209152 0.129092 -0.999952 -0.00161438 0.00389379 -0.00885466
1.74065e+09 3.62788 0.218592 0.134816 -0.999953 -0.00237911 0.00368756 -0.00864374
1.74065e+09 3.74347 0.227649 0.139642 -0.999953 -0.00230822 0.00285875 -0.00895508
1.74065e+09 3.85406 0.237713 0.142575 -0.999952 -0.00183085 0.00175319 -0.0094157
1.74065e+09 3.96565 0.245131 0.146775 -0.999926 -0.0025804 0.00326536 -0.0114143
1.74065e+09 4.09092 0.254148 0.150845 -0.999933 -0.00176792 0.000169015 -0.011414
1.74065e+09 4.21055 0.263288 0.155987 -0.99991 -0.00309773 0.00402818 -0.012388
1.74065e+09 4.33207 0.271463 0.159772 -0.999909 -0.00296878 0.00215369 -0.0129834
1.74065e+09 4.45516 0.279258 0.162666 -0.999925 -0.0024602 0.00198276 -0.01184
1.74065e+09 4.57943 0.28521 0.170797 -0.99991 -0.00286142 0.000475108 -0.0131219
1.74065e+09 4.69522 0.29418 0.17547 -0.999921 -0.00385173 0.000275832 -0.0119573
1.74065e+09 4.80958 0.305236 0.177524 -0.999954 -0.00411352 -0.00065903 -0.00858202
1.74065e+09 4.92715 0.314913 0.182755 -0.999964 -0.00495938 -0.00186366 -0.00656641
1.74065e+09 5.03526 0.320068 0.185687 -0.999988 -0.00429249 -0.00144059 -0.00169347
1.74065e+09 5.14282 0.324913 0.189305 -0.999983 -0.00520087 -0.000681384 0.00261333
1.74065e+09 5.24838 0.335932 0.192347 -0.999949 -0.00490847 -0.00107243 0.00879591
1.74065e+09 5.35284 0.334059 0.198279 -0.999885 -0.00548876 -6.83364e-06 0.0141462
1.74065e+09 5.46059 0.338142 0.203361 -0.999748 -0.00592132 -0.00242023 0.0215152
1.74065e+09 5.56693 0.345253 0.206682 -0.999473 -0.00642352 -0.0025792 0.0317091
1.74065e+09 5.66246 0.351183 0.209815 -0.999135 -0.00727304 -8.67416e-05 0.0409339
1.74065e+09 5.76213 0.35005 0.212666 -0.998662 -0.00810106 -0.00163329 0.0510485
1.74065e+09 5.85953 0.348603 0.215948 -0.998342 -0.0065307 0.00322285 0.0570927
1.74065e+09 5.97735 0.337525 0.219083 -0.998481 -0.00701715 -0.00056218 0.0546373
1.74065e+09 6.10519 0.33328 0.224988 -0.998505 -0.0081367 -0.00283275 0.0539864
1.74065e+09 6.22583 0.332934 0.228655 -0.998651 -0.00737166 0.000722293 0.0513929
1.74065e+09 6.34768 0.324454 0.232622 -0.998679 -0.00673378 0.000352091 0.0509349
1.74065e+09 6.47506 0.32357 0.235809 -0.998769 -0.00643915 -0.00343043 0.0490563
1.74065e+09 6.59312 0.32109 0.237611 -0.998752 -0.00678741 -0.00284113 0.0494026
1.74065e+09 6.71266 0.316211 0.239127 -0.99865 -0.00593259 -0.000888409 0.0515939
1.74065e+09 6.83275 0.3089 0.241373 -0.998829 -0.00621698 -0.0028365 0.0478859
1.74065e+09 6.95184 0.299384 0.247517 -0.998775 -0.00613597 -0.000832166 0.0490942
1.74065e+09 7.07066 0.293793 0.248686 -0.998825 -0.00528107 -0.000940376 0.0481735
1.74065e+09 7.18477 0.283629 0.255076 -0.998798 -0.00626615 -0.00453903 0.0484088
1.74065e+09 7.28858 0.278692 0.260403 -0.998868 -0.00550494 -0.00126466 0.0472405
1.74065e+09 7.38931 0.274444 0.26554 -0.998851 -0.00573195 -0.00127853 0.0475714
1.74065e+09 7.48814 0.269005 0.269532 -0.998966 -0.00576169 -0.00187962 0.0450533
1.74065e+09 7.58678 0.259252 0.271315 -0.998947 -0.00535045 -0.000857117 0.045548
1.74065e+09 7.68379 0.255953 0.275274 -0.998986 -0.00623393 -0.00101587 0.0445766
1.74065e+09 7.77778 0.260786 0.276721 -0.999028 -0.00524357 -0.0019531 0.0437297
1.74065e+09 7.87071 0.270962 0.279387 -0.999062 -0.00565252 -0.000701951 0.0429283
1.74065e+09 7.97609 0.276622 0.277453 -0.999005 -0.00505016 0.00273417 0.0442293
1.74065e+09 8.0984 0.278393 0.281904 -0.999037 -0.00538696 0.000459812 0.0435347
1.74065e+09 8.22693 0.275825 0.286221 -0.999055 -0.00541006 -0.0012213 0.0431049
1.74065e+09 8.35596 0.264268 0.291192 -0.999037 -0.00588271 -0.00325078 0.0433486
1.74065e+09 8.47247 0.260779 0.296316 -0.999133 -0.00505947 -0.000488338 0.0413141
1.74065e+09 8.59698 0.243377 0.30172 -0.999172 -0.00534327 -0.00258305 0.0402385
1.74065e+09 8.72315 0.239357 0.305126 -0.999206 -0.00455705 -0.00411908 0.0393621
1.74065e+09 8.85057 0.225306 0.310154 -0.999191 -0.00546769 -0.000479263 0.0398524
1.74065e+09 8.97927 0.218232 0.312103 -0.999107 -0.00480257 -0.000424931 0.0419838
1.74065e+09 9.1113 0.20227 0.315664 -0.999213 -0.00561992 -0.0016224 0.0392406
1.74065e+09 9.24043 0.198402 0.323208 -0.999176 -0.00573717 -0.00614911 0.0397051
1.74065e+09 9.35689 0.205355 0.328197 -0.999234 -0.00577111 -0.00100771 0.0387019
1.74065e+09 9.46885 0.201656 0.329582 -0.999162 -0.0061155 0.00125677 0.0404439
1.74065e+09 9.58145 0.203077 0.329582 -0.999261 -0.00597126 -0.00256217 0.0378935
1.74065e+09 9.68892 0.197493 0.333269 -0.999326 -0.00653389 -0.00194182 0.0360705
1.74065e+09 9.8055 0.20145 0.335028 -0.99927 -0.00590517 -0.00248576 0.0376538
1.74065e+09 9.92313 0.200416 0.340499 -0.999311 -0.00671331 -0.00313822 0.0363716
1.74065e+09 10.0385 0.203282 0.344323 -0.999354 -0.00637904 -0.00322248 0.0352184
1.74065e+09 10.1562 0.205039 0.348953 -0.999359 -0.0059869 -0.000630477 0.0353011
1.74065e+09 10.2729 0.194419 0.353043 -0.999409 -0.00678414 -0.00149288 0.033669
1.74065e+09 10.3845 0.198645 0.35353 -0.999318 -0.00594043 -0.00114436 0.0364205
1.74065e+09 10.4987 0.187942 0.35602 -0.999367 -0.00586647 -0.000218603 0.0350959
1.74065e+09 10.634 0.182957 0.362842 -0.999364 -0.00679973 -0.00301643 0.0348694
1.74065e+09 10.757 0.186387 0.365306 -0.999462 -0.00676603 -0.00181778 0.0320434
1.74065e+09 10.8862 0.184243 0.371053 -0.999473 -0.00606464 -0.00091312 0.0318877
1.74065e+09 11.0123 0.187569 0.373672 -0.999519 -0.00580189 -0.00215202 0.0303936
1.74065e+09 11.1391 0.176992 0.377594 -0.99952 -0.00495394 -0.00103116 0.0305737
1.74065e+09 11.2698 0.174504 0.383461 -0.999484 -0.00505339 -0.00315458 0.0315759
1.74065e+09 11.4044 0.172439 0.386485 -0.999486 -0.00643656 -0.000672219 0.0313953
1.74065e+09 11.5247 0.178909 0.391307 -0.999493 -0.00527063 0.00257707 0.0313076
1.74065e+09 11.652 0.182614 0.392481 -0.999458 -0.00598502 0.00197433 0.0323061
1.74065e+09 11.7831 0.188714 0.39886 -0.999428 -0.00572832 0.00125178 0.0332917
1.74065e+09 11.9259 0.178678 0.403447 -0.999506 -0.00494583 -0.00166349 0.0309774
1.74065e+09 12.0637 0.170887 0.408703 -0.999551 -0.00707154 -0.00138826 0.0290699
1.74065e+09 12.2006 0.173238 0.412194 -0.999453 -0.00650214 -0.00159886 0.0323885
1.74065e+09 12.3417 0.172228 0.415845 -0.999526 -0.00585208 -0.00194761 0.0301556
1.74065e+09 12.4825 0.163539 0.421245 -0.999546 -0.00670735 -0.00251929 0.0292614
1.74065e+09 12.6244 0.163628 0.425871 -0.999563 -0.00681023 0.000330296 0.0287775
1.74065e+09 12.7623 0.174485 0.429637 -0.999498 -0.00719961 -0.000290147 0.0308483
1.74065e+09 12.9026 0.17984 0.432959 -0.999557 -0.00644973 -0.00214812 0.0289803
1.74065e+09 13.0413 0.18073 0.439093 -0.999641 -0.00661512 -0.00229514 0.0258652
1.74065e+09 13.1796 0.178771 0.443226 -0.999609 -0.00640211 -0.00352171 0.0270073
1.74065e+09 13.3075 0.170598 0.447153 -0.999625 -0.00665152 -0.00227883 0.0264566
1.74065e+09 13.433 0.171873 0.448896 -0.999618 -0.00616474 -0.000468492 0.026931
1.74065e+09 13.5643 0.162022 0.454237 -0.999662 -0.0061112 -0.00566655 0.0246161
1.74065e+09 13.6861 0.15918 0.456833 -0.999654 -0.00562953 -0.00234714 0.0255687
1.74065e+09 13.808 0.162241 0.462199 -0.99967 -0.00619249 -0.00110066 0.0249254
1.74065e+09 13.9332 0.1676 0.464963 -0.999692 -0.00647993 -0.000762466 0.0239631
1.74065e+09 14.057 0.16712 0.469071 -0.999692 -0.00699493 -0.000419289 0.0238245
1.74065e+09 14.1726 0.166782 0.472329 -0.999723 -0.00615434 -0.00102084 0.022672
1.74065e+09 14.2962 0.167494 0.474644 -0.999749 -0.00547983 0.000786114 0.0217185
1.74065e+09 14.424 0.167558 0.477934 -0.999705 -0.00650686 -0.000664694 0.0233749
1.74065e+09 14.5519 0.175159 0.480823 -0.999721 -0.0067814 0.000268486 0.0226188
1.74065e+09 14.6893 0.180438 0.486572 -0.999708 -0.00551495 -0.000329976 0.023521
1.74065e+09 14.828 0.173543 0.491292 -0.99978 -0.00641979 -0.000167267 0.0199695
1.74065e+09 14.9668 0.169453 0.497663 -0.999737 -0.00547979 -0.00276906 0.0221008
1.74065e+09 15.0927 0.171149 0.5003 -0.999709 -0.00742309 -0.000144385 0.0229481
1.74065e+09 15.2248 0.165065 0.503643 -0.999792 -0.00594276 0.000396554 0.0195026
1.74065e+09 15.3512 0.168931 0.509477 -0.999799 -0.00632755 0.00295992 0.018793
1.74065e+09 15.4888 0.174371 0.514433 -0.999799 -0.00705893 0.00135332 0.0186964
1.74065e+09 15.6227 0.178462 0.521692 -0.999809 -0.0075666 -0.000912697 0.0180016
1.74065e+09 15.7533 0.186352 0.52576 -0.999768 -0.00700991 -0.00408683 0.0199295
1.74065e+09 15.8788 0.186823 0.531535 -0.999802 -0.00745788 -0.00286135 0.0182433
1.74065e+09 15.9974 0.197919 0.535082 -0.999791 -0.00768353 0.00103298 0.0189169
1.74065e+09 16.1273 0.198571 0.537988 -0.999802 -0.00816535 0.0030382 0.0178632
1.74065e+09 16.2619 0.192556 0.543198 -0.999815 -0.00850121 -0.000172726 0.0172509
1.74065e+09 16.3897 0.190423 0.545747 -0.999777 -0.00795731 0.000601896 0.0195722
1.74065e+09 16.5207 0.191353 0.549979 -0.999854 -0.00750343 -0.000516082 0.0153185
1.74065e+09 16.6487 0.199499 0.555267 -0.999812 -0.00815588 -0.00245748 0.0174032
1.74065e+09 16.7717 0.202749 0.558389 -0.999836 -0.00874045 0.000763555 0.0158122
1.74065e+09 16.8939 0.20812 0.563655 -0.999844 -0.00841632 0.0029749 0.0152204
1.74065e+09 17.028 0.219571 0.569399 -0.999866 -0.00794931 -5.08928e-06 0.0143399
1.74065e+09 17.1602 0.227458 0.574455 -0.999882 -0.008769 0.00223375 0.0124102
1.74065e+09 17.289 0.234618 0.577336 -0.999844 -0.00850902 0.0016038 0.0153748
1.74065e+09 17.4149 0.232546 0.582578 -0.999884 -0.00770982 -0.0015992 0.0130697
1.74065e+09 17.5415 0.238823 0.58676 -0.999901 -0.00732543 -0.0019336 0.0118963
1.74065e+09 17.6797 0.236101 0.592328 -0.999917 -0.00654445 -0.00261712 0.0108243
1.74065e+09 17.8174 0.24051 0.595857 -0.999907 -0.00810129 -7.64424e-07 0.0109521
1.74065e+09 17.9453 0.239894 0.601483 -0.999922 -0.0069768 0.00312465 0.00982898
1.74065e+09 18.0716 0.246422 0.604547 -0.999905 -0.00709613 0.00141526 0.0117611
1.74065e+09 18.2058 0.243778 0.607388 -0.999921 -0.00819878 0.00225145 0.00922808
1.74065e+09 18.3374 0.250046 0.616501 -0.999913 -0.00742465 -0.00264872 0.0106227
1.74065e+09 18.4608 0.255589 0.616401 -0.999941 -0.00613216 0.00252423 0.00861188
1.74065e+09 18.5815 0.264019 0.624927 -0.999902 -0.00696442 0.00260977 0.0118852
1.74065e+09 18.7093 0.272389 0.629415 -0.999929 -0.00759162 0.00196248 0.00898354
1.74065e+09 18.8336 0.274982 0.629813 -0.999951 -0.0064598 -0.000979627 0.0073758
1.74065e+09 18.9597 0.275252 0.636308 -0.999939 -0.0068624 -0.000565448 0.00868785
1.74065e+09 19.0857 0.279442 0.641786 -0.999936 -0.00841167 0.00149416 0.0074822
1.74065e+09 19.2121 0.274398 0.645709 -0.999941 -0.00631484 0.00184683 0.00867097
1.74065e+09 19.3414 0.277287 0.65081 -0.999958 -0.00720898 0.000411226 0.00566959
1.74065e+09 19.4625 0.285606 0.656011 -0.99995 -0.00725729 0.00164359 0.00666223
1.74065e+09 19.5845 0.289877 0.66156 -0.999932 -0.00775266 0.00161227 0.00852975
1.74065e+09 19.7084 0.293047 0.667798 -0.99995 -0.00744521 0.00267766 0.00612077
1.74065e+09 19.831 0.298224 0.671887 -0.999958 -0.00739007 0.00231692 0.00480211
1.74065e+09 19.9624 0.297644 0.67574 -0.999956 -0.00752095 0.000396672 0.0056193
1.74065e+09 20.0879 0.299712 0.680927 -0.99997 -0.00700979 0.000813953 0.00317439
1.74065e+09 20.2092 0.312316 0.685717 -0.999964 -0.00659157 0.00225853 0.00489554
1.74065e+09 20.3308 0.32682 0.689793 -0.999976 -0.00655292 -0.00142464 0.0015158
1.74065e+09 20.4547 0.341619 0.693715 -0.999964 -0.00708807 0.000116786 0.00463929
1.74065e+09 20.5721 0.352724 0.696924 -0.999971 -0.00723534 -0.000475059 0.00251978
1.74065e+09 20.6966 0.362753 0.700962 -0.999957 -0.00729364 0.00183218 0.00535074
1.74065e+09 20.8095 0.364933 0.701736 -0.999948 -0.00826054 0.00341857 0.0048984
1.74065e+09 20.9219 0.368354 0.706801 -0.999928 -0.00742793 0.000216819 0.00947255
1.74065e+09 21.0309 0.372475 0.712244 -0.99988 -0.00853129 -0.000449538 0.0129605
1.74065e+09 21.1382 0.372852 0.717788 -0.999812 -0.00809895 0.000327275 0.0176178
1.74065e+09 21.2503 0.368393 0.723313 -0.999702 -0.00868022 0.00133729 0.022778
1.74065e+09 21.3612 0.367526 0.727793 -0.999505 -0.00934504 -0.000206033 0.0300399
1.74065e+09 21.4685 0.364096 0.732975 -0.999266 -0.00890524 -3.35104e-06 0.0372485
1.74065e+09 21.5712 0.36118 0.736492 -0.998874 -0.00999386 -0.00024914 0.0463812
1.74065e+09 21.6643 0.368645 0.733919 -0.998455 -0.0101001 0.000861868 0.0546417
1.74065e+09 21.7701 0.378784 0.738963 -0.99789 -0.0101536 0.000611087 0.0641187
1.74065e+09 21.8773 0.375699 0.74514 -0.997407 -0.00980258 0.00382646 0.0711952
1.74065e+09 21.9964 0.364242 0.750158 -0.997605 -0.00963959 0.00226798 0.0684488
1.74065e+09 22.129 0.346219 0.759601 -0.997722 -0.00908845 -0.000826052 0.0668437
1.74065e+09 22.2473 0.339131 0.760927 -0.997751 -0.00946546 0.00459972 0.066194
1.74065e+09 22.3776 0.325436 0.765186 -0.997728 -0.00900179 0.00223677 0.0667258
1.74065e+09 22.5112 0.308678 0.770602 -0.997799 -0.0091402 0.000967737 0.0656745
1.74065e+09 22.6373 0.301632 0.772654 -0.997939 -0.00720469 0.00179917 0.0637428
1.74065e+09 22.7684 0.285875 0.777286 -0.997899 -0.00831898 -0.000166707 0.0642468
1.74065e+09 22.9048 0.279706 0.786105 -0.99797 -0.00745344 -0.00354071 0.0631431
1.74065e+09 23.0196 0.280343 0.788245 -0.997863 -0.00767221 -0.000852062 0.0648865
1.74065e+09 23.1491 0.268702 0.790855 -0.997995 -0.00870086 0.00205252 0.0626574
1.74065e+09 23.2732 0.256844 0.793479 -0.997932 -0.00746468 -0.0018053 0.0638187
1.74065e+09 23.4082 0.240605 0.794669 -0.99792 -0.00759352 -0.00444459 0.0638593
1.74065e+09 23.53 0.230145 0.798479 -0.997937 -0.00848957 -0.00393242 0.0635102
1.74065e+09 23.6553 0.218466 0.803299 -0.997965 -0.00753105 -0.00110111 0.0633109
1.74065e+09 23.78 0.202541 0.806995 -0.998076 -0.00727513 9.4256e-05 0.0615691
1.74065e+09 23.8998 0.191246 0.813035 -0.99813 -0.00862022 0.0027049 0.0604581
1.74065e+09 23.8993 0.19062 0.81315 -0.998129 -0.00862083 0.00274034 0.0604691
1.74065e+09 23.8991 0.190322 0.81314 -0.998129 -0.00860382 0.00276084 0.0604719
1.74065e+09 23.899 0.190131 0.813169 -0.998129 -0.00860803 0.00276409 0.0604748
1.74065e+09 23.8989 0.190015 0.813164 -0.998129 -0.0086008 0.00277005 0.0604751
1.74065e+09 24.6074 0.152418 0.832757 -0.998237 -0.00948622 0.000264605 0.0585948
1.74065e+09 24.7377 0.176799 0.840536 -0.998402 -0.00705294 -0.00157588 0.0560505
1.74065e+09 24.8321 0.173669 0.839792 -0.998356 -0.00692017 -0.0029908 0.0568109
1.74065e+09 24.9428 0.160045 0.844944 -0.998406 -0.00773987 -0.000760847 0.0559037
1.74065e+09 25.0594 0.145998 0.851149 -0.998384 -0.00801198 0.00286599 0.0561874
1.74065e+09 25.1834 0.135501 0.855193 -0.998477 -0.00642449 0.000435371 0.0547847
1.74065e+09 25.3097 0.130585 0.862687 -0.998332 -0.00675731 -0.00213648 0.0572904
1.74065e+09 25.4423 0.116351 0.867585 -0.998493 -0.00664724 -0.00242943 0.0544186
1.74065e+09 25.5736 0.109834 0.873224 -0.998357 -0.00587163 -0.00286433 0.0569177
1.74065e+09 25.6769 0.0996475 0.878125 -0.998487 -0.00666653 0.00146024 0.0545599
1.74065e+09 25.8183 0.0904022 0.878537 -0.998492 -0.00504948 0.00117591 0.0546577
1.74065e+09 25.952 0.080767 0.880276 -0.998517 -0.00565258 0.00168789 0.0541243
1.74065e+09 26.0884 0.0641261 0.883901 -0.998635 -0.0046931 -0.00127678 0.052013
1.74065e+09 26.2079 0.0603136 0.886177 -0.998631 -0.00629659 0.00134045 0.0519106
1.74065e+09 26.3321 0.0556896 0.890242 -0.998575 -0.00463711 -0.000585448 0.0531661
1.74065e+09 26.4431 0.0469288 0.893674 -0.998699 -0.00506379 -0.0022892 0.0506906
1.74065e+09 26.5477 0.0455704 0.895328 -0.998603 -0.00484669 0.00085932 0.0526114
1.74065e+09 26.6678 0.0462357 0.898094 -0.998721 -0.00461285 -0.00166768 0.0503141
1.74065e+09 26.7822 0.0439106 0.901783 -0.998732 -0.00455659 5.25812e-05 0.0501274
1.74065e+09 26.9017 0.0343036 0.908671 -0.998748 -0.00468767 -0.00490982 0.0495521
1.74065e+09 27.0042 0.0280878 0.911366 -0.99884 -0.00447008 -0.000540951 0.0479328
1.74065e+09 27.116 0.0215762 0.91905 -0.998815 -0.00442588 -0.000687251 0.0484593
1.74065e+09 27.2302 0.0180434 0.926184 -0.998831 -0.00496835 -0.00247341 0.0480122
1.74065e+09 27.3336 0.0165836 0.92698 -0.99894 -0.00467924 0.00297447 0.0456932
1.74065e+09 27.4388 0.0126202 0.931528 -0.99889 -0.00479298 0.000859045 0.0468481
1.74065e+09 27.54 0.00780662 0.930138 -0.998899 -0.00331026 0.00299235 0.0466942
1.74065e+09 27.6412 0.00973997 0.929988 -0.998932 -0.00388193 0.00235269 0.0459818
1.74065e+09 27.7474 0.00129634 0.935193 -0.998935 -0.00345149 0.00109845 0.046002
1.74065e+09 27.8534 -0.00396481 0.939178 -0.99903 -0.00347661 0.000827437 0.0438923
1.74065e+09 27.9558 -0.00261839 0.942483 -0.998978 -0.00270082 0.00250852 0.0450469
1.74065e+09 28.0728 -0.0111681 0.950288 -0.999004 -0.00427694 -0.00148225 0.0443945
1.74065e+09 28.1761 -0.0132623 0.952907 -0.999079 -0.00223078 0.00209188 0.042804
1.74065e+09 28.2791 -0.0168146 0.961772 -0.999066 -0.00240516 0.000563779 0.0431394
1.74065e+09 28.3852 -0.0253909 0.967547 -0.999131 -0.00257196 -0.000639825 0.0415856
1.74065e+09 28.5034 -0.0331897 0.972265 -0.999162 -0.00254489 -0.00186978 0.0408137
1.74065e+09 28.6043 -0.0423623 0.97317 -0.999169 -0.00260478 -0.00109169 0.0406511
1.74065e+09 28.7017 -0.0430767 0.972224 -0.999141 -0.00312433 -0.000636326 0.0413216
1.74065e+09 28.8108 -0.0467949 0.975185 -0.999167 -0.00215824 8.68228e-05 0.0407497
1.74065e+09 28.9127 -0.0446812 0.978517 -0.999222 -0.00230825 0.000906389 0.0393614
1.74065e+09 29.0251 -0.0448155 0.97936 -0.999297 -0.00218638 0.00149219 0.0373919
1.74065e+09 29.1424 -0.0459084 0.98753 -0.999273 -0.0035361 -0.00119528 0.037938
1.74065e+09 29.2611 -0.040342 0.989187 -0.999301 -0.00231461 -0.00144522 0.0372889
1.74065e+09 29.3666 -0.0386486 0.995755 -0.999368 -0.00224953 -0.00078733 0.035468
1.74065e+09 29.4737 -0.0372957 0.998235 -0.999311 -0.00194791 -0.000648592 0.03705
1.74065e+09 29.5871 -0.0436867 1.00293 -0.999375 -0.00190212 -0.00183151 0.0352588
1.74065e+09 29.6961 -0.0435041 1.00805 -0.999404 -0.00143333 -0.00339067 0.0343241
1.74065e+09 29.8056 -0.0475685 1.0115 -0.999365 -0.00188138 0.0013474 0.0355437
1.74065e+09 29.9187 -0.0547339 1.01394 -0.999443 -0.000838927 -0.00136177 0.0333215
1.74065e+09 30.0329 -0.0614074 1.01892 -0.999451 -0.000695792 0.00140477 0.0331081
1.74065e+09 30.1486 -0.0621609 1.0195 -0.999459 -0.000547629 8.30687e-05 0.0328797
1.74065e+09 30.2766 -0.0656918 1.02606 -0.999459 -8.47217e-05 -0.00243082 0.0327852
1.74065e+09 30.3952 -0.0663188 1.0282 -0.99949 0.000631782 -0.000323408 0.0319278
1.74065e+09 30.5107 -0.0679251 1.03184 -0.999513 -0.0001427 0.000796793 0.031201
1.74065e+09 30.6269 -0.0685178 1.03541 -0.999554 0.000442397 7.17357e-05 0.0298444
1.74065e+09 30.7381 -0.066224 1.0394 -0.999577 0.000608187 -0.00177111 0.0290372
1.74065e+09 30.845 -0.0620207 1.04057 -0.999574 0.000837709 -0.000536637 0.0291597
1.74065e+09 30.9534 -0.0574391 1.043 -0.99958 0.00113018 -0.00100157 0.028946
1.74065e+09 31.0681 -0.0593982 1.04826 -0.999597 0.000929586 -0.000530555 0.0283564
1.74065e+09 31.1836 -0.062515 1.05605 -0.999597 -7.94535e-05 -0.000724414 0.0283924
1.74065e+09 31.3058 -0.0647668 1.05935 -0.999394 0.000190041 -0.00236158 0.0347213
1.74065e+09 31.4205 -0.0585604 1.06239 -0.999274 0.00108057 -0.00141997 0.0380593
1.74065e+09 31.5415 -0.05711 1.06609 -0.999093 3.70238e-05 -0.00184669 0.0425482
1.74065e+09 31.6514 -0.0560947 1.06786 -0.998781 0.000968987 0.00025777 0.0493538
1.74065e+09 31.7655 -0.061386 1.07561 -0.99847 -0.000444725 -0.00125897 0.0552713
1.74065e+09 31.875 -0.0693172 1.08034 -0.997979 -0.000615872 0.000261937 0.0635483
1.74065e+09 31.976 -0.0623555 1.08592 -0.997316 0.000166793 0.000740686 0.0732166
1.74065e+09 32.0776 -0.0575049 1.08787 -0.996767 0.000138496 0.00282902 0.0802947
1.74065e+09 32.1873 -0.063 1.09177 -0.996238 -0.00134155 0.0031529 0.0865869
1.74065e+09 32.2935 -0.0790409 1.09314 -0.995589 -0.00172332 0.00314337 0.0937536
1.74065e+09 32.404 -0.0859355 1.09353 -0.994736 0.000605474 0.00677741 0.102244
1.74065e+09 32.5293 -0.112902 1.0949 -0.995233 -0.00169622 0.004704 0.0974014
1.74065e+09 32.66 -0.144297 1.1002 -0.995395 -0.00150998 -0.000247725 0.0958458
1.74065e+09 32.793 -0.169219 1.11134 -0.995286 -0.00313395 -0.00603504 0.0967444
1.74065e+09 32.9189 -0.190311 1.11372 -0.995562 -0.00210736 -0.00402723 0.0939984
1.74065e+09 33.0367 -0.202258 1.12208 -0.995481 -0.00230671 -0.00341833 0.0948717
1.74065e+09 33.1605 -0.212231 1.12754 -0.995585 -0.00263742 -0.00444401 0.0937172
1.74065e+09 33.2866 -0.22682 1.13084 -0.995725 -0.00296834 0.00164592 0.0923091
1.74065e+09 33.3956 -0.238011 1.13219 -0.995767 -0.00229273 0.00630184 0.0916691
1.74065e+09 33.5195 -0.252073 1.13194 -0.995834 -0.00203487 0.00103744 0.0911564
1.74065e+09 33.6424 -0.265746 1.14062 -0.995983 -0.00261609 0.00034483 0.0895028
1.74065e+09 33.7453 -0.280367 1.13833 -0.996138 -0.00117368 0.00543418 0.0876212
1.74065e+09 33.849 -0.302425 1.14337 -0.996542 -0.00291607 0.00417961 0.0829352
1.74065e+09 33.9549 -0.312934 1.14972 -0.996919 -0.00165075 -0.00103636 0.0784093
1.74065e+09 34.0563 -0.32097 1.15202 -0.997593 -0.00118315 -0.00114529 0.0693268
1.74065e+09 34.1573 -0.325987 1.15677 -0.998038 -0.000448083 0.000830525 0.0626027
1.74065e+09 34.258 -0.329598 1.15698 -0.998499 -0.00121031 -0.000679674 0.0547601
1.74065e+09 34.366 -0.333296 1.16308 -0.998887 -0.000507263 0.000173477 0.0471603
1.74065e+09 34.4637 -0.338848 1.16582 -0.999218 0.00042332 0.000904627 0.0395254
1.74065e+09 34.5575 -0.338974 1.16708 -0.999458 -0.000967871 0.00330583 0.0327279
1.74065e+09 34.6594 -0.339296 1.16883 -0.999418 -0.000151772 0.00227753 0.0340257
1.74065e+09 34.7782 -0.346677 1.17413 -0.999409 0.000206533 -0.00060756 0.034372
1.74065e+09 34.8984 -0.361836 1.18363 -0.999478 -0.00135807 -0.00273407 0.0321522
1.74065e+09 35.0135 -0.365147 1.18495 -0.999473 0.000565523 -0.00356685 0.0322479
1.74065e+09 35.1376 -0.366152 1.19229 -0.999501 -0.000219177 -0.00220817 0.0315126
1.74065e+09 35.2697 -0.374989 1.19597 -0.99954 6.72169e-05 -0.0046265 0.0299792
1.74065e+09 35.398 -0.378373 1.20208 -0.999569 0.000446069 -0.00429235 0.0290532
1.74065e+09 35.5236 -0.380254 1.20364 -0.999623 0.0002608 -0.00327508 0.0272641
1.74065e+09 35.6369 -0.375573 1.20831 -0.999627 0.00126019 -0.00580716 0.0266397
1.74065e+09 35.7542 -0.374746 1.20917 -0.999683 0.000544048 -0.00384566 0.0248599
1.74065e+09 35.8737 -0.371297 1.21174 -0.999639 0.00157696 -0.0058368 0.0261641
1.74065e+09 35.9919 -0.37547 1.21463 -0.99967 0.00193652 -0.00502467 0.0251308
1.74065e+09 36.1145 -0.367462 1.21862 -0.999699 0.00174536 -0.00445021 0.0240556
1.74065e+09 36.2355 -0.365471 1.22067 -0.999709 0.00177101 -0.00373118 0.0237824
1.74065e+09 36.3594 -0.365773 1.22392 -0.999706 0.00143017 -0.00385791 0.0238936
1.74065e+09 36.4896 -0.362495 1.22809 -0.999758 0.001443 -0.0025266 0.0218278
1.74065e+09 36.6188 -0.359625 1.23172 -0.999733 0.00105649 -0.00355404 0.0228094
1.74065e+09 36.7505 -0.363383 1.23354 -0.999799 0.00188912 -0.00288976 0.0197325
1.74065e+09 36.8852 -0.367215 1.23638 -0.999746 0.00174806 -0.0056206 0.0217614
1.74065e+09 37.0198 -0.370541 1.2379 -0.9998 0.000591705 -0.00246757 0.0198452
1.74065e+09 37.1405 -0.364452 1.24111 -0.999804 0.00132864 -0.00456079 0.0192165
1.74065e+09 37.2511 -0.365945 1.23884 -0.999806 -0.000272795 -0.00443014 0.0191679
1.74065e+09 37.3775 -0.363023 1.24258 -0.999811 0.00249636 -0.00564615 0.018428
1.74065e+09 37.493 -0.358003 1.24631 -0.99983 0.000479018 -0.00328701 0.018149
1.74065e+09 37.6116 -0.353263 1.25329 -0.99986 6.08957e-05 -0.00366296 0.0163493
1.74065e+09 37.7289 -0.344003 1.25822 -0.999862 0.000785011 -0.00527032 0.0157146
1.74065e+09 37.8457 -0.336708 1.26345 -0.999863 -0.000894365 -0.00213631 0.016392
1.74065e+09 37.9736 -0.334636 1.26431 -0.999893 0.00117292 -0.00442561 0.0139266
1.74065e+09 38.1048 -0.331031 1.26839 -0.999883 0.000377686 -0.00442352 0.0146412
1.74065e+09 38.2259 -0.334217 1.27052 -0.999913 -0.000626916 -0.00355289 0.0126928
1.74065e+09 38.3526 -0.332005 1.26696 -0.999894 0.000496157 -0.00233795 0.0143909
1.74065e+09 38.4882 -0.33168 1.27384 -0.999896 -0.000305244 -0.00273642 0.0141654
1.74065e+09 38.632 -0.320781 1.2789 -0.999896 -0.00039472 -0.00469859 0.0136238
1.74065e+09 38.7776 -0.310336 1.28601 -0.999866 0.000201502 -0.0097184 0.0131881
1.74065e+09 38.9224 -0.303349 1.29015 -0.99993 0.000165758 -0.0051328 0.0106228
1.74065e+09 39.0653 -0.302579 1.29288 -0.999902 -0.000618946 -0.00478085 0.0131465
1.74065e+09 39.2044 -0.294901 1.29616 -0.999924 -0.000858376 -0.00515143 0.011133
1.74065e+09 39.3416 -0.285991 1.3027 -0.99991 0.000116466 -0.00673824 0.0116348
1.74065e+09 39.4825 -0.288252 1.30239 -0.999898 6.76499e-05 -0.00450517 0.0135623
1.74065e+09 39.6392 -0.291228 1.30285 -0.999885 -0.000643409 -0.0108706 0.0105355
1.74065e+09 39.7612 -0.293104 1.30487 -0.999941 -0.000808451 -0.00514097 0.00952127
1.74065e+09 39.8825 -0.280953 1.30825 -0.999956 -0.000536103 -0.00140571 0.00927098
1.74065e+09 40.0213 -0.274802 1.31151 -0.999928 -0.000384451 -0.00807127 0.00882347
1.74065e+09 40.1481 -0.265213 1.31613 -0.999954 -0.00139899 -0.00441644 0.00843763
1.74065e+09 40.2823 -0.259676 1.31703 -0.999978 0.000202128 -0.0005004 0.00664042
1.74065e+09 40.4208 -0.264116 1.32122 -0.999966 0.000308794 -0.00444862 0.00695809
1.74065e+09 40.5525 -0.253436 1.32845 -0.999963 0.000812986 -0.00637475 0.00579361
1.74065e+09 40.6793 -0.251766 1.33016 -0.999975 0.000741807 -0.00370967 0.00592247
1.74065e+09 40.8015 -0.239612 1.33407 -0.999976 -0.000406474 -0.00349117 0.00602316
1.74065e+09 40.9368 -0.239372 1.33861 -0.999966 -0.000460115 -0.00604203 0.00558301
1.74065e+09 41.0586 -0.2277 1.34257 -0.999987 0.00027983 -0.00368448 0.00365323
1.74065e+09 41.1778 -0.224604 1.34253 -0.999982 0.000841693 0.000308353 0.00594961
1.74065e+09 41.3024 -0.219277 1.3463 -0.999994 -0.000529478 -0.00216108 0.00276069
1.74065e+09 41.4329 -0.213152 1.34894 -0.999984 -0.000158012 -0.00355179 0.00443126
1.74065e+09 41.559 -0.210654 1.35176 -0.99997 1.27795e-05 -0.00644218 0.00430295
1.74065e+09 41.6832 -0.21106 1.35659 -0.99997 -0.00125254 -0.00662092 0.00379295
1.74065e+09 41.8105 -0.208013 1.35915 -0.999973 -0.000944964 -0.00627394 0.00381833
1.74065e+09 41.9313 -0.200501 1.36539 -0.999987 -0.00151445 -0.00364353 0.00324166
1.74065e+09 42.0552 -0.188924 1.36664 -0.999996 -0.000191101 -0.000831934 0.00252551
1.74065e+09 42.1849 -0.183312 1.36663 -0.999998 -0.000879595 -0.00130344 0.00105275
1.74065e+09 42.3081 -0.17297 1.37111 -0.999995 -0.000392419 -0.00306999 -0.00033479
1.74065e+09 42.4355 -0.171477 1.37486 -0.999998 -0.000795417 -0.00180414 -0.000965495
1.74065e+09 42.5668 -0.164389 1.3785 -0.999996 -0.00210455 -0.00207737 0.000372662
1.74065e+09 42.701 -0.153144 1.38377 -0.999996 -0.00254166 -0.000435272 -0.000639186
1.74065e+09 42.8267 -0.135849 1.38734 -0.999998 -0.00202079 5.45095e-05 0.000590452
1.74065e+09 42.9486 -0.13463 1.39109 -0.999994 -0.000938071 -0.00229608 -0.00222983
1.74065e+09 43.0799 -0.128313 1.39487 -0.999987 -0.00098696 -0.00445114 -0.00211232
1.74065e+09 43.2073 -0.126226 1.39691 -0.999985 -0.00179299 -0.0046715 -0.00240483
1.74065e+09 43.3381 -0.118888 1.39798 -0.999989 -0.00100657 -0.00340116 -0.00309907
1.74065e+09 43.4724 -0.110867 1.40635 -0.999991 -0.00196496 0.000120695 -0.00362798
1.74065e+09 43.6004 -0.0937047 1.41308 -0.99999 -0.0013905 0.000344161 -0.00415592
1.74065e+09 43.7528 -0.0892057 1.41748 -0.999974 -0.00182943 -0.00404225 -0.00563431
1.74065e+09 43.8968 -0.0775942 1.42172 -0.999992 -0.00196358 -0.00235522 -0.00272985
1.74065e+09 44.0483 -0.0737148 1.42655 -0.999985 -0.00181781 -0.00146868 -0.00505321
1.74065e+09 44.2006 -0.0736097 1.43269 -0.999974 -0.00217303 -0.00269697 -0.00624675
1.74065e+09 44.3417 -0.0669833 1.43521 -0.999977 -0.00288678 -0.00153425 -0.00600191
1.74065e+09 44.4844 -0.0600819 1.43752 -0.999964 -0.00274254 -0.00454672 -0.00666444
1.74065e+09 44.6265 -0.0458209 1.44228 -0.999952 -0.00224958 -0.00632342 -0.007188
1.74065e+09 44.7531 -0.0379674 1.44223 -0.99996 -0.00314626 -0.00103322 -0.0082525
1.74065e+09 44.8856 -0.0300852 1.44777 -0.99996 -0.00271996 0.00158769 -0.00832
1.74065e+09 45.0242 -0.0134359 1.45352 -0.999954 -0.00363918 -0.00450587 -0.00762504
1.74065e+09 45.1539 0.00711287 1.4612 -0.999955 -0.00218608 -0.00683795 -0.00626808
1.74065e+09 45.2703 0.0169997 1.46143 -0.999995 -0.00250745 0.00156757 -0.00145559
1.74065e+09 45.4016 0.0316637 1.46466 -0.999988 -0.00372397 -0.00224692 0.00212031
1.74065e+09 45.5344 0.0376359 1.47042 -0.999944 -0.00368666 -0.0034632 0.00932193
1.74065e+09 45.647 0.0467812 1.47375 -0.999891 -0.00471726 -0.00189158 0.0138868
1.74065e+09 45.7699 0.0529863 1.47649 -0.999753 -0.00419649 -0.00219879 0.0217094
1.74065e+09 45.8849 0.0598079 1.47956 -0.9996 -0.00408712 -0.00100336 0.0279584
1.74065e+09 46.0133 0.0651462 1.48311 -0.999399 -0.0052489 -0.00127031 0.034244
1.74065e+09 46.1469 0.0668497 1.48712 -0.999108 -0.00481832 0.000595061 0.0419585
1.74065e+09 46.2754 0.0621447 1.48841 -0.999051 -0.00487997 0.00476017 0.0430146
1.74065e+09 46.4266 0.0575865 1.49345 -0.999146 -0.0038654 -0.00022246 0.041137
1.74065e+09 46.5657 0.0534219 1.50228 -0.999137 -0.00466273 -0.00161459 0.0412325
1.74065e+09 46.7043 0.0442706 1.50931 -0.999177 -0.00497772 -0.000362696 0.040264
1.74065e+09 46.8415 0.0305897 1.51356 -0.999219 -0.00456285 0.000928484 0.0392318
1.74065e+09 46.9812 0.028564 1.51825 -0.999126 -0.0049176 -0.00384246 0.0413198
1.74065e+09 47.1135 0.0286874 1.52125 -0.999266 -0.00524757 -0.00220095 0.0378815
1.74065e+09 47.2537 0.0306905 1.52399 -0.999206 -0.00450759 -0.00226418 0.0395209
1.74065e+09 47.3903 0.0247478 1.52476 -0.999327 -0.00383738 -0.000294021 0.0364792
1.74065e+09 47.5283 0.0208162 1.52817 -0.999202 -0.00491177 0.00347222 0.0394952
1.74065e+09 47.6644 0.0184108 1.53329 -0.999259 -0.00391537 0.00191017 0.0382339
1.74065e+09 47.8159 0.0124709 1.54203 -0.999331 -0.00482328 -0.000316809 0.0362408
1.74065e+09 47.9572 0.0100137 1.54798 -0.999397 -0.00367863 -0.00240263 0.0344354
1.74065e+09 48.1031 0.00781496 1.55074 -0.999403 -0.00383166 -0.000300234 0.0343418
1.74065e+09 48.2571 0.00357699 1.55561 -0.999338 -0.00492833 -0.00337421 0.035885
1.74065e+09 48.3951 0.00891113 1.56404 -0.999373 -0.00424244 6.59388e-05 0.0351432
1.74065e+09 48.5317 0.0119217 1.5657 -0.999393 -0.004539 0.00763829 0.0336709
1.74065e+09 48.6763 0.00617439 1.57237 -0.999336 -0.00482 0.000551737 0.0361243
1.74065e+09 48.8251 0.00822226 1.57988 -0.999372 -0.00455946 -0.00226429 0.0350601
1.74065e+09 48.98 0.00598035 1.58599 -0.999407 -0.00452948 -0.00363387 0.0339519
1.74065e+09 49.1216 0.00145201 1.59301 -0.999509 -0.00426924 0.000454183 0.0310442
1.74065e+09 49.2516 -0.00149847 1.59366 -0.99943 -0.00383323 0.00375859 0.0333233
1.74065e+09 49.3839 0.00109227 1.59738 -0.999538 -0.00279507 0.000683613 0.0302443
1.74065e+09 49.5381 -0.00207297 1.60389 -0.999458 -0.00376931 0.000142918 0.0327161
1.74065e+09 49.6796 0.000620429 1.60757 -0.999541 -0.00316362 0.000267935 0.0301399
1.74065e+09 49.8194 -0.00214828 1.61379 -0.999608 -0.0041576 0.000315231 0.0276977
1.74065e+09 49.961 0.00293678 1.61913 -0.999489 -0.00338285 0.000176041 0.0317933
1.74065e+09 50.1012 -0.00158289 1.62443 -0.999599 -0.00351855 -0.000459781 0.0281028
1.74065e+09 50.237 -0.006155 1.62884 -0.999566 -0.00225408 -0.00354467 0.0291562
1.74065e+09 50.3682 -0.0109941 1.63317 -0.999519 -0.00365278 0.000588975 0.0307857
1.74065e+09 50.5095 -0.0192312 1.63938 -0.999556 -0.00426768 0.0013348 0.0294515
1.74065e+09 50.6403 -0.0168927 1.64629 -0.999528 -0.00266068 -0.0015967 0.0305788
1.74065e+09 50.7615 -0.0203484 1.65069 -0.99957 -0.00361637 -0.00132033 0.0290623
1.74065e+09 50.8862 -0.0163561 1.65748 -0.999527 -0.00296195 -0.000292609 0.0306143
1.74065e+09 51.0104 -0.016173 1.66125 -0.999602 -0.00293405 -0.000324116 0.0280653
1.74065e+09 51.1319 -0.0166509 1.66363 -0.999611 -0.00327852 0.000608447 0.0276948
1.74065e+09 51.2559 -0.0111345 1.6664 -0.999663 -0.00230157 -0.00031134 0.0258482
1.74065e+09 51.3772 -0.0102682 1.67239 -0.999722 -0.0032732 -0.00156229 0.0232796
1.74065e+09 51.488 -0.00801247 1.6727 -0.999699 -0.00236149 0.000622971 0.0244258
1.74065e+09 51.602 -0.00413498 1.67697 -0.999693 -0.0028632 0.00203469 0.0245385
1.74065e+09 51.7288 0.0021031 1.68132 -0.999705 -0.00256485 -0.000768996 0.0241402
1.74065e+09 51.8433 0.00221804 1.68416 -0.999713 -0.00272257 -0.000722184 0.023779
1.74065e+09 51.9674 0.00413462 1.68883 -0.999732 -0.00163169 -0.00314719 0.0228963
1.74065e+09 52.0921 -0.00408843 1.69011 -0.999728 -0.00338408 -0.000723037 0.0230734
1.74065e+09 52.2238 -0.00419098 1.69329 -0.999754 -0.0026704 -0.000975508 0.0219934
1.74065e+09 52.3567 0.00365982 1.70077 -0.99977 -0.00282843 0.000849508 0.0212477
1.74065e+09 52.4893 0.0108142 1.7069 -0.999787 -0.00247521 0.00205294 0.0203788
1.74065e+09 52.62 0.0161129 1.71159 -0.999775 -0.00291974 -0.0018807 0.0209154
1.74065e+09 52.7549 0.0184525 1.71734 -0.999775 -0.00244046 -0.00153236 0.0210073
1.74065e+09 52.8912 0.0165064 1.72175 -0.999788 -0.00287129 -0.0018836 0.0202968
1.74065e+09 53.0158 0.018231 1.72228 -0.999787 -0.00158362 0.000622105 0.0205654
1.74065e+09 53.1486 0.0156384 1.72538 -0.999828 -0.00362804 -0.00111015 0.018157
1.74065e+09 53.2734 0.011768 1.7264 -0.99976 -0.00287987 -0.0026185 0.0215791
1.74065e+09 53.4063 0.0141649 1.73305 -0.999803 -0.00139514 -0.00371677 0.0194269
1.74065e+09 53.5396 0.0130924 1.73619 -0.999831 -0.000796291 -0.00313826 0.0180897
1.74065e+09 53.6701 0.0153719 1.74197 -0.999859 -0.00209704 -0.00110848 0.0166274
1.74065e+09 53.7877 0.0210765 1.74536 -0.999835 -0.000960937 0.000422337 0.0181469
1.74065e+09 53.9132 0.0234035 1.7492 -0.999852 -0.0020384 0.00166161 0.0169922
1.74065e+09 54.0478 0.0267956 1.75298 -0.99987 -0.000981584 -0.00125308 0.0160482
1.74065e+09 54.1752 0.0348245 1.75751 -0.999861 -0.000167236 -0.00502701 0.0159051
1.74065e+09 54.2936 0.0378717 1.75793 -0.999884 -0.000825845 -0.00185885 0.0151234
1.74065e+09 54.4201 0.0432624 1.76183 -0.999861 -0.000392824 -0.00354705 0.0162939
1.74065e+09 54.552 0.0507014 1.76242 -0.999879 -0.00140962 -0.00095223 0.0154753
1.74065e+09 54.6848 0.0529302 1.77032 -0.999904 -0.000548599 -0.00253198 0.0136304
1.74065e+09 54.8166 0.0593373 1.77296 -0.999898 -0.000654691 -0.00417693 0.0136675
1.74065e+09 54.9433 0.0609523 1.77792 -0.999874 -0.00054301 -0.00726606 0.014084
1.74065e+09 55.0849 0.063297 1.78336 -0.9999 5.73968e-05 -0.0057455 0.0129568
1.74065e+09 55.2129 0.0656929 1.78775 -0.99987 0.000465733 -0.00228784 0.0159482
1.74065e+09 55.3427 0.06269 1.79152 -0.999925 -0.000479425 -0.000187665 0.0122736
1.74065e+09 55.4802 0.0618258 1.79548 -0.999903 -0.000113558 -0.00349085 0.0134508
1.74065e+09 55.6045 0.0631696 1.79802 -0.9999 0.000253521 -0.0062042 0.0127002
1.74065e+09 55.7173 0.0700915 1.79783 -0.999926 -0.000478893 -0.00315727 0.0117001
1.74065e+09 55.8377 0.076192 1.79807 -0.999938 -0.000267102 -0.00198834 0.0109421
1.74065e+09 55.9595 0.0824557 1.80236 -0.99996 0.000431439 -0.00177518 0.0087485
1.74065e+09 56.0865 0.0927603 1.80591 -0.999924 0.000912855 -0.00769257 0.00956328
1.74065e+09 56.2006 0.0955174 1.80824 -0.999944 0.00116133 -0.00493667 0.00931527
1.74065e+09 56.3339 0.101079 1.8133 -0.999932 0.00125363 -0.00634167 0.00967184
1.74065e+09 56.4561 0.106802 1.8183 -0.999963 0.000920287 -0.00420267 0.00749039
1.74065e+09 56.5868 0.114884 1.82605 -0.999976 0.00115201 -0.00157131 0.00660367
1.74065e+09 56.7245 0.12215 1.83156 -0.999968 0.00118639 -0.00382627 0.00686363
1.74065e+09 56.8613 0.126071 1.83295 -0.999957 0.000775667 -0.00582346 0.00722579
1.74065e+09 56.9917 0.138218 1.83361 -0.999969 0.00111626 -0.00554691 0.00547596
1.74065e+09 57.1136 0.136117 1.83755 -0.999968 0.00109671 -0.00571564 0.00550302
1.74065e+09 57.2394 0.145999 1.83791 -0.999963 0.00181664 -0.00412678 0.00731353
1.74065e+09 57.3699 0.151198 1.83688 -0.999984 0.000219342 -0.0037408 0.00427525
1.74065e+09 57.5045 0.158051 1.83929 -0.999962 0.00161176 -0.00394213 0.00758708
1.74065e+09 57.6332 0.163911 1.84385 -0.999978 0.0019731 -0.0031974 0.00546328
1.74065e+09 57.7637 0.168164 1.85025 -0.999954 0.0021547 -0.00743134 0.00573449
1.74065e+09 57.893 0.170143 1.85607 -0.999982 0.00230701 -0.00412208 0.00367689
1.74065e+09 58.0172 0.172199 1.85819 -0.999984 0.00215045 -0.00299959 0.00427136
1.74065e+09 58.1414 0.178056 1.86491 -0.999969 0.00177275 -0.0066032 0.00395769
1.74065e+09 58.2554 0.184594 1.8694 -0.999979 0.00194299 -0.00549445 0.0028587
1.74065e+09 58.3663 0.187732 1.87301 -0.999965 0.00299856 -0.00687999 0.00367281
1.74065e+09 58.4798 0.191505 1.8732 -0.999989 0.000881097 -0.00420403 0.00170511
1.74065e+09 58.6027 0.203108 1.87556 -0.99998 0.00210318 -0.00575968 0.00145917
1.74065e+09 58.7062 0.208916 1.88001 -0.99999 0.00253571 -0.00354237 -0.00112916
1.74065e+09 58.814 0.213726 1.88051 -0.999991 0.00199716 -0.00371219 -0.000387335
1.74065e+09 58.9216 0.222258 1.88433 -0.999986 0.00161388 -0.00512663 5.35141e-05
1.74065e+09 59.0413 0.225167 1.88798 -0.999977 0.000907008 -0.00652706 -0.0016068
1.74065e+09 59.1525 0.232432 1.8927 -0.999978 0.00167604 -0.00621833 -0.001739
1.74065e+09 59.2793 0.238974 1.89549 -0.999978 0.00104011 -0.00622013 -0.00215685
1.74065e+09 59.4 0.247145 1.89709 -0.999976 0.00215858 -0.00473011 -0.0046102
1.74065e+09 59.5052 0.256786 1.89944 -0.999995 0.00119005 -0.0011508 -0.00283575
1.74065e+09 59.6224 0.264091 1.89976 -0.999965 0.00182242 -0.00583057 -0.00577602
1.74065e+09 59.7341 0.26528 1.90438 -0.999972 0.00148576 -0.00634911 -0.00373273
1.74065e+09 59.8385 0.272957 1.90619 -0.999974 0.00221565 -0.00369275 -0.00572918
1.74065e+09 59.9551 0.27856 1.91106 -0.999982 0.00202456 -0.0028626 -0.00478149
1.74065e+09 60.0665 0.284963 1.91318 -0.99996 0.00153065 -0.00493085 -0.00726208
1.74065e+09 60.1737 0.28976 1.91815 -0.999964 0.0015728 -0.00397993 -0.0073578
1.74065e+09 60.2922 0.301803 1.91991 -0.999967 0.00306352 -0.0040317 -0.00633959
1.74065e+09 60.4004 0.308928 1.92399 -0.999953 0.00226081 -0.00441448 -0.00829616
1.74065e+09 60.5085 0.319662 1.92243 -0.999926 0.00233933 -0.00388519 -0.0112971
1.74065e+09 60.6197 0.330003 1.92331 -0.999936 0.00343317 -0.00316536 -0.0102924
1.74065e+09 60.7317 0.339663 1.92539 -0.999941 0.00310599 -0.00341815 -0.00988124
1.74065e+09 60.847 0.348055 1.93053 -0.999898 0.00187611 -0.00683889 -0.0124034
1.74065e+09 60.9545 0.35381 1.93411 -0.999892 0.00355855 -0.00733332 -0.0122158
1.74065e+09 61.0724 0.364683 1.93887 -0.999894 0.00281468 -0.00513146 -0.0133485
1.74065e+09 61.1847 0.376774 1.9421 -0.999914 0.00288155 -0.00261992 -0.0125188
1.74065e+09 61.3052 0.386965 1.94316 -0.99988 0.00311933 -0.00536905 -0.0142212
1.74065e+09 61.4199 0.39826 1.94976 -0.999861 0.00391615 -0.00737379 -0.0144621
1.74065e+09 61.5224 0.411145 1.94669 -0.999884 0.00168048 -0.0038262 -0.0146524
1.74065e+09 61.6416 0.419518 1.95243 -0.999844 0.00336022 -0.00674818 -0.0159819
1.74065e+09 61.7602 0.427415 1.95769 -0.999845 0.0029362 -0.00621085 -0.0161914
1.74065e+09 61.8812 0.438109 1.9579 -0.999816 0.00285465 -0.00373515 -0.0185957
1.74065e+09 62.0058 0.443621 1.96189 -0.999849 0.00356239 -0.00599616 -0.0159184
1.74065e+09 62.1266 0.454297 1.96415 -0.99981 0.00377037 -0.00358007 -0.0187711
1.74065e+09 62.2467 0.46391 1.96644 -0.999832 0.00393104 -0.00476055 -0.0172752
1.74065e+09 62.3724 0.474329 1.96794 -0.999809 0.0040318 -0.0050653 -0.018443
1.74065e+09 62.4783 0.487907 1.96943 -0.999775 0.00486195 -0.00504665 -0.0200389
1.74065e+09 62.5954 0.502243 1.97092 -0.999789 0.00563005 -0.00458628 -0.0192306
1.74065e+09 62.7154 0.514437 1.97293 -0.99975 0.00378392 -0.00571723 -0.0212894
1.74065e+09 62.8173 0.532681 1.97722 -0.999793 0.00482722 -0.00436067 -0.0192601
1.74065e+09 62.9178 0.544908 1.97953 -0.999809 0.00554315 -0.00364802 -0.0183884
1.74065e+09 63.0214 0.555935 1.98288 -0.999853 0.00375129 -0.00686021 -0.015239
1.74065e+09 63.1275 0.56674 1.98513 -0.999921 0.00457863 -0.00668549 -0.00963531
1.74065e+09 63.2225 0.578272 1.98829 -0.999949 0.00502531 -0.00809775 -0.0033156
1.74065e+09 63.3175 0.589098 1.99164 -0.999958 0.00483893 -0.00776271 0.000911279
1.74065e+09 63.4112 0.596893 1.98984 -0.999955 0.00486479 -0.00545672 0.00606665
1.74065e+09 63.4994 0.607932 1.99086 -0.999859 0.00459588 -0.00684166 0.0146001
1.74065e+09 63.5866 0.608128 1.99345 -0.999763 0.00410013 -0.00575085 0.0205692
1.74065e+09 63.6721 0.612936 1.99289 -0.999679 0.00552575 -0.00317585 0.0245347
1.74065e+09 63.7772 0.609045 1.99897 -0.999742 0.00360159 -0.00518716 0.0218348
1.74065e+09 63.8758 0.60541 2.00107 -0.999784 0.005088 -0.00528731 0.0194207
1.74065e+09 63.9804 0.610071 2.00334 -0.999782 0.00471655 -0.00492877 0.019758
1.74065e+09 64.0879 0.611393 2.00718 -0.999775 0.00573052 -0.00606326 0.0195198
1.74065e+09 64.2038 0.61326 2.00813 -0.999818 0.00448245 -0.0037526 0.0181436
1.74065e+09 64.3097 0.619838 2.01469 -0.999818 0.00545146 -0.00241534 0.0181048
1.74065e+09 64.4224 0.620988 2.01602 -0.999803 0.00501113 -0.00513286 0.0184815
1.74065e+09 64.5339 0.62625 2.01873 -0.99983 0.00538698 -0.00722064 0.0160576
1.74065e+09 64.6377 0.628051 2.02057 -0.999783 0.00519255 -0.00780199 0.0185875
1.74065e+09 64.7399 0.627833 2.02462 -0.999746 0.00486985 -0.0076988 0.0205973
1.74065e+09 64.8389 0.629687 2.02418 -0.999664 0.00443167 -0.00839105 0.0241242
1.74065e+09 64.9378 0.633327 2.02429 -0.999486 0.00565476 -0.00873576 0.0303288
1.74065e+09 65.0347 0.639245 2.0255 -0.999402 0.00507897 -0.00672372 0.0335377
1.74065e+09 65.1344 0.641967 2.01858 -0.999223 0.00544364 -0.00740917 0.0383299
1.74065e+09 65.2244 0.648889 2.02306 -0.998926 0.00443985 -0.00470933 0.0458887
1.74065e+09 65.3215 0.645748 2.03105 -0.998665 0.00409059 -0.00566259 0.0511879
1.74065e+09 65.4214 0.646354 2.0351 -0.998342 0.00520199 -0.00590147 0.0570146
1.74065e+09 65.5213 0.642907 2.03672 -0.9979 0.00510025 -0.00519134 0.0643557
1.74065e+09 65.6164 0.636734 2.03989 -0.9974 0.00410521 -0.00464326 0.0718014
1.74065e+09 65.7161 0.63013 2.04228 -0.99706 0.00462795 -0.00685134 0.0761745
1.74065e+09 65.8051 0.622135 2.04394 -0.99706 0.00455217 -0.00573986 0.0762794
1.74065e+09 65.8858 0.613739 2.04756 -0.996912 0.00476593 -0.00544216 0.07819
1.74065e+09 65.9517 0.604189 2.04538 -0.996923 0.00579385 -0.00353504 0.0780879
1.74065e+09 66.0202 0.594452 2.04815 -0.99699 0.00467588 -0.00423685 0.077274
1.74065e+09 66.0927 0.5859 2.04894 -0.997101 0.0052344 -0.00308335 0.0758404
1.74065e+09 66.1635 0.57883 2.05136 -0.997166 0.00484839 -0.00302273 0.0750152
1.74065e+09 66.2347 0.575049 2.0538 -0.99714 0.00671894 -0.00355164 0.0751977
1.74065e+09 66.3038 0.565626 2.05573 -0.997262 0.00617656 -0.00442749 0.0735539
1.74065e+09 66.3797 0.560318 2.06345 -0.997215 0.00559742 -0.005613 0.0741514
1.74065e+09 66.4488 0.554846 2.05961 -0.99727 0.00645813 -0.00489246 0.0733891
1.74065e+09 66.5078 0.550556 2.05829 -0.997429 0.00553119 -0.00457984 0.071304
1.74065e+09 66.5633 0.545772 2.06071 -0.997406 0.00593175 -0.00600406 0.0714836
1.74065e+09 66.6134 0.542932 2.0612 -0.997433 0.00523036 -0.00637047 0.0711325
1.74065e+09 66.6622 0.537387 2.06576 -0.997425 0.00735078 -0.00574345 0.0711106
1.74065e+09 66.7065 0.535544 2.06806 -0.997428 0.00670469 -0.00502687 0.0711785
1.74065e+09 66.756 0.530271 2.07011 -0.997372 0.00680003 -0.00470688 0.0719809
1.74065e+09 66.8005 0.52485 2.07183 -0.997361 0.00625608 -0.0041486 0.0722073
1.74065e+09 66.8479 0.51861 2.07261 -0.997298 0.00616769 -0.00418646 0.0730801
1.74065e+09 66.8906 0.516245 2.07145 -0.997306 0.00648416 -0.000544102 0.0730634
1.74065e+09 66.9543 0.509422 2.07155 -0.997327 0.0074118 -0.00236949 0.0726479
1.74065e+09 67.0293 0.497863 2.07606 -0.997338 0.00537682 -0.00622331 0.072454
1.74065e+09 67.1052 0.486172 2.07569 -0.997435 0.00821551 -0.00555565 0.0708937
1.74065e+09 67.1726 0.485169 2.07534 -0.997466 0.00746209 -0.00549014 0.0705385
1.74065e+09 67.2441 0.482998 2.0749 -0.997475 0.00629683 -0.00556228 0.070522
1.74065e+09 67.3144 0.47965 2.0787 -0.997555 0.00735326 -0.00441713 0.0693569
1.74065e+09 67.3837 0.475144 2.08312 -0.997707 0.00740223 -0.0058044 0.0670287
1.74065e+09 67.4516 0.470904 2.08524 -0.997695 0.007718 -0.00520256 0.0672223
1.74065e+09 67.5143 0.467589 2.08601 -0.997757 0.00808732 -0.00439691 0.0662982
1.74065e+09 67.5844 0.460058 2.08955 -0.997719 0.00732809 -0.00600558 0.0668333
1.74065e+09 67.6577 0.449588 2.09051 -0.997769 0.00724292 -0.00684569 0.0660076
1.74065e+09 67.7232 0.446892 2.09322 -0.997842 0.00841748 -0.00417303 0.0649844
1.74065e+09 67.7771 0.442274 2.09067 -0.997937 0.00833266 -0.00260682 0.0636011
1.74065e+09 67.8225 0.440559 2.09289 -0.99802 0.00874679 -0.00161509 0.0622641
1.74065e+09 67.867 0.43441 2.09452 -0.998062 0.00737425 -0.00131415 0.0617808
1.74065e+09 67.9057 0.435673 2.09826 -0.998117 0.00758121 -0.000854756 0.0608699
1.74065e+09 67.9335 0.433534 2.10008 -0.998136 0.00777687 0.00148508 0.0605212
1.74065e+09 67.952 0.426569 2.10061 -0.998207 0.0058373 0.00279723 0.0595027
1.74065e+09 67.9657 0.424417 2.09645 -0.998246 0.00626312 0.0075932 0.0583716
1.74065e+09 67.9809 0.419432 2.09548 -0.998269 0.00499274 0.00518779 0.0583635
1.74065e+09 67.9954 0.421872 2.09693 -0.998219 0.00521598 0.00401724 0.0592883
1.74065e+09 67.9921 0.425338 2.09489 -0.998248 0.006029 0.00443241 0.0586952
1.74065e+09 67.9881 0.427208 2.0965 -0.998228 0.0053391 0.00533342 0.0590222
1.74065e+09 67.9807 0.433077 2.09711 -0.998244 0.00526514 0.00583604 0.0587088
1.74065e+09 67.9759 0.431582 2.09914 -0.998245 0.00531991 0.00598743 0.0586796
1.74065e+09 67.9762 0.430629 2.09995 -0.998243 0.00523764 0.00541529 0.0587669
1.74065e+09 67.9787 0.425694 2.09858 -0.998253 0.00578359 0.00594075 0.0585014
1.74065e+09 67.9803 0.433714 2.09745 -0.998252 0.00478645 0.0061454 0.0585833
1.74065e+09 67.9801 0.439014 2.09697 -0.998273 0.00575148 0.00554086 0.0582015
1.74065e+09 67.9821 0.438074 2.09837 -0.998264 0.00556698 0.00564008 0.0583669
1.74065e+09 67.9813 0.437281 2.09732 -0.998252 0.00564373 0.00589004 0.0585431
1.74065e+09 67.9828 0.437488 2.09649 -0.998248 0.00564736 0.00566877 0.0586205
1.74065e+09 67.9825 0.434357 2.09644 -0.998235 0.00538216 0.00569502 0.0588735
1.74065e+09 67.9828 0.434012 2.09869 -0.998237 0.00507228 0.00555232 0.058884
1.74065e+09 67.9825 0.431971 2.09704 -0.998246 0.00509901 0.005447 0.0587229
1.74065e+09 67.9801 0.429261 2.09655 -0.998247 0.00528645 0.00517785 0.0587277
1.74065e+09 67.9793 0.430166 2.09567 -0.998259 0.0058687 0.00573218 0.0584071
1.74065e+09 67.9797 0.426781 2.09507 -0.998243 0.0052769 0.00597179 0.0587149
1.74065e+09 67.9814 0.430839 2.09268 -0.998255 0.00542137 0.00578423 0.0585212
1.74065e+09 67.9856 0.429964 2.09381 -0.998255 0.00559769 0.00594847 0.05848
1.74065e+09 67.9842 0.429383 2.09591 -0.998254 0.00530088 0.00561131 0.0585641
1.74065e+09 67.9863 0.42677 2.09575 -0.998246 0.00545774 0.00582821 0.0586547
1.74065e+09 67.9887 0.426463 2.09732 -0.998249 0.00524203 0.00537579 0.0586747
1.74065e+09 67.9864 0.426641 2.09925 -0.99826 0.00540074 0.00535378 0.0584797
1.74065e+09 67.9853 0.427501 2.09769 -0.998246 0.00524816 0.00581549 0.0586798
1.74065e+09 67.9831 0.431282 2.09624 -0.998256 0.00539016 0.00561003 0.0585157
1.74065e+09 67.9837 0.430771 2.09674 -0.998237 0.00503246 0.00604497 0.0588304
1.74065e+09 67.9851 0.431083 2.09791 -0.998249 0.00510697 0.00579599 0.0586396
1.74065e+09 67.9827 0.431398 2.09649 -0.998265 0.00549002 0.00580848 0.0583313
1.74065e+09 67.9799 0.432594 2.09373 -0.998264 0.00567113 0.00581185 0.0583303
1.74065e+09 67.9797 0.429881 2.09508 -0.99826 0.00525456 0.00565016 0.0584617
1.74065e+09 67.981 0.428377 2.09643 -0.998237 0.00545477 0.00565141 0.0588351
1.74065e+09 67.9819 0.426811 2.09462 -0.998267 0.00601907 0.0050484 0.0583218
1.74065e+09 67.9816 0.424296 2.09332 -0.998244 0.00587435 0.0057265 0.0586572
1.74065e+09 67.987 0.42958 2.08932 -0.998274 0.00599368 0.00553106 0.0581583
1.74065e+09 67.9937 0.426361 2.09306 -0.998252 0.00531043 0.00584285 0.0585666
1.74065e+09 67.9911 0.431895 2.09333 -0.998259 0.00550029 0.00574169 0.0584436
1.74065e+09 67.9895 0.430144 2.09557 -0.998257 0.00556103 0.00532098 0.0585137
1.74065e+09 67.9863 0.432462 2.09696 -0.998246 0.00501021 0.00570868 0.0587068
1.74065e+09 67.9839 0.430433 2.09743 -0.998259 0.00540848 0.00498901 0.0585172
1.74065e+09 67.9854 0.440035 2.09563 -0.998262 0.00547853 0.00590111 0.0583748
1.74065e+09 67.9868 0.444944 2.09486 -0.998257 0.00574623 0.00591009 0.0584337
1.74065e+09 67.9885 0.447355 2.09566 -0.99826 0.00502183 0.00584925 0.0584585
1.74065e+09 67.9868 0.444071 2.09577 -0.998271 0.00510311 0.00567894 0.0582879
1.74065e+09 67.9796 0.441222 2.09484 -0.998267 0.00543001 0.00568632 0.0583125
1.74065e+09 67.9767 0.435948 2.09328 -0.998255 0.00548067 0.00559499 0.058534
1.74065e+09 67.9801 0.443816 2.09216 -0.998261 0.00576823 0.0054407 0.0584047
1.74065e+09 67.9859 0.441941 2.09562 -0.998268 0.00521166 0.00585757 0.0583107
1.74065e+09 67.9884 0.450938 2.09643 -0.998274 0.0052388 0.00583693 0.0581995
1.74065e+09 67.9905 0.459667 2.09745 -0.998267 0.00502278 0.00576306 0.0583552
1.74065e+09 67.9935 0.461017 2.09483 -0.998268 0.00583266 0.00575114 0.0582575
1.74065e+09 67.9983 0.461028 2.09202 -0.998281 0.00543801 0.00564786 0.0580831
1.74065e+09 68.0021 0.46606 2.09321 -0.998294 0.00539998 0.00587906 0.0578465
1.74065e+09 67.9985 0.475387 2.09245 -0.998284 0.00523769 0.0054457 0.0580721
1.74065e+09 67.9965 0.471714 2.09223 -0.998273 0.00588353 0.00588002 0.0581546
1.74065e+09 67.994 0.468489 2.09269 -0.998283 0.00496673 0.00559135 0.0580892
1.74065e+09 67.996 0.46249 2.09656 -0.998269 0.00496112 0.00553301 0.0583455
1.74065e+09 67.9925 0.467709 2.09519 -0.998264 0.00500181 0.00573954 0.0584002
1.74065e+09 67.9931 0.467368 2.09873 -0.998286 0.00519568 0.00524371 0.0580618
1.74065e+09 68.0018 0.474696 2.09638 -0.998293 0.00511209 0.0055814 0.0579095
1.74065e+09 68.0051 0.477027 2.0979 -0.998292 0.0050064 0.00602335 0.0578899
1.74065e+09 68.0069 0.474483 2.09583 -0.998276 0.00508536 0.00582541 0.0581742
1.74065e+09 68.003 0.467487 2.09689 -0.998267 0.00541396 0.00566614 0.0583151
1.74065e+09 67.998 0.461468 2.09647 -0.99827 0.00499257 0.00593161 0.0582855
1.74065e+09 68.0038 0.459217 2.09625 -0.998268 0.00564963 0.00590147 0.0582604
1.74065e+09 68.007 0.457299 2.09915 -0.998244 0.00509659 0.00625106 0.058692
1.74065e+09 68.0111 0.464935 2.10003 -0.998274 0.00497625 0.00597274 0.0582125
1.74065e+09 68.0149 0.464348 2.10389 -0.99826 0.00519728 0.00641837 0.0583763
1.74065e+09 68.0125 0.456448 2.09767 -0.998258 0.005704 0.00572553 0.0584453
1.74065e+09 68.0106 0.455237 2.09587 -0.998256 0.00549164 0.00595125 0.0584722
1.74065e+09 68.013 0.45422 2.09317 -0.998248 0.00520489 0.00635497 0.0585884
1.74065e+09 68.0173 0.452554 2.0954 -0.998246 0.00519445 0.00616328 0.0586453
1.74065e+09 68.0112 0.445198 2.09614 -0.998249 0.00504544 0.00607389 0.0586195
1.74065e+09 68.0138 0.448446 2.09415 -0.998247 0.0057153 0.00542806 0.0586549
1.74065e+09 68.0181 0.440814 2.09626 -0.998218 0.00526386 0.00583189 0.0591585
1.74065e+09 68.0233 0.437895 2.09946 -0.998225 0.00544259 0.00582796 0.0590158
1.74065e+09 68.0345 0.442772 2.09811 -0.998207 0.00518374 0.0056063 0.0593669
1.74065e+09 68.0469 0.442839 2.09135 -0.998203 0.00609351 0.00607639 0.0593053
1.74065e+09 68.06 0.450498 2.09054 -0.998215 0.00556862 0.00656688 0.0591026
1.74065e+09 68.0743 0.455786 2.09021 -0.998181 0.00538478 0.00622266 0.0597215
1.74065e+09 68.0902 0.464824 2.08852 -0.998213 0.00611359 0.00573197 0.0591678
1.74065e+09 68.1192 0.480013 2.09388 -0.998258 0.005948 0.00627993 0.0583689
1.74065e+09 68.1559 0.48894 2.10176 -0.998269 0.00571886 0.00658164 0.0581681
1.74065e+09 68.1996 0.504772 2.10668 -0.998342 0.00583889 0.00601788 0.0569393
1.74065e+09 68.2397 0.525375 2.11335 -0.998396 0.0061474 0.00737849 0.0557917
1.74065e+09 68.2754 0.558489 2.11029 -0.998526 0.00613451 0.00622782 0.0535707
1.74065e+09 68.3131 0.585071 2.11259 -0.998521 0.00553885 0.00678576 0.0536483
1.74065e+09 68.3486 0.61371 2.11231 -0.998546 0.00544924 0.00660721 0.0532186
1.74065e+09 68.3883 0.630839 2.10965 -0.998642 0.00468837 0.00654369 0.0514655
1.74065e+09 68.4289 0.664681 2.1007 -0.998601 0.0061378 0.00529927 0.052256
1.74065e+09 68.4719 0.680132 2.09249 -0.99879 0.00502217 0.00422024 0.0487293
1.74065e+09 68.5179 0.71744 2.09612 -0.998874 0.0057167 0.00582074 0.0467275
1.74065e+09 68.5586 0.739128 2.09379 -0.998868 0.00643031 0.00555469 0.0468113
1.74065e+09 68.5978 0.783278 2.09393 -0.998966 0.00621905 0.00466422 0.0447937
1.74065e+09 68.6381 0.813425 2.09508 -0.999055 0.00615941 0.0054272 0.0426888
1.74065e+09 68.6872 0.859044 2.0932 -0.999144 0.00655995 0.00613044 0.0403899
1.74065e+09 68.732 0.887646 2.07869 -0.999239 0.00591856 0.00257993 0.03846
1.74065e+09 68.7745 0.914773 2.07349 -0.999353 0.00589636 0.00373381 0.0352737
1.74065e+09 68.8138 0.951133 2.0654 -0.999422 0.00687384 0.00339942 0.0331154
1.74065e+09 68.8569 0.985842 2.05022 -0.999494 0.00684791 0.00323602 0.0308976
1.74065e+09 68.903 1.02392 2.03884 -0.99952 0.0062851 0.00213853 0.0302715
1.74065e+09 68.9401 1.07043 2.03356 -0.999598 0.00628522 0.00118402 0.0276225
1.74065e+09 68.975 1.11493 2.03298 -0.999659 0.0058755 0.000277431 0.0254328
1.74065e+09 69.0002 1.16565 2.03521 -0.999688 0.00579021 0.00167518 0.0242571
1.74065e+09 69.0268 1.196 2.04417 -0.99971 0.00553708 0.00203207 0.0233327
1.74065e+09 69.0453 1.22899 2.05536 -0.999733 0.00612433 0.00237489 0.0221437
1.74065e+09 69.0626 1.25914 2.06726 -0.99974 0.00596377 0.00391509 0.0216691
1.74065e+09 69.0652 1.28056 2.07054 -0.999773 0.00584112 0.00328154 0.0202363
1.74065e+09 69.0699 1.3011 2.07619 -0.999752 0.00719797 0.00525116 0.0204116
1.74065e+09 69.0709 1.3125 2.0787 -0.999766 0.00808018 0.00458409 0.0195505
1.74065e+09 69.0843 1.32358 2.07823 -0.999733 0.00524074 0.00328221 0.0222751
1.74065e+09 69.0893 1.32383 2.08698 -0.999702 0.00573265 0.00585525 0.0229743
1.74065e+09 69.0924 1.32757 2.08896 -0.999745 0.0060561 0.00456743 0.0212692
1.74065e+09 69.0882 1.32306 2.10151 -0.999697 0.00753139 0.0057453 0.0227322
1.74065e+09 69.082 1.31547 2.10125 -0.999732 0.00629357 0.00432058 0.0218701
1.74065e+09 69.0707 1.29076 2.10612 -0.999672 0.00671982 0.00562492 0.0240481
1.74065e+09 69.0583 1.27951 2.10567 -0.99972 0.00667164 0.00480677 0.0221753
1.74065e+09 69.0535 1.26779 2.10019 -0.999696 0.00672367 0.00525926 0.0231125
1.74065e+09 69.0465 1.26871 2.09913 -0.999691 0.00739739 0.00436987 0.0233421
1.74065e+09 69.0387 1.26348 2.10019 -0.999691 0.00793064 0.00472669 0.0230771
1.74065e+09 69.0338 1.26513 2.09844 -0.999694 0.007056 0.00483982 0.0232017
1.74065e+09 69.0317 1.26107 2.10026 -0.999702 0.00735158 0.0047861 0.0227728
1.74065e+09 69.0388 1.26338 2.10105 -0.999712 0.00614955 0.00590868 0.0224345
1.74065e+09 69.0382 1.25929 2.09883 -0.999707 0.00676066 0.00514376 0.0226474
1.74065e+09 69.0398 1.25261 2.09963 -0.999692 0.00732288 0.00505651 0.0231654
1.74065e+09 69.0396 1.24711 2.09995 -0.999701 0.00730294 0.00479165 0.0228283
1.74065e+09 69.0451 1.23819 2.09801 -0.999713 0.00670627 0.00527996 0.0223742
1.74065e+09 69.0482 1.23525 2.09691 -0.999711 0.00773205 0.00461457 0.0223004
1.74065e+09 69.046 1.2436 2.09937 -0.99971 0.00770684 0.00538113 0.0221552
1.74065e+09 69.0431 1.2509 2.09808 -0.999711 0.0066759 0.00520702 0.0225192
1.74065e+09 69.0418 1.25077 2.09599 -0.999721 0.00635004 0.0047951 0.0222239
1.74065e+09 69.0446 1.26122 2.09663 -0.999708 0.00672142 0.00572276 0.0224961
1.74065e+09 69.0431 1.25719 2.09621 -0.999717 0.00645598 0.00507701 0.0223423
1.74065e+09 69.0409 1.25782 2.0967 -0.999711 0.00645721 0.00516387 0.0225517
1.74065e+09 69.0379 1.25564 2.098 -0.999711 0.00693259 0.00459096 0.0225495
1.74065e+09 69.0403 1.25585 2.09791 -0.999709 0.00697764 0.00528915 0.0224699
1.74065e+09 69.0433 1.25861 2.09772 -0.999701 0.00677773 0.00452165 0.02304
1.74065e+09 69.0469 1.26222 2.09934 -0.999708 0.00676483 0.00477479 0.0227227
1.74065e+09 69.0455 1.26417 2.0966 -0.99971 0.00613582 0.00507373 0.0227138
1.74065e+09 69.0425 1.26586 2.09744 -0.999715 0.00744892 0.00446673 0.0222465
1.74065e+09 69.0401 1.26078 2.09712 -0.999711 0.00596199 0.00538227 0.0226427
1.74065e+09 69.0352 1.25204 2.09721 -0.999717 0.00622273 0.00514548 0.0223811
1.74065e+09 69.0377 1.25167 2.09767 -0.999724 0.0053902 0.00567922 0.0221509
1.74065e+09 69.0407 1.24525 2.09675 -0.999727 0.00590266 0.00509523 0.0220427
1.74065e+09 69.0406 1.24278 2.09914 -0.99972 0.00553929 0.00487986 0.0224691
1.74065e+09 69.0438 1.24543 2.09963 -0.999715 0.00590337 0.005804 0.0223881
1.74065e+09 69.0463 1.23326 2.10039 -0.999705 0.00671657 0.00603597 0.0225271
1.74065e+09 69.0453 1.23302 2.09708 -0.999713 0.00604645 0.00555616 0.0225001
1.74065e+09 69.0476 1.24121 2.09629 -0.999714 0.0067095 0.0051965 0.0223733
1.74065e+09 69.0469 1.2384 2.0936 -0.999719 0.00607668 0.00502954 0.0223368
1.74065e+09 69.0436 1.23674 2.09178 -0.999711 0.00768221 0.00531643 0.0221471
1.74065e+09 69.0407 1.23323 2.09113 -0.999719 0.00650362 0.00494094 0.0222348
1.74065e+09 69.041 1.23569 2.09138 -0.999709 0.00700865 0.00479334 0.0225627
1.74065e+09 69.0438 1.23446 2.09427 -0.999711 0.00655823 0.00502372 0.0225821
1.74065e+09 69.0439 1.23821 2.09264 -0.999716 0.00627889 0.005213 0.0223931
1.74065e+09 69.0461 1.24132 2.09557 -0.99971 0.00675235 0.00527146 0.0224932
1.74065e+09 69.0419 1.2375 2.0951 -0.999713 0.00664956 0.00510419 0.0224461
1.74065e+09 69.0422 1.23592 2.09519 -0.999709 0.0064858 0.00549262 0.0225976
1.74065e+09 69.0432 1.24115 2.09444 -0.999714 0.00639016 0.00507915 0.0224707
1.74065e+09 69.0463 1.24594 2.0948 -0.999714 0.00606122 0.00569577 0.0224355
1.74065e+09 69.0427 1.24839 2.09673 -0.999713 0.00689015 0.00477863 0.0224551
1.74065e+09 69.0426 1.24796 2.09718 -0.999718 0.00626365 0.00495258 0.0223644
1.74065e+09 69.0411 1.24469 2.09689 -0.99972 0.00614836 0.00556331 0.0221769
1.74065e+09 69.0402 1.23355 2.09934 -0.999711 0.00606818 0.00500124 0.022731
1.74065e+09 69.0418 1.23852 2.09911 -0.999718 0.00629198 0.00505724 0.022325
1.74065e+09 69.0421 1.23285 2.10065 -0.999716 0.00637591 0.0051649 0.0223558
1.74065e+09 69.0398 1.22922 2.09725 -0.999721 0.00599467 0.00538981 0.0222211
1.74065e+09 69.0434 1.23174 2.09879 -0.999719 0.00623459 0.00495323 0.0223449
1.74065e+09 69.0402 1.23443 2.09653 -0.999719 0.00672365 0.00514691 0.0221588
1.74065e+09 69.0421 1.24031 2.09577 -0.999708 0.00621659 0.00597424 0.0225844
1.74065e+09 69.0463 1.24123 2.09808 -0.999701 0.00634236 0.00717344 0.0224857
1.74065e+09 69.0644 1.24932 2.10003 -0.999712 0.00587797 0.00767925 0.0219739
1.74065e+09 69.0749 1.25257 2.09869 -0.99969 0.00536842 0.0106905 0.0218482
1.74065e+09 69.0943 1.25725 2.09635 -0.999697 0.00577105 0.00939706 0.0220126
1.74065e+09 69.1055 1.25249 2.09818 -0.999688 0.00499941 0.0107523 0.0219756
1.74065e+09 69.12 1.25304 2.10252 -0.999667 0.00515049 0.0131196 0.0216052
1.74065e+09 69.1288 1.24166 2.098 -0.999648 0.00290341 0.0150526 0.0216609
1.74065e+09 69.1408 1.23874 2.10089 -0.999648 0.0027045 0.0123303 0.0233183
1.74065e+09 69.1539 1.24323 2.09752 -0.999649 0.0041823 0.01337 0.0225029
1.74065e+09 69.1621 1.23697 2.09689 -0.999605 0.003101 0.0176173 0.0216678
1.74065e+09 69.1766 1.24164 2.09163 -0.999386 0.00434135 0.0270149 0.0219082
1.74065e+09 69.2097 1.24055 2.10146 -0.999464 0.00262473 0.0253714 0.0205201
1.74065e+09 69.2612 1.24064 2.11039 -0.999545 -0.0017936 0.0219578 0.0205917
1.74065e+09 69.3062 1.2441 2.11223 -0.999503 0.00156723 0.0235971 0.0208649
1.74065e+09 69.3573 1.2435 2.11356 -0.999682 -0.00119917 0.0164797 0.0190449
1.74065e+09 69.4147 1.23204 2.12097 -0.999801 -0.00309999 0.00373158 0.0193286
1.74065e+09 69.4655 1.23457 2.12358 -0.999848 -0.00424769 0.00173048 0.0168156
1.74065e+09 69.5057 1.23146 2.12228 -0.99987 -0.00464438 -0.000132406 0.0154479
1.74065e+09 69.5435 1.2248 2.12412 -0.999884 -0.0076028 -0.003302 0.0127751
1.74065e+09 69.5891 1.22166 2.1315 -0.999886 -0.00926644 -0.00682038 0.00975145
1.74065e+09 69.6284 1.21921 2.13235 -0.999901 -0.0117861 -0.00336546 0.00686658
1.74065e+09 69.67 1.21894 2.13425 -0.999913 -0.00894834 -0.00341738 0.00910594
1.74065e+09 69.7197 1.22093 2.13621 -0.999904 -0.0063867 -0.00791334 0.0093863
1.74065e+09 69.7648 1.23222 2.13088 -0.999887 -0.00455607 -0.00872622 0.011372
1.74065e+09 69.8081 1.24198 2.12669 -0.999899 -0.000781249 -0.00824089 0.0115493
1.74065e+09 69.8489 1.24453 2.12597 -0.999881 0.00351112 -0.0109887 0.0102543
1.74065e+09 69.8934 1.25276 2.12777 -0.999784 0.00474475 -0.016569 0.0116509
1.74065e+09 69.9415 1.25435 2.11889 -0.99973 0.00815327 -0.0177929 0.0125142
1.74065e+09 69.9829 1.25735 2.11752 -0.999734 0.00933532 -0.0164839 0.0131221
1.74065e+09 70.0225 1.25844 2.11829 -0.999796 0.00893525 -0.013333 0.0122903
1.74065e+09 70.0598 1.25865 2.12441 -0.999783 0.00991087 -0.0131641 0.0127296
1.74065e+09 70.1105 1.27197 2.11804 -0.999757 0.00961514 -0.0144585 0.0135892
1.74065e+09 70.1512 1.27453 2.12486 -0.999721 0.00902206 -0.0169878 0.0137249
1.74065e+09 70.1845 1.27559 2.12551 -0.999773 0.01004 -0.0130147 0.0135729
1.74065e+09 70.216 1.26806 2.13073 -0.999843 0.00811643 -0.00818363 0.0134443
1.74065e+09 70.2488 1.26305 2.13361 -0.999862 0.00942356 -0.00457115 0.0128748
1.74065e+09 70.2808 1.26081 2.14045 -0.999854 0.0093607 -0.00720219 0.0123654
1.74065e+09 70.319 1.26139 2.14237 -0.999839 0.00986432 -0.00786676 0.0127335
1.74065e+09 70.3568 1.26384 2.14258 -0.999835 0.0109924 -0.00664787 0.0128292
1.74065e+09 70.4011 1.26594 2.13841 -0.999843 0.0108073 -0.00447182 0.0133184
1.74065e+09 70.4431 1.26164 2.13864 -0.99985 0.00968545 -0.00641384 0.0128521
1.74065e+09 70.483 1.26146 2.13996 -0.999784 0.00920578 -0.0140456 0.0122263
1.74065e+09 70.4995 1.2643 2.13819 -0.999783 0.00948831 -0.0136155 0.0126048
1.74065e+09 70.4836 1.25885 2.13403 -0.999863 0.00948403 -0.00384535 0.0129791
1.74065e+09 70.4828 1.26235 2.13665 -0.999845 0.00969226 -0.00757584 0.012625
1.74065e+09 70.4849 1.2596 2.13399 -0.999853 0.00893471 -0.00622461 0.0132586
