1.74074e+09 1.4792 -0.681968 -0.0102577 0.997403 -0.00882578 -0.034957 0.0623552
1.74074e+09 1.48678 -0.654154 -0.0666445 0.997449 -0.00702695 -0.034497 0.0621035
1.74074e+09 1.47441 -0.635981 -0.0443495 0.997547 -0.00756631 -0.032671 0.0614409
1.74074e+09 1.47336 -0.63015 -0.0521966 0.99755 -0.00749739 -0.0325361 0.0614725
1.74074e+09 1.47323 -0.627826 -0.0583527 0.997554 -0.00738738 -0.0323034 0.0615422
1.74074e+09 1.47323 -0.626517 -0.0636464 0.997552 -0.00731462 -0.032244 0.0616204
1.74074e+09 1.4739 -0.625775 -0.0679068 0.997548 -0.00725949 -0.0322275 0.0617035
1.74074e+09 1.47439 -0.625268 -0.0713837 0.997544 -0.00721705 -0.0322289 0.0617716
1.74074e+09 1.4748 -0.624663 -0.0751472 0.997536 -0.00718892 -0.0323654 0.0618276
1.74074e+09 1.47515 -0.624087 -0.0772841 0.997528 -0.00719896 -0.0325189 0.0618754
1.74074e+09 1.47549 -0.62362 -0.0792154 0.997521 -0.00720662 -0.0326603 0.0619173
1.74074e+09 1.47581 -0.623232 -0.0809672 0.997514 -0.00721252 -0.0327906 0.0619543
1.74074e+09 1.47963 -0.62595 -0.0815513 0.997514 -0.00721106 -0.032797 0.0619496
1.74074e+09 1.47232 -0.640124 -0.0544841 0.997556 -0.00733836 -0.0310697 0.0621575
1.74074e+09 1.46684 -0.635662 -0.0695923 0.997535 -0.00690502 -0.0311017 0.0625145
1.74074e+09 1.46242 -0.634848 -0.0730222 0.997537 -0.00663206 -0.0306916 0.0627186
1.74074e+09 1.45877 -0.633672 -0.0752072 0.997543 -0.00641261 -0.0303016 0.0628445
1.74074e+09 1.45582 -0.633111 -0.0770373 0.997551 -0.00620341 -0.029938 0.062902
1.74074e+09 1.4533 -0.632454 -0.0784559 0.997561 -0.00601427 -0.0295976 0.0629254
1.74074e+09 1.45111 -0.631752 -0.0795935 0.997572 -0.00583905 -0.0292774 0.0629248
1.74074e+09 1.44917 -0.631034 -0.0805266 0.997583 -0.00567403 -0.0289747 0.0629068
1.74074e+09 1.44743 -0.630315 -0.0813046 0.997594 -0.00551682 -0.0286874 0.0628762
1.74074e+09 1.44899 -0.634958 -0.0875655 0.997567 -0.00566563 -0.0291292 0.0630844
1.74074e+09 1.45073 -0.636417 -0.0900836 0.997545 -0.00613374 -0.0295299 0.0632022
1.74074e+09 1.44166 -0.652899 -0.111192 0.997592 -0.00562403 -0.0281545 0.0631333
1.74074e+09 1.43966 -0.649404 -0.111268 0.997589 -0.00569391 -0.0281558 0.0631722
1.74074e+09 1.43786 -0.646306 -0.111277 0.997588 -0.00574854 -0.0281259 0.0632038
1.74074e+09 1.43619 -0.64357 -0.111297 0.997588 -0.00578823 -0.0280682 0.0632273
1.74074e+09 1.43483 -0.64136 -0.110889 0.997585 -0.00579366 -0.0280654 0.0632648
1.74074e+09 1.43355 -0.639358 -0.110482 0.997584 -0.00578861 -0.0280429 0.063296
1.74074e+09 1.43234 -0.63752 -0.110083 0.997583 -0.00577599 -0.0280066 0.063323
1.74074e+09 1.43118 -0.635814 -0.109697 0.997583 -0.00575766 -0.0279606 0.0633468
1.74074e+09 1.4301 -0.634273 -0.109359 0.997584 -0.00573225 -0.0279118 0.0633575
1.74074e+09 1.42907 -0.632835 -0.109043 0.997585 -0.00570268 -0.0278566 0.0633656
1.74074e+09 1.42351 -0.633741 -0.113605 0.997585 -0.00570297 -0.0278566 0.0633686
1.74074e+09 1.42415 -0.634329 -0.113944 0.997592 -0.0057349 -0.0278108 0.0632832
1.74074e+09 1.42441 -0.634652 -0.114241 0.997595 -0.00576187 -0.027783 0.0632455
1.74074e+09 1.42454 -0.63488 -0.114528 0.997596 -0.00578682 -0.0277612 0.0632251
1.74074e+09 1.4246 -0.635055 -0.114808 0.997597 -0.00581042 -0.0277421 0.0632135
1.74074e+09 1.42461 -0.635198 -0.115082 0.997598 -0.00583308 -0.0277244 0.0632066
1.74074e+09 1.42459 -0.635315 -0.115344 0.997599 -0.00585504 -0.0277086 0.0632035
1.74074e+09 1.42457 -0.635413 -0.115596 0.997599 -0.0058764 -0.0276942 0.0632027
1.74074e+09 1.42453 -0.635498 -0.115839 0.997599 -0.00589724 -0.0276807 0.0632035
1.74074e+09 1.42448 -0.635572 -0.116074 0.997599 -0.0059176 -0.027668 0.0632054
1.74074e+09 1.42444 -0.635638 -0.116301 0.997599 -0.00593751 -0.027656 0.0632081
1.74074e+09 1.41757 -0.636219 -0.12008 0.99753 -0.00572168 -0.0281506 0.0640933
1.74074e+09 1.41769 -0.635805 -0.118609 0.997518 -0.00547724 -0.0281802 0.0642967
1.74074e+09 1.41768 -0.63549 -0.117703 0.99751 -0.00530538 -0.0281653 0.0644326
1.74074e+09 1.41761 -0.635271 -0.117046 0.997506 -0.00515834 -0.0281264 0.064534
1.74074e+09 1.41753 -0.635078 -0.116516 0.997502 -0.00502887 -0.0280809 0.0646195
1.74074e+09 1.41742 -0.634878 -0.116086 0.997499 -0.00491618 -0.0280335 0.0646923
1.74074e+09 1.4173 -0.634704 -0.115736 0.997497 -0.00481463 -0.0279846 0.0647562
1.74074e+09 1.4172 -0.63447 -0.115336 0.997495 -0.00471757 -0.0279406 0.064815
1.74074e+09 1.41707 -0.634323 -0.114999 0.997493 -0.00461824 -0.0278914 0.0648712
1.74074e+09 1.40054 -0.573399 -0.0793098 0.997585 -0.00398235 -0.0276868 0.0635822
1.74074e+09 1.40492 -0.57177 -0.0750619 0.997588 -0.00411077 -0.0280002 0.0633875
1.74074e+09 1.40843 -0.570416 -0.07155 0.997585 -0.00418759 -0.0282785 0.0633062
1.74074e+09 1.46279 -0.576302 0.0160211 0.997147 -0.0101715 -0.0240912 0.0708044
1.74074e+09 1.46147 -0.570104 0.0143435 0.997148 -0.0105305 -0.0242486 0.0706864
1.74074e+09 1.46026 -0.566131 0.0124057 0.997143 -0.0110295 -0.0244036 0.0706294
1.74074e+09 1.45874 -0.56236 0.0105304 0.99714 -0.0115408 -0.024528 0.0705481
1.74074e+09 1.45769 -0.563223 0.00934886 0.997134 -0.0120909 -0.0246494 0.0704949
1.74074e+09 1.45664 -0.563958 0.00823275 0.997129 -0.0125869 -0.0247473 0.0704435
1.74074e+09 1.45559 -0.5646 0.00716546 0.997125 -0.0130362 -0.0248249 0.0703942
1.74074e+09 1.45457 -0.565139 0.00615243 0.997121 -0.0134452 -0.0248889 0.0703458
1.74074e+09 1.45355 -0.565595 0.00518278 0.997118 -0.0138179 -0.0249395 0.0702987
1.74074e+09 1.45257 -0.566033 0.00423407 0.997116 -0.0141588 -0.0249765 0.0702566
1.74074e+09 1.4516 -0.566431 0.003321 0.997113 -0.0144714 -0.0250033 0.0702171
1.74074e+09 1.45067 -0.566809 0.00243941 0.997111 -0.0147622 -0.0250219 0.0701805
1.74074e+09 1.44976 -0.567159 0.00158736 0.997109 -0.0150321 -0.0250335 0.0701459
1.74074e+09 1.44887 -0.567485 0.000762746 0.997108 -0.0152833 -0.0250391 0.0701131
1.74074e+09 1.44801 -0.56779 -3.61553e-05 0.997106 -0.015518 -0.0250397 0.0700819
1.74074e+09 1.44722 -0.568133 -0.000741706 0.997105 -0.015735 -0.0250478 0.0700511
1.74074e+09 1.44856 -0.550371 0.0465962 0.99709 -0.0157039 -0.0256291 0.0700641
1.74074e+09 1.45051 -0.535762 0.0466101 0.997088 -0.0133079 -0.0271182 0.0700242
1.74074e+09 1.45155 -0.535417 0.0474715 0.997082 -0.0130969 -0.0273692 0.0700518
1.74074e+09 1.45231 -0.535331 0.0482463 0.997079 -0.0130066 -0.0275383 0.0700494
1.74074e+09 1.45293 -0.535348 0.0489331 0.997076 -0.012955 -0.0276734 0.0700375
1.74074e+09 1.45415 -0.545219 0.0518956 0.99706 -0.0134078 -0.0280995 0.0700076
1.74074e+09 1.45512 -0.552394 0.0541519 0.997045 -0.0136807 -0.0284918 0.0700128
1.74074e+09 1.45574 -0.55238 0.0549822 0.997041 -0.0136312 -0.0287627 0.0699723
1.74074e+09 1.45627 -0.552512 0.0556983 0.997037 -0.0136056 -0.0290007 0.0699409
1.74074e+09 1.45672 -0.552723 0.0563256 0.997032 -0.0135966 -0.0292146 0.0699163
1.74074e+09 1.4573 -0.553052 0.0571148 0.997028 -0.0135926 -0.0294382 0.0698783
1.74074e+09 1.45155 -0.546791 0.0700863 0.997082 -0.01395 -0.0278199 0.0697006
1.74074e+09 1.45202 -0.554615 0.0687833 0.997076 -0.0134034 -0.0280688 0.0697986
1.74074e+09 1.45278 -0.558368 0.0682892 0.997074 -0.0129835 -0.0283486 0.069788
1.74074e+09 1.45347 -0.561126 0.0683854 0.997068 -0.012804 -0.0285904 0.0698162
1.74074e+09 1.45409 -0.563174 0.0684781 0.997063 -0.0126292 -0.0288214 0.0698223
1.74074e+09 1.45466 -0.564852 0.0685687 0.997059 -0.0124611 -0.0290418 0.0698188
1.74074e+09 1.45519 -0.566299 0.0686581 0.997055 -0.0123 -0.0292521 0.0698112
1.74074e+09 1.45483 -0.567775 0.0697528 0.997062 -0.0120647 -0.0289671 0.0698751
1.74074e+09 1.45455 -0.568879 0.0707838 0.997069 -0.011827 -0.028718 0.0699256
1.74074e+09 1.45496 -0.567042 0.046137 0.996799 -0.0184137 -0.0337014 0.070115
1.74074e+09 1.45079 -0.564192 0.0439453 0.996794 -0.0181798 -0.0327118 0.0707139
1.74074e+09 1.44825 -0.561392 0.040723 0.996789 -0.0184096 -0.0321794 0.0709669
1.74074e+09 1.44674 -0.559219 0.0380398 0.996793 -0.0186394 -0.0317546 0.0710528
1.74074e+09 1.4457 -0.55756 0.0357094 0.996797 -0.01885 -0.0313828 0.0710974
1.74074e+09 1.44494 -0.556241 0.0336011 0.996803 -0.0190456 -0.0310434 0.0711214
1.74074e+09 1.44427 -0.555616 0.0320409 0.996809 -0.0190597 -0.030754 0.0711526
1.74074e+09 1.44375 -0.555122 0.0305694 0.996816 -0.0190744 -0.0304823 0.0711664
1.74074e+09 1.44333 -0.554722 0.0291616 0.996823 -0.0190896 -0.0302236 0.0711691
1.74074e+09 1.44298 -0.554397 0.027802 0.996831 -0.0191051 -0.029975 0.071164
1.74074e+09 1.44016 -0.552612 0.0498683 0.997012 -0.0112944 -0.0303462 0.0701322
1.74074e+09 1.44015 -0.552429 0.0488763 0.996987 -0.0114042 -0.0303353 0.0704757
1.74074e+09 1.43996 -0.551789 0.0483674 0.996948 -0.011558 -0.0303428 0.0709981
1.74074e+09 1.43982 -0.551352 0.0481009 0.996925 -0.0116127 -0.0303746 0.0712994
1.74074e+09 1.43973 -0.550961 0.0478554 0.99691 -0.0117581 -0.0303639 0.0714825
1.74074e+09 1.43965 -0.550667 0.0477526 0.996899 -0.0118679 -0.0303631 0.0716178
1.74074e+09 1.43959 -0.550434 0.0477395 0.99689 -0.0119551 -0.0303685 0.0717232
1.74074e+09 1.43953 -0.550244 0.0477863 0.996883 -0.0120273 -0.030378 0.0718085
1.74074e+09 1.43948 -0.550084 0.047875 0.996877 -0.0120887 -0.0303903 0.0718793
1.74074e+09 1.43938 -0.5499 0.0481946 0.996874 -0.0121385 -0.0304566 0.0718815
1.74074e+09 1.43928 -0.549732 0.0485406 0.996871 -0.0121816 -0.0305248 0.071883
1.74074e+09 1.43759 -0.545289 0.0564094 0.996866 -0.0132175 -0.0308485 0.0716386
1.74074e+09 1.43847 -0.547352 0.0573486 0.996851 -0.0134686 -0.0310322 0.0717263
1.74074e+09 1.43924 -0.54915 0.0581475 0.996844 -0.0136614 -0.0311833 0.0717159
1.74074e+09 1.43994 -0.550754 0.0588451 0.996841 -0.0138183 -0.0313089 0.0716781
1.74074e+09 1.44057 -0.5522 0.0594615 0.996839 -0.0139496 -0.0314137 0.0716318
1.74074e+09 1.44114 -0.553511 0.06001 0.996838 -0.014062 -0.0315012 0.0715836
1.74074e+09 1.44167 -0.554709 0.0605007 0.996838 -0.0141596 -0.0315742 0.0715361
1.74074e+09 1.44216 -0.555806 0.0609414 0.996838 -0.0142456 -0.0316348 0.0714905
1.74074e+09 1.44261 -0.556816 0.0613385 0.996838 -0.0143223 -0.0316847 0.0714472
1.74074e+09 1.44314 -0.558132 0.0616475 0.996842 -0.0145039 -0.031718 0.0713384
1.74074e+09 1.44362 -0.559302 0.0618976 0.996846 -0.0146636 -0.0317356 0.0712465
1.74074e+09 1.44405 -0.560351 0.0620986 0.996849 -0.0148052 -0.0317403 0.0711674
1.74074e+09 1.44553 -0.559361 0.06613 0.996755 -0.018661 -0.0351986 0.069941
1.74074e+09 1.44385 -0.558629 0.0674914 0.996711 -0.0189517 -0.0358163 0.0701787
1.74074e+09 1.44234 -0.557992 0.0688892 0.996677 -0.0191744 -0.0363027 0.070347
1.74074e+09 1.44095 -0.557436 0.0702559 0.996651 -0.0193529 -0.0366942 0.0704715
1.74074e+09 1.44097 -0.554878 0.0757083 0.996623 -0.0194411 -0.0364861 0.0709492
1.74074e+09 1.44162 -0.554467 0.0754059 0.996603 -0.0195138 -0.0363232 0.0712899
1.74074e+09 1.4421 -0.554152 0.0752297 0.996588 -0.0195813 -0.0361913 0.0715474
1.74074e+09 1.44248 -0.553901 0.0751365 0.996576 -0.019645 -0.0360803 0.0717488
1.74074e+09 1.44278 -0.553696 0.0751003 0.996567 -0.0197059 -0.0359842 0.0719104
1.74074e+09 1.44302 -0.553525 0.075104 0.996559 -0.0197643 -0.0358992 0.0720427
1.74074e+09 1.44322 -0.55338 0.0751366 0.996553 -0.0198209 -0.0358224 0.0721531
1.74074e+09 1.44339 -0.553255 0.0751903 0.996548 -0.0198758 -0.0357522 0.0722465
1.74074e+09 1.44353 -0.553146 0.0752595 0.996543 -0.0199292 -0.0356871 0.0723264
1.74074e+09 1.44365 -0.553049 0.0753402 0.996539 -0.0199813 -0.0356263 0.0723955
1.74074e+09 1.44375 -0.552963 0.0754295 0.996536 -0.0200323 -0.0355689 0.0724559
1.74074e+09 1.44384 -0.552886 0.0755252 0.996533 -0.0200821 -0.0355144 0.072509
1.74074e+09 1.44399 -0.552755 0.0755376 0.996527 -0.0201344 -0.0354444 0.0726088
1.74074e+09 1.44413 -0.552639 0.075541 0.996522 -0.0201811 -0.035381 0.072698
1.74074e+09 1.44426 -0.552535 0.0755372 0.996517 -0.0202229 -0.0353232 0.0727781
1.74074e+09 1.44437 -0.552441 0.0755277 0.996513 -0.0202606 -0.0352701 0.0728504
1.74074e+09 1.44856 -0.534302 0.0843864 0.996672 -0.020372 -0.0300689 0.0729783
1.74074e+09 1.44895 -0.534297 0.0812994 0.99665 -0.0205164 -0.0297019 0.0733879
1.74074e+09 1.44903 -0.534195 0.079443 0.996622 -0.0206654 -0.0296243 0.0737595
1.74074e+09 1.44903 -0.534069 0.0779288 0.996593 -0.0208167 -0.0296251 0.0741025
1.74074e+09 1.449 -0.533937 0.0765626 0.996565 -0.0209697 -0.0296576 0.0744212
1.74074e+09 1.44899 -0.533808 0.0751834 0.996539 -0.0211282 -0.0296935 0.0747091
1.74074e+09 1.44898 -0.533679 0.0738747 0.996514 -0.0212861 -0.0297422 0.0749797
1.74074e+09 1.44895 -0.533552 0.0726164 0.99649 -0.0214435 -0.0297984 0.0752345
1.74074e+09 1.44893 -0.533426 0.0713971 0.996466 -0.0216004 -0.0298592 0.0754749
1.74074e+09 1.44892 -0.533314 0.070118 0.996443 -0.0217473 -0.0299315 0.0757127
1.74074e+09 1.4537 -0.533661 0.0458141 0.995732 -0.0235612 -0.033851 0.0825595
1.74074e+09 1.45387 -0.534176 0.0431126 0.995748 -0.024205 -0.0339421 0.0821475
1.74074e+09 1.45389 -0.534453 0.041632 0.99574 -0.0246853 -0.0340267 0.0820605
1.74074e+09 1.45382 -0.534623 0.0408066 0.995729 -0.0250876 -0.0340798 0.0820503
1.74074e+09 1.4537 -0.534732 0.0403788 0.995718 -0.025443 -0.0341088 0.0820699
1.74074e+09 1.45355 -0.534803 0.0402107 0.995706 -0.0257666 -0.0341206 0.0821028
1.74074e+09 1.45338 -0.53485 0.0402193 0.995695 -0.0260676 -0.0341203 0.082144
1.74074e+09 1.45319 -0.53488 0.0403533 0.995684 -0.0263519 -0.0341113 0.08219
1.74074e+09 1.453 -0.534897 0.040579 0.995673 -0.0266228 -0.0340958 0.0822389
1.74074e+09 1.45279 -0.534906 0.040873 0.995663 -0.0268831 -0.0340753 0.0822898
1.74074e+09 1.45201 -0.515642 0.0667408 0.995647 -0.0270031 -0.034101 0.0824355
1.74074e+09 1.45201 -0.515642 0.0667408 0.995647 -0.0270031 -0.034101 0.0824355
1.74074e+09 1.45201 -0.515642 0.0667408 0.995647 -0.0270031 -0.034101 0.0824355
1.74074e+09 1.45201 -0.515642 0.0667408 0.995647 -0.0270031 -0.034101 0.0824355
1.74074e+09 1.45201 -0.515642 0.0667408 0.995647 -0.0270031 -0.034101 0.0824355
1.74074e+09 1.45201 -0.515642 0.0667408 0.995647 -0.0270031 -0.034101 0.0824355
1.74074e+09 1.45201 -0.515642 0.0667408 0.995647 -0.0270031 -0.034101 0.0824355
1.74074e+09 1.45201 -0.515642 0.0667408 0.995647 -0.0270031 -0.034101 0.0824355
1.74074e+09 1.45201 -0.515642 0.0667408 0.995647 -0.0270031 -0.034101 0.0824355
1.74074e+09 1.44445 -0.514641 -0.00810047 0.996105 -0.0138724 -0.0447293 0.0747104
1.74074e+09 1.44133 -0.516159 -0.00952582 0.996128 -0.0141621 -0.0442448 0.0746329
1.74074e+09 1.43931 -0.517366 -0.0102484 0.996133 -0.0144425 -0.0439055 0.0747122
1.74074e+09 1.43782 -0.518409 -0.0107104 0.996132 -0.0147005 -0.0436465 0.0748384
1.74074e+09 1.43641 -0.519696 -0.0111983 0.996121 -0.0149726 -0.0434095 0.0750636
1.74074e+09 1.43533 -0.520756 -0.0115473 0.996111 -0.0152091 -0.0432263 0.0752469
1.74074e+09 1.43449 -0.521647 -0.0118068 0.996109 -0.0154135 -0.0430745 0.0753316
1.74074e+09 1.43369 -0.522376 -0.012102 0.996106 -0.0156206 -0.0429541 0.0753877
1.74074e+09 1.43304 -0.523014 -0.0123026 0.996104 -0.0158124 -0.042854 0.0754383
1.74074e+09 1.43251 -0.523581 -0.0124359 0.996101 -0.0159911 -0.0427691 0.0754822
1.74074e+09 1.43208 -0.524091 -0.0125186 0.996099 -0.0161584 -0.0426962 0.0755202
1.74074e+09 1.43067 -0.521983 0.00224292 0.996238 -0.0178243 -0.0391156 0.0752413
1.74074e+09 1.43041 -0.522196 0.00896329 0.99632 -0.0180545 -0.0371278 0.075118
1.74074e+09 1.43138 -0.52269 0.013893 0.996399 -0.0175148 -0.0358189 0.0748232
1.74074e+09 1.43184 -0.522646 0.0175404 0.996443 -0.0178319 -0.0352238 0.0744517
1.74074e+09 1.43211 -0.522354 0.0202698 0.996489 -0.0179351 -0.0346525 0.0740783
1.74074e+09 1.4324 -0.522128 0.0224735 0.996531 -0.0179165 -0.0341582 0.0737507
1.74074e+09 1.43269 -0.521949 0.0243186 0.996568 -0.0178516 -0.0337335 0.0734569
1.74074e+09 1.43297 -0.52181 0.0259062 0.996601 -0.017781 -0.033368 0.0731912
1.74074e+09 1.43326 -0.521736 0.0272882 0.996628 -0.0176947 -0.0330576 0.0729857
1.74074e+09 1.43353 -0.521689 0.0285047 0.996652 -0.0176056 -0.0327856 0.0728048
1.74074e+09 1.43168 -0.516209 0.0307115 0.996728 -0.016229 -0.0325227 0.0722016
1.74074e+09 1.43127 -0.515938 0.0306223 0.99677 -0.0148522 -0.0315321 0.0723444
1.74074e+09 1.43088 -0.515593 0.0301922 0.996793 -0.0141083 -0.0308574 0.0724679
1.74074e+09 1.43057 -0.515276 0.0296496 0.996809 -0.0136648 -0.0303419 0.0725615
1.74074e+09 1.43025 -0.514914 0.0291962 0.996822 -0.0132022 -0.0298656 0.072656
1.74074e+09 1.42958 -0.513539 0.0285461 0.996839 -0.0127388 -0.0293947 0.0727008
1.74074e+09 1.42905 -0.512387 0.0279573 0.996853 -0.0123658 -0.0289931 0.0727429
1.74074e+09 1.42871 -0.511501 0.027434 0.996867 -0.0120371 -0.0286378 0.0727349
1.74074e+09 1.42843 -0.510731 0.0269293 0.99688 -0.0117651 -0.0283231 0.072734
1.74074e+09 1.4282 -0.510053 0.0264398 0.99689 -0.0115378 -0.0280408 0.0727379
1.74074e+09 1.43018 -0.515256 0.026805 0.996853 -0.0235914 -0.0287278 0.0700212
1.74074e+09 1.4309 -0.518438 0.0271299 0.996902 -0.0242847 -0.028679 0.0690969
1.74074e+09 1.43145 -0.521051 0.0266578 0.996964 -0.0248523 -0.0284574 0.0680841
1.74074e+09 1.43178 -0.522129 0.0252827 0.996996 -0.0256388 -0.0280312 0.0674989
1.74074e+09 1.43202 -0.522984 0.0238248 0.997026 -0.0261014 -0.0275615 0.0670752
1.74074e+09 1.43222 -0.523704 0.0223772 0.997054 -0.0263411 -0.0270849 0.0667517
1.74074e+09 1.43239 -0.52433 0.0209719 0.997078 -0.026552 -0.0266099 0.0665081
1.74074e+09 1.43256 -0.524914 0.0196077 0.997098 -0.0267396 -0.0261407 0.0663103
1.74074e+09 1.43271 -0.52546 0.0182765 0.997117 -0.0269109 -0.025677 0.0661448
1.74074e+09 1.43285 -0.525908 0.016952 0.997133 -0.0270698 -0.0252152 0.0660056
1.74074e+09 1.42092 -0.507897 0.054546 0.996225 -0.0190351 -0.0304239 0.0790481
1.74074e+09 1.42227 -0.507776 0.048238 0.996086 -0.0184576 -0.0285948 0.081573
1.74074e+09 1.42338 -0.507546 0.0429291 0.995965 -0.0183442 -0.0274265 0.0834558
1.74074e+09 1.42431 -0.507258 0.0385097 0.995856 -0.0183859 -0.0265098 0.085032
1.74074e+09 1.42511 -0.50695 0.0347221 0.995759 -0.0185309 -0.0258041 0.0863453
1.74074e+09 1.42581 -0.50665 0.0316561 0.995674 -0.0185982 -0.0252195 0.0874732
1.74074e+09 1.42642 -0.506336 0.029059 0.995597 -0.0187002 -0.024698 0.0884695
1.74074e+09 1.42697 -0.506022 0.026761 0.995527 -0.0188303 -0.0242632 0.0893411
1.74074e+09 1.42746 -0.505709 0.024715 0.995464 -0.0189774 -0.0238945 0.0901128
1.74074e+09 1.42785 -0.50543 0.0230857 0.995413 -0.0190625 -0.0235272 0.090756
1.74074e+09 1.42821 -0.505152 0.0216345 0.995365 -0.0191594 -0.0232092 0.0913335
1.74074e+09 1.42854 -0.504852 0.0203565 0.995323 -0.0192746 -0.0229417 0.0918335
1.74074e+09 1.42884 -0.50455 0.0192332 0.995284 -0.019396 -0.0227057 0.0922895
1.74074e+09 1.42908 -0.504219 0.0184291 0.995247 -0.0195368 -0.0224785 0.0927121
1.74074e+09 1.42931 -0.503893 0.0177062 0.995213 -0.0196774 -0.0222745 0.0931026
1.74074e+09 1.42953 -0.503572 0.0170555 0.99518 -0.0198169 -0.02209 0.0934648
1.74074e+09 1.42973 -0.503255 0.0164694 0.995149 -0.0199549 -0.0219223 0.093802
1.74074e+09 1.42992 -0.502943 0.0159412 0.99512 -0.0200908 -0.0217691 0.0941171
1.74074e+09 1.4301 -0.502635 0.0154652 0.995093 -0.0202245 -0.0216284 0.0944123
1.74074e+09 1.43026 -0.502331 0.0150364 0.995066 -0.0203558 -0.0214987 0.0946897
1.74074e+09 1.43044 -0.502054 0.0145666 0.995042 -0.0204558 -0.0213733 0.0949577
1.74074e+09 1.42925 -0.49978 0.0176862 0.995121 -0.0202339 -0.0217522 0.0940837
1.74074e+09 1.42906 -0.499922 0.019444 0.995197 -0.0200164 -0.0220352 0.0932562
1.74074e+09 1.42889 -0.500064 0.0210079 0.995268 -0.0198029 -0.0222756 0.0924859
1.74074e+09 1.42874 -0.500208 0.0224019 0.995334 -0.0195898 -0.0224914 0.091765
1.74074e+09 1.42859 -0.500332 0.023861 0.995395 -0.0193816 -0.0226707 0.0910957
1.74074e+09 1.42846 -0.500459 0.0251794 0.995453 -0.0191723 -0.0228391 0.0904655
1.74074e+09 1.42835 -0.500587 0.0263734 0.995507 -0.0189625 -0.0229982 0.0898705
1.74074e+09 1.42825 -0.500721 0.0274592 0.995558 -0.0187496 -0.0231516 0.0893082
1.74074e+09 1.42815 -0.500915 0.0284996 0.995609 -0.0184658 -0.0232684 0.0887763
1.74074e+09 1.42804 -0.501084 0.0295862 0.995657 -0.0182037 -0.0233746 0.0882624
1.74074e+09 1.42795 -0.50125 0.0305967 0.995702 -0.0179445 -0.0234774 0.0877723
1.74074e+09 1.4271 -0.501249 0.0294532 0.995611 -0.0194985 -0.0236564 0.0884269
1.74074e+09 1.42709 -0.502125 0.0277843 0.995599 -0.0188949 -0.0236507 0.0886967
1.74074e+09 1.42705 -0.503043 0.0262035 0.995601 -0.0183315 -0.0236216 0.0887939
1.74074e+09 1.427 -0.503983 0.0246952 0.995609 -0.0177646 -0.0235796 0.0888275
1.74074e+09 1.42695 -0.504935 0.0232187 0.995623 -0.017218 -0.0235422 0.0887887
1.74074e+09 1.4269 -0.50588 0.0217459 0.995638 -0.0167022 -0.0235086 0.0887336
1.74074e+09 1.4268 -0.506766 0.0206538 0.995652 -0.0161995 -0.0234565 0.0886779
1.74074e+09 1.42671 -0.507646 0.0195476 0.995666 -0.0157269 -0.0234101 0.0886167
1.74074e+09 1.42663 -0.508519 0.0184333 0.99568 -0.0152802 -0.0233689 0.0885514
1.74074e+09 1.42653 -0.509337 0.0174268 0.995692 -0.0148987 -0.0233338 0.0884885
1.74074e+09 1.42095 -0.501147 0.0120131 0.99677 -0.00719742 -0.0286697 0.0746741
1.74074e+09 1.42105 -0.501115 0.0129847 0.996765 -0.00749518 -0.0285909 0.0747372
1.74074e+09 1.42117 -0.501076 0.0137512 0.996761 -0.007703 -0.0285385 0.0747962
1.74074e+09 1.4213 -0.501036 0.0143969 0.996757 -0.00785904 -0.028503 0.0748448
1.74074e+09 1.42142 -0.500997 0.0149595 0.996754 -0.00798059 -0.028479 0.0748841
1.74074e+09 1.42154 -0.500958 0.0154606 0.996751 -0.0080776 -0.0284633 0.0749159
1.74074e+09 1.42166 -0.50092 0.0159143 0.996748 -0.00815645 -0.0284538 0.0749419
1.74074e+09 1.42179 -0.500908 0.0162669 0.996747 -0.00821951 -0.0284474 0.074961
1.74074e+09 1.42191 -0.500897 0.016595 0.996745 -0.0082727 -0.0284445 0.0749764
1.74074e+09 1.42204 -0.500885 0.0169024 0.996744 -0.008318 -0.0284443 0.0749889
1.74074e+09 1.42217 -0.500874 0.0171923 0.996743 -0.00835688 -0.0284463 0.074999
1.74074e+09 1.42229 -0.500862 0.017467 0.996742 -0.00839049 -0.0284499 0.0750071
1.74074e+09 1.42225 -0.496728 0.0166707 0.996608 -0.00842264 -0.0315714 0.075531
1.74074e+09 1.42274 -0.496463 0.0181506 0.996625 -0.00860822 -0.0309734 0.0755355
1.74074e+09 1.42302 -0.496284 0.0192885 0.996644 -0.00875137 -0.0304334 0.0754835
1.74074e+09 1.4232 -0.49615 0.0202352 0.996663 -0.00887254 -0.0299443 0.0754125
1.74074e+09 1.42332 -0.496044 0.0210565 0.996681 -0.00898015 -0.0294997 0.0753365
1.74074e+09 1.4234 -0.495956 0.0217877 0.996698 -0.00907839 -0.0290942 0.0752613
1.74074e+09 1.42342 -0.495891 0.0224261 0.996713 -0.00917277 -0.0287253 0.0751942
1.74074e+09 1.42343 -0.495834 0.0230166 0.996727 -0.00926152 -0.0283852 0.0751311
1.74074e+09 1.42343 -0.495781 0.0235655 0.996739 -0.00934528 -0.0280717 0.0750717
1.74074e+09 1.4234 -0.495764 0.024107 0.996752 -0.00943527 -0.0277411 0.0750107
1.74074e+09 1.42337 -0.495741 0.0246095 0.996764 -0.00951751 -0.0274451 0.074954
1.74074e+09 1.42337 -0.495692 0.0250418 0.996768 -0.0095677 -0.0272814 0.0749524
1.74074e+09 1.42298 -0.496353 0.0245111 0.996791 -0.00764634 -0.0274208 0.0748189
1.74074e+09 1.42314 -0.492451 0.025241 0.996812 -0.00745731 -0.0272647 0.0746077
1.74074e+09 1.42327 -0.489174 0.0258334 0.996826 -0.00723954 -0.0271364 0.0744953
1.74074e+09 1.4234 -0.486348 0.0263366 0.996836 -0.00701257 -0.0270135 0.0744192
1.74074e+09 1.42352 -0.483875 0.0267722 0.996845 -0.00678646 -0.0268903 0.0743696
1.74074e+09 1.42363 -0.481687 0.0271545 0.996852 -0.00656403 -0.0267641 0.0743356
1.74074e+09 1.42373 -0.479735 0.0274929 0.996859 -0.00634637 -0.0266341 0.0743114
1.74074e+09 1.42383 -0.477982 0.0277944 0.996865 -0.00613381 -0.0265002 0.0742936
1.74074e+09 1.42483 -0.475792 0.0317017 0.997041 -0.00357738 -0.0250524 0.072593
1.74074e+09 1.42552 -0.475141 0.0304017 0.997097 -0.0026724 -0.0247768 0.0719524
1.74074e+09 1.42622 -0.474033 0.0280048 0.997136 -0.00278427 -0.025273 0.0712337
1.74074e+09 1.42694 -0.474281 0.0259946 0.997149 -0.00281836 -0.0258446 0.0708311
1.74074e+09 1.42776 -0.475538 0.0239782 0.997156 -0.00272919 -0.0262934 0.0705768
1.74074e+09 1.42857 -0.477027 0.0221196 0.997162 -0.0024528 -0.0266085 0.070384
1.74074e+09 1.42897 -0.477427 0.0202099 0.997158 -0.00230611 -0.0270411 0.0702747
1.74074e+09 1.42932 -0.477835 0.0183329 0.997154 -0.0021307 -0.0274057 0.0701988
1.74074e+09 1.43007 -0.479494 0.0165215 0.997158 -0.00184231 -0.0275653 0.0700935
1.74074e+09 1.43047 -0.480167 0.0147383 0.997154 -0.00165741 -0.0278307 0.0700401
1.74074e+09 1.43089 -0.480946 0.0128182 0.997154 -0.00139552 -0.0279956 0.0699879
1.74074e+09 1.43121 -0.481466 0.0110832 0.99715 -0.00121336 -0.0282123 0.0699566
1.74074e+09 1.43154 -0.481886 0.00943413 0.997147 -0.00102575 -0.0284325 0.0699165
1.74074e+09 1.42999 -0.479009 0.00982012 0.997136 -0.00106019 -0.0280363 0.0702356
1.74074e+09 1.42983 -0.47885 0.00949765 0.997124 -0.00102843 -0.0280313 0.070412
1.74074e+09 1.42971 -0.4787 0.00919698 0.997113 -0.000994345 -0.0280306 0.070559
1.74074e+09 1.4297 -0.478583 0.00900679 0.997105 -0.000986069 -0.0279505 0.0707033
1.74074e+09 1.42972 -0.478553 0.00868942 0.99709 -0.000982178 -0.0277753 0.0709899
1.74074e+09 1.42975 -0.478607 0.00833028 0.997077 -0.000997372 -0.0275139 0.0712725
1.74074e+09 1.42978 -0.478631 0.00797044 0.997065 -0.00100499 -0.0272824 0.0715244
1.74074e+09 1.4298 -0.478748 0.00761043 0.997056 -0.00103401 -0.0269907 0.0717686
1.74074e+09 1.42985 -0.478869 0.00727935 0.997047 -0.00105728 -0.026736 0.0719854
1.74074e+09 1.42989 -0.47898 0.00697432 0.997038 -0.00107643 -0.026513 0.0721824
1.74074e+09 1.42983 -0.479997 0.00562867 0.997163 -0.00160756 -0.0265217 0.0704275
1.74074e+09 1.42989 -0.481085 0.00466949 0.997209 -0.00223285 -0.0268775 0.0696204
1.74074e+09 1.42995 -0.481839 0.00396934 0.997236 -0.00259089 -0.0271681 0.0691029
1.74074e+09 1.43003 -0.482478 0.00346478 0.997247 -0.00296121 -0.0274845 0.0688038
1.74074e+09 1.42998 -0.482702 0.00312611 0.997256 -0.00314818 -0.0277295 0.0685739
1.74074e+09 1.42994 -0.482859 0.00283426 0.997261 -0.00325492 -0.0279482 0.0684014
1.74074e+09 1.42991 -0.482996 0.00259503 0.997264 -0.00327788 -0.0281348 0.0682815
1.74074e+09 1.42988 -0.483109 0.0023723 0.997266 -0.00327092 -0.0283109 0.0681829
1.74074e+09 1.42985 -0.483204 0.00216161 0.997267 -0.00324236 -0.028479 0.0680999
1.74074e+09 1.42983 -0.483288 0.00195991 0.997267 -0.00319772 -0.028641 0.0680286
1.74074e+09 1.4298 -0.483362 0.00176509 0.997267 -0.00314083 -0.0287979 0.0679661
1.74074e+09 1.42969 -0.483242 0.00159629 0.997269 -0.00328129 -0.0289906 0.0678525
1.74074e+09 1.42891 -0.480427 0.00143071 0.997342 -0.00348846 -0.028832 0.0668229
1.74074e+09 1.42867 -0.479628 0.00127455 0.997386 -0.00378692 -0.0291384 0.0660194
1.74074e+09 1.42848 -0.479061 0.00122195 0.997408 -0.00401596 -0.0294517 0.065526
1.74074e+09 1.42831 -0.47854 0.00111272 0.997424 -0.00428245 -0.0298311 0.0650979
1.74074e+09 1.42819 -0.478169 0.000999985 0.997433 -0.00449597 -0.0301483 0.0648012
1.74074e+09 1.4281 -0.477878 0.000892466 0.997438 -0.00467951 -0.0304291 0.0645769
1.74074e+09 1.42801 -0.47764 0.0008343 0.997444 -0.00481674 -0.0306113 0.0643881
1.74074e+09 1.42793 -0.477446 0.00077714 0.997448 -0.00493691 -0.0307688 0.0642377
1.74074e+09 1.42782 -0.477198 0.000852592 0.997453 -0.00502407 -0.0308918 0.0640932
1.74074e+09 1.42312 -0.465793 0.0112411 0.996824 0.000387037 -0.0345316 0.0717611
1.74074e+09 1.42241 -0.465738 0.0184661 0.996814 0.00121051 -0.0332903 0.072466
1.74074e+09 1.422 -0.465723 0.0226774 0.996802 0.00165507 -0.0326349 0.0729239
1.74074e+09 1.42172 -0.465706 0.0255856 0.996791 0.00187619 -0.0322736 0.0732365
1.74074e+09 1.42154 -0.465701 0.0275834 0.996783 0.00200732 -0.032 0.0734611
1.74074e+09 1.42145 -0.465628 0.0287049 0.996774 0.00197791 -0.0317435 0.073693
1.74074e+09 1.42138 -0.465557 0.0296233 0.996766 0.00190865 -0.0315422 0.0738895
1.74074e+09 1.42132 -0.465487 0.0303979 0.996758 0.00181429 -0.031378 0.0740612
1.74074e+09 1.42127 -0.465421 0.0310661 0.996751 0.00170382 -0.0312402 0.0742145
1.74074e+09 1.42123 -0.465357 0.0316529 0.996745 0.00158297 -0.0311218 0.0743538
1.74074e+09 1.42119 -0.465295 0.0321756 0.996739 0.00145552 -0.031018 0.074482
1.74074e+09 1.42006 -0.463153 0.0329939 0.996737 0.00107508 -0.0311177 0.0744764
1.74074e+09 1.42001 -0.463293 0.0330888 0.996722 0.00045237 -0.0313293 0.0745892
1.74074e+09 1.41997 -0.463412 0.0331659 0.996713 -4.2037e-05 -0.0314873 0.0746487
1.74074e+09 1.41993 -0.463515 0.0332316 0.996706 -0.000438586 -0.0316177 0.074678
1.74074e+09 1.4199 -0.463605 0.033289 0.996702 -0.000760956 -0.031731 0.0746877
1.74074e+09 1.41987 -0.463685 0.03334 0.996699 -0.00102629 -0.0318325 0.0746836
1.74074e+09 1.41985 -0.463757 0.0333859 0.996696 -0.00124703 -0.0319253 0.0746694
1.74074e+09 1.41983 -0.463822 0.0334274 0.996695 -0.00143234 -0.0320114 0.0746477
1.74074e+09 1.41981 -0.463882 0.0334653 0.996694 -0.00158907 -0.0320921 0.0746202
1.74074e+09 1.41979 -0.463933 0.0334993 0.996694 -0.00172496 -0.0321632 0.0745898
1.74074e+09 1.41978 -0.463983 0.0335316 0.996695 -0.00183841 -0.0322282 0.0745505
1.74074e+09 1.41977 -0.464029 0.0335617 0.996696 -0.00193583 -0.0322911 0.0745091
1.74074e+09 1.41976 -0.464072 0.0335902 0.996697 -0.00201999 -0.0323522 0.0744662
1.74074e+09 1.41975 -0.464113 0.0336169 0.996698 -0.00209269 -0.0324116 0.074422
1.74074e+09 1.41966 -0.462331 0.0299244 0.996603 -0.00246278 -0.0307125 0.0763699
1.74074e+09 1.41981 -0.462056 0.0281176 0.996565 -0.00258411 -0.0300782 0.0771218
1.74074e+09 1.41987 -0.461891 0.027017 0.996543 -0.00262981 -0.0297525 0.0775277
1.74074e+09 1.4199 -0.461773 0.026219 0.996528 -0.00264388 -0.0295579 0.0777865
1.74074e+09 1.41991 -0.46168 0.0255793 0.996518 -0.00264204 -0.0294311 0.0779693
1.74074e+09 1.41992 -0.4616 0.0250335 0.99651 -0.00263128 -0.0293438 0.0781078
1.74074e+09 1.41991 -0.461529 0.0245484 0.996503 -0.00261521 -0.0292815 0.0782181
1.74074e+09 1.41989 -0.46149 0.0241864 0.996497 -0.00260349 -0.0292379 0.0783063
1.74074e+09 1.41987 -0.461454 0.0238516 0.996492 -0.00258971 -0.0292053 0.0783819
1.74074e+09 1.41985 -0.46142 0.0235372 0.996488 -0.00257461 -0.0291808 0.0784484
1.74074e+09 1.41983 -0.461388 0.0232386 0.996484 -0.00255866 -0.0291622 0.078508
1.74074e+09 1.4198 -0.461358 0.0229526 0.99648 -0.0025422 -0.0291483 0.0785623
1.74074e+09 1.41919 -0.458784 0.0106809 0.996447 0.00216024 -0.0309082 0.0783153
1.74074e+09 1.41934 -0.458798 0.00676454 0.996427 0.00353751 -0.0314065 0.0783279
1.74074e+09 1.41957 -0.458183 0.00202382 0.996426 0.00498268 -0.031767 0.0781124
1.74074e+09 1.41975 -0.457543 -0.0013871 0.996429 0.00594589 -0.03192 0.0779455
1.74074e+09 1.4199 -0.456899 -0.00403042 0.996434 0.00663836 -0.0319782 0.0778003
1.74074e+09 1.42003 -0.45626 -0.00617718 0.99644 0.00716143 -0.0319886 0.0776664
1.74074e+09 1.42014 -0.45566 -0.00789008 0.996448 0.00756971 -0.031986 0.0775338
1.74074e+09 1.41822 -0.453219 -0.00834363 0.99647 0.0123543 -0.0300442 0.0774094
1.74074e+09 1.41824 -0.453419 -0.00848072 0.996475 0.0127681 -0.0298489 0.077357
1.74074e+09 1.41825 -0.453579 -0.00857049 0.996469 0.0130685 -0.0297674 0.0774105
1.74074e+09 1.41826 -0.453752 -0.00867081 0.996473 0.0134526 -0.0295726 0.077368
1.74074e+09 1.41827 -0.4539 -0.0087592 0.996474 0.0137554 -0.0294306 0.0773581
1.74074e+09 1.41829 -0.454031 -0.00884296 0.996473 0.0140023 -0.0293209 0.077362
1.74074e+09 1.41831 -0.45415 -0.00892507 0.996472 0.0142084 -0.029233 0.0773721
1.74074e+09 1.41832 -0.454261 -0.00900677 0.996471 0.0143835 -0.0291605 0.0773848
1.74074e+09 1.41834 -0.454364 -0.0090886 0.996469 0.0145345 -0.0290995 0.0773985
1.74074e+09 1.41311 -0.445411 -0.00800029 0.996704 0.0142773 -0.0293909 0.0742513
1.74074e+09 1.41298 -0.446278 -0.00783356 0.996779 0.0140679 -0.0294406 0.073265
1.74074e+09 1.41292 -0.447087 -0.00767577 0.996815 0.013901 -0.0294372 0.0727957
1.74074e+09 1.4129 -0.447857 -0.00751997 0.996838 0.0137572 -0.0294165 0.0725273
1.74074e+09 1.41289 -0.448595 -0.00736403 0.996853 0.0136293 -0.0293898 0.072357
1.74074e+09 1.4129 -0.449304 -0.00720716 0.996863 0.0135139 -0.0293616 0.0722415
1.74074e+09 1.4128 -0.450482 -0.00719179 0.996874 0.0135 -0.0293858 0.0720878
1.74074e+09 1.41272 -0.451625 -0.0071643 0.996882 0.0134789 -0.0293998 0.0719781
1.74074e+09 1.41265 -0.452739 -0.00712677 0.996888 0.013454 -0.0294074 0.0718975
1.74074e+09 1.41259 -0.453824 -0.0070806 0.996892 0.0134273 -0.029411 0.071837
1.74074e+09 1.41253 -0.454882 -0.00702674 0.996896 0.0134 -0.0294121 0.0717908
1.74074e+09 1.41084 -0.454348 -0.00956734 0.996873 0.000527771 -0.0292368 0.0734135
1.74074e+09 1.41095 -0.454244 -0.00938123 0.996858 0.000614182 -0.0293177 0.0735808
1.74074e+09 1.41106 -0.454146 -0.00921375 0.996846 0.000632035 -0.0294202 0.0736983
1.74074e+09 1.41118 -0.453868 -0.00901956 0.996844 0.000635587 -0.0294293 0.0737209
1.74074e+09 1.41128 -0.453615 -0.00884639 0.996843 0.000633297 -0.0294361 0.0737398
1.74074e+09 1.41138 -0.453383 -0.00869062 0.996842 0.000628645 -0.0294408 0.0737554
1.74074e+09 1.41146 -0.45317 -0.00854976 0.99684 0.00062309 -0.0294435 0.0737684
1.74074e+09 1.41154 -0.452972 -0.00842178 0.99684 0.000617283 -0.0294443 0.0737793
1.74074e+09 1.41162 -0.45279 -0.00830501 0.996839 0.000611542 -0.0294438 0.0737885
1.74074e+09 1.41169 -0.45262 -0.00819811 0.996838 0.000606022 -0.029442 0.0737965
1.74074e+09 1.41154 -0.450823 -0.00421858 0.996985 0.00125489 -0.0247307 0.0735395
1.74074e+09 1.41228 -0.45069 -0.00209717 0.997037 0.00158202 -0.0223963 0.0735692
1.74074e+09 1.41294 -0.450555 -0.000652837 0.997058 0.00178569 -0.0209823 0.0737062
1.74074e+09 1.41367 -0.450402 0.000574878 0.997063 0.00195981 -0.0199525 0.0739109
1.74074e+09 1.41426 -0.45027 0.00149253 0.997064 0.00209458 -0.0192211 0.0740917
1.74074e+09 1.41476 -0.450153 0.00220198 0.997063 0.00220625 -0.0186767 0.0742406
1.74074e+09 1.41518 -0.45005 0.002777 0.997061 0.002302 -0.0182516 0.0743725
1.74074e+09 1.41556 -0.449957 0.00325482 0.997058 0.00238656 -0.0179094 0.0744895
1.74074e+09 1.41589 -0.449873 0.00365969 0.997055 0.00246292 -0.0176269 0.0745935
1.74074e+09 1.41618 -0.449797 0.00400822 0.997052 0.00253305 -0.017389 0.0746864
1.74074e+09 1.41645 -0.449728 0.00431214 0.997049 0.00259833 -0.0171851 0.0747696
1.74074e+09 1.41546 -0.448482 0.00487114 0.996996 0.00254496 -0.0170605 0.0755071
1.74074e+09 1.41536 -0.44917 0.00493065 0.996952 0.00249345 -0.0169599 0.0761126
1.74074e+09 1.41524 -0.449815 0.00496977 0.996913 0.00244959 -0.016879 0.0766373
1.74074e+09 1.41514 -0.450424 0.00500549 0.996879 0.00241147 -0.0168127 0.0770918
1.74074e+09 1.41504 -0.451002 0.00503009 0.996849 0.00237825 -0.0167576 0.0774916
1.74074e+09 1.41494 -0.45155 0.00504846 0.996822 0.00234854 -0.01671 0.077854
1.74074e+09 1.41484 -0.452075 0.00506085 0.996797 0.00232208 -0.0166692 0.0781784
1.74074e+09 1.41475 -0.452579 0.0050688 0.996775 0.00229839 -0.0166337 0.0784704
1.74074e+09 1.41465 -0.453065 0.00507338 0.996755 0.00227706 -0.0166031 0.078734
1.74074e+09 1.41456 -0.453534 0.0050779 0.996737 0.00225986 -0.0165584 0.0789713
1.74074e+09 1.4161 -0.453638 0.00637929 0.99685 0.00162535 -0.0170681 0.0774404
1.74074e+09 1.41776 -0.454961 0.0070674 0.996945 0.00170852 -0.0169443 0.0762336
1.74074e+09 1.41889 -0.456082 0.00757295 0.996995 0.00174208 -0.0169028 0.0755778
1.74074e+09 1.41981 -0.457109 0.00800539 0.99703 0.00179432 -0.0168525 0.0751253
1.74074e+09 1.42059 -0.458073 0.00838462 0.997056 0.00184593 -0.0168068 0.0747955
1.74074e+09 1.42126 -0.45896 0.008717 0.997075 0.00189089 -0.0167684 0.0745482
1.74074e+09 1.42185 -0.459781 0.00901233 0.997089 0.00192712 -0.0167384 0.0743574
1.74074e+09 1.42237 -0.460546 0.00927759 0.997101 0.0019544 -0.0167162 0.0742067
1.74074e+09 1.42284 -0.46126 0.00951791 0.99711 0.00197329 -0.016701 0.0740856
1.74074e+09 1.42341 -0.462095 0.00977135 0.997119 0.00182206 -0.0168586 0.0739346
1.74074e+09 1.42395 -0.462899 0.0100201 0.997126 0.00168118 -0.0170147 0.073806
1.74074e+09 1.42378 -0.46327 0.00958066 0.997549 0.00213757 -0.0155134 0.0681958
1.74074e+09 1.4235 -0.462602 0.00960021 0.997638 0.00351683 -0.0144104 0.0670734
1.74074e+09 1.42333 -0.46223 0.00962419 0.997683 0.00425925 -0.0138709 0.0664655
1.74074e+09 1.42322 -0.461991 0.00964805 0.997714 0.00478429 -0.0134975 0.0660492
1.74074e+09 1.42315 -0.461846 0.00965884 0.997735 0.00511051 -0.0132588 0.0657503
1.74074e+09 1.4231 -0.461748 0.00967112 0.997751 0.00536787 -0.0130764 0.0655219
1.74074e+09 1.42304 -0.461648 0.00973509 0.99776 0.00569504 -0.0128468 0.0654069
1.74074e+09 1.42301 -0.461621 0.00978937 0.997767 0.00597432 -0.0126453 0.0653146
1.74074e+09 1.42298 -0.461609 0.00983911 0.997772 0.00620776 -0.012477 0.0652408
1.74074e+09 1.42296 -0.461607 0.00988454 0.997777 0.00640534 -0.0123309 0.0651806
1.74074e+09 1.42297 -0.461667 0.00991679 0.997781 0.00656486 -0.0122239 0.0651233
1.74074e+09 1.42355 -0.465777 0.00713363 0.998246 -0.00060065 -0.0139236 0.0575355
1.74074e+09 1.42407 -0.468119 0.00574981 0.99846 -0.00190182 -0.0135778 0.0537491
1.74074e+09 1.42447 -0.46954 0.0048446 0.998547 -0.00294053 -0.0134728 0.052102
1.74074e+09 1.42488 -0.471243 0.00389854 0.998631 -0.00350532 -0.0130542 0.050537
1.74074e+09 1.42523 -0.472771 0.0030708 0.998683 -0.00402749 -0.0127356 0.0495384
1.74074e+09 1.42556 -0.47421 0.00230958 0.998721 -0.00447057 -0.0124007 0.0488054
1.74074e+09 1.42586 -0.475547 0.00161313 0.998751 -0.00485083 -0.012133 0.0482275
1.74074e+09 1.42619 -0.476983 0.000913138 0.998774 -0.00506907 -0.0118524 0.0477845
1.74074e+09 1.4265 -0.478344 0.000250929 0.998794 -0.00527246 -0.0115757 0.0474231
1.74074e+09 1.42679 -0.479635 -0.000376699 0.99881 -0.0054739 -0.01131 0.0471299
1.74074e+09 1.42707 -0.480863 -0.000973674 0.998823 -0.00566446 -0.0110471 0.0468824
1.74074e+09 1.42733 -0.482034 -0.00154334 0.998835 -0.00584642 -0.0107865 0.046671
1.74074e+09 1.42679 -0.481589 -0.000160339 0.998804 -0.0046294 -0.0131286 0.0468714
1.74074e+09 1.42685 -0.481744 -0.000739952 0.998819 -0.00488221 -0.0124763 0.0467039
1.74074e+09 1.42688 -0.481885 -0.00114047 0.998827 -0.00501871 -0.0121089 0.0466089
1.74074e+09 1.42689 -0.482019 -0.00145563 0.998833 -0.00510186 -0.0118722 0.0465465
1.74074e+09 1.42689 -0.482146 -0.00172206 0.998836 -0.00515604 -0.0117063 0.0465015
1.74074e+09 1.42688 -0.482269 -0.00195718 0.998839 -0.00519268 -0.0115833 0.0464668
1.74074e+09 1.42688 -0.482387 -0.00217038 0.998841 -0.00521786 -0.0114884 0.0464386
1.74074e+09 1.42686 -0.482502 -0.00236725 0.998843 -0.00523511 -0.0114128 0.0464148
1.74074e+09 1.42426 -0.478014 0.00103092 0.998772 -0.003912 -0.0159681 0.0467271
1.74074e+09 1.42422 -0.478053 0.00138433 0.998705 -0.0033606 -0.0173088 0.047716
1.74074e+09 1.4242 -0.478008 0.00147902 0.998643 -0.0029597 -0.0180485 0.0487675
1.74074e+09 1.42418 -0.477935 0.00149112 0.998586 -0.00267087 -0.018557 0.0497436
1.74074e+09 1.42415 -0.47785 0.00146264 0.998536 -0.00247292 -0.0189524 0.0506053
1.74074e+09 1.42413 -0.47776 0.00140738 0.998489 -0.00232241 -0.0192813 0.0514003
1.74074e+09 1.4241 -0.477667 0.00134875 0.998446 -0.00221751 -0.0195625 0.0521307
1.74074e+09 1.42408 -0.477572 0.00127775 0.998406 -0.00214763 -0.0198088 0.052804
1.74074e+09 1.42409 -0.477505 0.00107212 0.998365 -0.00184913 -0.0199974 0.0535145
1.74074e+09 1.4241 -0.477445 0.000859004 0.998327 -0.00155107 -0.0201805 0.0541645
1.74074e+09 1.42457 -0.475189 -0.000210412 0.99719 -0.000342396 -0.0272843 0.0697748
1.74074e+09 1.42472 -0.475031 -0.000815178 0.996992 -0.000999553 -0.0284513 0.0720839
1.74074e+09 1.42479 -0.475 -0.00126512 0.996905 -0.00164716 -0.0289855 0.0730617
1.74074e+09 1.42483 -0.475014 -0.00164148 0.99685 -0.00215232 -0.0293062 0.0736681
1.74074e+09 1.42486 -0.475051 -0.00198439 0.996811 -0.00262639 -0.0295375 0.0740782
1.74074e+09 1.42488 -0.475069 -0.00222022 0.996781 -0.00307098 -0.029706 0.0744037
1.74074e+09 1.42489 -0.475099 -0.00242812 0.996757 -0.0034598 -0.0298346 0.074653
1.74074e+09 1.4249 -0.475136 -0.00267904 0.996737 -0.00384662 -0.0299498 0.0748541
1.74074e+09 1.42491 -0.47518 -0.00290815 0.996721 -0.00419101 -0.0300439 0.0750203
1.74074e+09 1.42491 -0.475231 -0.00311945 0.996706 -0.00449995 -0.0301223 0.0751609
1.74074e+09 1.42492 -0.475292 -0.00332215 0.996694 -0.00477277 -0.0301991 0.0752771
1.74074e+09 1.42432 -0.474553 -0.00328742 0.996719 -0.00643125 -0.0303679 0.0747541
1.74074e+09 1.42428 -0.474647 -0.00350725 0.996723 -0.00671458 -0.0304915 0.0746235
1.74074e+09 1.42425 -0.474726 -0.0037509 0.996727 -0.0068165 -0.0306105 0.0745101
1.74074e+09 1.42422 -0.474799 -0.00400363 0.996731 -0.00684702 -0.0307278 0.0744045
1.74074e+09 1.42419 -0.474868 -0.00426065 0.996735 -0.0068423 -0.0308441 0.0743034
1.74074e+09 1.42417 -0.474935 -0.00451995 0.996739 -0.00681767 -0.0309598 0.0742052
1.74074e+09 1.42414 -0.475002 -0.00478054 0.996743 -0.00678077 -0.0310748 0.074109
1.74074e+09 1.42412 -0.475067 -0.00504188 0.996747 -0.0067358 -0.0311893 0.0740143
1.74074e+09 1.42409 -0.475132 -0.00530363 0.99675 -0.00668528 -0.0313033 0.0739207
1.74074e+09 1.42407 -0.475185 -0.00557551 0.996754 -0.00664846 -0.0314375 0.0738144
1.74074e+09 1.42161 -0.470809 -0.00503747 0.996751 -0.00664579 -0.0314801 0.0738367
1.74074e+09 1.42159 -0.470816 -0.00509487 0.996752 -0.00663865 -0.0314869 0.0738276
1.74074e+09 1.42156 -0.470822 -0.00515075 0.996752 -0.00663168 -0.0314935 0.0738186
1.74074e+09 1.42154 -0.470829 -0.00520517 0.996753 -0.00662489 -0.0314999 0.0738099
1.74074e+09 1.42151 -0.470835 -0.00525819 0.996753 -0.00661826 -0.0315061 0.0738013
1.74074e+09 1.42149 -0.470841 -0.00530986 0.996754 -0.0066118 -0.0315122 0.073793
1.74074e+09 1.42147 -0.470847 -0.00536022 0.996754 -0.00660548 -0.0315181 0.0737848
1.74074e+09 1.42145 -0.470852 -0.00540934 0.996755 -0.00659931 -0.0315239 0.0737769
1.74074e+09 1.42143 -0.470858 -0.00545725 0.996755 -0.00659329 -0.0315295 0.0737691
1.74074e+09 1.42141 -0.470863 -0.005504 0.996755 -0.0065874 -0.031535 0.0737614
1.74074e+09 1.42139 -0.470869 -0.00554962 0.996756 -0.00658164 -0.0315404 0.073754
1.74074e+09 1.42137 -0.470874 -0.00559417 0.996756 -0.00657601 -0.0315456 0.0737466
1.74074e+09 1.42062 -0.469772 -0.00559952 0.996757 -0.00656445 -0.031564 0.0737319
1.74074e+09 1.42055 -0.469789 -0.00573707 0.996758 -0.00654683 -0.0315789 0.0737074
1.74074e+09 1.42049 -0.469806 -0.0058729 0.99676 -0.00652944 -0.0315937 0.0736831
1.74074e+09 1.42043 -0.469822 -0.00600705 0.996761 -0.00651226 -0.0316083 0.0736592
1.74074e+09 1.42037 -0.469838 -0.00613956 0.996763 -0.00649529 -0.0316227 0.0736356
1.74074e+09 1.42031 -0.469854 -0.00627044 0.996764 -0.00647853 -0.0316369 0.0736122
1.74074e+09 1.42025 -0.46987 -0.00639973 0.996765 -0.00646198 -0.0316509 0.0735892
1.74074e+09 1.42019 -0.469885 -0.00652745 0.996767 -0.00644562 -0.0316648 0.0735664
1.74074e+09 1.42013 -0.469901 -0.00665365 0.996768 -0.00642947 -0.0316785 0.0735439
1.74074e+09 1.41953 -0.469307 -0.00668639 0.996774 -0.00572748 -0.0315006 0.0735912
1.74074e+09 1.41943 -0.469519 -0.0066194 0.996784 -0.00531023 -0.0311319 0.0736484
1.74074e+09 1.41932 -0.469721 -0.00652636 0.996794 -0.00494874 -0.0307424 0.0736995
1.74074e+09 1.41923 -0.469911 -0.00642621 0.996804 -0.00461275 -0.0303526 0.0737465
1.74074e+09 1.41913 -0.470089 -0.00632427 0.996814 -0.00429329 -0.0299682 0.0737904
1.74074e+09 1.41901 -0.470305 -0.00621892 0.996825 -0.00397115 -0.0295655 0.073825
1.74074e+09 1.41889 -0.470505 -0.00611635 0.996835 -0.00365979 -0.029174 0.0738612
1.74074e+09 1.41878 -0.470691 -0.00601642 0.996844 -0.00335854 -0.0287933 0.0738979
1.74074e+09 1.41867 -0.470863 -0.00591899 0.996853 -0.00306681 -0.0284229 0.0739343
1.74074e+09 1.41858 -0.471024 -0.00582395 0.996862 -0.00278406 -0.0280625 0.0739702
1.74074e+09 1.41849 -0.471174 -0.00573118 0.99687 -0.00250982 -0.0277117 0.0740053
1.74074e+09 1.4184 -0.471315 -0.00564059 0.996877 -0.00224366 -0.02737 0.0740395
1.74074e+09 1.41765 -0.47122 -0.00804687 0.996821 -0.00706634 -0.0289377 0.0738917
1.74074e+09 1.41745 -0.470742 -0.00995893 0.996817 -0.00758739 -0.0284632 0.0740882
1.74074e+09 1.41727 -0.470316 -0.0117706 0.996822 -0.00774166 -0.0278269 0.0742471
1.74074e+09 1.4171 -0.469884 -0.0135105 0.996826 -0.00784621 -0.0272688 0.0743836
1.74074e+09 1.41686 -0.469857 -0.0149119 0.996816 -0.00772189 -0.0265983 0.0747681
1.74074e+09 1.41663 -0.469831 -0.0162563 0.996806 -0.00763818 -0.0260371 0.0751048
1.74074e+09 1.41643 -0.469806 -0.0175492 0.996798 -0.00758014 -0.0255539 0.0753926
1.74074e+09 1.41624 -0.469781 -0.0187973 0.99679 -0.00754034 -0.0251321 0.0756413
1.74074e+09 1.41692 -0.46982 -0.0170003 0.996866 -0.00669913 -0.0237543 0.0751564
1.74074e+09 1.41842 -0.470962 -0.0153617 0.996927 -0.00603474 -0.0226891 0.0747313
1.74074e+09 1.41981 -0.471985 -0.0139968 0.996974 -0.00553167 -0.0220155 0.0743473
1.74074e+09 1.4211 -0.472961 -0.0127325 0.997015 -0.00506672 -0.0214262 0.0740004
1.74074e+09 1.41966 -0.472037 -0.0128073 0.997226 -0.00771769 -0.0194663 0.0714226
1.74074e+09 1.41959 -0.472041 -0.0129384 0.997227 -0.00772168 -0.0194676 0.0714142
1.74074e+09 1.41539 -0.465705 -0.0175424 0.996935 -0.00353363 -0.0278447 0.0730264
1.74074e+09 1.41658 -0.463735 -0.0231777 0.996923 -0.00382656 -0.0281403 0.0730615
1.74074e+09 1.41759 -0.461955 -0.027974 0.996928 -0.00431219 -0.0281517 0.0729597
1.74074e+09 1.41845 -0.460352 -0.032112 0.996938 -0.00483513 -0.0280974 0.0728174
1.74074e+09 1.41918 -0.458913 -0.0356875 0.996951 -0.00534156 -0.0280374 0.0726289
1.74074e+09 1.41984 -0.457598 -0.0389301 0.996963 -0.00567002 -0.0280035 0.0724414
1.74074e+09 1.42041 -0.456379 -0.0418215 0.996976 -0.00599303 -0.0279546 0.0722598
1.74074e+09 1.42092 -0.455243 -0.0444168 0.996988 -0.00630465 -0.0279004 0.0720881
1.74074e+09 1.42138 -0.454184 -0.0467463 0.997 -0.00658796 -0.0278482 0.0719209
1.74074e+09 1.42101 -0.453047 -0.0476986 0.996929 -0.00772031 -0.0283546 0.0725925
1.74074e+09 1.42106 -0.452978 -0.0480542 0.996886 -0.00866569 -0.0286996 0.0729378
1.74074e+09 1.42111 -0.452917 -0.0483915 0.996852 -0.00948423 -0.0289793 0.0731803
1.74074e+09 1.42114 -0.452859 -0.0486949 0.996824 -0.0102032 -0.0292178 0.0733708
1.74074e+09 1.42117 -0.452801 -0.0489638 0.9968 -0.010841 -0.029426 0.0735285
1.74074e+09 1.42117 -0.452714 -0.0491343 0.996779 -0.0113524 -0.0295998 0.0736696
1.74074e+09 1.42117 -0.452637 -0.0493049 0.99676 -0.0118307 -0.0297575 0.0737878
1.74074e+09 1.42117 -0.452568 -0.0494742 0.996742 -0.0122804 -0.0299026 0.0738896
1.74074e+09 1.42117 -0.452506 -0.0496414 0.996726 -0.0127052 -0.0300374 0.0739793
1.74074e+09 1.42116 -0.452418 -0.0497737 0.99671 -0.0131235 -0.0301721 0.0740657
1.74074e+09 1.42115 -0.452335 -0.049901 0.996695 -0.0135203 -0.0302988 0.0741437
1.74074e+09 1.42114 -0.452256 -0.0500233 0.996681 -0.0138973 -0.0304185 0.074215
1.74074e+09 1.4191 -0.449695 -0.0452562 0.996916 -0.00496034 -0.0280153 0.0731387
1.74074e+09 1.41922 -0.450061 -0.0452381 0.996916 -0.00457508 -0.0280055 0.0731684
1.74074e+09 1.41934 -0.450417 -0.0452196 0.996916 -0.00419895 -0.0279955 0.0731942
1.74074e+09 1.41945 -0.450777 -0.0452087 0.996918 -0.003821 -0.027988 0.0731858
1.74074e+09 1.41956 -0.451129 -0.0452041 0.99692 -0.00346033 -0.0279858 0.073183
1.74074e+09 1.41966 -0.451474 -0.0452044 0.996921 -0.00311414 -0.0279873 0.0731825
1.74074e+09 1.41974 -0.451739 -0.0451923 0.996921 -0.00284753 -0.0280291 0.0731773
1.74074e+09 1.41981 -0.452 -0.0451841 0.996921 -0.00259082 -0.0280714 0.0731672
1.74074e+09 1.41989 -0.452256 -0.0451799 0.996922 -0.00234368 -0.0281145 0.0731531
1.74074e+09 1.4168 -0.448889 -0.0489918 0.996884 -0.00766158 -0.0245264 0.0745813
1.74074e+09 1.41648 -0.449069 -0.0493936 0.996836 -0.0070414 -0.0241973 0.075391
1.74074e+09 1.41619 -0.449448 -0.0496858 0.996822 -0.00662252 -0.0240619 0.075652
1.74074e+09 1.41594 -0.449892 -0.0499246 0.996818 -0.00628609 -0.0239923 0.0757515
1.74074e+09 1.41571 -0.450365 -0.0501275 0.996818 -0.00599833 -0.0239542 0.0757884
1.74074e+09 1.41552 -0.450848 -0.0503033 0.996819 -0.00574447 -0.0239342 0.0757969
1.74074e+09 1.41535 -0.451334 -0.0504573 0.996821 -0.00551635 -0.0239255 0.0757916
1.74074e+09 1.4152 -0.451818 -0.0505933 0.996823 -0.00530875 -0.0239243 0.0757793
1.74074e+09 1.41506 -0.452295 -0.050714 0.996826 -0.00511806 -0.0239285 0.0757634
1.74074e+09 1.41495 -0.452765 -0.0508215 0.996828 -0.0049416 -0.0239362 0.075746
1.74074e+09 1.41485 -0.453226 -0.0509175 0.996829 -0.00477735 -0.0239466 0.0757279
1.74074e+09 1.41476 -0.453677 -0.0510035 0.996831 -0.00462368 -0.0239587 0.0757098
1.74074e+09 1.4141 -0.452564 -0.0516021 0.996822 -0.00583866 -0.0239353 0.0757568
1.74074e+09 1.41398 -0.451772 -0.0517077 0.996843 -0.00607991 -0.0235797 0.0755732
1.74074e+09 1.41386 -0.450989 -0.0518339 0.996864 -0.00622714 -0.0231993 0.0753969
1.74074e+09 1.41374 -0.450235 -0.0519618 0.996885 -0.00633953 -0.0228236 0.075223
1.74074e+09 1.41362 -0.450162 -0.0521129 0.996897 -0.00637257 -0.0223762 0.0752018
1.74074e+09 1.41352 -0.449912 -0.0522365 0.996908 -0.0064825 -0.0220537 0.0751466
1.74074e+09 1.41341 -0.449691 -0.0523601 0.996918 -0.00656316 -0.0217356 0.0750945
1.74074e+09 1.41332 -0.449489 -0.052482 0.996928 -0.00662496 -0.0214248 0.0750444
1.74074e+09 1.41322 -0.4493 -0.0526015 0.996938 -0.00667402 -0.0211228 0.0749957
1.74074e+09 1.41313 -0.44912 -0.0527183 0.996947 -0.00671411 -0.02083 0.074948
1.74074e+09 1.41305 -0.448948 -0.0528321 0.996956 -0.0067477 -0.0205468 0.074901
1.74074e+09 1.41184 -0.446491 -0.0544888 0.997017 -0.0091687 -0.0173555 0.0746436
1.74074e+09 1.41174 -0.445327 -0.0537653 0.997064 -0.00939878 -0.0159798 0.0742926
1.74074e+09 1.41169 -0.444163 -0.0528851 0.997094 -0.00946003 -0.0149508 0.0741034
1.74074e+09 1.41166 -0.44302 -0.0519751 0.997113 -0.00948154 -0.0140991 0.0740027
1.74074e+09 1.41164 -0.441902 -0.0510606 0.997127 -0.00949182 -0.0133615 0.0739538
1.74074e+09 1.41163 -0.44081 -0.0501514 0.997137 -0.00949953 -0.0127064 0.0739369
1.74074e+09 1.41163 -0.439744 -0.0492525 0.997144 -0.00950776 -0.0121155 0.07394
1.74074e+09 1.41163 -0.438703 -0.0483669 0.997149 -0.00951767 -0.0115765 0.073956
1.74074e+09 1.41164 -0.437686 -0.0474963 0.997153 -0.00952967 -0.011081 0.0739802
1.74074e+09 1.41166 -0.436693 -0.0466419 0.997155 -0.00954381 -0.0106226 0.0740095
1.74074e+09 1.41067 -0.439615 -0.0466304 0.997069 -0.00883618 -0.0101367 0.07532
1.74074e+09 1.40989 -0.443048 -0.0464106 0.99703 -0.00827766 -0.0100939 0.0759021
1.74074e+09 1.40916 -0.446008 -0.0463253 0.996997 -0.00778404 -0.01022 0.0763639
1.74074e+09 1.40846 -0.448652 -0.046333 0.996974 -0.00735288 -0.0104343 0.076684
1.74074e+09 1.40784 -0.45104 -0.0463269 0.996956 -0.00696857 -0.010633 0.0769291
1.74074e+09 1.40729 -0.453216 -0.0463011 0.996941 -0.00662116 -0.0108075 0.0771261
1.74074e+09 1.40683 -0.455212 -0.0462512 0.996929 -0.00630295 -0.0109514 0.0772892
1.74074e+09 1.40645 -0.457032 -0.0461322 0.99692 -0.00603435 -0.0110367 0.0774052
1.74074e+09 1.41102 -0.456681 -0.0469735 0.997099 -0.0077548 -0.0121349 0.0747395
1.74074e+09 1.41308 -0.457008 -0.0468722 0.99717 -0.00799607 -0.0122653 0.0737339
1.74074e+09 1.41472 -0.457455 -0.046485 0.997221 -0.00805696 -0.0122004 0.073048
1.74074e+09 1.41603 -0.457938 -0.046102 0.997259 -0.00806073 -0.0121026 0.0725487
1.74074e+09 1.41691 -0.458352 -0.0456282 0.997288 -0.00786654 -0.0117717 0.072218
1.74074e+09 1.41758 -0.458561 -0.0452179 0.997315 -0.00774751 -0.0114874 0.0719142
1.74074e+09 1.41817 -0.458723 -0.0448429 0.997338 -0.00764024 -0.0112314 0.0716469
1.74074e+09 1.41872 -0.458915 -0.0444924 0.997358 -0.00754015 -0.0109999 0.0714132
1.74074e+09 1.41924 -0.45913 -0.044162 0.997375 -0.00744597 -0.0107883 0.0712067
1.74074e+09 1.41975 -0.459283 -0.0439 0.997393 -0.00744644 -0.0106593 0.0709825
1.74074e+09 1.42022 -0.459448 -0.0436423 0.997408 -0.00743869 -0.0105304 0.0707837
1.74074e+09 1.42064 -0.459752 -0.0433893 0.997418 -0.00738658 -0.0104049 0.0706738
1.74074e+09 1.42643 -0.464547 -0.0450182 0.997792 -0.0091754 -0.00977265 0.0650462
1.74074e+09 1.42989 -0.467998 -0.0454912 0.997947 -0.00950639 -0.00926196 0.0626501
1.74074e+09 1.43242 -0.470524 -0.0459152 0.998051 -0.00991741 -0.00890317 0.0609644
1.74074e+09 1.43457 -0.472818 -0.0462223 0.998122 -0.0103568 -0.00857538 0.0597637
1.74074e+09 1.43625 -0.474644 -0.0465868 0.998149 -0.0108166 -0.00859048 0.0592342
1.74074e+09 1.43785 -0.476564 -0.0467375 0.998168 -0.0107931 -0.00841186 0.0589306
1.74074e+09 1.43841 -0.47639 -0.0479793 0.998322 -0.009474 -0.0177486 0.0543007
1.74074e+09 1.43832 -0.476256 -0.0480643 0.998322 -0.0101451 -0.0175083 0.0542514
1.74074e+09 1.43825 -0.476141 -0.0481671 0.998323 -0.010688 -0.0173746 0.0541733
1.74074e+09 1.43822 -0.475965 -0.0485831 0.99831 -0.0104944 -0.017432 0.0544296
1.74074e+09 1.43814 -0.475869 -0.04865 0.998311 -0.0109607 -0.0173819 0.0543483
1.74074e+09 1.4381 -0.475702 -0.0490415 0.998299 -0.0107588 -0.0174775 0.0545705
1.74074e+09 1.43803 -0.475616 -0.0491004 0.998299 -0.0111768 -0.0174466 0.0544998
1.74074e+09 1.43799 -0.475455 -0.049473 0.998288 -0.0109913 -0.0175456 0.0546975
1.74074e+09 1.43792 -0.475377 -0.0495276 0.998288 -0.0113709 -0.0175234 0.0546365
1.74074e+09 1.43788 -0.475221 -0.0498861 0.998278 -0.0111997 -0.0176195 0.0548155
1.74074e+09 1.43784 -0.475071 -0.0502232 0.998269 -0.0110631 -0.0177082 0.0549759
1.74074e+09 1.43777 -0.475 -0.0502758 0.998269 -0.0114034 -0.017692 0.0549231
1.74074e+09 1.43773 -0.474854 -0.0506028 0.99826 -0.0112744 -0.0177766 0.0550716
1.74074e+09 1.43394 -0.473271 -0.0428684 0.997346 -0.00562809 -0.0240436 0.0684891
1.74074e+09 1.43094 -0.472365 -0.0360291 0.997126 -0.00268783 -0.0246384 0.0715947
1.74074e+09 1.42895 -0.471828 -0.031288 0.996997 -0.00066946 -0.0249417 0.073316
1.74074e+09 1.42777 -0.471725 -0.0281408 0.996894 0.00110121 -0.0252502 0.0745917
1.74074e+09 1.42693 -0.471744 -0.0258556 0.996817 0.00239438 -0.0255497 0.0754754
1.74074e+09 1.42637 -0.471919 -0.024179 0.996755 0.00357461 -0.0258162 0.0761643
1.74074e+09 1.42587 -0.472066 -0.0227706 0.996705 0.00441699 -0.0261243 0.0766583
1.74074e+09 1.42544 -0.472219 -0.0215594 0.996668 0.00508631 -0.0263984 0.0770062
1.74074e+09 1.42506 -0.472375 -0.0204892 0.996639 0.00564189 -0.0266469 0.0772522
1.74074e+09 1.42472 -0.472534 -0.0195251 0.996617 0.00611454 -0.0268757 0.0774238
1.74074e+09 1.42441 -0.472689 -0.0186419 0.9966 0.00651681 -0.0270928 0.0775366
1.74074e+09 1.42402 -0.472119 -0.0192712 0.996781 0.00960364 -0.0257286 0.0753283
1.74074e+09 1.42383 -0.472159 -0.0192414 0.996792 0.00955847 -0.0257572 0.0751777
1.74074e+09 1.42367 -0.472207 -0.0192333 0.996798 0.00953728 -0.0258013 0.0750861
1.74074e+09 1.42351 -0.47226 -0.0192359 0.996802 0.00952874 -0.0258498 0.0750161
1.74074e+09 1.42336 -0.472317 -0.0192454 0.996805 0.00952862 -0.0258998 0.0749566
1.74074e+09 1.42322 -0.472378 -0.0192598 0.996808 0.00953466 -0.0259502 0.074903
1.74074e+09 1.42309 -0.472441 -0.0192779 0.99681 0.00954547 -0.0260004 0.0748533
1.74074e+09 1.42295 -0.472506 -0.0192988 0.996812 0.00956007 -0.0260502 0.0748062
1.74074e+09 1.42283 -0.472573 -0.0193221 0.996814 0.00957775 -0.0260996 0.074761
1.74074e+09 1.4227 -0.472641 -0.0193472 0.996816 0.00959797 -0.0261485 0.0747173
1.74074e+09 1.4213 -0.472209 -0.0194097 0.996811 0.00965503 -0.0261662 0.0747653
1.74074e+09 1.42136 -0.472211 -0.0192361 0.996858 0.0103069 -0.0269603 0.0737635
1.74074e+09 1.42142 -0.472188 -0.01917 0.996852 0.0103742 -0.0271182 0.0737832
1.74074e+09 1.42147 -0.472167 -0.0191138 0.996845 0.0104205 -0.0272436 0.0738237
1.74074e+09 1.42152 -0.472148 -0.0190644 0.996838 0.0104584 -0.0273517 0.0738655
1.74074e+09 1.42156 -0.472131 -0.0190203 0.996832 0.010491 -0.027447 0.0739052
1.74074e+09 1.4216 -0.472116 -0.0189808 0.996827 0.0105198 -0.0275322 0.073942
1.74074e+09 1.42163 -0.472102 -0.018945 0.996822 0.0105454 -0.027609 0.073976
1.74074e+09 1.42166 -0.472089 -0.0189124 0.996817 0.0105685 -0.0276786 0.0740073
1.74074e+09 1.42169 -0.472078 -0.0188827 0.996813 0.0105895 -0.0277421 0.0740361
1.74074e+09 1.41773 -0.468617 -0.0327729 0.996949 0.0233343 -0.0144256 0.0730784
1.74074e+09 1.41695 -0.468534 -0.0341317 0.99704 0.0226863 -0.0123977 0.0724036
1.74074e+09 1.41645 -0.468622 -0.034705 0.997119 0.0215466 -0.011194 0.0718582
1.74074e+09 1.41606 -0.468739 -0.0350457 0.997186 0.0204217 -0.0102984 0.0713985
1.74074e+09 1.41574 -0.468871 -0.0352744 0.997243 0.0193759 -0.00956794 0.0709936
1.74074e+09 1.41548 -0.468968 -0.035417 0.997287 0.0185363 -0.00897505 0.0706653
1.74074e+09 1.41526 -0.469049 -0.0355095 0.997325 0.0178069 -0.00847419 0.0703866
1.74074e+09 1.41507 -0.469116 -0.0355648 0.997356 0.0171712 -0.00804464 0.0701476
1.74074e+09 1.41491 -0.469169 -0.0355912 0.997383 0.0166142 -0.00767148 0.0699413
1.74074e+09 1.41476 -0.469242 -0.0356413 0.99741 0.0160336 -0.00732324 0.0697336
1.74074e+09 1.4147 -0.469301 -0.03541 0.99743 0.0157087 -0.00700299 0.0695481
1.74074e+09 1.41495 -0.469659 -0.0331965 0.997459 0.0143917 -0.00608895 0.0695057
1.74074e+09 1.41569 -0.470081 -0.0308354 0.997479 0.013457 -0.00516373 0.0694835
1.74074e+09 1.41641 -0.470472 -0.0286055 0.997493 0.0126981 -0.00434501 0.0694786
1.74074e+09 1.41711 -0.470838 -0.0264832 0.997504 0.012065 -0.00362232 0.0694839
1.74074e+09 1.41779 -0.471179 -0.0244703 0.997511 0.0115298 -0.00297806 0.0694979
1.74074e+09 1.41844 -0.471501 -0.0225581 0.997516 0.0110722 -0.00239941 0.0695184
1.74074e+09 1.41907 -0.471803 -0.0207386 0.99752 0.0106771 -0.00187601 0.0695435
1.74074e+09 1.41967 -0.472087 -0.0190055 0.997523 0.0103301 -0.00139922 0.0695628
1.74074e+09 1.42025 -0.472356 -0.0173515 0.997525 0.0100261 -0.000962727 0.0695852
1.74074e+09 1.42042 -0.473937 -0.0144384 0.997493 0.00371764 0.00289175 0.0706093
1.74074e+09 1.42032 -0.473621 -0.0150077 0.997448 0.00286834 0.00306952 0.0712794
1.74074e+09 1.42013 -0.473264 -0.0157979 0.997414 0.00243693 0.0030068 0.0717666
1.74074e+09 1.41989 -0.472926 -0.0166384 0.997388 0.00214305 0.00287056 0.0721393
1.74074e+09 1.41963 -0.472613 -0.0174874 0.997368 0.00191266 0.00270467 0.0724306
1.74074e+09 1.41935 -0.472326 -0.0183309 0.997352 0.00171846 0.00252563 0.0726675
1.74074e+09 1.41906 -0.472067 -0.0191626 0.997338 0.00154487 0.00233919 0.0728629
1.74074e+09 1.41876 -0.471829 -0.0199812 0.997327 0.00138809 0.00215083 0.0730283
1.74074e+09 1.41846 -0.47161 -0.0207856 0.997317 0.00124389 0.00196277 0.0731704
1.74074e+09 1.41816 -0.471409 -0.0215756 0.997308 0.00110959 0.00177634 0.0732942
1.74074e+09 1.41786 -0.471223 -0.0223512 0.997301 0.000983395 0.00159232 0.0734032
1.74074e+09 1.41756 -0.471051 -0.0231126 0.997294 0.000864025 0.0014112 0.0735001
1.74074e+09 1.41818 -0.471265 -0.0210563 0.997384 0.00439045 0.00318464 0.0720827
1.74074e+09 1.41819 -0.471817 -0.0208781 0.997349 0.00477581 0.00331004 0.0725405
1.74074e+09 1.4181 -0.471814 -0.0209248 0.997347 0.0048384 0.00333416 0.07256
1.74074e+09 1.41802 -0.471815 -0.0209837 0.997346 0.004875 0.0033433 0.0725717
1.74074e+09 1.41793 -0.471818 -0.0210473 0.997345 0.0048989 0.00334532 0.0725796
1.74074e+09 1.41785 -0.471821 -0.0211125 0.997344 0.00491566 0.00334349 0.0725853
1.74074e+09 1.41777 -0.471825 -0.0211779 0.997344 0.004928 0.00333942 0.0725897
1.74074e+09 1.4177 -0.471829 -0.0212427 0.997344 0.00493742 0.00333398 0.0725932
1.74074e+09 1.41762 -0.471833 -0.0213064 0.997344 0.00494482 0.00332769 0.0725961
1.74074e+09 1.41621 -0.471954 -0.0219445 0.997385 0.00511389 0.00269367 0.0720408
1.74074e+09 1.41649 -0.471906 -0.0217875 0.997374 0.00509938 0.0027655 0.0721908
1.74074e+09 1.41669 -0.471867 -0.021672 0.997369 0.00509099 0.00280535 0.0722613
1.74074e+09 1.41686 -0.471832 -0.0215765 0.997366 0.00508548 0.00282989 0.0722966
1.74074e+09 1.417 -0.4718 -0.0214927 0.997365 0.00508158 0.00284563 0.0723137
1.74074e+09 1.41712 -0.47177 -0.0214166 0.997364 0.00507871 0.00285568 0.0723205
1.74074e+09 1.41723 -0.471743 -0.0213461 0.997364 0.00507653 0.00286173 0.0723211
1.74074e+09 1.41733 -0.471717 -0.0212798 0.997365 0.00507486 0.00286478 0.0723177
1.74074e+09 1.41743 -0.471692 -0.0212169 0.997365 0.00507357 0.00286548 0.0723119
1.74074e+09 1.41752 -0.471669 -0.0211568 0.997366 0.00507259 0.00286429 0.0723045
1.74074e+09 1.4176 -0.471647 -0.021099 0.997366 0.00507186 0.00286153 0.0722961
1.74074e+09 1.41758 -0.471521 -0.0210971 0.997377 0.00508968 0.00286324 0.0721476
1.74074e+09 1.41759 -0.471516 -0.0210896 0.997381 0.00508747 0.00286088 0.0720975
1.74074e+09 1.41761 -0.471511 -0.0210824 0.997384 0.00508498 0.00286194 0.0720504
1.74074e+09 1.41762 -0.471505 -0.0210757 0.997387 0.00508233 0.00286541 0.0720062
1.74074e+09 1.41764 -0.471499 -0.0210694 0.99739 0.00507958 0.00287063 0.0719646
1.74074e+09 1.41765 -0.471494 -0.0210638 0.997393 0.00507681 0.00287713 0.0719254
1.74074e+09 1.41766 -0.471489 -0.0210588 0.997396 0.00507413 0.00288442 0.0718886
1.74074e+09 1.41768 -0.471484 -0.0210544 0.997398 0.00507148 0.00289245 0.0718538
1.74074e+09 1.41769 -0.47148 -0.0210506 0.9974 0.00506885 0.00290103 0.0718208
1.74074e+09 1.4177 -0.471475 -0.0210473 0.997403 0.00506627 0.00291004 0.0717896
1.74074e+09 1.41771 -0.471471 -0.0210445 0.997405 0.00506374 0.00291937 0.07176
1.74074e+09 1.41791 -0.471573 -0.0223448 0.997324 0.00518977 0.00267428 0.0728786
1.74074e+09 1.41793 -0.471573 -0.0223421 0.997326 0.00517786 0.00273678 0.0728414
1.74074e+09 1.41794 -0.471576 -0.0223431 0.997328 0.00516988 0.00277592 0.0728149
1.74074e+09 1.41796 -0.47158 -0.0223463 0.99733 0.005164 0.00280244 0.0727944
1.74074e+09 1.41796 -0.471584 -0.0223507 0.997331 0.00515937 0.0028214 0.0727777
1.74074e+09 1.41797 -0.471589 -0.022356 0.997332 0.00515554 0.00283549 0.0727636
1.74074e+09 1.41798 -0.471594 -0.0223619 0.997333 0.00515224 0.00284629 0.0727514
1.74074e+09 1.41798 -0.4716 -0.0223682 0.997334 0.00514931 0.00285475 0.0727406
1.74074e+09 1.41799 -0.471606 -0.0223749 0.997334 0.00514665 0.00286151 0.0727309
1.74074e+09 1.41866 -0.470312 -0.0267614 0.997295 0.00609834 -0.00973311 0.0726058
1.74074e+09 1.41843 -0.470525 -0.0257953 0.997213 0.00628828 -0.0123933 0.0732977
1.74074e+09 1.41786 -0.470909 -0.0243578 0.997153 0.0067641 -0.0133545 0.0739069
1.74074e+09 1.41726 -0.471298 -0.0229392 0.997107 0.00720269 -0.0139295 0.0743788
1.74074e+09 1.41668 -0.471669 -0.0216095 0.997072 0.00758048 -0.0143511 0.0747317
1.74074e+09 1.41612 -0.472044 -0.0203777 0.997041 0.00794577 -0.0146886 0.0750334
1.74074e+09 1.41559 -0.472396 -0.0192382 0.997018 0.00825971 -0.0149761 0.0752531
1.74074e+09 1.41509 -0.47273 -0.018183 0.997 0.00853476 -0.0152289 0.0754107
1.74074e+09 1.41462 -0.473048 -0.0172039 0.996986 0.00877981 -0.0154559 0.0755198
1.74074e+09 1.41417 -0.473343 -0.0163068 0.996976 0.00899348 -0.0156597 0.0755774
1.74074e+09 1.41375 -0.473629 -0.0154707 0.996969 0.00919039 -0.0158471 0.0756079
1.74074e+09 1.41375 -0.475128 -0.0170616 0.99658 0.00097372 -0.0204406 0.0800631
1.74074e+09 1.41395 -0.475097 -0.0174795 0.996489 -0.000536709 -0.0216257 0.0808845
1.74074e+09 1.41411 -0.475069 -0.0179704 0.99643 -0.00126078 -0.0221284 0.0814664
1.74074e+09 1.41426 -0.474963 -0.018355 0.996397 -0.00170687 -0.0224682 0.0817656
1.74074e+09 1.41439 -0.474829 -0.0187149 0.996369 -0.00197494 -0.0226933 0.0820326
1.74074e+09 1.4145 -0.474673 -0.0190599 0.996347 -0.00214155 -0.022847 0.0822613
1.74074e+09 1.4146 -0.474491 -0.0194124 0.996321 -0.00221119 -0.0229269 0.0825435
1.74074e+09 1.41475 -0.474423 -0.0198153 0.996285 -0.00232154 -0.0229852 0.0829591
1.74074e+09 1.41489 -0.474334 -0.0202053 0.996255 -0.00239581 -0.0230162 0.0833063
1.74074e+09 1.41453 -0.47707 -0.0202444 0.996261 -0.00876665 -0.0243993 0.0824107
1.74074e+09 1.41574 -0.480167 -0.0197779 0.996245 -0.00868625 -0.0240954 0.0827063
1.74074e+09 1.41682 -0.482906 -0.0193166 0.996254 -0.00863724 -0.0238506 0.0826716
1.74074e+09 1.41781 -0.485374 -0.0188929 0.996266 -0.00862464 -0.023646 0.0825814
1.74074e+09 1.41871 -0.487617 -0.0185047 0.996279 -0.00863303 -0.0234718 0.0824762
1.74074e+09 1.41956 -0.48967 -0.0181477 0.996291 -0.00865267 -0.0233218 0.0823682
1.74074e+09 1.42035 -0.491553 -0.0178147 0.996304 -0.00868194 -0.0231945 0.0822548
1.74074e+09 1.42109 -0.493295 -0.0175045 0.996315 -0.00871222 -0.0230833 0.0821459
1.74074e+09 1.42179 -0.494911 -0.0172147 0.996325 -0.00874181 -0.022986 0.0820419
1.74074e+09 1.41763 -0.494331 -0.0270163 0.996644 -0.00452108 -0.00219686 0.0817004
1.74074e+09 1.41742 -0.494155 -0.0276889 0.996751 -0.00167425 -0.00135674 0.0805104
1.74074e+09 1.41737 -0.493828 -0.0280328 0.996785 -7.74345e-05 -0.000800581 0.0801242
1.74074e+09 1.41737 -0.49357 -0.0281976 0.996804 0.000977927 -0.000403384 0.0798813
1.74074e+09 1.41741 -0.493409 -0.0282192 0.996818 0.00168686 -0.000118949 0.0796946
1.74074e+09 1.41746 -0.493262 -0.0281805 0.996827 0.00221673 0.000104525 0.079567
1.74074e+09 1.41753 -0.493124 -0.0281065 0.996833 0.00262767 0.000285882 0.0794753
1.74074e+09 1.41761 -0.492995 -0.0280051 0.996838 0.00295438 0.000436476 0.0794067
1.74074e+09 1.41758 -0.492509 -0.0277228 0.99684 0.00275414 0.000668166 0.0793889
1.74074e+09 1.41765 -0.491717 -0.0274264 0.996842 0.00264302 0.000898466 0.0793601
1.74074e+09 1.41772 -0.490941 -0.0271561 0.996844 0.00254866 0.00112108 0.0793309
1.74074e+09 1.41779 -0.490183 -0.0269037 0.996847 0.00246147 0.00133425 0.0793018
1.74074e+09 1.41785 -0.489444 -0.026666 0.996849 0.00237868 0.00153802 0.0792727
1.74074e+09 1.4179 -0.488722 -0.0264412 0.996851 0.00229916 0.00173278 0.0792438
1.74074e+09 1.41796 -0.488018 -0.0262281 0.996853 0.00222234 0.00191904 0.079215
1.74074e+09 1.41801 -0.487332 -0.0260257 0.996855 0.00214787 0.00209731 0.0791865
1.74074e+09 1.41805 -0.486661 -0.0258332 0.996857 0.00207555 0.00226807 0.0791583
1.74074e+09 1.4181 -0.486007 -0.0256498 0.996859 0.00200522 0.00243178 0.0791304
1.74074e+09 1.41814 -0.485368 -0.0254749 0.996861 0.00193675 0.00258885 0.0791027
1.74074e+09 1.41818 -0.484744 -0.0253079 0.996863 0.00187005 0.0027397 0.0790754
1.74074e+09 1.41759 -0.48555 -0.0252495 0.996974 0.00469922 0.00450831 0.0774687
1.74074e+09 1.41753 -0.485798 -0.0252378 0.997002 0.00492296 0.00422614 0.0771067
1.74074e+09 1.4175 -0.486024 -0.025205 0.997024 0.00509825 0.00398539 0.0768208
1.74074e+09 1.41748 -0.486234 -0.0251553 0.997041 0.00524644 0.00377904 0.076593
1.74074e+09 1.41748 -0.486429 -0.0250933 0.997055 0.00539361 0.00358252 0.0764177
1.74074e+09 1.41749 -0.486594 -0.0250134 0.997063 0.00553366 0.00339925 0.0763135
1.74074e+09 1.41752 -0.486751 -0.0249277 0.997069 0.00565991 0.00323327 0.0762312
1.74074e+09 1.41965 -0.487856 -0.0239071 0.997084 0.0058917 0.00351488 0.0759987
1.74074e+09 1.42109 -0.48906 -0.0228679 0.997094 0.00605209 0.00395941 0.0758325
1.74074e+09 1.42243 -0.490579 -0.0216245 0.997081 0.00628331 0.00451476 0.0759555
1.74074e+09 1.42356 -0.491983 -0.0205487 0.997067 0.00649649 0.004994 0.0760891
1.74074e+09 1.4243 -0.492964 -0.0197614 0.997056 0.00665187 0.00534757 0.0762042
1.74074e+09 1.42493 -0.493892 -0.0190665 0.997044 0.00679887 0.00565652 0.0763208
1.74074e+09 1.42549 -0.49477 -0.0184422 0.997033 0.00693731 0.00593191 0.0764343
1.74074e+09 1.42598 -0.495599 -0.0178768 0.997022 0.00706789 0.00617985 0.0765421
1.74074e+09 1.42643 -0.496387 -0.0173621 0.997012 0.00719143 0.00640388 0.0766434
1.74074e+09 1.42683 -0.497137 -0.0168911 0.997003 0.00730862 0.00660729 0.0767378
1.74074e+09 1.42719 -0.497852 -0.0164584 0.996994 0.00742005 0.00679272 0.0768254
1.74074e+09 1.42752 -0.498539 -0.0160579 0.996986 0.00752615 0.0069639 0.0769017
1.74074e+09 1.42666 -0.500113 -0.0163326 0.997028 0.00771895 0.00649238 0.0763732
1.74074e+09 1.42592 -0.500832 -0.0165929 0.997062 0.00786629 0.006098 0.0759486
1.74074e+09 1.42533 -0.501408 -0.0168061 0.997089 0.00798316 0.00578501 0.0756023
1.74074e+09 1.42483 -0.501885 -0.0169852 0.997112 0.00807898 0.00552736 0.0753137
1.74074e+09 1.42442 -0.502284 -0.0171361 0.997131 0.00815743 0.00531681 0.07507
1.74074e+09 1.42407 -0.502622 -0.0172699 0.997147 0.00822428 0.00513315 0.0748627
1.74074e+09 1.42376 -0.502915 -0.0173885 0.997161 0.00828172 0.00497524 0.0746813
1.74074e+09 1.42349 -0.503169 -0.0174939 0.997173 0.00833118 0.00483834 0.0745221
1.74074e+09 1.42326 -0.503391 -0.0175888 0.997184 0.00837406 0.0047182 0.0743796
1.74074e+09 1.42305 -0.503588 -0.0176744 0.997193 0.00841135 0.0046128 0.0742522
1.74074e+09 1.42286 -0.503762 -0.0177522 0.997202 0.008444 0.00451967 0.0741375
1.74074e+09 1.42279 -0.504536 -0.0177646 0.997221 0.00841849 0.00475322 0.0738671
1.74074e+09 1.42279 -0.504553 -0.017782 0.997231 0.00840459 0.00481333 0.0737375
1.74074e+09 1.42278 -0.504572 -0.0177986 0.997238 0.00839589 0.00484702 0.0736305
1.74074e+09 1.42278 -0.504591 -0.0178145 0.997245 0.00839041 0.00486436 0.0735388
1.74074e+09 1.42278 -0.50461 -0.0178297 0.997251 0.00838702 0.0048711 0.0734583
1.74074e+09 1.42278 -0.50463 -0.0178443 0.997256 0.00838502 0.00487072 0.0733861
1.74074e+09 1.42277 -0.504649 -0.0178584 0.997261 0.00838397 0.00486543 0.0733207
1.74074e+09 1.42277 -0.504668 -0.0178721 0.997266 0.00838359 0.00485673 0.0732607
1.74074e+09 1.42277 -0.504687 -0.0178853 0.99727 0.00838368 0.00484562 0.0732052
1.74074e+09 1.42277 -0.504706 -0.0178981 0.997274 0.00838409 0.00483281 0.0731536
1.74074e+09 1.42277 -0.504724 -0.0179105 0.997277 0.00838473 0.00481882 0.0731054
1.74074e+09 1.42166 -0.500851 -0.0182682 0.997601 0.00515167 0.00378915 0.0689332
1.74074e+09 1.42074 -0.497449 -0.0179061 0.997749 0.00364649 0.00357304 0.0668701
1.74074e+09 1.42013 -0.494692 -0.0176459 0.997849 0.00244721 0.0031283 0.0654407
1.74074e+09 1.41966 -0.492324 -0.0174749 0.997925 0.0013792 0.00261909 0.0643121
1.74074e+09 1.41927 -0.490282 -0.0173788 0.997994 0.000413716 0.00211552 0.0632679
1.74074e+09 1.41894 -0.488457 -0.0172962 0.998052 -0.000413335 0.00164343 0.0623665
1.74074e+09 1.41867 -0.4869 -0.0172552 0.998099 -0.00112815 0.00121338 0.0616094
1.74074e+09 1.41845 -0.485558 -0.0172461 0.998138 -0.00175042 0.000820797 0.0609587
1.74074e+09 1.41828 -0.48439 -0.0172594 0.998172 -0.00229662 0.000470292 0.0603967
1.74074e+09 1.41813 -0.483766 -0.0170279 0.998182 -0.00223187 0.000377896 0.0602242
1.74074e+09 1.41799 -0.481994 -0.0163286 0.998073 -0.00356667 -0.000151731 0.0619547
1.74074e+09 1.41801 -0.481996 -0.0163042 0.998073 -0.00356283 -0.000154574 0.061952
1.74074e+09 1.41803 -0.481998 -0.0162798 0.998073 -0.003559 -0.000157405 0.0619494
1.74074e+09 1.41805 -0.481999 -0.0162556 0.998073 -0.00355518 -0.000160225 0.0619467
1.74074e+09 1.41807 -0.482001 -0.0162315 0.998073 -0.00355139 -0.000163032 0.0619441
1.74074e+09 1.41809 -0.482003 -0.0162074 0.998073 -0.0035476 -0.000165829 0.0619414
1.74074e+09 1.41811 -0.482005 -0.0161835 0.998074 -0.00354384 -0.000168613 0.0619388
1.74074e+09 1.41813 -0.482007 -0.0161597 0.998074 -0.00354009 -0.000171386 0.0619362
1.74074e+09 1.41815 -0.482008 -0.0161359 0.998074 -0.00353635 -0.000174148 0.0619336
1.74074e+09 1.41817 -0.48201 -0.0161123 0.998074 -0.00353263 -0.000176898 0.061931
1.74074e+09 1.41819 -0.482012 -0.0160887 0.998074 -0.00352893 -0.000179638 0.0619284
1.74074e+09 1.41821 -0.482013 -0.0160653 0.998075 -0.00352524 -0.000182366 0.0619258
1.74074e+09 1.41882 -0.477264 -0.0122821 0.997118 -0.00244228 -0.0106932 0.0750646
1.74074e+09 1.41899 -0.476755 -0.011879 0.996921 -0.00301172 -0.0127058 0.0773125
1.74074e+09 1.41907 -0.476541 -0.0117229 0.996811 -0.00363864 -0.0139056 0.0784966
1.74074e+09 1.41912 -0.476478 -0.0116638 0.996742 -0.00411301 -0.0146817 0.0792025
1.74074e+09 1.41915 -0.476437 -0.0116341 0.996695 -0.00453008 -0.0152812 0.0796585
1.74074e+09 1.41918 -0.476437 -0.0116253 0.996661 -0.00483851 -0.0157258 0.0799789
1.74074e+09 1.41919 -0.476462 -0.0116278 0.996635 -0.00507346 -0.0160722 0.0802134
1.74074e+09 1.41921 -0.476503 -0.0116372 0.996615 -0.00525663 -0.0163522 0.0803901
1.74074e+09 1.41922 -0.476556 -0.0116507 0.9966 -0.00540196 -0.0165851 0.0805262
1.74074e+09 1.41897 -0.479439 -0.0106872 0.996958 -0.00232101 -0.0249863 0.0737865
1.74074e+09 1.41898 -0.479666 -0.0106137 0.996996 -0.00212236 -0.0258824 0.0729637
1.74074e+09 1.41895 -0.479747 -0.0105582 0.997011 -0.00213944 -0.0261785 0.0726644
1.74074e+09 1.41889 -0.47979 -0.0105123 0.997018 -0.0022013 -0.0263214 0.0725067
1.74074e+09 1.41887 -0.479678 -0.0106596 0.997019 -0.00202808 -0.026449 0.0724595
1.74074e+09 1.41881 -0.479694 -0.0106227 0.997022 -0.00211275 -0.0264998 0.0723872
1.74074e+09 1.41878 -0.479573 -0.0107637 0.997022 -0.00197583 -0.026572 0.0723719
1.74074e+09 1.41872 -0.47958 -0.0107322 0.997024 -0.00206209 -0.026595 0.072329
1.74074e+09 1.41869 -0.479456 -0.0108668 0.997023 -0.00194685 -0.0266431 0.0723232
1.74074e+09 1.41862 -0.479459 -0.0108392 0.997025 -0.00203011 -0.0266549 0.0722947
1.74074e+09 1.41859 -0.479335 -0.0109681 0.997024 -0.00193 -0.0266897 0.072292
1.74074e+09 1.41853 -0.479336 -0.0109437 0.997026 -0.00200917 -0.0266963 0.0722719
1.74074e+09 1.41829 -0.479627 -0.010522 0.997071 -0.00275814 -0.0267 0.0716135
1.74074e+09 1.41833 -0.479557 -0.0103621 0.997096 -0.00323854 -0.0266676 0.0712531
1.74074e+09 1.4184 -0.479542 -0.0102018 0.997115 -0.00350667 -0.0266589 0.0709807
1.74074e+09 1.41848 -0.479515 -0.0100576 0.997128 -0.00369529 -0.0266419 0.0707932
1.74074e+09 1.41856 -0.479482 -0.00992478 0.997138 -0.00383398 -0.0266216 0.0706532
1.74074e+09 1.41864 -0.479444 -0.00980017 0.997146 -0.00393949 -0.0266 0.0705427
1.74074e+09 1.41872 -0.479403 -0.00968178 0.997153 -0.00402189 -0.0265777 0.0704518
1.74074e+09 1.41881 -0.47936 -0.0095683 0.997159 -0.0040876 -0.0265551 0.0703746
1.74074e+09 1.41729 -0.483364 -0.00458877 0.99717 0.000898382 -0.0245629 0.0710478
1.74074e+09 1.41672 -0.483827 -0.00318026 0.997029 0.00127365 -0.0256272 0.0726289
1.74074e+09 1.41629 -0.483948 -0.00216917 0.996963 0.00162893 -0.0260161 0.0733886
1.74074e+09 1.41593 -0.483945 -0.00134194 0.996925 0.00195516 -0.0261611 0.0738351
1.74074e+09 1.41561 -0.483887 -0.000626372 0.996902 0.00225293 -0.0261967 0.0741292
1.74074e+09 1.41533 -0.483794 -3.57075e-05 0.996885 0.0024891 -0.0262075 0.0743405
1.74074e+09 1.41503 -0.483584 0.000597498 0.996869 0.00272875 -0.026205 0.0745516
1.74074e+09 1.41467 -0.483052 0.00121272 0.99686 0.00288527 -0.0261849 0.0746676
1.74074e+09 1.41434 -0.482554 0.00177865 0.996854 0.00302862 -0.0261549 0.0747631
1.74074e+09 1.41403 -0.482091 0.00230148 0.996848 0.00316144 -0.0261166 0.0748411
1.74074e+09 1.41374 -0.481658 0.00278682 0.996844 0.00328476 -0.0260733 0.074906
1.74074e+09 1.41345 -0.481328 0.00331868 0.996843 0.00349854 -0.0259739 0.0749507
1.74074e+09 1.41318 -0.48102 0.00382458 0.996842 0.00370407 -0.0258759 0.0749889
1.74074e+09 1.41293 -0.480784 0.00429185 0.996843 0.00392227 -0.0257523 0.0750056
1.74074e+09 1.41375 -0.479352 0.00525844 0.996666 0.00308667 -0.0223595 0.0784104
1.74074e+09 1.41375 -0.479351 0.00529612 0.996663 0.00296827 -0.0221814 0.0784941
1.74074e+09 1.41374 -0.479379 0.00532936 0.996666 0.00290451 -0.0220853 0.0784912
1.74074e+09 1.41373 -0.479412 0.0053596 0.996669 0.00286108 -0.0220128 0.0784705
1.74074e+09 1.41372 -0.479446 0.00538749 0.996673 0.00282964 -0.0219519 0.078445
1.74074e+09 1.41371 -0.479479 0.00541343 0.996676 0.00280652 -0.0218981 0.0784185
1.74074e+09 1.41285 -0.480308 0.00671521 0.996766 0.00290424 -0.0216268 0.0773345
1.74074e+09 1.41295 -0.48036 0.00702565 0.996729 0.00334643 -0.0228561 0.0774411
1.74074e+09 1.41296 -0.480375 0.00712266 0.996722 0.00349804 -0.0232847 0.0774043
1.74074e+09 1.41293 -0.480383 0.00715892 0.996718 0.00356439 -0.0235136 0.07738
1.74074e+09 1.41289 -0.480387 0.00716969 0.996716 0.00359439 -0.0236594 0.0773633
1.74074e+09 1.41284 -0.480388 0.00716749 0.996714 0.00360567 -0.0237624 0.0773511
1.74074e+09 1.41279 -0.480388 0.00715793 0.996713 0.00360616 -0.0238404 0.0773416
1.74074e+09 1.41273 -0.480386 0.00714384 0.996712 0.00359992 -0.0239026 0.0773339
1.74074e+09 1.41268 -0.480384 0.00712686 0.996711 0.00358925 -0.023954 0.0773275
1.74074e+09 1.41262 -0.48038 0.00710796 0.996711 0.00357557 -0.0239979 0.0773219
1.74074e+09 1.41257 -0.480376 0.00708777 0.99671 0.00355977 -0.0240362 0.077317
1.74074e+09 1.41251 -0.480371 0.00706669 0.99671 0.00354245 -0.0240702 0.0773126
1.74074e+09 1.40968 -0.48513 -6.14783e-05 0.996857 -0.0096491 -0.0166191 0.0768579
1.74074e+09 1.40875 -0.485593 -0.00180903 0.996962 -0.00764404 -0.0134165 0.0763411
1.74074e+09 1.40804 -0.485955 -0.00291912 0.997017 -0.00579216 -0.0110404 0.07617
1.74074e+09 1.40752 -0.486205 -0.00363186 0.997047 -0.00441061 -0.00930121 0.0760998
1.74074e+09 1.40711 -0.486386 -0.0041318 0.997066 -0.00331475 -0.00795717 0.0760533
1.74074e+09 1.40691 -0.486229 -0.00487517 0.997123 -0.0025624 -0.00711338 0.0754245
1.74074e+09 1.40673 -0.486066 -0.00556473 0.997171 -0.00192685 -0.00638072 0.0748656
1.74074e+09 1.40651 -0.486068 -0.00639349 0.997229 -0.00142272 -0.00585877 0.0741532
1.74074e+09 1.40633 -0.486067 -0.00704193 0.997272 -0.000968884 -0.005371 0.0736066
1.74074e+09 1.40478 -0.486721 -0.00846289 0.997378 0.00391063 0.000651768 0.0722643
1.74074e+09 1.40469 -0.486803 -0.00803098 0.997391 0.00445022 0.00139775 0.0720325
1.74074e+09 1.40469 -0.486857 -0.00746902 0.9974 0.00464511 0.00172256 0.071899
1.74074e+09 1.40471 -0.486901 -0.00688906 0.997406 0.00473896 0.00192063 0.0717974
1.74074e+09 1.40474 -0.486939 -0.00631644 0.997412 0.00479016 0.0020627 0.0717117
1.74074e+09 1.40477 -0.486974 -0.00575918 0.997417 0.00481975 0.00217447 0.0716358
1.74074e+09 1.40481 -0.487006 -0.00521998 0.997421 0.00483712 0.00226754 0.0715671
1.74074e+09 1.40485 -0.487038 -0.00470336 0.997426 0.00484626 0.00234894 0.0715024
1.74074e+09 1.40488 -0.487069 -0.00420537 0.99743 0.00485064 0.00242112 0.0714423
1.74074e+09 1.40492 -0.487097 -0.00372551 0.997434 0.00485188 0.0024863 0.0713861
1.74074e+09 1.40496 -0.487124 -0.00326308 0.997437 0.004851 0.00254596 0.0713332
1.74074e+09 1.40499 -0.48715 -0.0028173 0.997441 0.0048487 0.0026011 0.0712835
1.74074e+09 1.40435 -0.487729 -0.00217363 0.997442 0.00478303 0.00252987 0.0712734
1.74074e+09 1.40437 -0.487768 -0.00192945 0.997444 0.00472507 0.00253895 0.0712466
1.74074e+09 1.40438 -0.487807 -0.00168752 0.997446 0.00467751 0.00255402 0.0712228
1.74074e+09 1.40439 -0.487843 -0.00144769 0.997448 0.00463798 0.00257032 0.0712017
1.74074e+09 1.4044 -0.487879 -0.0012098 0.997449 0.00460477 0.00258681 0.0711828
1.74074e+09 1.40441 -0.487914 -0.000973745 0.997451 0.00457662 0.00260318 0.0711658
1.74074e+09 1.40442 -0.487948 -0.000739417 0.997452 0.00455259 0.00261932 0.0711506
1.74074e+09 1.40443 -0.487981 -0.000506743 0.997453 0.00453194 0.00263521 0.0711367
1.74074e+09 1.40446 -0.488003 -0.000249625 0.997452 0.00449037 0.00266992 0.0711512
1.74074e+09 1.40429 -0.488872 0.00043501 0.997421 0.00870095 0.00305522 0.0711745
1.74074e+09 1.40438 -0.488804 0.000525215 0.997423 0.00897357 0.00306963 0.0711103
1.74074e+09 1.40446 -0.488712 0.000601932 0.997428 0.00908349 0.00307042 0.0710284
1.74074e+09 1.40453 -0.488613 0.000674237 0.997433 0.00914502 0.00306803 0.0709567
1.74074e+09 1.4046 -0.48851 0.000743788 0.997437 0.00918486 0.00306451 0.0708963
1.74074e+09 1.40468 -0.488406 0.000811037 0.99744 0.00921282 0.00306044 0.0708454
1.74074e+09 1.40476 -0.488407 0.000889658 0.997439 0.00914545 0.00307814 0.0708664
1.74074e+09 1.40482 -0.488307 0.000952675 0.997442 0.00917069 0.00307361 0.0708297
1.74074e+09 1.4049 -0.488301 0.00102728 0.997441 0.00912256 0.00309194 0.0708397
1.74074e+09 1.40496 -0.488205 0.00108605 0.997443 0.00914454 0.0030867 0.0708119
1.74074e+09 1.40503 -0.488196 0.00115671 0.997443 0.00910687 0.00310517 0.0708172
1.74074e+09 1.4048 -0.487021 0.00169037 0.997822 0.0083675 0.00333358 0.0653518
1.74074e+09 1.40548 -0.487443 0.000356362 0.99797 0.00703333 0.0021643 0.0632514
1.74074e+09 1.40645 -0.4888 -0.00028842 0.998108 0.00622112 0.00179215 0.0611385
1.74074e+09 1.40753 -0.491359 -0.000952179 0.998234 0.00516188 0.00140356 0.059159
1.74074e+09 1.40875 -0.494007 -0.00177925 0.998307 0.00439393 0.000774699 0.0579927
1.74074e+09 1.4097 -0.495946 -0.00206781 0.998383 0.00392582 0.000711273 0.0567077
1.74074e+09 1.41051 -0.497621 -0.00219222 0.998444 0.00361655 0.000785341 0.0556414
1.74074e+09 1.41104 -0.498973 -0.0025241 0.998459 0.00309611 0.000525733 0.0554024
1.74074e+09 1.4116 -0.500427 -0.00253821 0.998493 0.00291087 0.000631427 0.0547964
1.74074e+09 1.41211 -0.501901 -0.00251468 0.998522 0.0027682 0.000759194 0.0542643
1.74074e+09 1.41247 -0.502954 -0.00274134 0.998524 0.00233643 0.000567609 0.0542583
1.74074e+09 1.41288 -0.50417 -0.00268637 0.998545 0.00223537 0.000701994 0.0538724
1.74074e+09 1.41269 -0.504459 -0.000947543 0.998599 0.0026788 0.00316759 0.0527579
1.74074e+09 1.41219 -0.503614 0.000184019 0.99862 0.00302229 0.00437552 0.0522405
1.74074e+09 1.41145 -0.50243 0.00119053 0.998628 0.00323127 0.00503405 0.0520179
1.74074e+09 1.41069 -0.5013 0.00207232 0.998634 0.00339136 0.00546251 0.0518528
1.74074e+09 1.40994 -0.500232 0.00286599 0.998639 0.00351771 0.00575766 0.0517166
1.74074e+09 1.40921 -0.499231 0.003591 0.998644 0.00361964 0.00596816 0.0515967
1.74074e+09 1.4085 -0.498293 0.004261 0.998648 0.0037033 0.00612268 0.0514868
1.74074e+09 1.40782 -0.497416 0.00488475 0.998652 0.00377288 0.00623829 0.0513838
1.74074e+09 1.40716 -0.496596 0.00546861 0.998657 0.00383137 0.00632595 0.0512856
1.74074e+09 1.40652 -0.49583 0.00601747 0.998661 0.00388097 0.00639298 0.0511913
1.74074e+09 1.40458 -0.500818 0.0104661 0.997275 0.0124425 -0.0192803 0.0701207
1.74074e+09 1.40488 -0.500469 0.0102879 0.997122 0.0127905 -0.0202127 0.0719402
1.74074e+09 1.40515 -0.500105 0.0100153 0.997045 0.012657 -0.0202889 0.0729981
1.74074e+09 1.40542 -0.499743 0.00972485 0.996991 0.0123709 -0.0201814 0.0738115
1.74074e+09 1.40568 -0.49939 0.00943112 0.996948 0.0120107 -0.0200219 0.0744961
1.74074e+09 1.40593 -0.499043 0.00914362 0.996912 0.0115961 -0.0198585 0.0750902
1.74074e+09 1.40616 -0.498706 0.00886043 0.996879 0.0111719 -0.0196885 0.0756292
1.74074e+09 1.40638 -0.49838 0.00859577 0.996849 0.0107538 -0.0195154 0.0761254
1.74074e+09 1.40659 -0.498081 0.00830971 0.996822 0.0103437 -0.0193403 0.0765827
1.74074e+09 1.40679 -0.497793 0.00802826 0.996796 0.00994179 -0.0191713 0.077012
1.74074e+09 1.40699 -0.497516 0.00775145 0.996772 0.00954953 -0.0190088 0.0774172
1.74074e+09 1.40718 -0.497256 0.00747525 0.996748 0.0091876 -0.0188435 0.0778058
1.74074e+09 1.40736 -0.497005 0.00720345 0.996725 0.00883519 -0.0186857 0.0781743
1.74074e+09 1.40756 -0.496735 0.00691839 0.996705 0.00842853 -0.0185598 0.0785096
1.74074e+09 1.40774 -0.496472 0.00664074 0.996685 0.00802885 -0.0184338 0.0788358
1.74074e+09 1.40694 -0.498954 0.00803534 0.99706 0.0112346 -0.0230533 0.0722114
1.74074e+09 1.40692 -0.499018 0.00807723 0.997105 0.0115664 -0.0236308 0.0713349
1.74074e+09 1.40694 -0.498936 0.00804374 0.997125 0.01165 -0.0238465 0.070976
1.74074e+09 1.40697 -0.498812 0.00798657 0.997137 0.011664 -0.0239534 0.0707736
1.74074e+09 1.407 -0.498671 0.00791862 0.997145 0.0116511 -0.0240133 0.0706391
1.74074e+09 1.40704 -0.498522 0.00784477 0.997151 0.0116265 -0.0240487 0.0705403
1.74074e+09 1.40707 -0.498369 0.00776736 0.997157 0.0115967 -0.0240697 0.0704625
1.74074e+09 1.40711 -0.498215 0.00768767 0.997161 0.0115648 -0.0240817 0.0703982
1.74074e+09 1.40715 -0.498053 0.00760441 0.997166 0.0115243 -0.0240888 0.0703408
1.74074e+09 1.40802 -0.497376 0.00524213 0.997015 0.00798943 -0.0271217 0.0718455
1.74074e+09 1.40844 -0.497374 0.00442843 0.996964 0.00716089 -0.0277294 0.072408
1.74074e+09 1.40875 -0.497501 0.00388248 0.996931 0.00674758 -0.0279943 0.0727953
1.74074e+09 1.40901 -0.497671 0.00343976 0.996906 0.006495 -0.0281245 0.07311
1.74074e+09 1.40939 -0.497781 0.00295946 0.996892 0.00628664 -0.028121 0.073319
1.74074e+09 1.40974 -0.497904 0.00250828 0.99688 0.00612529 -0.0280885 0.0735113
1.74074e+09 1.41008 -0.498032 0.00207637 0.996869 0.00599557 -0.0280396 0.0736931
1.74074e+09 1.41041 -0.498163 0.00165807 0.996858 0.00588858 -0.0279808 0.0738676
1.74074e+09 1.41073 -0.498295 0.00124992 0.996848 0.00579887 -0.0279162 0.0740366
1.74074e+09 1.41105 -0.498427 0.000849692 0.996838 0.00572283 -0.0278479 0.0742011
1.74074e+09 1.41135 -0.498575 0.000437476 0.996828 0.00563952 -0.027777 0.0743665
1.74074e+09 1.41165 -0.49872 3.28212e-05 0.996818 0.00556839 -0.0277043 0.0745279
1.74074e+09 1.41567 -0.496866 0.000845633 0.997224 0.00291831 -0.020271 0.0715923
1.74074e+09 1.41704 -0.496256 0.000663164 0.997393 0.00236608 -0.0178891 0.069869
1.74074e+09 1.41783 -0.495893 0.000428321 0.997505 0.00220868 -0.0166655 0.0685669
1.74074e+09 1.41845 -0.495628 0.000144506 0.99759 0.00225344 -0.0159489 0.0674952
1.74074e+09 1.41897 -0.495423 -0.000141943 0.997658 0.00238485 -0.0154934 0.0665808
1.74074e+09 1.41942 -0.495257 -0.000412723 0.997716 0.0025491 -0.0151914 0.0657753
1.74074e+09 1.41475 -0.501194 -0.0048508 0.99828 -0.0020969 -0.00169042 0.0585613
1.74074e+09 1.41468 -0.50078 -0.0059999 0.998306 -0.000212495 -3.01494e-05 0.0581812
1.74074e+09 1.41454 -0.500715 -0.00692396 0.998317 0.00119352 0.000983311 0.0579797
1.74074e+09 1.41443 -0.500699 -0.00758822 0.99832 0.00226926 0.001759 0.0578643
1.74074e+09 1.41432 -0.500737 -0.00812101 0.998321 0.00311067 0.00234809 0.0578011
1.74074e+09 1.41422 -0.500814 -0.00856102 0.998319 0.00378601 0.00281052 0.057762
1.74074e+09 1.41424 -0.500696 -0.00885826 0.998318 0.0043034 0.0031974 0.0577191
1.74074e+09 1.41426 -0.500607 -0.00910891 0.998317 0.00473439 0.00351703 0.0576891
1.74074e+09 1.41427 -0.500538 -0.00932348 0.998316 0.00509875 0.00378566 0.0576672
1.74074e+09 1.41428 -0.500485 -0.00950961 0.998314 0.00541078 0.00401467 0.0576507
1.74074e+09 1.4145 -0.501245 -0.00770783 0.998289 0.00638532 0.00474736 0.0579282
1.74074e+09 1.41483 -0.501328 -0.00590938 0.998274 0.00676768 0.00481735 0.0581367
1.74074e+09 1.41512 -0.501405 -0.00430531 0.998261 0.00705488 0.00485457 0.0583162
1.74074e+09 1.41539 -0.501475 -0.00286767 0.99825 0.00728329 0.00488497 0.0584734
1.74074e+09 1.41563 -0.50154 -0.00156874 0.998241 0.00746875 0.00491364 0.0586127
1.74074e+09 1.41584 -0.501601 -0.000386228 0.998232 0.0076211 0.00494192 0.0587371
1.74074e+09 1.41604 -0.501658 0.00069752 0.998224 0.00774728 0.00497015 0.0588489
1.74074e+09 1.41621 -0.50172 0.00165744 0.998218 0.00786941 0.00499785 0.0589401
1.74074e+09 1.41638 -0.50178 0.00254691 0.998212 0.00797278 0.00502491 0.0590224
1.74074e+09 1.41653 -0.501837 0.00337483 0.998207 0.00806073 0.00505146 0.0590969
1.74074e+09 1.41667 -0.501892 0.00414853 0.998202 0.00813588 0.00507757 0.0591646
1.74074e+09 1.41668 -0.502685 0.00498299 0.998208 0.00778258 0.00440605 0.0591754
1.74074e+09 1.41672 -0.502701 0.00526941 0.99821 0.00767507 0.00430767 0.0591542
1.74074e+09 1.41676 -0.502717 0.00552427 0.998212 0.00760748 0.00428522 0.059129
1.74074e+09 1.41679 -0.502734 0.0057666 0.998214 0.00755641 0.0042862 0.0591024
1.74074e+09 1.41683 -0.502751 0.00600171 0.998216 0.00751489 0.00429689 0.0590753
1.74074e+09 1.41686 -0.502768 0.00623174 0.998218 0.00747985 0.0043122 0.0590478
1.74074e+09 1.4169 -0.502784 0.00645779 0.99822 0.00744961 0.00432989 0.0590202
1.74074e+09 1.41693 -0.502801 0.00668051 0.998221 0.0074231 0.00434883 0.0589926
1.74074e+09 1.41696 -0.502817 0.00690029 0.998223 0.0073996 0.00436842 0.058965
1.74074e+09 1.41699 -0.502834 0.00711742 0.998225 0.00737858 0.00438829 0.0589376
1.74074e+09 1.41703 -0.50285 0.00733212 0.998226 0.00735963 0.00440826 0.0589102
1.74074e+09 1.41718 -0.504146 0.00853581 0.998248 0.00735711 0.0046909 0.0585194
1.74074e+09 1.41739 -0.504436 0.00920155 0.998254 0.00734727 0.00490474 0.0584062
1.74074e+09 1.41758 -0.504722 0.00976716 0.998264 0.00732284 0.00503547 0.0582315
1.74074e+09 1.41776 -0.505007 0.0103928 0.998282 0.00720702 0.00512735 0.0579248
1.74074e+09 1.41802 -0.505282 0.011148 0.998246 0.00741382 0.00521439 0.0585091
1.74074e+09 1.41819 -0.50556 0.011667 0.998255 0.0073866 0.00528762 0.0583482
1.74074e+09 1.41837 -0.505833 0.0122632 0.99827 0.00728694 0.0053679 0.058102
1.74074e+09 1.41861 -0.506107 0.013 0.99824 0.007428 0.00541828 0.0585792
1.74074e+09 1.42124 -0.508536 0.0141154 0.997641 0.00718352 0.00585439 0.0680128
1.74074e+09 1.42153 -0.510091 0.0139496 0.997479 0.0075203 0.00570754 0.0703329
1.74074e+09 1.42135 -0.512127 0.0138877 0.997388 0.00772126 0.00559837 0.0716046
1.74074e+09 1.42108 -0.51387 0.0137425 0.997334 0.00796912 0.00545266 0.0723342
1.74074e+09 1.42082 -0.515345 0.0137081 0.997297 0.00808279 0.00537813 0.0728331
1.74074e+09 1.42058 -0.516588 0.0136688 0.997271 0.00818206 0.00530892 0.0731841
1.74074e+09 1.42036 -0.517703 0.013627 0.997251 0.00827468 0.00524256 0.0734516
1.74074e+09 1.42016 -0.518682 0.0135855 0.997235 0.00835725 0.00518118 0.0736599
1.74074e+09 1.41997 -0.519552 0.013543 0.997222 0.00843296 0.00512286 0.0738272
1.74074e+09 1.41981 -0.520333 0.0135 0.997212 0.00850291 0.00506727 0.073965
1.74074e+09 1.41966 -0.521039 0.0134569 0.997203 0.00856808 0.00501407 0.0740809
1.74074e+09 1.41955 -0.521548 0.0133516 0.997196 0.00868028 0.00493147 0.0741714
1.74074e+09 1.41946 -0.522019 0.0132505 0.997189 0.00878637 0.00485246 0.0742505
1.74074e+09 1.41959 -0.524733 0.0149933 0.997309 0.00876338 0.00502182 0.0726182
1.74074e+09 1.41933 -0.524096 0.0151375 0.997422 0.00850535 0.00449342 0.0711047
1.74074e+09 1.41901 -0.523482 0.0152581 0.997521 0.00821562 0.00393433 0.0697742
1.74074e+09 1.41868 -0.522888 0.015374 0.997609 0.00790077 0.0034065 0.0685759
1.74074e+09 1.41828 -0.522028 0.0155125 0.997706 0.00735385 0.00288547 0.0672329
1.74074e+09 1.41798 -0.521264 0.0155488 0.997791 0.00686221 0.00233361 0.0660388
1.74074e+09 1.41781 -0.520755 0.0155456 0.997856 0.00654264 0.0018752 0.0650953
1.74074e+09 1.41765 -0.520333 0.0155461 0.997908 0.00631547 0.00146187 0.0643178
1.74074e+09 1.41755 -0.519958 0.0155428 0.997952 0.00612213 0.00114935 0.0636627
1.74074e+09 1.41748 -0.51964 0.0155256 0.997989 0.00595912 0.000857676 0.0630932
1.74074e+09 1.4174 -0.519364 0.0155583 0.998015 0.00580067 0.00070189 0.0627071
1.74074e+09 1.4178 -0.519974 0.0164555 0.997532 0.00599289 -0.00517658 0.0697608
1.74074e+09 1.41818 -0.519709 0.0161836 0.997341 0.00486447 -0.00820069 0.0722549
1.74074e+09 1.4185 -0.519871 0.0158898 0.997218 0.00436084 -0.00969149 0.0737807
1.74074e+09 1.41865 -0.519926 0.0156907 0.997144 0.00381288 -0.0106935 0.0746617
1.74074e+09 1.41868 -0.519944 0.0155703 0.997087 0.00330371 -0.0113476 0.0753532
1.74074e+09 1.41861 -0.519884 0.0155203 0.997044 0.00279718 -0.0118353 0.075863
1.74074e+09 1.41854 -0.519873 0.015464 0.997011 0.0023485 -0.0121858 0.0762613
1.74074e+09 1.41845 -0.519861 0.0154324 0.996983 0.00193681 -0.0124506 0.0765958
1.74074e+09 1.41833 -0.519851 0.0154177 0.996959 0.00155497 -0.0126533 0.0768835
1.74074e+09 1.4182 -0.519845 0.0154144 0.996938 0.00119779 -0.0128094 0.0771358
1.74074e+09 1.41805 -0.519843 0.0154192 0.996919 0.000861419 -0.0129299 0.0773604
1.74074e+09 1.41758 -0.520555 0.0163892 0.996763 -0.00222738 -0.0138584 0.0791565
1.74074e+09 1.41736 -0.520574 0.0165358 0.996703 -0.00360588 -0.0141728 0.0798126
1.74074e+09 1.41721 -0.520675 0.0165964 0.996668 -0.00437895 -0.0143788 0.0801656
1.74074e+09 1.41711 -0.520799 0.0166274 0.996645 -0.00486723 -0.0145449 0.0803924
1.74074e+09 1.41702 -0.520936 0.0166398 0.996629 -0.00519893 -0.0146842 0.0805443
1.74074e+09 1.41695 -0.521081 0.0166402 0.996618 -0.0054352 -0.014805 0.0806483
1.74074e+09 1.4169 -0.521218 0.0166375 0.996608 -0.00561901 -0.0149224 0.080741
1.74074e+09 1.41684 -0.521359 0.0166286 0.9966 -0.00575794 -0.015027 0.0808061
1.74074e+09 1.41679 -0.521501 0.0166152 0.996594 -0.00586465 -0.0151219 0.0808513
1.74074e+09 1.41675 -0.521645 0.0165985 0.99659 -0.00594748 -0.0152093 0.0808817
1.74074e+09 1.41671 -0.521782 0.0165744 0.996587 -0.00601097 -0.0153031 0.080891
1.74074e+09 1.41667 -0.52192 0.0165486 0.996586 -0.00605993 -0.0153904 0.0808925
1.74074e+09 1.41666 -0.523402 0.0174454 0.99645 -0.00543365 -0.0173557 0.0821988
1.74074e+09 1.41665 -0.523479 0.0175131 0.99641 -0.00526903 -0.0179449 0.0825728
1.74074e+09 1.41663 -0.523513 0.017541 0.996389 -0.00519858 -0.0182233 0.0827587
1.74074e+09 1.41661 -0.52353 0.0175541 0.996377 -0.00516391 -0.0183833 0.0828726
1.74074e+09 1.41659 -0.52354 0.0175603 0.996369 -0.00514657 -0.0184855 0.0829514
1.74074e+09 1.41656 -0.523545 0.0175625 0.996363 -0.00513891 -0.0185554 0.0830103
1.74074e+09 1.41654 -0.523547 0.0175624 0.996358 -0.00513716 -0.0186053 0.083057
1.74074e+09 1.41606 -0.528986 0.0206953 0.996717 -0.00467954 -0.0231299 0.0774505
1.74074e+09 1.41602 -0.528681 0.0207009 0.996807 -0.00479902 -0.023663 0.0761104
1.74074e+09 1.41604 -0.528364 0.0206059 0.996853 -0.00486877 -0.0237565 0.0754693
1.74074e+09 1.41609 -0.528046 0.0204701 0.996884 -0.00489279 -0.0237437 0.0750594
1.74074e+09 1.41614 -0.527733 0.0203172 0.996908 -0.00488868 -0.0236922 0.0747578
1.74074e+09 1.4162 -0.52743 0.0201588 0.996928 -0.0048713 -0.0236232 0.074517
1.74074e+09 1.41627 -0.527135 0.019999 0.996945 -0.00484193 -0.0235467 0.0743145
1.74074e+09 1.41633 -0.526851 0.0198414 0.99696 -0.00480558 -0.0234644 0.0741368
1.74074e+09 1.41639 -0.526577 0.0196867 0.996974 -0.00476328 -0.0233811 0.073978
1.74074e+09 1.41645 -0.526311 0.0195383 0.996987 -0.00474731 -0.0232987 0.0738353
1.74074e+09 1.41652 -0.526053 0.0193932 0.996999 -0.00472517 -0.0232184 0.0737047
1.74074e+09 1.41658 -0.525804 0.0192521 0.997009 -0.00469845 -0.0231399 0.0735838
1.74074e+09 1.41678 -0.525484 0.0194434 0.996634 -0.00865665 -0.0219288 0.0785182
1.74074e+09 1.41655 -0.526286 0.0198959 0.996688 -0.00716115 -0.021541 0.0780868
1.74074e+09 1.41639 -0.526959 0.020214 0.996718 -0.0066301 -0.0212147 0.0778374
1.74074e+09 1.41624 -0.527594 0.0205043 0.996743 -0.00627731 -0.0209088 0.0776363
1.74074e+09 1.41611 -0.528182 0.0207783 0.996764 -0.00598011 -0.0206307 0.0774652
1.74074e+09 1.41599 -0.528728 0.0210389 0.996782 -0.00571828 -0.0203769 0.0773155
1.74074e+09 1.41587 -0.529237 0.0212877 0.996798 -0.00548271 -0.0201446 0.0771825
1.74074e+09 1.41577 -0.529713 0.021526 0.996813 -0.00526824 -0.0199312 0.0770632
1.74074e+09 1.41567 -0.530159 0.0217546 0.996826 -0.00507143 -0.0197348 0.0769552
1.74074e+09 1.42012 -0.526007 0.0207327 0.997689 0.000224512 -0.00882386 0.0673637
1.74074e+09 1.42067 -0.524356 0.0207666 0.997871 0.00230301 -0.00521175 0.0649736
1.74074e+09 1.42047 -0.52281 0.0208096 0.997953 0.00324338 -0.00348651 0.0637696
1.74074e+09 1.41994 -0.521419 0.0209738 0.998 0.00396392 -0.0022969 0.0630516
1.74074e+09 1.41937 -0.520134 0.0211331 0.99803 0.0044309 -0.00151416 0.0625672
1.74074e+09 1.41882 -0.518919 0.021241 0.998052 0.00468379 -0.00101735 0.0622109
1.74074e+09 1.41829 -0.517758 0.021353 0.998069 0.00486548 -0.000640154 0.0619273
1.74074e+09 1.41776 -0.516653 0.0214691 0.998082 0.00499966 -0.000347851 0.0616971
1.74074e+09 1.41732 -0.515652 0.0215959 0.998091 0.00506425 -0.000159827 0.0615487
1.74074e+09 1.41689 -0.514701 0.0217236 0.998099 0.00511437 -3.59379e-06 0.0614231
1.74074e+09 1.41649 -0.513797 0.0218554 0.998105 0.00515183 0.00011628 0.0613186
1.74074e+09 1.41845 -0.516455 0.0214102 0.998373 0.00244906 -0.0015871 0.0569439
1.74074e+09 1.41853 -0.516172 0.0212714 0.998462 0.00212094 -0.00165897 0.0553777
1.74074e+09 1.41862 -0.516149 0.0211937 0.99852 0.00191976 -0.00169551 0.0543307
1.74074e+09 1.41867 -0.516212 0.0211522 0.998561 0.00180328 -0.00168872 0.0535652
1.74074e+09 1.41869 -0.516262 0.0211604 0.998598 0.00180333 -0.00161173 0.0528739
1.74074e+09 1.41841 -0.51581 0.0209507 0.998615 0.0016475 -0.00171072 0.0525548
1.74074e+09 1.41816 -0.515435 0.0207694 0.998628 0.00152146 -0.00179149 0.0523048
1.74074e+09 1.41793 -0.515109 0.0206038 0.998639 0.00141795 -0.00186086 0.0521091
1.74074e+09 1.41771 -0.514822 0.0204505 0.998647 0.00133161 -0.00192128 0.0519518
1.74074e+09 1.4175 -0.514489 0.0202992 0.99865 0.00117336 -0.00202609 0.051887
1.74074e+09 1.42028 -0.515126 0.0272501 0.99868 0.00985948 -0.0134712 0.048576
1.74074e+09 1.41982 -0.515621 0.0265442 0.998693 0.00993295 -0.0124167 0.0485683
1.74074e+09 1.41943 -0.515991 0.0259437 0.998701 0.0100355 -0.0114794 0.0486193
1.74074e+09 1.4191 -0.516297 0.0254201 0.998707 0.0101419 -0.0106328 0.048676
1.74074e+09 1.41881 -0.516556 0.0249605 0.998711 0.0102447 -0.00986364 0.048731
1.74074e+09 1.41856 -0.516777 0.0245556 0.998714 0.0103415 -0.00916134 0.0487825
1.74074e+09 1.41834 -0.516967 0.0241976 0.998716 0.0104318 -0.00851727 0.0488305
1.74074e+09 1.41815 -0.51713 0.0238805 0.998718 0.0105156 -0.00792424 0.048875
1.74074e+09 1.41798 -0.51727 0.0235988 0.998719 0.0105933 -0.0073762 0.0489163
1.74074e+09 1.41783 -0.51739 0.0233483 0.99872 0.0106653 -0.00686794 0.0489547
1.74074e+09 1.41509 -0.517017 0.0172797 0.998738 0.0073464 0.00416059 0.0495066
1.74074e+09 1.41469 -0.517274 0.0164697 0.998722 0.0068923 0.00437175 0.0498676
1.74074e+09 1.41439 -0.517535 0.0158878 0.998713 0.00660597 0.00428593 0.0500934
1.74074e+09 1.41412 -0.517773 0.0153896 0.998708 0.00641438 0.00416853 0.0502437
1.74074e+09 1.41387 -0.51799 0.0149397 0.998704 0.00627452 0.00405527 0.0503526
1.74074e+09 1.41364 -0.518192 0.0145226 0.998701 0.00617116 0.00395407 0.0504317
1.74074e+09 1.41342 -0.518378 0.0141354 0.998699 0.0060753 0.00383918 0.0504936
1.74074e+09 1.41321 -0.518553 0.0137686 0.998697 0.00600015 0.00373944 0.0505411
1.74074e+09 1.41301 -0.518719 0.0134191 0.998696 0.0059406 0.003652 0.0505783
1.74074e+09 1.41282 -0.518877 0.0130849 0.998695 0.00589305 0.0035746 0.0506077
1.74074e+09 1.41241 -0.519782 0.0117383 0.998691 0.00658193 0.00276808 0.0506391
1.74074e+09 1.41205 -0.519802 0.0101149 0.998687 0.00709826 0.00269188 0.0506526
1.74074e+09 1.41173 -0.51982 0.00868581 0.998684 0.00750969 0.00265774 0.0506602
1.74074e+09 1.41146 -0.519835 0.00741295 0.998681 0.00784298 0.00263199 0.0506638
1.74074e+09 1.4112 -0.519848 0.00626542 0.998679 0.00811633 0.00260792 0.0506646
1.74074e+09 1.41098 -0.51986 0.00522008 0.998678 0.00834275 0.00258373 0.0506633
1.74074e+09 1.41077 -0.51987 0.00425945 0.998676 0.00853178 0.00255894 0.0506604
1.74074e+09 1.41058 -0.51988 0.00337014 0.998675 0.00869061 0.00253352 0.0506563
1.74074e+09 1.4104 -0.519889 0.00254168 0.998674 0.00882475 0.00250757 0.0506512
1.74074e+09 1.41024 -0.519897 0.0017658 0.998674 0.0089385 0.00248122 0.0506454
1.74074e+09 1.41008 -0.519905 0.00103583 0.998673 0.00903524 0.0024546 0.050639
1.74074e+09 1.41 -0.520994 0.00127428 0.99868 0.00903526 0.00233413 0.0505178
1.74074e+09 1.41005 -0.521017 0.00135915 0.998684 0.00905564 0.00230354 0.0504237
1.74074e+09 1.41009 -0.521017 0.00143271 0.998683 0.00903734 0.00227045 0.0504433
1.74074e+09 1.41013 -0.521017 0.00150432 0.998683 0.00902543 0.00225513 0.0504643
1.74074e+09 1.41018 -0.521037 0.00158611 0.998686 0.00905007 0.00226378 0.0503849
1.74074e+09 1.41022 -0.521036 0.0016562 0.998685 0.0090409 0.00225905 0.0504069
1.74074e+09 1.41026 -0.521036 0.00172543 0.998684 0.0090334 0.00225758 0.0504282
1.74074e+09 1.4103 -0.521036 0.00179392 0.998683 0.00902711 0.00225819 0.0504485
1.74074e+09 1.41035 -0.521054 0.0018756 0.998687 0.00904686 0.00227019 0.0503786
1.74074e+09 1.41039 -0.521054 0.00194333 0.998686 0.0090408 0.00227255 0.0503988
1.74074e+09 1.41043 -0.521054 0.00201045 0.998685 0.00903545 0.00227578 0.050418
1.74074e+09 1.40969 -0.522374 0.000441672 0.999165 -0.00366944 -0.000522274 0.0406936
1.74074e+09 1.40982 -0.52236 0.000566511 0.999165 -0.00367241 -0.000500721 0.0406942
1.74074e+09 1.40994 -0.522345 0.000689025 0.999165 -0.00367533 -0.000479566 0.0406947
1.74074e+09 1.41006 -0.522331 0.000809278 0.999165 -0.0036782 -0.000458798 0.0406952
1.74074e+09 1.41017 -0.522317 0.000927331 0.999165 -0.00368101 -0.000438406 0.0406957
1.74074e+09 1.41029 -0.522303 0.00104324 0.999165 -0.00368378 -0.00041838 0.0406962
1.74074e+09 1.4104 -0.52229 0.00115708 0.999165 -0.00368649 -0.000398711 0.0406967
1.74074e+09 1.41051 -0.522276 0.00126888 0.999165 -0.00368916 -0.000379389 0.0406972
1.74074e+09 1.41062 -0.522263 0.00137872 0.999165 -0.00369178 -0.000360405 0.0406977
1.74074e+09 1.41074 -0.522309 0.00149243 0.999166 -0.00409146 -0.000294987 0.0406315
1.74074e+09 1.41084 -0.522302 0.00159876 0.999166 -0.00413588 -0.000271579 0.0406251
1.74074e+09 1.41095 -0.522292 0.00170282 0.999166 -0.00415344 -0.000251753 0.0406231
1.74074e+09 1.4143 -0.523865 0.00465619 0.998809 -0.00572726 0.00811498 0.0477605
1.74074e+09 1.41468 -0.523349 0.00506927 0.998787 -0.00654182 0.00933983 0.0479019
1.74074e+09 1.41483 -0.522975 0.00525861 0.998778 -0.00709376 0.00991212 0.0478874
1.74074e+09 1.41488 -0.522685 0.00536542 0.998773 -0.00752006 0.0102349 0.0478579
1.74074e+09 1.4149 -0.52245 0.00543197 0.99877 -0.00787102 0.0104295 0.0478356
1.74074e+09 1.41488 -0.522254 0.00547774 0.998767 -0.00817285 0.0105477 0.0478203
1.74074e+09 1.41485 -0.522115 0.00555536 0.998766 -0.00846889 0.0106461 0.0477573
1.74074e+09 1.41479 -0.522003 0.00562235 0.998766 -0.0087327 0.0107091 0.0477125
1.74074e+09 1.41474 -0.52191 0.00568236 0.998764 -0.00897135 0.0107476 0.0476821
1.74074e+09 1.41468 -0.521833 0.0057364 0.998763 -0.00918938 0.0107675 0.0476643
1.74074e+09 1.41326 -0.521275 0.00378524 0.998522 -0.0111646 -0.00198674 0.053148
1.74074e+09 1.41273 -0.521039 0.00337468 0.998431 -0.0113033 -0.00487918 0.0546318
1.74074e+09 1.41257 -0.52092 0.0030972 0.998393 -0.0114563 -0.00645796 0.0551157
1.74074e+09 1.41263 -0.520934 0.0028383 0.998377 -0.0115157 -0.00744574 0.0552789
1.74074e+09 1.41274 -0.520988 0.00264229 0.998371 -0.0115086 -0.00813402 0.0552954
1.74074e+09 1.41287 -0.52106 0.00248208 0.99837 -0.0114697 -0.00865471 0.0552296
1.74074e+09 1.41304 -0.521152 0.0023316 0.998375 -0.0113953 -0.00908763 0.055097
1.74074e+09 1.41321 -0.521244 0.00219527 0.998381 -0.011325 -0.00946131 0.0549412
1.74074e+09 1.41338 -0.521341 0.00207785 0.998388 -0.0112368 -0.00977186 0.0547777
1.74074e+09 1.41355 -0.521443 0.00197462 0.998395 -0.0111361 -0.0100368 0.0546124
1.74074e+09 1.41371 -0.521547 0.00188236 0.998403 -0.0110262 -0.0102675 0.0544486
1.74074e+09 1.41664 -0.522239 -0.000130356 0.998256 -0.0130712 -0.0130276 0.0560706
1.74074e+09 1.41818 -0.522314 -0.00115056 0.998171 -0.0139816 -0.0144544 0.0570146
1.74074e+09 1.41915 -0.522172 -0.00168941 0.998103 -0.0142708 -0.0153944 0.0578732
1.74074e+09 1.41986 -0.521977 -0.002032 0.998046 -0.0143118 -0.0160934 0.0586628
1.74074e+09 1.42043 -0.521771 -0.00230119 0.997997 -0.0143503 -0.0166645 0.0593172
1.74074e+09 1.42085 -0.521536 -0.0024721 0.997954 -0.0143212 -0.0171273 0.0599053
1.74074e+09 1.42127 -0.521286 -0.0026096 0.997912 -0.0141866 -0.017568 0.0605182
1.74074e+09 1.4216 -0.521014 -0.00269248 0.997874 -0.0141003 -0.0179546 0.0610433
1.74074e+09 1.42185 -0.520728 -0.00272172 0.997841 -0.0139814 -0.0182833 0.0615184
1.74074e+09 1.42206 -0.520449 -0.00273464 0.997811 -0.0138742 -0.0185771 0.0619398
1.74074e+09 1.42223 -0.52018 -0.00273186 0.997783 -0.013773 -0.0188412 0.0623223
1.74074e+09 1.42305 -0.520285 -0.00112493 0.997201 -0.012375 -0.0241844 0.0696545
1.74074e+09 1.42327 -0.520197 -0.000746295 0.997022 -0.0117185 -0.0256936 0.0717598
1.74074e+09 1.42337 -0.520201 -0.000571275 0.996938 -0.0113575 -0.0264121 0.0727232
1.74074e+09 1.42344 -0.52024 -0.000473317 0.996889 -0.0110916 -0.0268359 0.0732723
1.74074e+09 1.42346 -0.520318 -0.000411872 0.996859 -0.0109715 -0.0271364 0.0735921
1.74074e+09 1.42347 -0.520399 -0.00036697 0.996837 -0.0108884 -0.0273637 0.0738084
1.74074e+09 1.42347 -0.520483 -0.000332197 0.996822 -0.0108227 -0.0275422 0.07396
1.74074e+09 1.42347 -0.520569 -0.000303948 0.996811 -0.0107679 -0.0276883 0.0740691
1.74074e+09 1.42346 -0.520655 -0.000280146 0.996802 -0.0107203 -0.0278115 0.0741488
1.74074e+09 1.42345 -0.520741 -0.000259502 0.996795 -0.0106778 -0.027918 0.0742074
1.74074e+09 1.42389 -0.526 0.00129156 0.996827 -0.0159334 -0.0184428 0.0757742
1.74074e+09 1.42472 -0.525064 0.000491979 0.996853 -0.0134632 -0.0186877 0.0758532
1.74074e+09 1.42549 -0.524205 -0.000224476 0.99687 -0.0113025 -0.0186659 0.0759874
1.74074e+09 1.42622 -0.523372 -0.000883331 0.996887 -0.00933522 -0.0185968 0.0760446
1.74074e+09 1.42685 -0.522646 -0.00144551 0.996901 -0.00762853 -0.018486 0.0760857
1.74074e+09 1.42741 -0.522006 -0.00192342 0.996915 -0.00615157 -0.0183675 0.0760658
1.74074e+09 1.42782 -0.52145 -0.00227699 0.996939 -0.0049663 -0.0181996 0.0758772
1.74074e+09 1.42817 -0.520978 -0.00256051 0.996966 -0.00396455 -0.0180349 0.0756173
1.74074e+09 1.42849 -0.520542 -0.00281661 0.996991 -0.00307221 -0.0178795 0.0753666
1.74074e+09 1.42879 -0.520136 -0.00304909 0.997014 -0.00227169 -0.0177335 0.0751258
1.74074e+09 1.42906 -0.519756 -0.00326155 0.997035 -0.0015499 -0.0175964 0.074895
1.74074e+09 1.43062 -0.520108 -0.00283059 0.997263 -2.26408e-05 -0.0154815 0.0722993
1.74074e+09 1.43138 -0.519948 -0.00272437 0.997396 0.000836685 -0.0145259 0.0706356
1.74074e+09 1.43195 -0.519847 -0.00270787 0.9975 0.00147425 -0.0139186 0.0692735
1.74074e+09 1.4324 -0.519801 -0.00272082 0.99758 0.00199596 -0.0135125 0.0681758
1.74074e+09 1.43276 -0.51979 -0.00274902 0.997645 0.00243845 -0.0132294 0.0672519
1.74074e+09 1.43308 -0.519793 -0.00277573 0.9977 0.00281072 -0.0129979 0.0664623
1.74074e+09 1.43339 -0.519784 -0.00282455 0.997753 0.00311699 -0.0127966 0.0656944
1.74074e+09 1.43359 -0.519743 -0.00286778 0.997799 0.00333182 -0.0126631 0.0649992
1.74074e+09 1.43376 -0.519719 -0.00290605 0.99784 0.00352628 -0.0125591 0.0643845
1.74074e+09 1.43391 -0.519705 -0.00293987 0.997876 0.00370106 -0.0124768 0.0638334
1.74074e+09 1.43405 -0.519703 -0.0029687 0.997907 0.00386238 -0.0124108 0.0633382
1.74074e+09 1.43518 -0.520359 -0.00271116 0.998027 0.00392975 -0.0118109 0.0615338
1.74074e+09 1.43549 -0.520324 -0.00261298 0.998087 0.00396335 -0.0114772 0.0606213
1.74074e+09 1.43565 -0.520317 -0.00257864 0.998123 0.00398604 -0.0112495 0.060075
1.74074e+09 1.43573 -0.520322 -0.00257669 0.998146 0.00400116 -0.0110781 0.0597145
1.74074e+09 1.43577 -0.520335 -0.00259335 0.998163 0.00401176 -0.0109394 0.0594605
1.74074e+09 1.43579 -0.520357 -0.0026203 0.998175 0.00402005 -0.0108212 0.0592677
1.74074e+09 1.43579 -0.520381 -0.00265557 0.998185 0.00402563 -0.0107179 0.0591197
1.74074e+09 1.43578 -0.520406 -0.00269674 0.998193 0.00402924 -0.0106254 0.0590031
1.74074e+09 1.43575 -0.520433 -0.00274225 0.9982 0.00403134 -0.0105411 0.0589091
1.74074e+09 1.43573 -0.52046 -0.00278863 0.998205 0.004032 -0.0104634 0.0588332
1.74074e+09 1.4374 -0.522697 -0.00270608 0.998246 0.0024325 -0.0113555 0.0580585
1.74074e+09 1.43829 -0.524253 -0.00250828 0.998271 0.00201156 -0.0118271 0.0575387
1.74074e+09 1.43904 -0.525738 -0.00228601 0.998291 0.00195736 -0.0121491 0.0571316
1.74074e+09 1.4397 -0.52714 -0.00206328 0.998307 0.00205167 -0.0123986 0.0567925
1.74074e+09 1.44031 -0.52846 -0.00184837 0.998321 0.00221325 -0.0126058 0.0565009
1.74074e+09 1.44087 -0.529702 -0.00164436 0.998332 0.00240599 -0.0127852 0.0562451
1.74074e+09 1.44141 -0.531099 -0.00143648 0.998348 0.00273686 -0.0129323 0.0559132
1.74074e+09 1.44184 -0.532303 -0.00125717 0.998368 0.00312551 -0.013069 0.0555105
1.74074e+09 1.44225 -0.533437 -0.00109144 0.998384 0.00348093 -0.0131966 0.0551587
1.74074e+09 1.44264 -0.534487 -0.000941839 0.998399 0.00378524 -0.0133188 0.0548516
1.74074e+09 1.44299 -0.535431 -0.000811381 0.998412 0.00406992 -0.0134355 0.0545644
1.74074e+09 1.44387 -0.536246 -0.00085762 0.99832 0.0032089 -0.0134267 0.0562704
1.74074e+09 1.44392 -0.53633 -0.000804654 0.99832 0.00262592 -0.0135755 0.0562703
1.74074e+09 1.44398 -0.536441 -0.000744962 0.998315 0.0022179 -0.0136418 0.0563545
1.74074e+09 1.44404 -0.536548 -0.000683499 0.998313 0.00187488 -0.0136914 0.0563926
1.74074e+09 1.44408 -0.536655 -0.00062027 0.998312 0.00157744 -0.0137284 0.0564042
1.74074e+09 1.44413 -0.536764 -0.000555477 0.998313 0.00131417 -0.0137557 0.0564
1.74074e+09 1.44418 -0.536883 -0.000481189 0.998311 0.000821786 -0.0137676 0.0564439
1.74074e+09 1.44422 -0.536999 -0.000406711 0.99831 0.000404183 -0.0137677 0.0564591
1.74074e+09 1.44427 -0.537184 -0.000316075 0.998316 0.000321179 -0.013804 0.0563408
1.74074e+09 1.44431 -0.537297 -0.0002403 0.998318 -3.46781e-05 -0.0137967 0.0563175
1.74074e+09 1.442 -0.542308 -0.00502067 0.998495 0.00139748 -0.00797693 0.0542383
1.74074e+09 1.44068 -0.543801 -0.00739228 0.998518 0.00263295 -0.00505696 0.0541147
1.74074e+09 1.43982 -0.545032 -0.00880773 0.998534 0.00335307 -0.00339499 0.0539155
1.74074e+09 1.43919 -0.546086 -0.00976099 0.998546 0.00383631 -0.00232972 0.0537118
1.74074e+09 1.43878 -0.546651 -0.0104186 0.998543 0.00416378 -0.00156223 0.053785
1.74074e+09 1.43846 -0.547145 -0.0108938 0.998542 0.0043944 -0.00101299 0.0537836
1.74074e+09 1.43816 -0.547599 -0.0113395 0.998543 0.00465166 -0.000453787 0.0537581
1.74074e+09 1.4379 -0.548017 -0.0117009 0.998544 0.00486641 1.67167e-06 0.0537294
1.74074e+09 1.43768 -0.548408 -0.0119987 0.998544 0.00504882 0.000379438 0.0537001
1.74074e+09 1.43747 -0.548776 -0.0122474 0.998545 0.00520602 0.000697483 0.0536714
1.74074e+09 1.43773 -0.54997 -0.0138683 0.998546 0.00467107 0.00227832 0.0536605
1.74074e+09 1.43758 -0.549895 -0.0148487 0.99854 0.0046224 0.00232129 0.0537619
1.74074e+09 1.43745 -0.549823 -0.0157442 0.998535 0.00460981 0.00231783 0.053862
1.74074e+09 1.43734 -0.549751 -0.0165754 0.99853 0.00461337 0.00230657 0.0539579
1.74074e+09 1.43723 -0.549679 -0.0173522 0.998525 0.00462607 0.00229447 0.0540493
1.74074e+09 1.43714 -0.549607 -0.0180814 0.99852 0.00464431 0.00228326 0.0541364
1.74074e+09 1.43705 -0.549535 -0.0187681 0.998516 0.00466596 0.00227334 0.0542194
1.74074e+09 1.43697 -0.549464 -0.0194165 0.998511 0.00468966 0.00226471 0.0542986
1.74074e+09 1.4369 -0.549394 -0.02003 0.998507 0.00471455 0.00225728 0.0543741
1.74074e+09 1.43684 -0.549324 -0.0206117 0.998503 0.00474001 0.0022509 0.0544462
1.74074e+09 1.43678 -0.549254 -0.0211641 0.998499 0.00476568 0.00224547 0.0545145
1.74074e+09 1.43756 -0.550445 -0.0201023 0.998494 0.00456653 0.00505397 0.0544378
1.74074e+09 1.4379 -0.550419 -0.0186226 0.998491 0.00485198 0.00543736 0.0544371
1.74074e+09 1.43823 -0.550401 -0.017122 0.998475 0.0051713 0.00575353 0.0546606
1.74074e+09 1.43853 -0.550419 -0.0156522 0.998467 0.00539816 0.0059682 0.0547557
1.74074e+09 1.43882 -0.550436 -0.0142582 0.998462 0.00557781 0.0061323 0.0548242
1.74074e+09 1.4391 -0.550453 -0.0129363 0.998457 0.0057233 0.00626655 0.0548744
1.74074e+09 1.43936 -0.55047 -0.0116819 0.998454 0.00584266 0.00638074 0.054912
1.74074e+09 1.43961 -0.550488 -0.0104904 0.998451 0.00594175 0.00648032 0.0549404
1.74074e+09 1.43986 -0.550505 -0.0093576 0.998449 0.00602481 0.0065687 0.054962
1.74074e+09 1.44009 -0.550522 -0.00827936 0.998447 0.00609497 0.00664815 0.0549787
1.74074e+09 1.44031 -0.550539 -0.00725198 0.998445 0.00615462 0.00672029 0.0549916
1.74074e+09 1.44404 -0.552318 -0.00762436 0.998226 0.00599255 0.00820689 0.0586675
1.74074e+09 1.44437 -0.55144 -0.00790329 0.998212 0.0064151 0.00783166 0.0589171
1.74074e+09 1.44467 -0.550667 -0.00812649 0.998198 0.00675064 0.00752958 0.0591437
1.74074e+09 1.44492 -0.550159 -0.00833274 0.998181 0.00723708 0.00723976 0.0594193
1.74074e+09 1.44517 -0.549633 -0.00850922 0.998168 0.00761904 0.00700139 0.0596042
1.74074e+09 1.44542 -0.549105 -0.00866528 0.998159 0.00794052 0.00680039 0.0597444
1.74074e+09 1.44568 -0.548546 -0.00880072 0.99815 0.00819701 0.00663285 0.0598819
1.74074e+09 1.44587 -0.548231 -0.00889219 0.998139 0.00845108 0.00648374 0.0600384
1.74074e+09 1.44605 -0.547918 -0.00897333 0.998131 0.00867383 0.00635353 0.0601651
1.74074e+09 1.44623 -0.547611 -0.00904553 0.998123 0.00887174 0.006239 0.0602701
1.74074e+09 1.44641 -0.547312 -0.00910997 0.998117 0.00904958 0.00613765 0.0603586
1.74074e+09 1.44659 -0.547022 -0.00916761 0.998111 0.00921096 0.00604752 0.0604342
1.74074e+09 1.44618 -0.5493 -0.0103851 0.997963 0.00501523 -0.00807659 0.0630805
1.74074e+09 1.44554 -0.549287 -0.0106073 0.997859 0.00395928 -0.0117091 0.0642214
1.74074e+09 1.44539 -0.549273 -0.0107808 0.997808 0.00344105 -0.0131417 0.0647712
1.74074e+09 1.44536 -0.54926 -0.0109102 0.997775 0.00309151 -0.0139168 0.065128
1.74074e+09 1.44532 -0.549238 -0.0109771 0.997741 0.00295751 -0.0143733 0.0655493
1.74074e+09 1.44531 -0.549226 -0.0110392 0.997716 0.00285082 -0.0147088 0.0658699
1.74074e+09 1.44534 -0.549218 -0.0111103 0.997693 0.0027804 -0.0149639 0.0661662
1.74074e+09 1.44539 -0.549213 -0.01118 0.997673 0.00271691 -0.0151587 0.0664179
1.74074e+09 1.4453 -0.549207 -0.0111563 0.997655 0.00278588 -0.0152445 0.0666659
1.74074e+09 1.44521 -0.549203 -0.0111342 0.997639 0.00285057 -0.0153097 0.0668838
1.74074e+09 1.44519 -0.549201 -0.0111325 0.997623 0.00292326 -0.0153619 0.0671174
1.74074e+09 1.44459 -0.549595 -0.00976238 0.997386 0.00440151 -0.0162721 0.0702639
1.74074e+09 1.44381 -0.549195 -0.0087787 0.99721 0.00568235 -0.0166724 0.0725342
1.74074e+09 1.44321 -0.549005 -0.00803439 0.997091 0.00621829 -0.0169435 0.0740471
1.74074e+09 1.44257 -0.548826 -0.00729783 0.996996 0.00644765 -0.0171628 0.075258
1.74074e+09 1.44199 -0.548691 -0.00663125 0.996917 0.00657155 -0.0173235 0.0762457
1.74074e+09 1.44143 -0.548579 -0.00601455 0.996854 0.00660254 -0.0174281 0.0770425
1.74074e+09 1.44097 -0.548583 -0.00545925 0.99679 0.00673492 -0.0174504 0.0778451
1.74074e+09 1.44071 -0.548704 -0.00509052 0.996726 0.00698535 -0.0174652 0.0786387
1.74074e+09 1.44051 -0.548856 -0.00477975 0.996669 0.00714024 -0.017495 0.0793393
1.74074e+09 1.44036 -0.549001 -0.00452321 0.996621 0.00722155 -0.017538 0.0799208
1.74074e+09 1.44227 -0.556934 -0.00270035 0.997136 0.0020521 -0.0202968 0.0728247
1.74074e+09 1.44213 -0.557121 -0.00260135 0.997161 0.00189026 -0.0205687 0.0724048
1.74074e+09 1.44201 -0.557283 -0.00253681 0.997173 0.00166433 -0.0206822 0.072218
1.74074e+09 1.4419 -0.557433 -0.00248867 0.99718 0.00145038 -0.0207554 0.0721078
1.74074e+09 1.4418 -0.557573 -0.00245101 0.997184 0.001258 -0.0208134 0.072036
1.74074e+09 1.4417 -0.557706 -0.00242078 0.997187 0.00108659 -0.0208649 0.0719878
1.74074e+09 1.44161 -0.557833 -0.00239605 0.997188 0.00093362 -0.0209132 0.0719557
1.74074e+09 1.44152 -0.557956 -0.00237551 0.997189 0.000796442 -0.02096 0.0719353
1.74074e+09 1.44143 -0.558075 -0.0023582 0.997189 0.0006727 -0.0210059 0.0719239
1.74074e+09 1.44134 -0.558192 -0.00234342 0.997188 0.000560411 -0.0210515 0.0719194
1.74074e+09 1.4421 -0.559218 -0.00228072 0.997274 0.000966998 -0.0193876 0.0711835
1.74074e+09 1.44212 -0.559199 -0.00230687 0.997299 0.00101616 -0.019136 0.0709039
1.74074e+09 1.44212 -0.559185 -0.00233056 0.997319 0.00105277 -0.0189431 0.0706768
1.74074e+09 1.44212 -0.559173 -0.00235203 0.997335 0.00108182 -0.0187875 0.0704887
1.74074e+09 1.44212 -0.559163 -0.00237145 0.997348 0.00110777 -0.0186642 0.0703334
1.74074e+09 1.44212 -0.559155 -0.00238937 0.99736 0.00113023 -0.0185593 0.0702007
1.74074e+09 1.44212 -0.559147 -0.00240609 0.997369 0.00114998 -0.0184689 0.070086
1.74074e+09 1.44211 -0.559141 -0.00242151 0.997377 0.00116811 -0.0183945 0.0699897
1.74074e+09 1.44211 -0.559136 -0.00243614 0.997385 0.00118463 -0.0183287 0.0699047
1.74074e+09 1.44211 -0.559131 -0.00245011 0.997391 0.00119979 -0.01827 0.0698291
1.74074e+09 1.4421 -0.559127 -0.00246352 0.997397 0.00121382 -0.0182173 0.0697614
1.74074e+09 1.44339 -0.56024 -0.00192515 0.997502 0.00155099 -0.0157225 0.0688494
1.74074e+09 1.44388 -0.560145 -0.00166601 0.997567 0.00178942 -0.0142491 0.0682167
1.74074e+09 1.44422 -0.560081 -0.00150523 0.997614 0.001961 -0.0132445 0.0677238
1.74074e+09 1.44451 -0.560015 -0.00139475 0.99765 0.00207817 -0.012534 0.0673283
1.74074e+09 1.44477 -0.55996 -0.00131269 0.997677 0.00216659 -0.0120132 0.0670121
1.74074e+09 1.44499 -0.559911 -0.00124866 0.9977 0.00223608 -0.0116179 0.0667484
1.74074e+09 1.4452 -0.559867 -0.00119604 0.997718 0.00229194 -0.0113094 0.0665238
1.74074e+09 1.4454 -0.559826 -0.00115094 0.997734 0.00233759 -0.0110636 0.066329
1.74074e+09 1.44558 -0.559788 -0.00111097 0.997747 0.00237536 -0.0108645 0.0661578
1.74074e+09 1.44576 -0.559752 -0.00107461 0.997759 0.0024069 -0.010701 0.0660057
1.74074e+09 1.44701 -0.559496 -0.00171815 0.997993 -0.00130545 -0.0110476 0.0623392
1.74074e+09 1.44726 -0.559707 -0.0020784 0.99809 -0.00252601 -0.0110497 0.0607349
1.74074e+09 1.44733 -0.559763 -0.00245372 0.998147 -0.00414113 -0.0112266 0.0596641
1.74074e+09 1.44704 -0.559608 -0.002843 0.998185 -0.00546127 -0.0113156 0.0589026
1.74074e+09 1.44676 -0.559485 -0.00321295 0.99821 -0.00673762 -0.0114565 0.058319
1.74074e+09 1.44619 -0.558999 -0.0035557 0.998225 -0.00759279 -0.0114924 0.0579334
1.74074e+09 1.44564 -0.55865 -0.00386467 0.998237 -0.00829498 -0.0114983 0.0576355
1.74074e+09 1.44513 -0.558386 -0.00416466 0.998241 -0.00905329 -0.0115355 0.0574366
1.74074e+09 1.44463 -0.558195 -0.00444414 0.998244 -0.00970252 -0.0115478 0.0572807
1.74074e+09 1.44411 -0.558038 -0.00472706 0.998256 -0.0101416 -0.0114824 0.0570157
1.74074e+09 1.4436 -0.557937 -0.00499413 0.998265 -0.0105302 -0.0114105 0.0567951
1.74074e+09 1.44324 -0.557179 -0.00566482 0.998372 -0.0103733 -0.0112903 0.0549312
1.74074e+09 1.4425 -0.555303 -0.00618441 0.998454 -0.00976677 -0.0109316 0.0536225
1.74074e+09 1.44178 -0.553634 -0.00662931 0.998503 -0.00847081 -0.0102859 0.0530403
1.74074e+09 1.44115 -0.552311 -0.00700758 0.998547 -0.00770258 -0.00978671 0.0524299
1.74074e+09 1.44054 -0.551079 -0.00736375 0.998585 -0.00698394 -0.00923185 0.0519001
1.74074e+09 1.43996 -0.550007 -0.00765493 0.998617 -0.00648708 -0.00868703 0.0514447
1.74074e+09 1.4394 -0.549028 -0.00792144 0.998646 -0.0061348 -0.00814769 0.0510207
1.74074e+09 1.43907 -0.548552 -0.00803917 0.998673 -0.00577071 -0.0077188 0.0505897
1.74074e+09 1.43887 -0.548149 -0.0081083 0.9987 -0.00544764 -0.00736829 0.0501338
1.74074e+09 1.43896 -0.553532 -0.00937182 0.999139 -0.00156561 -0.00760529 0.0407429
1.74074e+09 1.43905 -0.553355 -0.00911616 0.999129 -0.0018112 -0.00782314 0.0409394
1.74074e+09 1.43912 -0.553299 -0.00888072 0.999124 -0.00197293 -0.00805559 0.0410124
1.74074e+09 1.43918 -0.553283 -0.00866339 0.99912 -0.00211297 -0.00827478 0.041053
1.74074e+09 1.43923 -0.553285 -0.00846187 0.999117 -0.00223964 -0.00847951 0.04108
1.74074e+09 1.43927 -0.553298 -0.00827429 0.999115 -0.00235593 -0.00867065 0.0410999
1.74074e+09 1.43931 -0.553318 -0.00809912 0.999112 -0.00246351 -0.00884936 0.0411156
1.74074e+09 1.43934 -0.553343 -0.00793508 0.99911 -0.0025635 -0.00901672 0.0411285
1.74074e+09 1.43936 -0.553397 -0.00776749 0.999107 -0.00267385 -0.00920047 0.0411536
1.74074e+09 1.43938 -0.553456 -0.00760954 0.999104 -0.00277755 -0.00937472 0.0411748
1.74074e+09 1.43939 -0.553518 -0.00746046 0.999102 -0.00287518 -0.00954003 0.0411932
1.74074e+09 1.43949 -0.555003 -0.00887946 0.999138 -0.00126735 -0.00609773 0.0410372
1.74074e+09 1.43934 -0.555001 -0.00949856 0.999154 0.000146102 -0.00423443 0.0408994
1.74074e+09 1.43928 -0.554963 -0.00982191 0.999164 0.00113947 -0.00293876 0.0407515
1.74074e+09 1.43927 -0.554905 -0.00997302 0.999172 0.00187258 -0.00198002 0.0406002
1.74074e+09 1.43929 -0.554836 -0.0100159 0.999178 0.00243526 -0.00123939 0.0404492
1.74074e+09 1.43933 -0.55476 -0.00998718 0.999183 0.00288049 -0.000648373 0.0403003
1.74074e+09 1.43939 -0.554672 -0.00990211 0.999188 0.00324126 -0.00016527 0.0401505
1.74074e+09 1.43946 -0.554583 -0.00978311 0.999193 0.00353938 0.000238498 0.0400051
1.74074e+09 1.44012 -0.556875 -0.0101781 0.999225 0.00558002 0.00283823 0.0388628
1.74074e+09 1.44018 -0.556943 -0.0100256 0.999223 0.00529497 0.00357791 0.0388867
1.74074e+09 1.44023 -0.556933 -0.0098199 0.999221 0.00531499 0.00371903 0.0389258
1.74074e+09 1.44027 -0.556925 -0.00960866 0.999219 0.00537682 0.00376825 0.0389635
1.74074e+09 1.44032 -0.556917 -0.00939768 0.999217 0.00544786 0.00378867 0.0389995
1.74074e+09 1.44037 -0.55691 -0.00918824 0.999215 0.00551993 0.00379712 0.0390336
1.74074e+09 1.44041 -0.556904 -0.00898074 0.999214 0.00559021 0.00380001 0.039066
1.74074e+09 1.44046 -0.556898 -0.00877533 0.999212 0.00565765 0.00380022 0.0390966
1.74074e+09 1.44051 -0.556893 -0.00857203 0.999211 0.00572192 0.00379923 0.0391256
1.74074e+09 1.44055 -0.556887 -0.00837082 0.999209 0.00578295 0.0037978 0.0391531
1.74074e+09 1.4406 -0.556883 -0.00817167 0.999208 0.00584083 0.00379639 0.0391792
1.74074e+09 1.44064 -0.556879 -0.00797452 0.999207 0.00589571 0.00379523 0.0392039
1.74074e+09 1.44068 -0.556875 -0.00777933 0.999205 0.00594776 0.00379446 0.0392275
1.74074e+09 1.44073 -0.556871 -0.00758603 0.999204 0.00599716 0.00379416 0.0392499
1.74074e+09 1.44077 -0.556868 -0.00739459 0.999203 0.00604409 0.00379436 0.0392712
1.74074e+09 1.44081 -0.556865 -0.00720496 0.999202 0.00608871 0.00379508 0.0392916
1.74074e+09 1.44085 -0.556862 -0.00701707 0.999201 0.00613118 0.0037963 0.0393109
1.74074e+09 1.44025 -0.558196 -0.0081736 0.998977 0.00448105 0.00386369 0.0448216
1.74074e+09 1.43956 -0.557705 -0.00856643 0.998943 0.00368059 0.00389738 0.0456538
1.74074e+09 1.43896 -0.557106 -0.00863088 0.998926 0.00307788 0.00401228 0.04605
1.74074e+09 1.43846 -0.55655 -0.00848749 0.998917 0.00257338 0.00418406 0.0462778
1.74074e+09 1.43805 -0.556128 -0.0081249 0.99891 0.00223043 0.00440019 0.0464188
1.74074e+09 1.43759 -0.55566 -0.0078976 0.998907 0.00189243 0.00456169 0.0464802
1.74074e+09 1.43715 -0.555204 -0.00764779 0.998905 0.00157141 0.00472835 0.0465202
1.74074e+09 1.43674 -0.554952 -0.00754988 0.9989 0.00125749 0.00483306 0.0466155
1.74074e+09 1.43628 -0.554583 -0.00747708 0.998899 0.00109139 0.00490794 0.0466372
1.74074e+09 1.43583 -0.55423 -0.00739393 0.998898 0.000930285 0.00498555 0.0466529
1.74074e+09 1.4354 -0.553891 -0.00730229 0.998898 0.000773606 0.00506528 0.0466639
1.74074e+09 1.43497 -0.553568 -0.0072037 0.998897 0.000620979 0.00514657 0.0466713
1.74074e+09 1.43659 -0.555323 -0.0073123 0.99865 0.00146218 0.00679797 0.0514768
1.74074e+09 1.43655 -0.55557 -0.00744338 0.998614 0.00219833 0.0066224 0.0521576
1.74074e+09 1.43646 -0.555858 -0.00758234 0.998593 0.00288921 0.00634818 0.0525676
1.74074e+09 1.43633 -0.556176 -0.00768689 0.998584 0.003457 0.00602076 0.052749
1.74074e+09 1.43622 -0.556474 -0.00778267 0.998574 0.00398607 0.00571745 0.0529275
1.74074e+09 1.43611 -0.556754 -0.00787128 0.998564 0.00448126 0.0054337 0.0530996
1.74074e+09 1.43604 -0.556952 -0.00788248 0.998559 0.0047253 0.00528391 0.0531981
1.74074e+09 1.43597 -0.557144 -0.00789271 0.998553 0.00496042 0.00513854 0.0532931
1.74074e+09 1.4359 -0.557329 -0.00790181 0.998548 0.00518752 0.00499716 0.0533851
1.74074e+09 1.43584 -0.557509 -0.00791002 0.998543 0.00540657 0.0048598 0.0534741
1.74074e+09 1.43578 -0.557684 -0.00791738 0.998538 0.00561797 0.00472626 0.0535603
1.74074e+09 1.43572 -0.557853 -0.00792393 0.998533 0.00582211 0.00459636 0.0536438
1.74074e+09 1.43676 -0.558706 -0.0109435 0.998473 0.00973187 -0.00316156 0.0542863
1.74074e+09 1.43707 -0.558096 -0.0117567 0.998456 0.0103322 -0.00467618 0.0543736
1.74074e+09 1.43734 -0.557597 -0.0122725 0.998449 0.010487 -0.00533178 0.0544081
1.74074e+09 1.43759 -0.557142 -0.0126817 0.998446 0.0105005 -0.00570672 0.0544244
1.74074e+09 1.43783 -0.556716 -0.0130354 0.998445 0.010452 -0.00595364 0.054431
1.74074e+09 1.43805 -0.556312 -0.0133543 0.998445 0.0103729 -0.00613146 0.0544323
1.74074e+09 1.43826 -0.555955 -0.0136187 0.998443 0.010327 -0.00625943 0.0544531
1.74074e+09 1.43846 -0.555611 -0.0138631 0.998443 0.0102661 -0.0063606 0.0544658
1.74074e+09 1.43866 -0.555279 -0.0140917 0.998442 0.010196 -0.00644341 0.054473
1.74074e+09 1.43884 -0.554958 -0.0143068 0.998443 0.0101204 -0.00651302 0.0544763
1.74074e+09 1.43664 -0.556988 -0.0109873 0.998076 0.00801641 -0.0131119 0.0600624
1.74074e+09 1.43508 -0.557353 -0.00869106 0.997903 0.0080298 -0.0151506 0.0624196
1.74074e+09 1.43399 -0.557572 -0.00710622 0.997793 0.00821531 -0.0162613 0.0638578
1.74074e+09 1.43301 -0.557653 -0.00563795 0.99772 0.00869136 -0.0167755 0.0647908
1.74074e+09 1.43222 -0.557744 -0.00444024 0.997662 0.00926558 -0.0170401 0.0655302
1.74074e+09 1.43153 -0.557821 -0.00341764 0.997615 0.0097826 -0.0172432 0.0661186
1.74074e+09 1.43101 -0.557803 -0.00267103 0.997584 0.0100939 -0.0174096 0.0664945
1.74074e+09 1.43057 -0.557787 -0.00202684 0.997557 0.0103914 -0.0175371 0.0668137
1.74074e+09 1.43017 -0.557763 -0.00145656 0.997535 0.0106716 -0.0176365 0.0670774
1.74074e+09 1.4302 -0.559784 -0.00111377 0.997517 0.0107081 -0.0183728 0.0671454
1.74074e+09 1.43012 -0.559804 -0.00110692 0.997509 0.0107108 -0.0187332 0.0671649
1.74074e+09 1.43007 -0.559815 -0.00114923 0.997505 0.0106936 -0.0189462 0.067165
1.74074e+09 1.43003 -0.559823 -0.00121492 0.997503 0.0106673 -0.0190892 0.0671567
1.74074e+09 1.43 -0.559828 -0.00129366 0.997502 0.0106363 -0.0191929 0.0671446
1.74074e+09 1.42997 -0.559833 -0.00138041 0.997502 0.0106025 -0.0192723 0.0671306
1.74074e+09 1.42937 -0.565043 0.000402001 0.997522 0.000302193 -0.0166545 0.0683597
1.74074e+09 1.42948 -0.565244 0.000437928 0.997503 -5.53323e-05 -0.0171835 0.0684955
1.74074e+09 1.42959 -0.565431 0.000473148 0.997483 -0.000442484 -0.0176575 0.0686732
1.74074e+09 1.42969 -0.565607 0.00050596 0.997462 -0.000815953 -0.0181002 0.0688627
1.74074e+09 1.42979 -0.565777 0.000532337 0.997439 -0.00117571 -0.0185415 0.0690631
1.74074e+09 1.42989 -0.56594 0.000557909 0.997417 -0.00151927 -0.0189571 0.0692607
1.74074e+09 1.43 -0.565991 0.00054375 0.997397 -0.00188753 -0.0193772 0.0694346
1.74074e+09 1.4301 -0.56604 0.000529678 0.997375 -0.00224385 -0.0197766 0.0696196
1.74074e+09 1.43019 -0.566088 0.000515829 0.997354 -0.00258479 -0.0201576 0.0697989
1.74074e+09 1.43029 -0.566133 0.00050223 0.997334 -0.00291121 -0.0205218 0.0699723
1.74074e+09 1.43036 -0.566169 0.000484336 0.997311 -0.00317872 -0.0208075 0.0701983
1.74074e+09 1.43111 -0.565808 0.000531914 0.99741 -0.00405623 -0.0199828 0.0689695
1.74074e+09 1.43174 -0.564323 0.000431266 0.997495 -0.00485483 -0.0191921 0.0679156
1.74074e+09 1.43231 -0.562976 0.000327266 0.997567 -0.00559276 -0.0184796 0.0669811
1.74074e+09 1.43265 -0.56212 0.000250803 0.997591 -0.00610082 -0.0180637 0.0666923
1.74074e+09 1.43296 -0.561303 0.000159374 0.997615 -0.006599 -0.0177272 0.0663862
1.74074e+09 1.43325 -0.560526 6.27083e-05 0.997638 -0.00706889 -0.01742 0.0660684
1.74074e+09 1.43355 -0.559733 -3.79867e-05 0.997666 -0.00752012 -0.0171251 0.0656678
1.74074e+09 1.43377 -0.559334 -4.15173e-05 0.997695 -0.00763691 -0.0168327 0.0652951
1.74074e+09 1.43397 -0.558945 -4.86618e-05 0.997721 -0.00775955 -0.0165617 0.0649494
1.74074e+09 1.43423 -0.558206 -0.000189144 0.997744 -0.00833706 -0.0163234 0.0645782
1.74074e+09 1.43578 -0.558771 0.000544401 0.997919 -0.00727905 -0.014047 0.0625028
1.74074e+09 1.43647 -0.558636 0.000851516 0.997996 -0.00677289 -0.0129327 0.061569
1.74074e+09 1.43688 -0.558563 0.00103527 0.998037 -0.00646804 -0.0122549 0.0610734
1.74074e+09 1.43715 -0.558516 0.00116244 0.998062 -0.00626044 -0.0117831 0.060779
1.74074e+09 1.43733 -0.558487 0.00125075 0.998079 -0.00610182 -0.0114134 0.0605872
1.74074e+09 1.43747 -0.558467 0.0013182 0.998091 -0.00597901 -0.0111191 0.0604643
1.74074e+09 1.43758 -0.558454 0.0013717 0.998099 -0.00587992 -0.0108747 0.0603859
1.74074e+09 1.43766 -0.558444 0.00141555 0.998104 -0.00579344 -0.0106609 0.0603361
1.74074e+09 1.43773 -0.558438 0.00145171 0.998109 -0.00571879 -0.0104725 0.0603074
1.74074e+09 1.43778 -0.558435 0.00148183 0.998111 -0.00565317 -0.0103034 0.0602939
1.74074e+09 1.43783 -0.558434 0.00150701 0.998114 -0.0055946 -0.0101495 0.0602915
1.74074e+09 1.43641 -0.558183 0.000837475 0.998061 -0.0060393 -0.0104004 0.0610639
1.74074e+09 1.43487 -0.556901 0.000119021 0.998031 -0.00647624 -0.0106163 0.0614727
1.74074e+09 1.43372 -0.555766 -0.000555944 0.998006 -0.00719848 -0.0110448 0.0617342
1.74074e+09 1.43214 -0.554373 -0.00116986 0.997998 -0.00741897 -0.0110459 0.0618275
1.74074e+09 1.43065 -0.553058 -0.00172215 0.997994 -0.00757627 -0.0109934 0.0618811
1.74074e+09 1.42946 -0.5519 -0.00223649 0.997991 -0.00792249 -0.011084 0.06188
1.74074e+09 1.42805 -0.550697 -0.00269497 0.997995 -0.0079005 -0.0108828 0.0618487
1.74074e+09 1.42671 -0.549554 -0.00311467 0.997999 -0.00786863 -0.0106784 0.0618262
1.74074e+09 1.4257 -0.548681 -0.00347109 0.997995 -0.00791618 -0.0105706 0.0618926
1.74074e+09 1.42474 -0.547842 -0.00380148 0.997993 -0.00794706 -0.0104508 0.0619437
1.74074e+09 1.42382 -0.547035 -0.00410856 0.997992 -0.00796429 -0.0103217 0.0619835
1.74074e+09 1.42306 -0.547634 -0.0044137 0.997841 -0.0082731 -0.0097044 0.0644191
1.74074e+09 1.42258 -0.547263 -0.00465184 0.997767 -0.00846712 -0.00929498 0.0655917
1.74074e+09 1.42214 -0.546886 -0.00484604 0.99773 -0.00862635 -0.00901841 0.0661809
1.74074e+09 1.42174 -0.546514 -0.00501279 0.997705 -0.00876501 -0.0087707 0.06657
1.74074e+09 1.42139 -0.546176 -0.00513807 0.997683 -0.00887537 -0.00852437 0.0669063
1.74074e+09 1.42107 -0.545846 -0.0052477 0.997667 -0.00897988 -0.00829507 0.0671598
1.74074e+09 1.42077 -0.545524 -0.00534454 0.997655 -0.0090823 -0.00808009 0.0673585
1.74074e+09 1.42046 -0.545174 -0.00544217 0.997642 -0.00920519 -0.00792605 0.0675552
1.74074e+09 1.42017 -0.544834 -0.00552868 0.997631 -0.00932536 -0.00777901 0.0677164
1.74074e+09 1.41989 -0.544505 -0.00560503 0.997621 -0.00944389 -0.00763831 0.0678515
1.74074e+09 1.42041 -0.545536 -0.00580755 0.997569 -0.0137783 -0.00747759 0.0679032
1.74074e+09 1.42046 -0.545738 -0.00585439 0.997555 -0.0142585 -0.00724812 0.068033
1.74074e+09 1.42048 -0.545938 -0.00589943 0.997547 -0.0145164 -0.00703963 0.0681142
1.74074e+09 1.42049 -0.54614 -0.00594584 0.997542 -0.0146871 -0.00684436 0.0681663
1.74074e+09 1.42048 -0.546343 -0.00599324 0.99754 -0.0148143 -0.00665845 0.0681993
1.74074e+09 1.42047 -0.546545 -0.00604133 0.997538 -0.0149164 -0.00647973 0.0682192
1.74074e+09 1.42046 -0.546745 -0.00608981 0.997537 -0.0150023 -0.00630688 0.0682298
1.74074e+09 1.42044 -0.546943 -0.00613843 0.997537 -0.0150772 -0.00613896 0.0682335
1.74074e+09 1.42042 -0.547139 -0.00618701 0.997537 -0.0151442 -0.00597536 0.0682321
1.74074e+09 1.42041 -0.547332 -0.0062354 0.997537 -0.0152054 -0.0058156 0.0682267
1.74074e+09 1.42039 -0.547522 -0.0062835 0.997538 -0.0152619 -0.00565931 0.0682183
1.74074e+09 1.4202 -0.54841 -0.00624938 0.997485 -0.0149815 -0.00543304 0.0690615
1.74074e+09 1.42022 -0.548325 -0.0062272 0.997448 -0.0150659 -0.00542348 0.0695778
1.74074e+09 1.42023 -0.548257 -0.00621206 0.997423 -0.0151603 -0.00543386 0.0699171
1.74074e+09 1.42023 -0.548201 -0.00620104 0.997404 -0.0152483 -0.00544985 0.0701599
1.74074e+09 1.42024 -0.548153 -0.00619269 0.99739 -0.0153265 -0.00546672 0.0703434
1.74074e+09 1.42027 -0.548218 -0.00617402 0.997376 -0.0154279 -0.00549971 0.0705222
1.74074e+09 1.4203 -0.548288 -0.00615749 0.997364 -0.0155158 -0.00552702 0.0706706
1.74074e+09 1.42033 -0.54836 -0.00614268 0.997354 -0.0155925 -0.00554979 0.0707955
1.74074e+09 1.42035 -0.548435 -0.00612923 0.997345 -0.0156602 -0.00556882 0.0709021
1.74074e+09 1.42038 -0.548511 -0.00611688 0.997337 -0.0157202 -0.00558477 0.070994
1.74074e+09 1.42059 -0.552013 -0.00651228 0.997831 -0.00433887 -0.0100644 0.0649087
1.74074e+09 1.4201 -0.551792 -0.00697662 0.997877 -0.00303763 -0.00794608 0.0645682
1.74074e+09 1.41977 -0.551565 -0.00717343 0.997904 -0.00203659 -0.00638335 0.0643578
1.74074e+09 1.41954 -0.551349 -0.00721026 0.997922 -0.00124966 -0.00516703 0.0642068
1.74074e+09 1.41938 -0.551146 -0.00714208 0.997935 -0.000617221 -0.00419009 0.0640926
1.74074e+09 1.41926 -0.550972 -0.00698662 0.997946 -9.38373e-05 -0.00336962 0.0639726
1.74074e+09 1.41917 -0.550797 -0.00680008 0.997953 0.000345 -0.00268757 0.0638884
1.74074e+09 1.41912 -0.550625 -0.00658279 0.997958 0.000713397 -0.00211351 0.063831
1.74074e+09 1.41908 -0.550455 -0.00634232 0.997961 0.00102664 -0.00162254 0.063791
1.74074e+09 1.41899 -0.550659 -0.00598806 0.997969 0.00124376 -0.0012569 0.0636703
1.74074e+09 1.41903 -0.550918 -0.00513137 0.997703 0.00164959 -0.00516068 0.0675188
1.74074e+09 1.41921 -0.550557 -0.00504226 0.997685 0.00155274 -0.00449791 0.0678442
1.74074e+09 1.41888 -0.551149 -0.004911 0.997571 0.00242675 -0.00313915 0.0695397
1.74074e+09 1.41874 -0.552166 -0.00514005 0.997514 0.00320219 -0.00337127 0.0703149
1.74074e+09 1.41866 -0.552943 -0.00528694 0.997476 0.00376141 -0.00357103 0.0708137
1.74074e+09 1.41861 -0.553606 -0.00539499 0.997441 0.00423576 -0.00373812 0.0712674
1.74074e+09 1.4187 -0.553562 -0.00528663 0.997454 0.00438777 -0.00375825 0.0710715
1.74074e+09 1.4188 -0.553511 -0.00517584 0.997464 0.00450092 -0.0037702 0.0709245
1.74074e+09 1.41869 -0.554164 -0.00507237 0.997464 0.00449946 -0.00375191 0.0709376
1.74074e+09 1.41875 -0.554124 -0.00499817 0.997463 0.00449556 -0.00374467 0.0709442
1.74074e+09 1.4188 -0.554086 -0.00492518 0.997463 0.00449173 -0.00373754 0.0709506
1.74074e+09 1.41886 -0.554047 -0.00485339 0.997462 0.00448795 -0.00373052 0.070957
1.74074e+09 1.41892 -0.55401 -0.00478275 0.997462 0.00448424 -0.00372361 0.0709632
1.74074e+09 1.41897 -0.553973 -0.00471325 0.997462 0.0044806 -0.0037168 0.0709693
1.74074e+09 1.41903 -0.553937 -0.00464485 0.997461 0.00447701 -0.0037101 0.0709754
1.74074e+09 1.41908 -0.553901 -0.00457754 0.997461 0.00447347 -0.00370349 0.0709813
1.74074e+09 1.41978 -0.553557 -0.00423055 0.997519 0.004577 -0.00289949 0.0701922
1.74074e+09 1.42027 -0.553184 -0.00403 0.997552 0.00463423 -0.00240977 0.0697366
1.74074e+09 1.42063 -0.552933 -0.00389838 0.99757 0.00466924 -0.00207821 0.0694839
1.74074e+09 1.42092 -0.552742 -0.00380307 0.997582 0.00469142 -0.00183473 0.0693169
1.74074e+09 1.42117 -0.552586 -0.00372989 0.997591 0.00470596 -0.00164437 0.0691961
1.74074e+09 1.42138 -0.552456 -0.00367216 0.997597 0.00471514 -0.00149135 0.0691072
1.74074e+09 1.42158 -0.552344 -0.00362567 0.997602 0.00472043 -0.00136564 0.0690412
1.74074e+09 1.42175 -0.552246 -0.00358761 0.997605 0.00472279 -0.00126057 0.068992
1.74074e+09 1.42192 -0.552159 -0.00355607 0.997608 0.0047229 -0.00117151 0.0689556
1.74074e+09 1.42207 -0.552082 -0.00352942 0.997609 0.00472256 -0.00109361 0.0689356
1.74074e+09 1.42221 -0.552013 -0.00350676 0.99761 0.00472083 -0.0010256 0.0689227
1.74074e+09 1.42235 -0.551948 -0.00348642 0.997611 0.0047194 -0.000960459 0.0689158
1.74074e+09 1.42248 -0.551889 -0.00346887 0.997611 0.00471709 -0.000902053 0.0689137
1.74074e+09 1.4226 -0.551833 -0.0034537 0.997611 0.00471404 -0.000849385 0.0689153
1.74074e+09 1.42389 -0.553244 -0.00452924 0.99744 0.00391319 -0.0125166 0.0703023
1.74074e+09 1.42412 -0.553051 -0.00424799 0.99734 0.00384255 -0.0152564 0.0711697
1.74074e+09 1.42414 -0.55293 -0.00392193 0.997275 0.00402753 -0.0168171 0.0717211
1.74074e+09 1.42405 -0.552828 -0.00339 0.997218 0.00427789 -0.017607 0.072309
1.74074e+09 1.42396 -0.552792 -0.00293761 0.997166 0.00453239 -0.0181042 0.0728807
1.74074e+09 1.42388 -0.552772 -0.0025177 0.997122 0.00471532 -0.0184688 0.0733842
1.74074e+09 1.42379 -0.552759 -0.00212221 0.997084 0.00484658 -0.0187439 0.0738211
1.74074e+09 1.42373 -0.556457 -0.00056841 0.997277 -0.00117111 -0.0147361 0.0722542
1.74074e+09 1.42401 -0.555391 -0.000317092 0.997402 -0.00296221 -0.0130457 0.0707811
1.74074e+09 1.42433 -0.55439 -0.000286774 0.997479 -0.00364872 -0.0119336 0.0698604
1.74074e+09 1.42474 -0.553375 -0.000469441 0.997527 -0.00317731 -0.0111859 0.0693176
1.74074e+09 1.42513 -0.552419 -0.000662035 0.997558 -0.00268328 -0.0105872 0.0689905
1.74074e+09 1.4254 -0.551694 -0.000702557 0.997591 -0.00292391 -0.00998902 0.0685846
1.74074e+09 1.42574 -0.550903 -0.000888411 0.997615 -0.00239572 -0.00949604 0.0683305
1.74074e+09 1.42606 -0.550187 -0.00106059 0.997636 -0.00189697 -0.00902966 0.0680937
1.74074e+09 1.42628 -0.549646 -0.0011087 0.997659 -0.00199358 -0.00860323 0.0678096
1.74074e+09 1.42656 -0.549042 -0.00126855 0.997677 -0.00150673 -0.00819477 0.06761
1.74074e+09 1.42747 -0.549031 -0.000757591 0.997568 -0.00161242 -0.00784337 0.0692427
1.74074e+09 1.42792 -0.548924 -0.000648996 0.997557 -0.00129635 -0.00737307 0.069456
1.74074e+09 1.4283 -0.548857 -0.000589741 0.997558 -0.000919557 -0.00693098 0.0694985
1.74074e+09 1.42865 -0.54881 -0.000553714 0.997563 -0.000527518 -0.00651365 0.0694696
1.74074e+09 1.42897 -0.548776 -0.000533484 0.997569 -0.000138374 -0.00613374 0.0694117
1.74074e+09 1.42927 -0.548748 -0.00052114 0.997577 0.000243129 -0.0057741 0.0693368
1.74074e+09 1.42955 -0.548725 -0.000514307 0.997584 0.000614133 -0.00543331 0.0692534
1.74074e+09 1.42982 -0.548705 -0.000511228 0.997592 0.000971849 -0.00511023 0.0691653
1.74074e+09 1.43007 -0.548688 -0.000511195 0.997599 0.00131742 -0.00480358 0.0690761
1.74074e+09 1.43032 -0.548672 -0.000513556 0.997606 0.00165087 -0.00451229 0.0689874
1.74074e+09 1.42989 -0.549167 -0.000610234 0.997557 0.00140135 -0.00514196 0.0696546
1.74074e+09 1.4296 -0.549174 -0.000697292 0.997527 0.00127099 -0.00548842 0.0700558
1.74074e+09 1.42943 -0.549174 -0.000747179 0.997506 0.00119111 -0.00570773 0.0703369
1.74074e+09 1.42932 -0.549169 -0.000775899 0.99749 0.00113974 -0.00585487 0.0705493
1.74074e+09 1.42926 -0.549161 -0.00079156 0.997478 0.001106 -0.0059571 0.0707183
1.74074e+09 1.42924 -0.549152 -0.000796752 0.997468 0.00107615 -0.0060402 0.070857
1.74074e+09 1.42923 -0.549141 -0.000796492 0.997459 0.00105415 -0.00610286 0.0709753
1.74074e+09 1.42924 -0.54913 -0.000792458 0.997451 0.00103779 -0.00615067 0.0710788
1.74074e+09 1.42926 -0.549118 -0.00078579 0.997444 0.00102561 -0.0061873 0.0711708
1.74074e+09 1.42929 -0.549107 -0.000777275 0.997438 0.0010166 -0.00621533 0.0712539
1.74074e+09 1.42932 -0.549095 -0.000767474 0.997433 0.00101003 -0.00623659 0.0713298
1.74074e+09 1.42993 -0.549597 -0.000443465 0.99745 0.000357163 -0.00706636 0.0710199
1.74074e+09 1.43036 -0.549527 -0.000237056 0.997461 -0.000215244 -0.00781702 0.070779
1.74074e+09 1.43072 -0.54947 -6.57304e-05 0.997468 -0.000715675 -0.00847303 0.0706039
1.74074e+09 1.43092 -0.549193 2.85773e-05 0.997479 -0.00131007 -0.00917992 0.0703486
1.74074e+09 1.43105 -0.54894 9.61306e-05 0.997487 -0.001772 -0.00973309 0.0701525
1.74074e+09 1.4311 -0.548711 0.000130987 0.997493 -0.00212278 -0.0101324 0.0700065
1.74074e+09 1.43113 -0.548496 0.000155402 0.997497 -0.00240851 -0.0104553 0.0698848
1.74074e+09 1.43111 -0.5483 0.00014676 0.997499 -0.0026391 -0.0106742 0.0698183
1.74074e+09 1.43108 -0.548115 0.000133239 0.997501 -0.00283484 -0.0108505 0.0697624
1.74074e+09 1.43104 -0.547939 0.000117151 0.997502 -0.00300579 -0.0109976 0.069713
1.74074e+09 1.43064 -0.547384 -0.000662322 0.99755 0.0078087 -0.00956981 0.0688518
1.74074e+09 1.43038 -0.547372 -0.00100857 0.997604 0.0101351 -0.00926816 0.0678074
1.74074e+09 1.43011 -0.547257 -0.00120379 0.997657 0.0112 -0.00903798 0.0668773
1.74074e+09 1.42983 -0.547124 -0.00133032 0.997717 0.0118046 -0.00888606 0.0658942
1.74074e+09 1.42961 -0.546821 -0.00148019 0.99776 0.0121656 -0.00896427 0.0651684
1.74074e+09 1.42943 -0.546567 -0.00161629 0.997795 0.0124236 -0.00903402 0.0645726
1.74074e+09 1.42929 -0.546415 -0.00176091 0.997823 0.0125956 -0.00908546 0.0640912
1.74074e+09 1.42918 -0.546264 -0.00187117 0.997847 0.0127275 -0.00915262 0.0636888
1.74074e+09 1.42907 -0.546051 -0.00199353 0.997869 0.0128476 -0.00924859 0.0633024
1.74074e+09 1.42897 -0.545848 -0.00208359 0.997887 0.0129386 -0.00934871 0.062985
1.74074e+09 1.42891 -0.545826 -0.00213916 0.997903 0.0130068 -0.00933371 0.062713
1.74074e+09 1.42895 -0.546943 -0.00233551 0.997968 0.0131356 -0.00897132 0.0617054
1.74074e+09 1.42888 -0.547342 -0.0025478 0.998005 0.013026 -0.00863457 0.0611735
1.74074e+09 1.42882 -0.547794 -0.00275918 0.998041 0.0129261 -0.00827464 0.0606547
1.74074e+09 1.42986 -0.547506 -0.00148536 0.997949 0.012406 -0.00749823 0.0623495
1.74074e+09 1.43075 -0.546688 -0.000502701 0.997847 0.0123099 -0.00749788 0.0639747
1.74074e+09 1.43147 -0.54599 0.000298565 0.997765 0.0122352 -0.0075075 0.0652658
1.74074e+09 1.43208 -0.545421 0.000979017 0.997687 0.0121462 -0.00747767 0.0664681
1.74074e+09 1.43257 -0.544929 0.00151892 0.997625 0.0120741 -0.00747685 0.0674056
1.74074e+09 1.43297 -0.544516 0.0019619 0.997572 0.0120138 -0.0074781 0.0681894
1.74074e+09 1.43336 -0.544126 0.00238294 0.997525 0.0119637 -0.00750359 0.0688736
1.74074e+09 1.43372 -0.543757 0.00278708 0.997477 0.0119157 -0.00753831 0.0695755
1.74074e+09 1.43402 -0.543442 0.00312555 0.997436 0.0118736 -0.00756974 0.0701641
1.74074e+09 1.43429 -0.54317 0.00341359 0.997401 0.011836 -0.00759815 0.0706635
1.74074e+09 1.43455 -0.542781 0.00375716 0.997367 0.0118902 -0.00767359 0.0711281
1.74074e+09 1.43479 -0.542429 0.00406547 0.997337 0.0119368 -0.00773537 0.0715284
1.74074e+09 1.435 -0.542115 0.00434143 0.997311 0.0119801 -0.00776765 0.0718802
1.74074e+09 1.43518 -0.541827 0.00459203 0.997288 0.01202 -0.00779228 0.0721885
1.74074e+09 1.43535 -0.541559 0.00482145 0.997268 0.0120573 -0.00781102 0.0724607
1.74074e+09 1.4355 -0.541309 0.00503286 0.99725 0.0120926 -0.00782514 0.0727026
1.74074e+09 1.43562 -0.541106 0.00520297 0.997234 0.0121264 -0.0078274 0.0729128
1.74074e+09 1.43573 -0.540915 0.00536025 0.99722 0.0121592 -0.00782739 0.0731023
1.74074e+09 1.4373 -0.542809 0.0103081 0.997778 0.00941092 -0.012885 0.064684
1.74074e+09 1.43725 -0.542807 0.0114083 0.997893 0.00848529 -0.0130919 0.0629842
1.74074e+09 1.43723 -0.542718 0.0117954 0.99794 0.00813715 -0.0130894 0.0622831
1.74074e+09 1.43721 -0.542697 0.012108 0.997966 0.00800993 -0.0130446 0.0618905
1.74074e+09 1.4372 -0.542675 0.0123425 0.997984 0.00796715 -0.0129892 0.0616112
1.74074e+09 1.43718 -0.542652 0.0125335 0.997998 0.00797052 -0.0129293 0.0613959
1.74074e+09 1.43717 -0.542628 0.0126976 0.998009 0.00800132 -0.0128677 0.0612205
1.74074e+09 1.43713 -0.542742 0.012999 0.998017 0.00832942 -0.0127491 0.0610776
1.74074e+09 1.43712 -0.542716 0.0131372 0.998026 0.00837832 -0.0126842 0.0609412
1.74074e+09 1.4371 -0.542689 0.013265 0.998033 0.00843608 -0.0126208 0.0608203
1.74074e+09 1.43709 -0.542661 0.013385 0.99804 0.00849993 -0.0125588 0.0607116
1.74074e+09 1.43718 -0.543368 0.0136089 0.997922 0.00809358 -0.0152691 0.0620738
1.74074e+09 1.43709 -0.543571 0.0135854 0.997858 0.00806117 -0.0163646 0.0628204
1.74074e+09 1.43702 -0.543749 0.013592 0.997814 0.00812611 -0.0169414 0.0633519
1.74074e+09 1.43701 -0.543856 0.0133458 0.997789 0.0081462 -0.0172499 0.0636678
1.74074e+09 1.437 -0.543961 0.0131558 0.997768 0.00818553 -0.0174549 0.0639393
1.74074e+09 1.43699 -0.54406 0.0129969 0.997749 0.00822971 -0.0175997 0.0641791
1.74074e+09 1.43697 -0.54415 0.0128537 0.997733 0.00827037 -0.0177062 0.0643912
1.74074e+09 1.43696 -0.544234 0.01273 0.997719 0.00830858 -0.0177883 0.0645851
1.74074e+09 1.43694 -0.544313 0.012618 0.997706 0.0083406 -0.0178545 0.0647631
1.74074e+09 1.43692 -0.544387 0.0125211 0.997694 0.00836954 -0.0179089 0.0649297
1.74074e+09 1.43577 -0.543705 0.0202576 0.99716 0.00613641 -0.0220914 0.0717314
1.74074e+09 1.43562 -0.543584 0.0213073 0.997055 0.00567069 -0.0226925 0.0730369
1.74074e+09 1.4356 -0.543591 0.0216198 0.997004 0.00545929 -0.0228579 0.0736883
1.74074e+09 1.43563 -0.543633 0.0217465 0.996972 0.0053759 -0.0228611 0.0741311
1.74074e+09 1.43565 -0.543711 0.0219136 0.996948 0.00552519 -0.0227324 0.0744851
1.74074e+09 1.43569 -0.543794 0.0219903 0.996928 0.0056508 -0.0225901 0.0747846
1.74074e+09 1.43573 -0.54388 0.0220143 0.99691 0.00575517 -0.0224465 0.0750511
1.74074e+09 1.43578 -0.543966 0.0220001 0.996895 0.00584038 -0.0223051 0.0752941
1.74074e+09 1.43584 -0.544053 0.0219392 0.996881 0.00589722 -0.0221689 0.0755137
1.74074e+09 1.4359 -0.544138 0.0218578 0.996868 0.00594001 -0.0220374 0.0757206
1.74074e+09 1.43596 -0.544223 0.02176 0.996855 0.00597043 -0.0219109 0.0759171
1.74074e+09 1.43602 -0.544306 0.0216485 0.996844 0.00598996 -0.0217892 0.0761049
1.74074e+09 1.43633 -0.544888 0.0219182 0.996857 0.00577166 -0.0210462 0.0761521
1.74074e+09 1.43642 -0.544882 0.0216795 0.996844 0.00550734 -0.0207508 0.0764318
1.74074e+09 1.43651 -0.544874 0.0214472 0.996826 0.00524824 -0.0205305 0.0767361
1.74074e+09 1.43659 -0.544864 0.021219 0.996808 0.00499044 -0.0203434 0.0770408
1.74074e+09 1.43667 -0.544852 0.0209942 0.996789 0.00473339 -0.0201762 0.0773397
1.74074e+09 1.43675 -0.544839 0.0207729 0.996771 0.0044773 -0.020023 0.0776305
1.74074e+09 1.43683 -0.544825 0.0205548 0.996753 0.00422253 -0.0198806 0.0779127
1.74074e+09 1.43691 -0.54481 0.0203401 0.996735 0.00396944 -0.0197469 0.0781863
1.74074e+09 1.43699 -0.544794 0.0201289 0.996718 0.00371839 -0.0196208 0.0784515
1.74074e+09 1.4387 -0.548011 0.0231054 0.99674 0.00376324 -0.0192233 0.0782616
1.74074e+09 1.43904 -0.54788 0.0233472 0.996768 0.00378639 -0.0188749 0.0779881
1.74074e+09 1.43934 -0.547765 0.0235639 0.996794 0.00380998 -0.0185516 0.077733
1.74074e+09 1.43961 -0.547666 0.0237589 0.99682 0.00382948 -0.0182477 0.0774793
1.74074e+09 1.43986 -0.547578 0.0239326 0.996843 0.0038485 -0.0179693 0.0772457
1.74074e+09 1.44008 -0.5475 0.0240894 0.996864 0.00386619 -0.0177094 0.0770251
1.74074e+09 1.44028 -0.547429 0.0242315 0.996884 0.00388306 -0.0174667 0.0768214
1.74074e+09 1.44047 -0.547365 0.0243622 0.996903 0.00389946 -0.0172376 0.0766314
1.74074e+09 1.44065 -0.547306 0.0244813 0.99692 0.00391545 -0.0170237 0.0764526
1.74074e+09 1.44081 -0.54725 0.0245926 0.996937 0.00392703 -0.016818 0.0762802
1.74074e+09 1.44095 -0.547198 0.0246944 0.996952 0.00393814 -0.016624 0.0761191
1.74074e+09 1.44115 -0.547755 0.025101 0.996943 0.00391673 -0.0166075 0.0762415
1.74074e+09 1.44108 -0.547774 0.0250668 0.996936 0.00389143 -0.0165902 0.0763375
1.74074e+09 1.44103 -0.54779 0.0250412 0.996931 0.00386824 -0.0165702 0.0764199
1.74074e+09 1.44098 -0.547802 0.0250222 0.996925 0.00384674 -0.0165484 0.0764914
1.74074e+09 1.44094 -0.547813 0.0250083 0.996921 0.00382663 -0.0165251 0.0765541
1.74074e+09 1.4409 -0.547822 0.0249983 0.996917 0.00380767 -0.0165008 0.0766096
1.74074e+09 1.44086 -0.547829 0.0249916 0.996914 0.00378968 -0.0164758 0.0766591
1.74074e+09 1.44084 -0.547835 0.0249918 0.996911 0.00377299 -0.016449 0.0767025
1.74074e+09 1.44081 -0.54784 0.0249937 0.996909 0.003757 -0.0164219 0.0767417
1.74074e+09 1.44079 -0.547844 0.0249971 0.996906 0.00374162 -0.0163947 0.0767774
1.74074e+09 1.44202 -0.548448 0.0249794 0.996976 4.26263e-05 -0.0186632 0.075441
1.74074e+09 1.44274 -0.549786 0.0247896 0.996964 -0.00135662 -0.0194891 0.0753693
1.74074e+09 1.44322 -0.55075 0.0247932 0.996955 -0.00165328 -0.0198184 0.0753981
1.74074e+09 1.44364 -0.5516 0.0248172 0.996948 -0.00184328 -0.0200862 0.0754116
1.74074e+09 1.44402 -0.552357 0.0248531 0.996943 -0.00196312 -0.0203124 0.075418
1.74074e+09 1.44437 -0.553037 0.0248959 0.996939 -0.00203473 -0.0205092 0.0754209
1.74074e+09 1.44469 -0.553682 0.024944 0.996935 -0.00206136 -0.0206817 0.0754279
1.74074e+09 1.445 -0.554275 0.024996 0.996931 -0.00206213 -0.0208448 0.0754341
1.74074e+09 1.44535 -0.554991 0.0250436 0.996929 -0.00224998 -0.0210544 0.0753899
1.74074e+09 1.44568 -0.55566 0.0250956 0.996928 -0.00241288 -0.0212464 0.0753495
1.74074e+09 1.44576 -0.556374 0.025313 0.996991 -0.0050996 -0.0208589 0.0744797
1.74074e+09 1.44564 -0.556348 0.0252167 0.99701 -0.00612806 -0.0207376 0.0741862
1.74074e+09 1.44558 -0.556308 0.0251646 0.997017 -0.00667847 -0.0206898 0.0740513
1.74074e+09 1.44554 -0.556263 0.025132 0.997021 -0.00702341 -0.020672 0.0739799
1.74074e+09 1.44551 -0.556237 0.0251092 0.997022 -0.00726791 -0.0206679 0.0739466
1.74074e+09 1.44549 -0.556208 0.0250929 0.997021 -0.00744719 -0.020672 0.0739286
1.74074e+09 1.44548 -0.556178 0.0250811 0.997021 -0.00758421 -0.0206811 0.0739193
1.74074e+09 1.44547 -0.556146 0.0250724 0.99702 -0.00769216 -0.0206933 0.0739153
1.74074e+09 1.44575 -0.556503 0.0251426 0.997008 -0.00762776 -0.0204449 0.0741487
1.74074e+09 1.44567 -0.556446 0.0249401 0.997011 -0.00778504 -0.0200698 0.0742007
1.74074e+09 1.44562 -0.5564 0.0248176 0.997012 -0.00788766 -0.0198436 0.0742387
1.74074e+09 1.44557 -0.556363 0.0247346 0.997012 -0.00796179 -0.0196919 0.0742673
1.74074e+09 1.44554 -0.556333 0.0246737 0.997012 -0.00801909 -0.0195828 0.0742893
1.74074e+09 1.44551 -0.556307 0.0246266 0.997012 -0.00806557 -0.0195005 0.0743068
1.74074e+09 1.44548 -0.556284 0.0245887 0.997012 -0.00810467 -0.0194361 0.0743208
1.74074e+09 1.44546 -0.556264 0.0245571 0.997012 -0.0081385 -0.0193842 0.0743322
1.74074e+09 1.44544 -0.556246 0.0245302 0.997012 -0.00816842 -0.0193415 0.0743417
1.74074e+09 1.44542 -0.55623 0.0245066 0.997012 -0.00819538 -0.0193057 0.0743496
1.74074e+09 1.4454 -0.556215 0.0244857 0.997012 -0.00822002 -0.0192752 0.0743563
1.74074e+09 1.44538 -0.556202 0.0244669 0.997011 -0.00824281 -0.0192488 0.0743619
1.74074e+09 1.44536 -0.556189 0.0244498 0.997011 -0.00826411 -0.0192259 0.0743667
1.74074e+09 1.44534 -0.556177 0.024434 0.997011 -0.00828419 -0.0192056 0.0743709
1.74074e+09 1.44532 -0.556165 0.0244192 0.997011 -0.00830324 -0.0191876 0.0743744
1.74074e+09 1.44572 -0.556621 0.0250333 0.997039 -0.00874029 -0.0194159 0.0738923
1.74074e+09 1.44565 -0.556184 0.0250721 0.997065 -0.0089211 -0.0195505 0.0734816
1.74074e+09 1.44559 -0.555783 0.025118 0.997087 -0.00902163 -0.0196519 0.07314
1.74074e+09 1.44567 -0.555727 0.0251476 0.997132 -0.00910446 -0.0197852 0.0724861
1.74074e+09 1.44579 -0.555992 0.0251352 0.997142 -0.00908484 -0.0198546 0.072326
1.74074e+09 1.44591 -0.556252 0.0251213 0.997152 -0.0090657 -0.019924 0.072178
1.74074e+09 1.44603 -0.556506 0.0251061 0.99716 -0.00904632 -0.0199931 0.0720409
1.74074e+09 1.44615 -0.556756 0.0250899 0.997168 -0.00902632 -0.0200618 0.0719136
1.74074e+09 1.44626 -0.556999 0.0250788 0.997176 -0.00900612 -0.02013 0.0717953
1.74074e+09 1.44803 -0.560634 0.0262599 0.997205 -0.00670088 -0.02363 0.0705666
1.74074e+09 1.448 -0.560635 0.0258882 0.997206 -0.00569162 -0.0240385 0.0704957
1.74074e+09 1.44795 -0.560602 0.0256926 0.997214 -0.00497946 -0.024146 0.0704028
1.74074e+09 1.44789 -0.560548 0.0256543 0.997228 -0.00454969 -0.0241093 0.0702486
1.74074e+09 1.44784 -0.560484 0.0256153 0.997243 -0.00414515 -0.0240319 0.0700861
1.74074e+09 1.44778 -0.560416 0.0256013 0.997259 -0.00378062 -0.0239261 0.0699182
1.74074e+09 1.44772 -0.560345 0.0256051 0.997275 -0.00344467 -0.0238032 0.069747
1.74074e+09 1.44765 -0.560274 0.0256219 0.997291 -0.00312479 -0.023674 0.0695767
1.74074e+09 1.44759 -0.560201 0.0256494 0.997307 -0.00282281 -0.0235374 0.0694055
1.74074e+09 1.44752 -0.560124 0.0256808 0.997324 -0.00252966 -0.0233962 0.0692245
1.74074e+09 1.44766 -0.560813 0.0265292 0.997192 -0.00265534 -0.0250209 0.0705297
1.74074e+09 1.44759 -0.560925 0.0268391 0.997143 -0.00247013 -0.0256069 0.0710231
1.74074e+09 1.44755 -0.561043 0.027063 0.997118 -0.00220873 -0.0258982 0.0712782
1.74074e+09 1.44752 -0.561163 0.0272321 0.997103 -0.00192501 -0.0260671 0.0714294
1.74074e+09 1.4475 -0.56127 0.0273378 0.997096 -0.00165265 -0.0261605 0.0714987
1.74074e+09 1.44749 -0.561376 0.0274165 0.997092 -0.00138287 -0.0262226 0.0715376
1.74074e+09 1.44748 -0.56148 0.0274738 0.99709 -0.00111803 -0.0262654 0.0715562
1.74074e+09 1.44748 -0.561583 0.0275138 0.997089 -0.000859109 -0.0262955 0.0715606
1.74074e+09 1.44748 -0.561683 0.0275398 0.997089 -0.00060642 -0.0263169 0.0715544
1.74074e+09 1.44748 -0.561781 0.0275542 0.99709 -0.000359987 -0.0263321 0.0715402
1.74074e+09 1.44823 -0.563751 0.0281703 0.996998 -0.00164552 -0.0274068 0.0723957
1.74074e+09 1.44827 -0.563854 0.0281324 0.99696 -0.00181214 -0.0278596 0.0727441
1.74074e+09 1.44831 -0.56395 0.0280719 0.99694 -0.00196037 -0.0281516 0.0729058
1.74074e+09 1.44835 -0.564037 0.0280098 0.996927 -0.00207685 -0.0283679 0.0729854
1.74074e+09 1.44838 -0.564115 0.0279506 0.99692 -0.00216552 -0.0285411 0.0730209
1.74074e+09 1.44842 -0.564187 0.027895 0.996915 -0.00223197 -0.0286871 0.07303
1.74074e+09 1.44845 -0.564255 0.027843 0.996911 -0.00228092 -0.0288146 0.0730217
1.74074e+09 1.44847 -0.564318 0.027794 0.996909 -0.00231604 -0.0289289 0.0730016
1.74074e+09 1.4485 -0.564378 0.0277475 0.996908 -0.00234012 -0.0290333 0.0729728
1.74074e+09 1.44853 -0.564436 0.0277032 0.996908 -0.00235529 -0.0291303 0.0729377
1.74074e+09 1.45042 -0.566931 0.0304123 0.996873 -0.00317426 -0.0279691 0.0738331
1.74074e+09 1.45063 -0.566841 0.030383 0.996845 -0.00298841 -0.0277264 0.0743135
1.74074e+09 1.45082 -0.566772 0.0303323 0.996833 -0.00272178 -0.0276319 0.0745201
1.74074e+09 1.451 -0.566709 0.0302759 0.996826 -0.00243588 -0.0275826 0.074645
1.74074e+09 1.45116 -0.56665 0.0302176 0.99682 -0.00214543 -0.0275535 0.0747347
1.74074e+09 1.45133 -0.566592 0.0301586 0.996816 -0.00185554 -0.0275358 0.074806
1.74074e+09 1.45148 -0.566537 0.0300999 0.996813 -0.00156703 -0.0275248 0.0748644
1.74074e+09 1.45161 -0.566289 0.0302235 0.996829 -0.00175658 -0.0272887 0.0747252
1.74074e+09 1.45176 -0.566224 0.0301747 0.996827 -0.00150236 -0.0272726 0.0747618
1.74074e+09 1.45191 -0.566159 0.0301261 0.996825 -0.00125216 -0.0272596 0.0747953
1.74074e+09 1.45203 -0.565924 0.0302331 0.996841 -0.00141039 -0.0270554 0.0746645
1.74074e+09 1.45217 -0.565852 0.0301915 0.99684 -0.00118646 -0.0270382 0.0746869
1.74074e+09 1.45309 -0.565247 0.0300866 0.996786 0.00225262 -0.0285946 0.0748048
1.74074e+09 1.4535 -0.564835 0.0297461 0.996763 0.00440429 -0.029455 0.0746781
1.74074e+09 1.45381 -0.564881 0.0294974 0.99674 0.00590589 -0.0300767 0.0746358
1.74074e+09 1.45374 -0.564643 0.0292987 0.996708 0.00591549 -0.0305877 0.074845
1.74074e+09 1.45368 -0.56449 0.0291192 0.996685 0.00594004 -0.0310227 0.0749725
1.74074e+09 1.45363 -0.564383 0.0289523 0.996666 0.00594223 -0.0314174 0.0750649
1.74074e+09 1.45358 -0.564305 0.0287952 0.996649 0.0059214 -0.031785 0.0751368
1.74074e+09 1.45354 -0.56425 0.0286465 0.996634 0.00588162 -0.0321324 0.0751954
1.74074e+09 1.45371 -0.563478 0.0290545 0.996671 0.00561528 -0.0324221 0.0745994
1.74074e+09 1.45352 -0.562377 0.0291073 0.996702 0.00561734 -0.03246 0.0741661
1.74074e+09 1.45322 -0.561337 0.0289442 0.996694 0.00515155 -0.0331735 0.0739802
1.74074e+09 1.45285 -0.560412 0.0289149 0.996714 0.00541513 -0.0329973 0.0737713
1.74074e+09 1.45249 -0.559538 0.0287334 0.996709 0.00524504 -0.0334045 0.0736787
1.74074e+09 1.4521 -0.558702 0.028682 0.996723 0.00551862 -0.0332471 0.0735316
1.74074e+09 1.45173 -0.557926 0.0284986 0.996718 0.00545388 -0.0335498 0.0734757
1.74074e+09 1.45137 -0.557143 0.0284557 0.99673 0.00573818 -0.0333963 0.0733497
1.74074e+09 1.45101 -0.556397 0.0284058 0.99674 0.00598929 -0.0332904 0.0732445
1.74074e+09 1.45036 -0.554757 0.0285279 0.996787 0.00724065 -0.0323501 0.072922
1.74074e+09 1.44982 -0.55323 0.0287494 0.99683 0.00817721 -0.0315725 0.0725693
1.74074e+09 1.44926 -0.551674 0.0289365 0.996868 0.00894092 -0.0308676 0.0722641
1.74074e+09 1.44888 -0.551492 0.0290931 0.996879 0.00901774 -0.0303922 0.0723014
1.74074e+09 1.44829 -0.550834 0.0288312 0.996889 0.00906841 -0.0300419 0.0722961
1.74074e+09 1.44773 -0.55021 0.0285718 0.996899 0.00911068 -0.0297696 0.0722716
1.74074e+09 1.44719 -0.549617 0.028318 0.996908 0.00914785 -0.0295478 0.0722369
1.74074e+09 1.44668 -0.549052 0.0280711 0.996916 0.00918177 -0.0293609 0.0721966
1.74074e+09 1.44625 -0.548554 0.0278769 0.996923 0.00919101 -0.0291649 0.0721828
1.74074e+09 1.44583 -0.54807 0.0276856 0.996929 0.00919909 -0.028987 0.0721696
1.74074e+09 1.44748 -0.54531 0.0281561 0.996575 0.00537977 -0.0260245 0.0783042
1.74074e+09 1.44735 -0.545594 0.0277953 0.996623 0.00501126 -0.0256946 0.0778309
1.74074e+09 1.44724 -0.545841 0.0276505 0.996647 0.00481148 -0.0256096 0.0775603
1.74074e+09 1.44715 -0.546072 0.0275873 0.996662 0.00467748 -0.0256162 0.0773717
1.74074e+09 1.44706 -0.546293 0.0275619 0.996673 0.00457577 -0.025665 0.0772254
1.74074e+09 1.44698 -0.546508 0.0275561 0.996681 0.00449226 -0.0257351 0.0771045
1.74074e+09 1.4469 -0.546718 0.0275612 0.996687 0.00441998 -0.0258166 0.0770004
1.74074e+09 1.44682 -0.546924 0.0275723 0.996692 0.00435509 -0.0259041 0.0769083
1.74074e+09 1.44675 -0.547126 0.0275868 0.996696 0.00429535 -0.0259944 0.0768253
1.74074e+09 1.44667 -0.547324 0.0276029 0.9967 0.00423934 -0.0260858 0.0767495
1.74074e+09 1.4466 -0.54752 0.0276197 0.996703 0.00418614 -0.0261769 0.0766794
1.74074e+09 1.44653 -0.547712 0.0276365 0.996706 0.00413513 -0.0262672 0.0766142
1.74074e+09 1.44646 -0.547902 0.0276529 0.996709 0.00408585 -0.0263562 0.0765531
1.74074e+09 1.44633 -0.550475 0.0274923 0.997362 -0.00459752 -0.0224881 0.0688633
1.74074e+09 1.44632 -0.55021 0.0270435 0.997359 -0.00452708 -0.0218287 0.0691283
1.74074e+09 1.44632 -0.549932 0.0266308 0.997363 -0.00445825 -0.0214432 0.0691944
1.74074e+09 1.44632 -0.549655 0.0262333 0.997368 -0.00439661 -0.0211601 0.0692154
1.74074e+09 1.44632 -0.549383 0.0258461 0.997372 -0.00434264 -0.0209352 0.069221
1.74074e+09 1.44632 -0.549115 0.0254668 0.997376 -0.0042954 -0.0207493 0.0692203
1.74074e+09 1.44633 -0.548853 0.0250939 0.99738 -0.00425383 -0.0205917 0.0692169
1.74074e+09 1.44634 -0.548597 0.0247267 0.997383 -0.00421697 -0.0204558 0.0692124
1.74074e+09 1.44634 -0.548346 0.0243645 0.997386 -0.00418402 -0.0203368 0.0692076
1.74074e+09 1.44635 -0.5481 0.0240066 0.997389 -0.00415435 -0.0202316 0.0692028
1.74074e+09 1.44636 -0.54786 0.0236529 0.997391 -0.00412744 -0.0201375 0.0691982
1.74074e+09 1.44621 -0.550437 0.026926 0.997206 -0.00196227 -0.0218501 0.0714087
1.74074e+09 1.4457 -0.550437 0.0281503 0.997098 -0.0002124 -0.0222014 0.0728136
1.74074e+09 1.44542 -0.550565 0.0287643 0.997019 0.00145422 -0.0222253 0.0738734
1.74074e+09 1.4452 -0.55047 0.0293531 0.997013 0.00221443 -0.0220352 0.0739887
1.74074e+09 1.445 -0.550382 0.0298255 0.997011 0.00290265 -0.0219228 0.0740231
1.74074e+09 1.44482 -0.550297 0.0302179 0.997013 0.00353338 -0.0218517 0.073999
1.74074e+09 1.44466 -0.550215 0.030552 0.997016 0.00411826 -0.0218053 0.0739329
1.74074e+09 1.44453 -0.550141 0.0308032 0.997021 0.00466354 -0.0217862 0.0738399
1.74074e+09 1.44441 -0.550068 0.0310242 0.997027 0.00517632 -0.0217736 0.0737268
1.74074e+09 1.4443 -0.549996 0.0312042 0.997036 0.0056639 -0.02176 0.0735771
1.74074e+09 1.44419 -0.549923 0.0313652 0.997045 0.00612888 -0.0217515 0.0734176
1.74074e+09 1.44409 -0.549852 0.0315107 0.997055 0.00657366 -0.0217466 0.0732511
1.74074e+09 1.444 -0.54978 0.0316431 0.997064 0.00700023 -0.0217446 0.07308
1.74074e+09 1.44391 -0.549709 0.0317646 0.997074 0.0074102 -0.0217448 0.0729059
1.74074e+09 1.44337 -0.550347 0.0344201 0.997259 0.00841003 -0.0236074 0.0696232
1.74074e+09 1.4432 -0.550431 0.0353146 0.997307 0.00817718 -0.0241143 0.0687789
1.74074e+09 1.44311 -0.550485 0.0358243 0.997328 0.00788543 -0.0243494 0.0684298
1.74074e+09 1.44304 -0.550528 0.036183 0.997338 0.00759377 -0.0244834 0.0682562
1.74074e+09 1.443 -0.550546 0.0364521 0.997345 0.0072829 -0.0245594 0.0681717
1.74074e+09 1.44296 -0.550559 0.0366718 0.997349 0.00700839 -0.0246176 0.0681186
1.74074e+09 1.44293 -0.550567 0.036856 0.997352 0.00676496 -0.0246649 0.0680843
1.74074e+09 1.4429 -0.550573 0.0370132 0.997354 0.00654788 -0.0247048 0.0680622
1.74074e+09 1.4429 -0.551701 0.0374585 0.99705 0.00385507 -0.0281535 0.071299
1.74074e+09 1.44291 -0.551795 0.0372714 0.996969 0.00274401 -0.029052 0.0721252
1.74074e+09 1.44291 -0.551884 0.0370899 0.996932 0.00185193 -0.0294916 0.0724749
1.74074e+09 1.4429 -0.551962 0.0369301 0.99691 0.00111214 -0.0297733 0.0726793
1.74074e+09 1.44289 -0.552072 0.0367325 0.996899 0.000382394 -0.0299913 0.0727568
1.74074e+09 1.44289 -0.552169 0.0365643 0.996888 -0.000226697 -0.0301718 0.0728229
1.74074e+09 1.44289 -0.552255 0.0364171 0.99688 -0.000748969 -0.0303204 0.072877
1.74074e+09 1.44289 -0.552335 0.0362799 0.996874 -0.00121992 -0.0304394 0.0729047
1.74074e+09 1.44351 -0.554625 0.0391191 0.996732 -0.00166725 -0.0292113 0.0752938
1.74074e+09 1.44407 -0.554477 0.0393995 0.996691 -0.00182834 -0.028612 0.0760592
1.74074e+09 1.44447 -0.55437 0.0395917 0.996678 -0.00190195 -0.0282073 0.0763801
1.74074e+09 1.44478 -0.554285 0.0397391 0.996676 -0.0019388 -0.0278944 0.076519
1.74074e+09 1.44505 -0.554212 0.0398623 0.996679 -0.00195818 -0.0276292 0.0765719
1.74074e+09 1.44529 -0.554146 0.0399724 0.996686 -0.00197512 -0.0273908 0.0765672
1.74074e+09 1.4455 -0.554087 0.0400658 0.996694 -0.00198076 -0.0271878 0.0765386
1.74074e+09 1.44569 -0.554035 0.0401483 0.996702 -0.00198114 -0.0270054 0.0764968
1.74074e+09 1.44587 -0.553987 0.040223 0.996711 -0.00197875 -0.0268361 0.0764464
1.74074e+09 1.44604 -0.553943 0.0402908 0.996719 -0.00197447 -0.0266777 0.0763908
1.74074e+09 1.4462 -0.553903 0.0403522 0.996727 -0.00196796 -0.0265354 0.076332
1.74074e+09 1.44598 -0.55454 0.0408507 0.996726 -0.00197071 -0.0263614 0.0764114
1.74074e+09 1.4458 -0.554598 0.0408116 0.996726 -0.00197981 -0.0262074 0.0764671
1.74074e+09 1.44565 -0.554648 0.040781 0.996726 -0.00199009 -0.0260744 0.0765119
1.74074e+09 1.44551 -0.554683 0.0407705 0.996727 -0.00201528 -0.0259383 0.0765459
1.74074e+09 1.4454 -0.554713 0.040765 0.996728 -0.00204124 -0.0258178 0.0765731
1.74074e+09 1.44531 -0.554728 0.0407875 0.996728 -0.00207818 -0.025703 0.0766004
1.74074e+09 1.44523 -0.554739 0.0408118 0.996729 -0.00211525 -0.0255997 0.0766226
1.74074e+09 1.44516 -0.554748 0.0408376 0.99673 -0.00215244 -0.0255064 0.0766408
1.74074e+09 1.4451 -0.554755 0.0408648 0.996731 -0.00218976 -0.0254214 0.0766555
1.74074e+09 1.44504 -0.55476 0.040893 0.996732 -0.00222723 -0.0253438 0.0766675
1.74074e+09 1.44499 -0.554762 0.0409223 0.996733 -0.00226484 -0.0252726 0.0766772
1.74074e+09 1.44493 -0.555004 0.0412285 0.99674 -0.00218057 -0.0252053 0.0766143
1.74074e+09 1.44478 -0.555008 0.0412759 0.996754 -0.00217086 -0.0247077 0.0765885
1.74074e+09 1.44464 -0.555011 0.0413108 0.996765 -0.00219609 -0.0243254 0.0765742
1.74074e+09 1.44453 -0.554987 0.0414072 0.996789 -0.00211356 -0.0237342 0.0764468
1.74074e+09 1.4443 -0.554807 0.0415022 0.996818 -0.00214552 -0.0229713 0.0763022
1.74074e+09 1.44408 -0.554647 0.0415722 0.99684 -0.00221184 -0.0223293 0.0762006
1.74074e+09 1.44387 -0.554497 0.0416274 0.996858 -0.00230397 -0.0217758 0.0761208
1.74074e+09 1.44366 -0.554364 0.0416584 0.996874 -0.00242187 -0.0212855 0.0760539
1.74074e+09 1.44345 -0.554231 0.0416817 0.996886 -0.00255735 -0.0208568 0.0760002
1.74074e+09 1.44325 -0.554101 0.0416984 0.996897 -0.00270518 -0.0204768 0.0759614
1.74074e+09 1.44348 -0.555164 0.0423186 0.997039 -0.00209073 -0.0202326 0.0741651
1.74074e+09 1.44379 -0.555925 0.0423781 0.997092 -0.00196846 -0.0199921 0.073507
1.74074e+09 1.4441 -0.556878 0.0424488 0.997122 -0.00202752 -0.0197606 0.0731656
1.74074e+09 1.44437 -0.557742 0.042508 0.997143 -0.00211966 -0.0195321 0.0729351
1.74074e+09 1.44461 -0.558525 0.0425582 0.99716 -0.00222957 -0.0193081 0.0727609
1.74074e+09 1.44477 -0.55912 0.0425907 0.997176 -0.00237448 -0.0190168 0.072608
1.74074e+09 1.44491 -0.559655 0.042617 0.99719 -0.00252809 -0.0187385 0.0724829
1.74074e+09 1.44506 -0.560185 0.0426109 0.997203 -0.0025946 -0.0184828 0.0723741
1.74074e+09 1.44518 -0.560652 0.042602 0.997215 -0.0026841 -0.0182361 0.0722718
1.74074e+09 1.44534 -0.561214 0.042624 0.997227 -0.00283137 -0.0180567 0.0721464
1.74074e+09 1.44549 -0.56174 0.0426436 0.997237 -0.00297544 -0.0178835 0.0720344
1.74074e+09 1.44558 -0.562082 0.0426495 0.997244 -0.00311134 -0.0177874 0.0719562
1.74074e+09 1.44547 -0.562652 0.0429059 0.997223 -0.00309367 -0.0179656 0.0722047
1.74074e+09 1.44541 -0.562801 0.0428273 0.997204 -0.0030687 -0.018165 0.0724263
1.74074e+09 1.44538 -0.562939 0.0427559 0.997187 -0.00304573 -0.0183565 0.072601
1.74074e+09 1.44538 -0.56307 0.0426991 0.997174 -0.0029904 -0.0185967 0.0727327
1.74074e+09 1.44538 -0.563197 0.0426461 0.997161 -0.00294198 -0.0188209 0.0728429
1.74074e+09 1.44539 -0.563323 0.0425975 0.997151 -0.00290001 -0.0190298 0.0729356
1.74074e+09 1.4454 -0.56345 0.0425481 0.997141 -0.00286139 -0.0192291 0.0730174
1.74074e+09 1.44542 -0.563585 0.0425031 0.997132 -0.00283061 -0.0194142 0.0730943
1.74074e+09 1.44543 -0.563717 0.0424599 0.997124 -0.00280506 -0.0195878 0.0731625
1.74074e+09 1.44566 -0.562702 0.0431866 0.997008 -0.00252237 -0.0201039 0.0746001
1.74074e+09 1.44565 -0.56186 0.0432667 0.997001 -0.00209438 -0.0203172 0.0746399
1.74074e+09 1.4455 -0.561021 0.043459 0.996993 -0.00358497 -0.0195986 0.0748832
1.74074e+09 1.44559 -0.560148 0.0435131 0.996985 -0.00185855 -0.0204747 0.0748265
1.74074e+09 1.44552 -0.559415 0.0436177 0.996992 -0.00169624 -0.020536 0.0747105
1.74074e+09 1.44545 -0.558691 0.0437225 0.997 -0.00153939 -0.0205949 0.074597
1.74074e+09 1.44528 -0.558118 0.0439007 0.997 -0.00316204 -0.0198067 0.0747539
1.74074e+09 1.44516 -0.557744 0.0440202 0.996999 -0.00425002 -0.019279 0.0748592
1.74074e+09 1.4452 -0.559403 0.0442811 0.997143 -0.00531923 -0.0197102 0.0727282
1.74074e+09 1.44506 -0.559186 0.0440872 0.997268 -0.00454276 -0.0187244 0.0713066
1.74074e+09 1.44506 -0.55916 0.0441077 0.997271 -0.00462474 -0.0187838 0.071248
1.74074e+09 1.44496 -0.558971 0.043991 0.997348 -0.00405056 -0.018112 0.0703759
1.74074e+09 1.44495 -0.558943 0.0440105 0.997347 -0.00409615 -0.0181576 0.0703748
1.74074e+09 1.44495 -0.558917 0.0440287 0.997346 -0.00413584 -0.0181991 0.0703782
1.74074e+09 1.44494 -0.558892 0.0440458 0.997344 -0.00417117 -0.0182375 0.0703846
1.74074e+09 1.44453 -0.562315 0.0478752 0.997414 -0.0032801 -0.023554 0.0678244
1.74074e+09 1.44451 -0.562358 0.0480217 0.997405 -0.00316218 -0.0241697 0.0677447
1.74074e+09 1.4445 -0.562377 0.0481074 0.997392 -0.00309647 -0.0244792 0.0678238
1.74074e+09 1.44449 -0.56239 0.0481758 0.997379 -0.00304807 -0.024699 0.0679456
1.74074e+09 1.44448 -0.5624 0.0482371 0.997365 -0.00300868 -0.0248792 0.0680833
1.74074e+09 1.44447 -0.562408 0.0482947 0.997351 -0.00297524 -0.0250377 0.0682274
1.74074e+09 1.44446 -0.562415 0.0483501 0.997338 -0.00294624 -0.0251826 0.0683738
1.74074e+09 1.44446 -0.562422 0.0484043 0.997324 -0.00292084 -0.0253181 0.0685205
1.74074e+09 1.44445 -0.562429 0.0484575 0.997311 -0.00289848 -0.0254464 0.0686664
1.74074e+09 1.44444 -0.562432 0.0485157 0.997301 -0.00291732 -0.0255551 0.0687738
1.74074e+09 1.44449 -0.563026 0.048106 0.997406 -0.0028808 -0.0244214 0.0676459
1.74074e+09 1.44457 -0.563115 0.0475618 0.997438 -0.00277558 -0.0240482 0.0673148
1.74074e+09 1.44464 -0.563192 0.047089 0.997452 -0.0026543 -0.0238641 0.0671804
1.74074e+09 1.4447 -0.563264 0.0466463 0.997459 -0.00252737 -0.0237553 0.0671232
1.74074e+09 1.44476 -0.563333 0.04622 0.997462 -0.00239824 -0.0236842 0.0671037
1.74074e+09 1.44482 -0.563402 0.0457956 0.997464 -0.00227119 -0.0236291 0.0670967
1.74074e+09 1.44488 -0.563469 0.0453797 0.997465 -0.00214397 -0.0235889 0.0671037
1.74074e+09 1.44494 -0.563535 0.0449703 0.997465 -0.00201695 -0.0235588 0.0671197
1.74074e+09 1.44499 -0.5636 0.0445662 0.997464 -0.00189038 -0.0235358 0.0671415
1.74074e+09 1.44465 -0.567817 0.0475602 0.997223 -0.00150874 -0.0233192 0.0707082
1.74074e+09 1.44472 -0.56772 0.0474743 0.997185 -0.00116682 -0.0233548 0.0712352
1.74074e+09 1.44531 -0.566849 0.0491237 0.997037 0.00654577 -0.0243576 0.0726655
1.74074e+09 1.44558 -0.565597 0.0502618 0.997001 0.00703731 -0.0235006 0.0734022
1.74074e+09 1.44578 -0.564674 0.0513128 0.996996 0.00756788 -0.0225843 0.0737032
1.74074e+09 1.44593 -0.563921 0.0522047 0.996997 0.00804107 -0.0217412 0.0738929
1.74074e+09 1.44607 -0.5633 0.0529714 0.996999 0.00846716 -0.02097 0.0740331
1.74074e+09 1.44618 -0.562786 0.0536327 0.997002 0.00884964 -0.0202699 0.0741417
1.74074e+09 1.44628 -0.562349 0.0541973 0.997005 0.00918618 -0.019656 0.0742323
1.74074e+09 1.44636 -0.56204 0.0547092 0.997009 0.00951089 -0.0190382 0.074294
1.74074e+09 1.44642 -0.561779 0.055166 0.997013 0.00981268 -0.0184636 0.0743486
1.74074e+09 1.44569 -0.561727 0.0556127 0.996997 0.0100702 -0.018027 0.0746367
1.74074e+09 1.44512 -0.561111 0.0555162 0.996986 0.0101625 -0.0178773 0.0748088
1.74074e+09 1.44463 -0.560512 0.0554208 0.996977 0.0102178 -0.0177939 0.0749354
1.74074e+09 1.4442 -0.559939 0.0553307 0.99697 0.0102573 -0.0177382 0.0750336
1.74074e+09 1.44382 -0.559395 0.0552461 0.996965 0.0102888 -0.0176964 0.0751131
1.74074e+09 1.44347 -0.558878 0.0551667 0.99696 0.0103158 -0.0176628 0.0751792
1.74074e+09 1.44316 -0.558387 0.0550921 0.996956 0.01034 -0.0176346 0.0752357
1.74074e+09 1.44288 -0.557919 0.0550217 0.996953 0.0103623 -0.0176101 0.075285
1.74074e+09 1.44262 -0.557473 0.054955 0.99695 0.0103835 -0.0175884 0.0753287
1.74074e+09 1.44238 -0.557048 0.0548917 0.996947 0.0104038 -0.0175689 0.0753681
1.74074e+09 1.44218 -0.556611 0.0548677 0.996948 0.010466 -0.0174441 0.0753731
1.74074e+09 1.44168 -0.556295 0.0552489 0.997031 0.0102222 -0.0177734 0.0742207
1.74074e+09 1.44129 -0.555598 0.0551098 0.997082 0.0100443 -0.0179819 0.0735006
1.74074e+09 1.44095 -0.555033 0.0550119 0.997126 0.0100159 -0.0179987 0.0729009
1.74074e+09 1.44057 -0.554466 0.0549013 0.997153 0.00993132 -0.0180658 0.0725332
1.74074e+09 1.44019 -0.553923 0.0547934 0.997173 0.00986549 -0.0181019 0.0722515
1.74074e+09 1.43967 -0.553221 0.054597 0.997196 0.00984586 -0.0181242 0.0719373
1.74074e+09 1.43915 -0.552545 0.0544046 0.997215 0.00983807 -0.0181212 0.0716736
1.74074e+09 1.43865 -0.551904 0.0542188 0.997231 0.00983657 -0.0181058 0.071449
1.74074e+09 1.43798 -0.550968 0.0540839 0.997255 0.0101233 -0.0178307 0.0711437
1.74074e+09 1.43737 -0.550121 0.0539599 0.997275 0.0103759 -0.0175821 0.070886
1.74074e+09 1.43679 -0.549336 0.053845 0.997293 0.0105961 -0.0173627 0.0706636
1.74074e+09 1.43637 -0.549361 0.0543282 0.997286 0.0102855 -0.0177515 0.0707136
1.74074e+09 1.43625 -0.549299 0.0543413 0.997292 0.0100677 -0.0180477 0.0705806
1.74074e+09 1.43611 -0.549177 0.0543465 0.997297 0.00982816 -0.0183741 0.0704626
1.74074e+09 1.43593 -0.548958 0.0543449 0.9973 0.00950712 -0.0188244 0.0703366
1.74074e+09 1.43576 -0.548682 0.0543591 0.997299 0.00908894 -0.0192968 0.0702821
1.74074e+09 1.43557 -0.548376 0.0543781 0.997297 0.00870488 -0.0197335 0.0702392
1.74074e+09 1.43542 -0.548132 0.0544042 0.997296 0.0083506 -0.0201182 0.0701861
1.74074e+09 1.43526 -0.547896 0.0544237 0.997292 0.00799458 -0.0204923 0.0701736
1.74074e+09 1.43511 -0.547672 0.0544403 0.997288 0.00765875 -0.0208388 0.070173
1.74074e+09 1.43316 -0.549648 0.0548255 0.997028 0.0109117 -0.0231439 0.0726693
1.74074e+09 1.4334 -0.549572 0.0535476 0.996932 0.011968 -0.0234142 0.0737283
1.74074e+09 1.43353 -0.549536 0.0528173 0.99688 0.0125111 -0.023532 0.0742941
1.74074e+09 1.4336 -0.549523 0.0523294 0.996845 0.0128359 -0.0236202 0.0746754
1.74074e+09 1.43366 -0.54952 0.0519668 0.996822 0.0130391 -0.023679 0.0749403
1.74074e+09 1.4337 -0.549523 0.0516783 0.996804 0.0131717 -0.0237221 0.075136
1.74074e+09 1.43373 -0.549532 0.0514373 0.996791 0.0132601 -0.0237557 0.0752874
1.74074e+09 1.43376 -0.549543 0.0512288 0.99678 0.013319 -0.0237831 0.0754085
1.74074e+09 1.43378 -0.549563 0.0510686 0.996771 0.0133646 -0.0238062 0.0755121
1.74074e+09 1.43379 -0.549585 0.0509259 0.996764 0.0133954 -0.0238264 0.0755999
1.74074e+09 1.4338 -0.549609 0.0507967 0.996757 0.0134153 -0.0238445 0.0756757
1.74074e+09 1.4338 -0.549632 0.0506842 0.996753 0.0134297 -0.0238506 0.0757249
1.74074e+09 1.4338 -0.549656 0.0505788 0.996749 0.0134388 -0.023856 0.0757677
1.74074e+09 1.43358 -0.550045 0.0508124 0.996827 0.0134513 -0.0249783 0.0743713
1.74074e+09 1.43338 -0.550165 0.0516666 0.996843 0.0156125 -0.0251456 0.0736737
1.74074e+09 1.43321 -0.550279 0.0524456 0.996843 0.0172016 -0.0252611 0.0732757
1.74074e+09 1.43328 -0.550295 0.0524113 0.996863 0.016926 -0.0256062 0.0729525
1.74074e+09 1.43333 -0.550308 0.0524018 0.996874 0.0166314 -0.0258651 0.0727721
1.74074e+09 1.43338 -0.550321 0.0524106 0.996881 0.0163261 -0.0260704 0.0726818
1.74074e+09 1.43342 -0.550331 0.0524225 0.996884 0.016032 -0.0262417 0.0726339
1.74074e+09 1.43345 -0.550338 0.052435 0.996887 0.0157517 -0.0263886 0.0726119
1.74074e+09 1.43349 -0.550343 0.0524467 0.996888 0.015486 -0.026517 0.0726067
1.74074e+09 1.43352 -0.550345 0.0524517 0.996888 0.0152311 -0.0266306 0.0726108
1.74074e+09 1.43416 -0.550587 0.0481567 0.997149 0.015997 -0.0238749 0.0697773
1.74074e+09 1.43458 -0.550598 0.0458017 0.997273 0.0163475 -0.022503 0.0683637
1.74074e+09 1.43484 -0.550616 0.0443298 0.997345 0.0165587 -0.0216759 0.0675244
1.74074e+09 1.43501 -0.550633 0.0433047 0.997392 0.0166933 -0.0211257 0.0669713
1.74074e+09 1.43513 -0.550649 0.0425398 0.997424 0.0167835 -0.020737 0.0665847
1.74074e+09 1.43522 -0.550664 0.0419371 0.997448 0.0168462 -0.0204487 0.0663017
1.74074e+09 1.4353 -0.550678 0.0414425 0.997466 0.0168907 -0.020227 0.0660872
1.74074e+09 1.43535 -0.550692 0.0410235 0.99748 0.0169226 -0.0200518 0.0659204
1.74074e+09 1.4354 -0.550704 0.0406593 0.997491 0.0169455 -0.0199102 0.0657881
1.74074e+09 1.43544 -0.550717 0.0403384 0.9975 0.0169603 -0.0197999 0.0656842
1.74074e+09 1.43562 -0.551001 0.0398973 0.997179 0.0149353 -0.0227981 0.0699324
1.74074e+09 1.43595 -0.551001 0.0384404 0.997079 0.0132802 -0.0239416 0.0713081
1.74074e+09 1.43619 -0.551015 0.0371395 0.997027 0.0119758 -0.0246115 0.0720252
1.74074e+09 1.43638 -0.55103 0.0360637 0.996996 0.0109446 -0.0250592 0.0724709
1.74074e+09 1.43657 -0.55118 0.0348212 0.996977 0.0100141 -0.0254039 0.0727366
1.74074e+09 1.43673 -0.551323 0.0337591 0.996963 0.00924382 -0.0256766 0.0729434
1.74074e+09 1.43686 -0.551462 0.0328397 0.99695 0.008597 -0.0258979 0.0731111
1.74074e+09 1.437 -0.551601 0.0319436 0.996938 0.00797633 -0.0261085 0.0732775
1.74074e+09 1.43712 -0.551737 0.0311425 0.996927 0.00743973 -0.0262861 0.073414
1.74074e+09 1.43723 -0.551871 0.0304208 0.996918 0.00697131 -0.0264379 0.0735281
1.74074e+09 1.43678 -0.553633 0.0310345 0.996723 0.00642948 -0.025322 0.0765515
1.74074e+09 1.43715 -0.553399 0.0311807 0.996671 0.00624726 -0.0248689 0.0773942
1.74074e+09 1.4374 -0.55324 0.0312741 0.996651 0.00616422 -0.0245776 0.0777541
1.74074e+09 1.4376 -0.553112 0.0313446 0.996642 0.00612022 -0.0243537 0.0779334
1.74074e+09 1.43776 -0.553003 0.0314062 0.99664 0.00609183 -0.0241575 0.0780241
1.74074e+09 1.43792 -0.552905 0.0314596 0.996641 0.00607412 -0.0239836 0.0780673
1.74074e+09 1.43805 -0.552815 0.031507 0.996644 0.00606293 -0.0238252 0.0780823
1.74074e+09 1.43818 -0.552733 0.0315473 0.996647 0.00605602 -0.0236845 0.0780839
1.74074e+09 1.4383 -0.552656 0.031584 0.996651 0.00605202 -0.0235527 0.0780733
1.74074e+09 1.43841 -0.552584 0.0316176 0.996655 0.00605005 -0.0234281 0.0780546
1.74074e+09 1.43852 -0.552516 0.0316486 0.99666 0.00604956 -0.0233097 0.0780304
1.74074e+09 1.43862 -0.552451 0.0316774 0.996665 0.00605015 -0.0231966 0.0780024
1.74074e+09 1.43871 -0.552389 0.031704 0.99667 0.00605156 -0.0230882 0.0779718
1.74074e+09 1.43869 -0.552928 0.0320741 0.996779 0.00572252 -0.0224715 0.0767751
1.74074e+09 1.43878 -0.553081 0.0322857 0.99684 0.00544031 -0.0220855 0.0761107
1.74074e+09 1.43884 -0.553251 0.0324502 0.996878 0.00522653 -0.0218249 0.0756982
1.74074e+09 1.43888 -0.553429 0.0325897 0.996905 0.00504919 -0.0216302 0.0754182
1.74074e+09 1.4389 -0.553611 0.0327144 0.996924 0.00489398 -0.0214747 0.0752164
1.74074e+09 1.43892 -0.553789 0.0328314 0.99694 0.00475351 -0.0213407 0.0750543
1.74074e+09 1.43894 -0.553968 0.0329414 0.996952 0.00462374 -0.0212251 0.0749284
1.74074e+09 1.43895 -0.554146 0.0330464 0.996963 0.00450192 -0.0211227 0.0748282
1.74074e+09 1.43896 -0.554324 0.0331477 0.996971 0.00438628 -0.0210303 0.0747467
1.74074e+09 1.43897 -0.554501 0.033246 0.996978 0.0042756 -0.0209455 0.0746794
1.74074e+09 1.43898 -0.554676 0.0333421 0.996985 0.00416904 -0.0208668 0.074623
1.74074e+09 1.43898 -0.55485 0.0334363 0.99699 0.00406598 -0.020793 0.0745753
1.74074e+09 1.4374 -0.557195 0.0327053 0.997062 0.0067888 -0.0129682 0.0751819
1.74074e+09 1.43656 -0.557942 0.0324086 0.997074 0.00555659 -0.00847858 0.0757662
1.74074e+09 1.43598 -0.558505 0.0321982 0.997072 0.00462683 -0.00530595 0.0761436
1.74074e+09 1.43554 -0.558955 0.0320385 0.997066 0.00391963 -0.00293843 0.0763956
1.74074e+09 1.4352 -0.559329 0.0319121 0.997058 0.00336642 -0.00110155 0.076567
1.74074e+09 1.43494 -0.559648 0.0318092 0.997051 0.00292247 0.000366616 0.0766842
1.74074e+09 1.43472 -0.559927 0.0317234 0.997045 0.00255845 0.00156802 0.0767639
1.74074e+09 1.43455 -0.560173 0.0316506 0.997039 0.00225457 0.00257007 0.0768169
1.74074e+09 1.4344 -0.560395 0.0315879 0.997035 0.00199704 0.00341914 0.0768505
1.74074e+09 1.43427 -0.560596 0.0315333 0.997031 0.00177597 0.00414822 0.0768697
1.74074e+09 1.43444 -0.562339 0.0277096 0.996948 0.00284737 0.000750857 0.0780078
1.74074e+09 1.43451 -0.562839 0.0249975 0.996933 0.00306458 -0.000465812 0.0782005
1.74074e+09 1.43447 -0.563248 0.0226576 0.996928 0.00304568 -0.00103764 0.0782528
1.74074e+09 1.43441 -0.563563 0.0204668 0.996928 0.00295146 -0.00140042 0.0782553
1.74074e+09 1.43435 -0.563828 0.0183703 0.996929 0.00282228 -0.00165847 0.0782406
1.74074e+09 1.43429 -0.564058 0.0163442 0.996931 0.00267512 -0.00185585 0.0782193
1.74074e+09 1.43423 -0.564262 0.0143759 0.996933 0.00251833 -0.00201445 0.0781958
1.74074e+09 1.43417 -0.564445 0.0124577 0.996935 0.00235648 -0.00214643 0.078172
1.74074e+09 1.43402 -0.565125 0.0122693 0.996935 0.00235209 -0.0020714 0.0781683
1.74074e+09 1.43409 -0.565145 0.012349 0.996937 0.00233892 -0.00201315 0.078149
1.74074e+09 1.43415 -0.565167 0.012427 0.996939 0.00232605 -0.00195663 0.0781281
1.74074e+09 1.43422 -0.565191 0.0125035 0.996941 0.00231343 -0.00190166 0.0781062
1.74074e+09 1.43427 -0.565215 0.0125787 0.996942 0.00230104 -0.00184811 0.0780838
1.74074e+09 1.43433 -0.56524 0.012653 0.996944 0.00228886 -0.0017949 0.0780611
1.74074e+09 1.43439 -0.565265 0.0127262 0.996946 0.00227687 -0.00174296 0.0780383
1.74074e+09 1.43471 -0.565518 0.0116434 0.997091 0.00106555 -0.00159839 0.0762018
1.74074e+09 1.43449 -0.56481 0.0118332 0.997037 0.00124472 -0.00161855 0.0768959
1.74074e+09 1.4347 -0.564202 0.011047 0.997098 4.4016e-05 -0.00151293 0.0761079
1.74074e+09 1.43463 -0.563498 0.0112505 0.997084 0.000270797 -0.00152034 0.0763016
1.74074e+09 1.43465 -0.562941 0.0107055 0.997092 -0.000608621 -0.00145679 0.0761864
1.74074e+09 1.43459 -0.562398 0.0104302 0.997085 -0.00101762 -0.00125656 0.0762783
1.74074e+09 1.43455 -0.561875 0.0102873 0.997081 -0.0012441 -0.00110327 0.076333
1.74074e+09 1.43458 -0.56164 0.00997041 0.997084 -0.0018013 -0.00105006 0.0762784
1.74074e+09 1.43456 -0.561131 0.0099644 0.997082 -0.00183737 -0.000947356 0.0763155
1.74074e+09 1.43454 -0.560635 0.0099663 0.997079 -0.00186139 -0.00084891 0.0763433
1.74074e+09 1.43452 -0.560151 0.00997308 0.997078 -0.00187766 -0.000753754 0.0763646
1.74074e+09 1.43456 -0.560008 0.00995869 0.99708 -0.00202211 -0.000815813 0.0763265
1.74074e+09 1.43474 -0.560497 0.00951886 0.99709 -0.00207703 -0.000918494 0.0762013
1.74074e+09 1.43472 -0.559982 0.00994795 0.997105 -0.00182593 -8.47344e-05 0.0760146
1.74074e+09 1.43472 -0.559545 0.0103019 0.997118 -0.0016098 0.000638245 0.0758527
1.74074e+09 1.43471 -0.559165 0.0106123 0.997128 -0.00142201 0.00127059 0.075711
1.74074e+09 1.43472 -0.558832 0.0108869 0.997137 -0.00125739 0.00182838 0.0755859
1.74074e+09 1.43472 -0.558538 0.0111317 0.997144 -0.00111195 0.00232409 0.0754746
1.74074e+09 1.43473 -0.558277 0.0113515 0.997151 -0.000982573 0.00276758 0.075375
1.74074e+09 1.43474 -0.558044 0.01155 0.997157 -0.000866765 0.00316671 0.0752852
1.74074e+09 1.43475 -0.557835 0.0117304 0.997162 -0.000762529 0.00352782 0.075204
1.74074e+09 1.43476 -0.557646 0.0118951 0.997166 -0.000668237 0.00385612 0.0751301
1.74074e+09 1.43482 -0.557605 0.0119913 0.997169 -0.000605192 0.00408649 0.0750815
1.74074e+09 1.43448 -0.55591 0.0105505 0.997187 -0.00412499 -0.000939022 0.0748385
1.74074e+09 1.43502 -0.556345 0.00939101 0.997102 -0.00581717 -0.003252 0.0757902
1.74074e+09 1.43562 -0.557057 0.00828636 0.997076 -0.00679194 -0.00441326 0.0759809
1.74074e+09 1.43603 -0.557219 0.00744165 0.997075 -0.00760793 -0.00542195 0.0758612
1.74074e+09 1.43617 -0.557066 0.00711827 0.997053 -0.0080411 -0.00602311 0.0760551
1.74074e+09 1.43624 -0.55675 0.00694235 0.997042 -0.00843261 -0.00645642 0.0761268
1.74074e+09 1.43639 -0.55664 0.00666208 0.997039 -0.00883258 -0.00682481 0.076082
1.74074e+09 1.43653 -0.556497 0.00638884 0.997043 -0.00940236 -0.00724229 0.0759232
1.74074e+09 1.43558 -0.557915 0.00539882 0.997346 -0.00619642 -0.0185849 0.0701221
1.74074e+09 1.43566 -0.557444 0.0041706 0.997334 -0.00443935 -0.0204745 0.0699043
1.74074e+09 1.43574 -0.557013 0.00310686 0.997324 -0.00352539 -0.0214374 0.06981
1.74074e+09 1.43583 -0.5566 0.00207699 0.997309 -0.00282509 -0.0220307 0.069873
1.74074e+09 1.43589 -0.556342 0.00138056 0.997284 -0.00211755 -0.0224923 0.0700986
1.74074e+09 1.43594 -0.5561 0.000747546 0.997262 -0.00154031 -0.0228652 0.0703105
1.74074e+09 1.436 -0.555871 0.000166884 0.997241 -0.00106477 -0.0231775 0.0705059
1.74074e+09 1.43604 -0.555653 -0.000370623 0.997223 -0.000669599 -0.0234459 0.0706855
1.74074e+09 1.43609 -0.555443 -0.000872292 0.997206 -0.000338736 -0.0236811 0.070851
1.74074e+09 1.43613 -0.555236 -0.00135212 0.997189 -6.50071e-05 -0.0238866 0.0710233
1.74074e+09 1.43617 -0.555037 -0.00180661 0.997172 0.000177985 -0.0240763 0.0711879
1.74074e+09 1.4362 -0.554838 -0.00225511 0.997158 0.000389996 -0.0242508 0.071328
1.74074e+09 1.43604 -0.55528 -0.00269028 0.997167 0.000277046 -0.0246909 0.0710524
1.74074e+09 1.43603 -0.555294 -0.00260995 0.997172 0.000165325 -0.0249459 0.0708868
1.74074e+09 1.43602 -0.555309 -0.00253387 0.997176 5.97427e-05 -0.0251135 0.0707765
1.74074e+09 1.43602 -0.555325 -0.00246265 0.997179 -3.90577e-05 -0.0252322 0.0706977
1.74074e+09 1.43601 -0.555339 -0.00239626 0.997181 -0.00013122 -0.0253208 0.0706386
1.74074e+09 1.436 -0.555354 -0.00233443 0.997182 -0.000217156 -0.0253895 0.0705926
1.74074e+09 1.436 -0.555367 -0.00227682 0.997183 -0.000297355 -0.0254445 0.070556
1.74074e+09 1.43599 -0.555379 -0.0022231 0.997184 -0.00037231 -0.0254896 0.0705262
1.74074e+09 1.43599 -0.555389 -0.0021726 0.997185 -0.000457704 -0.0255309 0.0704922
1.74074e+09 1.43582 -0.555975 -0.00194914 0.997216 0.000290719 -0.0248184 0.0703112
1.74074e+09 1.43575 -0.556231 -0.00124633 0.997211 0.00100818 -0.0244472 0.0705063
1.74074e+09 1.43572 -0.55647 -0.000684705 0.997202 0.0016364 -0.0241432 0.0707228
1.74074e+09 1.43579 -0.556584 -0.000598005 0.997196 0.00193688 -0.0239456 0.0708739
1.74074e+09 1.43585 -0.55669 -0.000521785 0.997189 0.0022149 -0.0237682 0.0710289
1.74074e+09 1.43591 -0.556788 -0.000459313 0.997182 0.00247299 -0.0235985 0.0711723
1.74074e+09 1.43597 -0.556884 -0.000381785 0.997174 0.00273396 -0.02344 0.0713254
1.74074e+09 1.43603 -0.556972 -0.000316654 0.997166 0.00297668 -0.0232897 0.0714728
1.74074e+09 1.43609 -0.557054 -0.000264376 0.997158 0.00319995 -0.0231498 0.0716163
1.74074e+09 1.43611 -0.557128 -6.82158e-05 0.997151 0.00349893 -0.0229915 0.0717511
1.74074e+09 1.43614 -0.557195 0.000106007 0.997144 0.003774 -0.0228435 0.0718811
1.74074e+09 1.4361 -0.557578 -0.00013731 0.996918 0.00447958 -0.0243135 0.0744565
1.74074e+09 1.4361 -0.557713 9.91979e-05 0.996853 0.00520576 -0.024619 0.0751667
1.74074e+09 1.43616 -0.557933 -0.000248684 0.996823 0.00511665 -0.0248769 0.0754926
1.74074e+09 1.43621 -0.55818 -0.000634691 0.996806 0.00497664 -0.0250635 0.0756682
1.74074e+09 1.43626 -0.558428 -0.0009974 0.996795 0.00485667 -0.0252006 0.0757737
1.74074e+09 1.4363 -0.558678 -0.00133213 0.996787 0.00476941 -0.0253061 0.0758432
1.74074e+09 1.43633 -0.558921 -0.00164511 0.996781 0.0046969 -0.0254004 0.0758913
1.74074e+09 1.43636 -0.559165 -0.00194132 0.996777 0.0046441 -0.0254791 0.0759236
1.74074e+09 1.43639 -0.559384 -0.0022632 0.996775 0.00455498 -0.0255668 0.0759268
1.74074e+09 1.43498 -0.562236 -0.00383032 0.996643 -0.00697269 -0.022847 0.0783141
1.74074e+09 1.43495 -0.562181 -0.00372779 0.996655 -0.00759666 -0.022795 0.0781182
1.74074e+09 1.43493 -0.562155 -0.0036843 0.996665 -0.00781838 -0.0227932 0.0779687
1.74074e+09 1.43492 -0.56214 -0.00365939 0.996672 -0.00793081 -0.0227946 0.0778638
1.74074e+09 1.43492 -0.56213 -0.00364294 0.996677 -0.00799801 -0.0227941 0.0777872
1.74074e+09 1.43491 -0.562123 -0.00363112 0.996682 -0.00804217 -0.0227915 0.077729
1.74074e+09 1.43491 -0.562117 -0.0036221 0.996685 -0.00807302 -0.022787 0.0776831
1.74074e+09 1.4349 -0.562112 -0.00361492 0.996688 -0.00809548 -0.0227812 0.077646
1.74074e+09 1.4349 -0.562108 -0.00360902 0.99669 -0.0081123 -0.0227742 0.0776151
1.74074e+09 1.4349 -0.562105 -0.00360404 0.996692 -0.00812518 -0.0227664 0.0775891
1.74074e+09 1.43469 -0.562475 -0.00479069 0.996721 -0.00830951 -0.0222291 0.0773526
1.74074e+09 1.43467 -0.562464 -0.00575046 0.996732 -0.00849214 -0.0220816 0.0772327
1.74074e+09 1.43468 -0.562444 -0.00671928 0.996737 -0.00866777 -0.0220377 0.07717
1.74074e+09 1.4347 -0.562421 -0.00768743 0.996739 -0.00883144 -0.0220265 0.0771252
1.74074e+09 1.43472 -0.562395 -0.00864878 0.99674 -0.00898364 -0.0220255 0.0770906
1.74074e+09 1.43475 -0.562359 -0.00959704 0.99674 -0.00912819 -0.0220334 0.0770781
1.74074e+09 1.43479 -0.562321 -0.010537 0.996739 -0.00926223 -0.022036 0.0770671
1.74074e+09 1.43454 -0.563101 -0.00763702 0.996824 -0.00187928 -0.0201284 0.0770293
1.74074e+09 1.43455 -0.563182 -0.00774366 0.996858 -0.00133157 -0.0191355 0.076857
1.74074e+09 1.43456 -0.563261 -0.00794906 0.996889 -0.00103838 -0.0182378 0.0766708
1.74074e+09 1.43457 -0.563337 -0.00816009 0.996918 -0.000821795 -0.0174069 0.0764881
1.74074e+09 1.43459 -0.563409 -0.00835861 0.996945 -0.000641984 -0.0166322 0.0763088
1.74074e+09 1.43459 -0.563428 -0.0085676 0.996967 -0.000491984 -0.0158822 0.0761867
1.74074e+09 1.43459 -0.563447 -0.00875499 0.996987 -0.000355428 -0.0151778 0.0760644
1.74074e+09 1.43459 -0.563465 -0.00892208 0.997007 -0.000229586 -0.0145149 0.0759423
1.74074e+09 1.4337 -0.56442 -0.0190629 0.997161 0.00282515 0.0014648 0.0752375
1.74074e+09 1.43369 -0.564467 -0.0193213 0.997172 0.00293612 0.00250907 0.0750584
1.74074e+09 1.4337 -0.564489 -0.0191673 0.997181 0.00293296 0.00289253 0.0749141
1.74074e+09 1.43373 -0.5645 -0.0189139 0.99719 0.00290154 0.00310781 0.0747909
1.74074e+09 1.43376 -0.564507 -0.018622 0.997198 0.0028607 0.00325241 0.0746782
1.74074e+09 1.43379 -0.564511 -0.0183125 0.997206 0.00281667 0.00336039 0.0745724
1.74074e+09 1.43381 -0.564513 -0.0179947 0.997213 0.00277202 0.00344676 0.0744719
1.74074e+09 1.43384 -0.564513 -0.017673 0.99722 0.00272796 0.00351918 0.0743756
1.74074e+09 1.43393 -0.564596 -0.0172704 0.99725 0.00272437 0.00362426 0.0739674
1.74074e+09 1.434 -0.56466 -0.0168755 0.997275 0.00271771 0.00371021 0.0736286
1.74074e+09 1.43407 -0.564713 -0.0164812 0.997297 0.00270879 0.00378086 0.0733327
1.74074e+09 1.43414 -0.564759 -0.016092 0.997317 0.00269558 0.00384309 0.0730591
1.74074e+09 1.43421 -0.564801 -0.0157074 0.997333 0.00268019 0.00389892 0.0728295
1.74074e+09 1.43428 -0.564839 -0.01533 0.997349 0.0026626 0.00395068 0.0726134
1.74074e+09 1.43434 -0.564873 -0.0149569 0.997363 0.0026435 0.00399839 0.0724138
1.74074e+09 1.4344 -0.564903 -0.0145881 0.997376 0.00262331 0.00404286 0.0722284
1.74074e+09 1.4342 -0.561479 -0.0172715 0.997677 0.00182187 0.00372328 0.0679977
1.74074e+09 1.4341 -0.558866 -0.0187148 0.997858 0.00128352 0.00352743 0.0653102
1.74074e+09 1.43397 -0.557294 -0.0195319 0.997954 0.000966738 0.00341871 0.063845
1.74074e+09 1.43387 -0.556043 -0.0196359 0.998024 0.000837364 0.00340445 0.0627396
1.74074e+09 1.43377 -0.55511 -0.0197627 0.998074 0.000727829 0.00338723 0.0619303
1.74074e+09 1.43366 -0.554347 -0.0198943 0.998112 0.000634304 0.00336879 0.0613246
1.74074e+09 1.4334 -0.553679 -0.0201579 0.998135 0.000544315 0.00332255 0.0609495
1.74074e+09 1.43318 -0.553114 -0.0204633 0.998154 0.00045911 0.0032717 0.0606415
1.74074e+09 1.43296 -0.552629 -0.0207498 0.998169 0.000384401 0.00322363 0.0603996
1.74074e+09 1.43276 -0.552206 -0.0210186 0.998181 0.000318129 0.00317824 0.0602053
1.74074e+09 1.43248 -0.551596 -0.0212546 0.998187 0.000265577 0.00313419 0.0601032
1.74074e+09 1.43228 -0.55113 -0.0213655 0.998189 0.000232723 0.00311594 0.0600711
1.74074e+09 1.4304 -0.550569 -0.0225145 0.998188 -0.000151277 0.00224621 0.0601347
1.74074e+09 1.42899 -0.549828 -0.0227989 0.998191 -0.000484151 0.00154577 0.0601049
1.74074e+09 1.42779 -0.549168 -0.0230053 0.998196 -0.000772821 0.000978609 0.0600239
1.74074e+09 1.42675 -0.548583 -0.0231686 0.998203 -0.00102535 0.000502609 0.0599101
1.74074e+09 1.42569 -0.547964 -0.02293 0.998217 -0.00111598 0.000306309 0.0596756
1.74074e+09 1.42471 -0.547382 -0.0226915 0.998229 -0.00118924 0.000138792 0.0594721
1.74074e+09 1.42378 -0.546835 -0.0224525 0.99824 -0.00124792 -3.38822e-06 0.0592931
1.74074e+09 1.42292 -0.546318 -0.0222134 0.998249 -0.00129427 -0.000123427 0.059134
1.74074e+09 1.42217 -0.545847 -0.0221671 0.998253 -0.00141509 -0.00033047 0.0590594
1.74074e+09 1.41876 -0.548222 -0.0270032 0.998517 -0.000659079 -0.0103306 0.0534413
1.74074e+09 1.41884 -0.548152 -0.0271992 0.998519 -0.000682224 -0.0111205 0.0532429
1.74074e+09 1.41896 -0.54803 -0.027377 0.998514 -0.000733311 -0.0114809 0.0532731
1.74074e+09 1.41909 -0.547893 -0.0275544 0.998506 -0.000793218 -0.0117204 0.0533569
1.74074e+09 1.41922 -0.54775 -0.0277315 0.998499 -0.000855874 -0.011906 0.0534576
1.74074e+09 1.41936 -0.547605 -0.0279082 0.998491 -0.000919155 -0.0120618 0.0535631
1.74074e+09 1.41949 -0.547459 -0.0280846 0.998484 -0.000982135 -0.0121985 0.0536685
1.74074e+09 1.41962 -0.547314 -0.0282603 0.998477 -0.00104436 -0.0123218 0.0537718
1.74074e+09 1.41976 -0.547168 -0.0284355 0.99847 -0.00110561 -0.0124351 0.053872
1.74074e+09 1.41989 -0.547024 -0.0286099 0.998463 -0.00116575 -0.0125405 0.0539688
1.74074e+09 1.41849 -0.547127 -0.0269805 0.997896 0.00269913 -0.0177358 0.0623044
1.74074e+09 1.41749 -0.547474 -0.0245711 0.997736 0.00472913 -0.0184249 0.0645058
1.74074e+09 1.41669 -0.547851 -0.022677 0.997645 0.00636097 -0.0185166 0.065735
1.74074e+09 1.41614 -0.548157 -0.0213757 0.997581 0.00766394 -0.0184979 0.0665717
1.74074e+09 1.41576 -0.548401 -0.0204538 0.997532 0.00862768 -0.0184669 0.0671864
1.74074e+09 1.41545 -0.5486 -0.0197062 0.997495 0.00940675 -0.0184094 0.0676463
1.74074e+09 1.41524 -0.548744 -0.0192029 0.997465 0.00999527 -0.0183784 0.06801
1.74074e+09 1.41505 -0.548868 -0.0187256 0.997441 0.0105005 -0.0183223 0.0683013
1.74074e+09 1.41488 -0.548976 -0.0183163 0.997421 0.0109508 -0.0182637 0.0685476
1.74074e+09 1.41473 -0.549069 -0.0179505 0.997403 0.0113519 -0.0182109 0.0687581
1.74074e+09 1.41461 -0.549149 -0.0176287 0.997387 0.0117094 -0.018159 0.0689389
1.74074e+09 1.41462 -0.548951 -0.0186062 0.997112 0.0100152 -0.0204234 0.0724596
1.74074e+09 1.41494 -0.548893 -0.0189899 0.99702 0.00932554 -0.0213125 0.0735492
1.74074e+09 1.41515 -0.548912 -0.0193009 0.996976 0.00901632 -0.0218467 0.0740346
1.74074e+09 1.41532 -0.548893 -0.0194637 0.996949 0.00875037 -0.0222488 0.074308
1.74074e+09 1.41546 -0.548922 -0.0195739 0.996935 0.0082963 -0.022601 0.0744397
1.74074e+09 1.41554 -0.54895 -0.0196062 0.996931 0.00789029 -0.0228765 0.0744568
1.74074e+09 1.41562 -0.548973 -0.0196232 0.996928 0.00756861 -0.0231096 0.0744466
1.74074e+09 1.41566 -0.549003 -0.0196567 0.996926 0.00744763 -0.0232828 0.0744413
1.74074e+09 1.4157 -0.549031 -0.0196808 0.996924 0.00735996 -0.0234373 0.0744212
1.74074e+09 1.41572 -0.54905 -0.0196811 0.996924 0.00727673 -0.0235787 0.0743894
1.74074e+09 1.41574 -0.549067 -0.0196761 0.996924 0.00721589 -0.0237082 0.0743508
1.74074e+09 1.41531 -0.549238 -0.0201312 0.996923 0.0071984 -0.0237263 0.0743601
1.74074e+09 1.41521 -0.549101 -0.0197855 0.996918 0.00660641 -0.0238217 0.0744602
1.74074e+09 1.41509 -0.548951 -0.0194188 0.996912 0.00597343 -0.023929 0.0745534
1.74074e+09 1.41497 -0.54881 -0.0190731 0.996909 0.00539294 -0.0240179 0.0746055
1.74074e+09 1.41486 -0.548679 -0.0187481 0.996908 0.00485458 -0.0240947 0.0746371
1.74074e+09 1.41475 -0.548561 -0.0184571 0.996906 0.00437772 -0.0241682 0.0746718
1.74074e+09 1.41465 -0.54845 -0.0181818 0.996904 0.00393067 -0.0242328 0.0746945
1.74074e+09 1.41456 -0.548345 -0.0179211 0.996903 0.00350938 -0.0242903 0.0747096
1.74074e+09 1.41445 -0.548224 -0.0176717 0.996909 0.00320062 -0.0243341 0.0746272
1.74074e+09 1.41435 -0.548109 -0.0174348 0.996915 0.00290519 -0.0243768 0.0745547
1.74074e+09 1.41449 -0.546759 -0.0197233 0.99671 0.00623243 -0.0254632 0.0767001
1.74074e+09 1.41542 -0.54554 -0.019892 0.996641 0.00751013 -0.0260156 0.0772845
1.74074e+09 1.41442 -0.545928 -0.0209675 0.996604 0.00779039 -0.0261395 0.0776954
1.74074e+09 1.41442 -0.545879 -0.0209523 0.996609 0.00759899 -0.0261214 0.0776536
1.74074e+09 1.41443 -0.545823 -0.0209395 0.996615 0.00754161 -0.0261356 0.0775815
1.74074e+09 1.41445 -0.545762 -0.0209276 0.99662 0.00749608 -0.0261507 0.0775171
1.74074e+09 1.41446 -0.545699 -0.0209165 0.996624 0.00745687 -0.0261656 0.07746
1.74074e+09 1.41462 -0.545666 -0.0206549 0.996627 0.0074273 -0.026172 0.0774267
1.74074e+09 1.41491 -0.54558 -0.0202621 0.99663 0.00739952 -0.0261731 0.0773911
1.74074e+09 1.41519 -0.545487 -0.0198985 0.996633 0.00738869 -0.0261546 0.0773595
1.74074e+09 1.41546 -0.545393 -0.0195522 0.996636 0.00738401 -0.0261292 0.0773293
1.74074e+09 1.41572 -0.545299 -0.0192192 0.996639 0.0073822 -0.0261007 0.0772997
1.74074e+09 1.41597 -0.545208 -0.0188977 0.996642 0.00738194 -0.0260707 0.0772707
1.74074e+09 1.41621 -0.545119 -0.0185865 0.996645 0.00738258 -0.0260401 0.077242
1.74074e+09 1.41507 -0.546548 -0.0191948 0.996925 0.0111367 -0.00902319 0.0770344
1.74074e+09 1.41518 -0.54642 -0.0187228 0.996943 0.0103169 -0.00865028 0.0769652
1.74074e+09 1.41524 -0.546321 -0.0183974 0.99696 0.00965887 -0.00814805 0.0768885
1.74074e+09 1.41529 -0.546233 -0.018122 0.996975 0.00908858 -0.00763955 0.076815
1.74074e+09 1.41534 -0.546153 -0.0178705 0.996988 0.00858106 -0.0071527 0.0767468
1.74074e+09 1.41538 -0.546069 -0.0176303 0.996998 0.00812834 -0.00669799 0.0767113
1.74074e+09 1.41542 -0.545989 -0.0173991 0.997006 0.00771663 -0.00627232 0.076679
1.74074e+09 1.41545 -0.545897 -0.0171754 0.997013 0.0073412 -0.00587635 0.076661
1.74074e+09 1.41548 -0.545809 -0.0169563 0.997019 0.00699608 -0.00550604 0.0766449
1.74074e+09 1.41551 -0.545724 -0.0167408 0.997024 0.00667756 -0.00515943 0.0766304
1.74074e+09 1.41554 -0.545644 -0.0165282 0.997028 0.00638257 -0.00483454 0.0766173
1.74074e+09 1.41557 -0.545566 -0.0163182 0.997032 0.00610856 -0.00452953 0.0766054
1.74074e+09 1.4156 -0.545492 -0.0161115 0.997036 0.0058528 -0.00424199 0.0765941
1.74074e+09 1.41564 -0.545441 -0.0158963 0.997039 0.00561478 -0.00396359 0.0765897
1.74074e+09 1.41568 -0.545392 -0.0156826 0.997042 0.00539198 -0.00370109 0.0765861
1.74074e+09 1.41573 -0.545344 -0.0154703 0.997044 0.00518301 -0.00345311 0.0765834
1.74074e+09 1.41577 -0.545297 -0.0152595 0.997046 0.00498664 -0.00321844 0.0765815
1.74074e+09 1.41581 -0.545252 -0.0150501 0.997047 0.00480181 -0.002996 0.0765802
1.74074e+09 1.41585 -0.545207 -0.014842 0.997049 0.00462754 -0.00278482 0.0765795
1.74074e+09 1.41699 -0.544794 -0.0142298 0.996962 0.0045328 -0.00234448 0.0777189
1.74074e+09 1.41815 -0.544327 -0.0134277 0.996912 0.00443976 -0.00199778 0.0783782
1.74074e+09 1.41906 -0.543961 -0.0127597 0.996874 0.00434676 -0.00169578 0.0788721
1.74074e+09 1.41979 -0.543673 -0.012214 0.996849 0.00426283 -0.00143902 0.079193
1.74074e+09 1.42039 -0.543431 -0.0117445 0.996833 0.00418441 -0.00121066 0.0794098
1.74074e+09 1.4209 -0.543226 -0.0113329 0.996821 0.00411112 -0.00100549 0.079556
1.74074e+09 1.42135 -0.543045 -0.0109561 0.996814 0.00403934 -0.000812138 0.0796592
1.74074e+09 1.42175 -0.542883 -0.0106108 0.996809 0.00397039 -0.000631594 0.0797276
1.74074e+09 1.42212 -0.542732 -0.01029 0.996806 0.00390397 -0.000461575 0.0797688
1.74074e+09 1.42246 -0.542593 -0.00999018 0.996804 0.00383986 -0.000300549 0.079791
1.74074e+09 1.42399 -0.540485 -0.00918511 0.996964 0.0038452 0.00046426 0.0777729
1.74074e+09 1.42476 -0.539535 -0.00882172 0.997031 0.00381229 0.000748326 0.0769047
1.74074e+09 1.42523 -0.538777 -0.00855723 0.997078 0.00379382 0.000978495 0.0762866
1.74074e+09 1.42551 -0.538139 -0.00835131 0.997114 0.00378493 0.00117654 0.0758216
1.74074e+09 1.42567 -0.53758 -0.00818247 0.997141 0.00378287 0.00135407 0.0754573
1.74074e+09 1.42573 -0.536999 -0.00796989 0.997166 0.00380794 0.00157686 0.0751211
1.74074e+09 1.42573 -0.536468 -0.00778544 0.997186 0.00383402 0.0017817 0.0748455
1.74074e+09 1.42568 -0.535975 -0.00762131 0.997203 0.00386098 0.00197315 0.0746145
1.74074e+09 1.42569 -0.535799 -0.00752814 0.99721 0.00388601 0.00209695 0.0745185
1.74074e+09 1.42569 -0.535633 -0.00744086 0.997216 0.00391151 0.0022173 0.0744354
1.74074e+09 1.42567 -0.535474 -0.00735856 0.997221 0.00393723 0.00233466 0.0743628
1.74074e+09 1.42523 -0.533856 -0.00799039 0.997439 0.00301039 0.00206013 0.0714296
1.74074e+09 1.42505 -0.532903 -0.00843839 0.997592 0.00217317 0.00159094 0.069307
1.74074e+09 1.4248 -0.532096 -0.00880417 0.99768 0.0015331 0.00104523 0.0680525
1.74074e+09 1.42454 -0.531493 -0.00894426 0.997736 0.00119359 0.000749823 0.0672418
1.74074e+09 1.42446 -0.531332 -0.00949815 0.997792 0.000362903 8.32069e-05 0.066413
1.74074e+09 1.42443 -0.531333 -0.0100169 0.99784 -0.000361276 -0.000571239 0.0656818
1.74074e+09 1.42437 -0.531352 -0.0104187 0.997876 -0.000930141 -0.00108775 0.0651274
1.74074e+09 1.42442 -0.531614 -0.0109722 0.9979 -0.00158632 -0.00173838 0.0647234
1.74074e+09 1.42438 -0.531672 -0.0113575 0.997917 -0.00206374 -0.00222221 0.0644473
1.74074e+09 1.4241 -0.530044 -0.0107554 0.997558 0.00278188 -0.00471425 0.0696264
1.74074e+09 1.4241 -0.530033 -0.0107317 0.997498 0.00287072 -0.00567148 0.0704136
1.74074e+09 1.42401 -0.530104 -0.010668 0.997483 0.00318147 -0.00604193 0.0705711
1.74074e+09 1.4239 -0.530191 -0.0106005 0.997478 0.00351902 -0.00630197 0.0706079
1.74074e+09 1.42379 -0.530286 -0.0105341 0.997476 0.00385584 -0.00652204 0.0705997
1.74074e+09 1.42368 -0.530389 -0.0104742 0.997476 0.00416488 -0.00672562 0.0705603
1.74074e+09 1.42356 -0.530497 -0.0104183 0.997477 0.00445842 -0.00691999 0.0705055
1.74074e+09 1.42345 -0.530608 -0.0103662 0.997479 0.00473848 -0.00710889 0.0704408
1.74074e+09 1.42333 -0.530721 -0.0103174 0.997482 0.0050066 -0.00729426 0.0703692
1.74074e+09 1.4223 -0.531417 -0.010866 0.997769 0.00681528 -0.0165032 0.0643215
1.74074e+09 1.42238 -0.531295 -0.011061 0.997818 0.00671449 -0.0168038 0.0634929
1.74074e+09 1.42248 -0.531135 -0.0113123 0.997855 0.00659561 -0.0167933 0.0629233
1.74074e+09 1.42259 -0.530993 -0.0115896 0.997884 0.00661507 -0.0166999 0.0624948
1.74074e+09 1.42268 -0.530854 -0.0118538 0.997909 0.00659925 -0.016576 0.062118
1.74074e+09 1.42279 -0.530721 -0.012133 0.99793 0.00663852 -0.0164662 0.0618034
1.74074e+09 1.42288 -0.530591 -0.0124087 0.99795 0.0066839 -0.0163559 0.061516
1.74074e+09 1.42298 -0.530464 -0.0126803 0.997967 0.00673419 -0.0162483 0.0612511
1.74074e+09 1.42307 -0.530341 -0.0129418 0.997984 0.00677977 -0.0161373 0.0610004
1.74074e+09 1.42317 -0.530222 -0.013199 0.998 0.00682905 -0.0160319 0.0607665
1.74074e+09 1.42288 -0.530055 -0.0140541 0.997633 0.00748543 -0.0208344 0.0651025
1.74074e+09 1.42299 -0.529986 -0.0143299 0.997564 0.00727094 -0.0216923 0.0658914
1.74074e+09 1.4231 -0.529926 -0.0145953 0.997535 0.0069703 -0.0220635 0.066253
1.74074e+09 1.4232 -0.529881 -0.0148477 0.99751 0.00674617 -0.0222685 0.0665691
1.74074e+09 1.42331 -0.529838 -0.0150965 0.997493 0.00650699 -0.0223995 0.0668149
1.74074e+09 1.42341 -0.529796 -0.0153367 0.997479 0.00627046 -0.0224862 0.06702
1.74074e+09 1.42351 -0.529754 -0.0155751 0.997466 0.00603188 -0.0225504 0.0672038
1.74074e+09 1.42361 -0.529714 -0.0158113 0.997455 0.00579429 -0.0225996 0.0673738
1.74074e+09 1.42371 -0.529666 -0.0160388 0.997445 0.00552069 -0.0226509 0.0675324
1.74074e+09 1.42381 -0.52962 -0.0162636 0.997435 0.00525181 -0.0226929 0.0676843
1.74074e+09 1.4239 -0.529574 -0.0164854 0.997425 0.00498807 -0.0227278 0.0678312
1.74074e+09 1.42399 -0.52953 -0.0167045 0.997416 0.00472963 -0.0227571 0.0679741
1.74074e+09 1.42409 -0.529487 -0.0169207 0.997407 0.00447646 -0.0227817 0.0681137
1.74074e+09 1.42246 -0.530662 -0.0123151 0.997301 -0.00136905 -0.021453 0.0702063
1.74074e+09 1.42188 -0.53124 -0.0109229 0.997267 -0.00323972 -0.021228 0.0706985
1.74074e+09 1.42148 -0.531711 -0.0102438 0.99725 -0.00430395 -0.0212379 0.070867
1.74074e+09 1.42114 -0.532135 -0.00979298 0.997243 -0.00507035 -0.0213334 0.0708941
1.74074e+09 1.42087 -0.532544 -0.00954296 0.997236 -0.00560107 -0.0213989 0.0709354
1.74074e+09 1.42063 -0.532916 -0.00938283 0.997229 -0.0060497 -0.0214663 0.0709691
1.74074e+09 1.42039 -0.533287 -0.00923844 0.997225 -0.00642676 -0.0215424 0.0709734
1.74074e+09 1.42016 -0.533658 -0.00911033 0.997221 -0.00674676 -0.0216162 0.0709713
1.74074e+09 1.41993 -0.534022 -0.00899796 0.997218 -0.00702368 -0.0216879 0.0709619
1.74074e+09 1.41967 -0.534417 -0.00880779 0.99722 -0.00725867 -0.0217815 0.0708885
1.74074e+09 1.41945 -0.534074 -0.00949844 0.997073 -0.00804318 -0.0225253 0.0726243
1.74074e+09 1.41939 -0.533715 -0.00958354 0.997003 -0.00829268 -0.0228584 0.0734488
1.74074e+09 1.41929 -0.533357 -0.00951907 0.996955 -0.00833032 -0.0230565 0.074028
1.74074e+09 1.4192 -0.532988 -0.0095242 0.996915 -0.0085676 -0.0233299 0.0744499
1.74074e+09 1.41639 -0.532953 -0.0147196 0.997078 0.00685761 -0.00793063 0.075669
1.74074e+09 1.41635 -0.532815 -0.0146979 0.997109 0.00567953 -0.00598231 0.0755294
1.74074e+09 1.41633 -0.532648 -0.0144924 0.997132 0.00478268 -0.00461163 0.0753924
1.74074e+09 1.41632 -0.532458 -0.0142003 0.997149 0.00409167 -0.00357421 0.0752601
1.74074e+09 1.4164 -0.532194 -0.0139877 0.997102 0.00338288 -0.00244926 0.0759636
1.74074e+09 1.4164 -0.531981 -0.0135684 0.997117 0.00297044 -0.00184485 0.0757941
1.74074e+09 1.41641 -0.531758 -0.0131381 0.997131 0.00263278 -0.00134501 0.0756411
1.74074e+09 1.41642 -0.531526 -0.0127042 0.997142 0.00235146 -0.000924155 0.0755026
1.74074e+09 1.41643 -0.531288 -0.0122803 0.997152 0.00211008 -0.000559441 0.0753827
1.74074e+09 1.41644 -0.531046 -0.0118598 0.997161 0.0019035 -0.000244029 0.0752745
1.74074e+09 1.41611 -0.531227 -0.0120594 0.997196 -0.00306158 0.00339375 0.0746879
1.74074e+09 1.41611 -0.531255 -0.0120086 0.997201 -0.00366492 0.00387117 0.0745783
1.74074e+09 1.41611 -0.531266 -0.0119539 0.997204 -0.00389264 0.00408163 0.0745146
1.74074e+09 1.41612 -0.531276 -0.0118986 0.997207 -0.00400943 0.00421056 0.0744614
1.74074e+09 1.41612 -0.531286 -0.0118429 0.99721 -0.00407841 0.0043035 0.0744133
1.74074e+09 1.41613 -0.531295 -0.0117871 0.997213 -0.00412252 0.00437703 0.0743682
1.74074e+09 1.41613 -0.531305 -0.0117312 0.997216 -0.00415206 0.00443867 0.0743252
1.74074e+09 1.41613 -0.531315 -0.0116753 0.997218 -0.00417239 0.00449234 0.0742837
1.74074e+09 1.41613 -0.531323 -0.0116087 0.997228 -0.00418012 0.0045199 0.0741534
1.74074e+09 1.41612 -0.531331 -0.0115429 0.997237 -0.00418444 0.00454417 0.0740311
1.74074e+09 1.41612 -0.531339 -0.0114774 0.997246 -0.00418662 0.00456726 0.0739115
1.74074e+09 1.41603 -0.531057 -0.0122135 0.997088 -0.00567518 0.00469209 0.0759027
1.74074e+09 1.41618 -0.53073 -0.0123934 0.997036 -0.00588505 0.00445372 0.076576
1.74074e+09 1.4163 -0.530388 -0.0125362 0.997011 -0.00600619 0.00423332 0.0769043
1.74074e+09 1.4164 -0.529981 -0.0126647 0.997 -0.00609403 0.00404081 0.0770576
1.74074e+09 1.41649 -0.529564 -0.0127857 0.996993 -0.00616652 0.00386721 0.0771503
1.74074e+09 1.41658 -0.529145 -0.0128984 0.996989 -0.00622916 0.00371242 0.0772096
1.74074e+09 1.41666 -0.528729 -0.0130041 0.996986 -0.00628476 0.00357355 0.0772497
1.74074e+09 1.41675 -0.528321 -0.0131011 0.996983 -0.00633388 0.00345485 0.0772806
1.74074e+09 1.41683 -0.527919 -0.0131932 0.996982 -0.00637862 0.00334728 0.0773031
1.74074e+09 1.41692 -0.527523 -0.0132811 0.99698 -0.00641974 0.00324936 0.0773196
1.74074e+09 1.41726 -0.527065 -0.0131402 0.996926 -0.00646184 0.00347583 0.0780009
1.74074e+09 1.41761 -0.526855 -0.0129256 0.996902 -0.00648591 0.00356601 0.0783022
1.74074e+09 1.41787 -0.526712 -0.0127611 0.996889 -0.00650501 0.0036108 0.0784675
1.74074e+09 1.41808 -0.526601 -0.0126212 0.996881 -0.00652176 0.00363333 0.0785674
1.74074e+09 1.41826 -0.52651 -0.0124955 0.996876 -0.00653723 0.00364315 0.0786308
1.74074e+09 1.41843 -0.526431 -0.0123788 0.996872 -0.00655195 0.00364493 0.0786721
1.74074e+09 1.41859 -0.52636 -0.0122684 0.99687 -0.0065662 0.00364126 0.0786988
1.74074e+09 1.41873 -0.526295 -0.0121625 0.996869 -0.00658014 0.00363365 0.0787157
1.74074e+09 1.41887 -0.526235 -0.0120601 0.996868 -0.00659388 0.00362307 0.0787256
1.74074e+09 1.41901 -0.526178 -0.0119604 0.996868 -0.00660748 0.00361017 0.0787304
1.74074e+09 1.41914 -0.526125 -0.0118631 0.996867 -0.00662098 0.00359541 0.0787314
1.74074e+09 1.41884 -0.526036 -0.0121711 0.996948 -0.0064699 0.00283728 0.0777488
1.74074e+09 1.41894 -0.525989 -0.0121828 0.996997 -0.00635904 0.00238628 0.077139
1.74074e+09 1.4191 -0.525914 -0.012174 0.997032 -0.00627446 0.00209569 0.0767058
1.74074e+09 1.41929 -0.525826 -0.0121567 0.997058 -0.00620131 0.00188722 0.0763784
1.74074e+09 1.4195 -0.525731 -0.0121342 0.997079 -0.00613593 0.001729 0.076117
1.74074e+09 1.41972 -0.525632 -0.0121084 0.997096 -0.00607597 0.00160331 0.0758998
1.74074e+09 1.41995 -0.525532 -0.0120806 0.99711 -0.00602006 0.00149977 0.075714
1.74074e+09 1.42018 -0.525426 -0.0120494 0.997123 -0.00597089 0.00141755 0.075548
1.74074e+09 1.4204 -0.525321 -0.0120175 0.997135 -0.00592414 0.00134639 0.0754003
1.74074e+09 1.42063 -0.525217 -0.0119853 0.997145 -0.00587942 0.00128343 0.0752671
1.74074e+09 1.42185 -0.522274 -0.0115386 0.997333 -0.00619292 0.00349548 0.0726347
1.74074e+09 1.4223 -0.520314 -0.0111895 0.997424 -0.00644111 0.00440564 0.0713025
1.74074e+09 1.42242 -0.51873 -0.0109444 0.99748 -0.00665476 0.00484196 0.0704696
1.74074e+09 1.42245 -0.517488 -0.0109088 0.997512 -0.00702525 0.00477849 0.0699887
1.74074e+09 1.42252 -0.516109 -0.0110578 0.997537 -0.00769509 0.00429569 0.0695831
1.74074e+09 1.42256 -0.514895 -0.0111973 0.997558 -0.00828006 0.00385031 0.0692467
1.74074e+09 1.42258 -0.513812 -0.0113258 0.997575 -0.00879839 0.00344226 0.0689605
1.74074e+09 1.42259 -0.51284 -0.0114445 0.997589 -0.0092612 0.00306853 0.0687136
1.74074e+09 1.42259 -0.511961 -0.0115549 0.997601 -0.00967757 0.002726 0.0684974
1.74074e+09 1.42257 -0.511158 -0.0116579 0.997611 -0.0100545 0.00241022 0.0683093
1.74074e+09 1.42254 -0.510408 -0.0117549 0.997619 -0.0104006 0.00211375 0.0681494
1.74074e+09 1.42278 -0.510713 -0.012642 0.997768 -0.0116608 0.00269469 0.0656933
1.74074e+09 1.42318 -0.511197 -0.0131364 0.997874 -0.0127469 0.00263194 0.0638524
1.74074e+09 1.42366 -0.511632 -0.0136453 0.997939 -0.0138907 0.00210668 0.062608
1.74074e+09 1.42408 -0.512093 -0.0140563 0.997986 -0.0147306 0.00165933 0.0616782
1.74074e+09 1.42438 -0.512611 -0.0143769 0.998023 -0.0152461 0.0014609 0.0609497
1.74074e+09 1.42455 -0.512912 -0.0145019 0.998055 -0.0154543 0.001386 0.0603849
1.74074e+09 1.42475 -0.513561 -0.0147128 0.99806 -0.0156291 0.00135644 0.0602569
1.74074e+09 1.42495 -0.514181 -0.0149112 0.998063 -0.0157934 0.00132772 0.0601519
1.74074e+09 1.42513 -0.514772 -0.0150982 0.998066 -0.0159488 0.00130136 0.0600643
1.74074e+09 1.4249 -0.512894 -0.0134909 0.997482 -0.0092591 -0.0137227 0.0689555
1.74074e+09 1.42434 -0.512944 -0.0114257 0.99726 -0.00641964 -0.0151842 0.0721191
1.74074e+09 1.42385 -0.512894 -0.00995654 0.997138 -0.00532706 -0.0158056 0.0737414
1.74074e+09 1.42344 -0.512825 -0.00877069 0.997057 -0.0045868 -0.0160829 0.0748159
1.74074e+09 1.42305 -0.512742 -0.00772983 0.996999 -0.00404163 -0.0162046 0.0755901
1.74074e+09 1.42272 -0.512672 -0.0068486 0.996958 -0.0034968 -0.0162325 0.076155
1.74074e+09 1.42241 -0.512595 -0.00606176 0.996927 -0.00308308 -0.0162541 0.0765724
1.74074e+09 1.42212 -0.51251 -0.00532368 0.996904 -0.00273368 -0.0162793 0.0768775
1.74074e+09 1.42194 -0.512485 -0.00487601 0.996885 -0.00216785 -0.0162835 0.0771407
1.74074e+09 1.42178 -0.51244 -0.00447899 0.996872 -0.00167999 -0.0163007 0.0773119
1.74074e+09 1.42163 -0.512387 -0.00412511 0.996863 -0.00123198 -0.0163143 0.0774411
1.74074e+09 1.42164 -0.512063 -0.00487984 0.996558 -0.00474348 -0.0179353 0.0808013
1.74074e+09 1.42161 -0.512081 -0.00502567 0.996424 -0.00631686 -0.0187469 0.0821419
1.74074e+09 1.42153 -0.512145 -0.00497758 0.996362 -0.00709487 -0.0192784 0.0827131
1.74074e+09 1.42145 -0.512222 -0.00485145 0.996329 -0.0075136 -0.0196827 0.0829697
1.74074e+09 1.42137 -0.512323 -0.00471131 0.996311 -0.00770127 -0.0199888 0.0830949
1.74074e+09 1.42128 -0.512425 -0.0045468 0.996303 -0.00778695 -0.020257 0.0831268
1.74074e+09 1.42118 -0.512555 -0.00434458 0.9963 -0.00787748 -0.0205131 0.0830876
1.74074e+09 1.42109 -0.512686 -0.00413604 0.996301 -0.00791303 -0.0207476 0.0830154
1.74074e+09 1.42099 -0.512815 -0.00392423 0.996304 -0.00790932 -0.0209658 0.0829211
1.74074e+09 1.42087 -0.512867 -0.00370428 0.996307 -0.00785678 -0.0211666 0.0828396
1.74074e+09 1.42074 -0.512921 -0.00348378 0.996312 -0.0077853 -0.0213578 0.0827424
1.74074e+09 1.42084 -0.51321 -0.00319331 0.996521 -0.00572401 -0.021216 0.0803951
1.74074e+09 1.42098 -0.513553 -0.00310269 0.996626 -0.00444486 -0.0211707 0.0791714
1.74074e+09 1.42109 -0.513817 -0.00310329 0.996687 -0.00352147 -0.0211656 0.0784505
1.74074e+09 1.42118 -0.514021 -0.00313728 0.996726 -0.00280337 -0.0211863 0.077979
1.74074e+09 1.42126 -0.514188 -0.00318616 0.996753 -0.0022061 -0.0212213 0.0776453
1.74074e+09 1.42113 -0.514206 -0.00278522 0.996765 -0.00299259 -0.021116 0.0774928
1.74074e+09 1.42119 -0.514342 -0.00283551 0.996781 -0.00253486 -0.021162 0.0772848
1.74074e+09 1.42123 -0.514435 -0.00289417 0.996793 -0.00212739 -0.0212038 0.077137
1.74074e+09 1.42127 -0.514518 -0.00295018 0.996802 -0.00175457 -0.0212485 0.077012
1.74074e+09 1.42115 -0.514553 -0.0026264 0.996808 -0.00244259 -0.021163 0.0769373
1.74074e+09 1.42119 -0.514627 -0.00267563 0.996815 -0.00212115 -0.021209 0.0768438
1.74074e+09 1.421 -0.513521 -0.0022812 0.997052 0.000813119 -0.0206021 0.0739066
1.74074e+09 1.42115 -0.514059 -0.00232584 0.997029 0.000492175 -0.0206153 0.0742203
1.74074e+09 1.42128 -0.514513 -0.0023311 0.997016 0.000202286 -0.0206325 0.0743929
1.74074e+09 1.42139 -0.514917 -0.00231832 0.997007 -6.64639e-05 -0.0206507 0.0745018
1.74074e+09 1.4215 -0.515287 -0.00229571 0.997001 -0.000318473 -0.0206689 0.0745768
1.74074e+09 1.4216 -0.51563 -0.00226712 0.996996 -0.000556243 -0.0206865 0.0746316
1.74074e+09 1.4217 -0.515951 -0.00223462 0.996993 -0.000781449 -0.0207034 0.0746735
1.74074e+09 1.4218 -0.516253 -0.00219941 0.99699 -0.000995344 -0.0207195 0.0747066
1.74074e+09 1.42189 -0.516538 -0.00216226 0.996987 -0.00119893 -0.0207347 0.0747335
1.74074e+09 1.42198 -0.516808 -0.00212368 0.996985 -0.00139303 -0.0207491 0.074756
1.74074e+09 1.42142 -0.515993 -0.00212366 0.996983 -0.00137743 -0.0207761 0.0747753
1.74074e+09 1.41976 -0.515203 -0.00768802 0.996975 0.00478531 -0.000319226 0.0775702
1.74074e+09 1.41991 -0.514859 -0.00656944 0.996791 0.00272143 0.00214566 0.0799782
1.74074e+09 1.42006 -0.514963 -0.00554785 0.996753 0.00152222 0.00337285 0.080439
1.74074e+09 1.42023 -0.515038 -0.00457508 0.996732 0.000905743 0.00401805 0.0806739
1.74074e+09 1.42007 -0.514991 -0.00465084 0.99672 -0.000979353 0.00480145 0.080777
1.74074e+09 1.42005 -0.514957 -0.00467132 0.996713 -0.00180791 0.00529146 0.080817
1.74074e+09 1.42004 -0.514973 -0.00466535 0.99671 -0.00221494 0.00560491 0.0808203
1.74074e+09 1.42003 -0.515011 -0.00464975 0.996709 -0.00246264 0.00584309 0.0808102
1.74074e+09 1.42003 -0.515062 -0.00462973 0.996709 -0.00263233 0.00603875 0.0807938
1.74074e+09 1.42002 -0.515122 -0.0046074 0.996709 -0.00275761 0.00620633 0.0807741
1.74074e+09 1.42002 -0.515189 -0.00458378 0.99671 -0.00285496 0.0063535 0.0807525
1.74074e+09 1.42002 -0.515261 -0.00455941 0.996711 -0.00293346 0.00648489 0.0807299
1.74074e+09 1.41925 -0.51636 -0.00560674 0.996794 -0.00682356 0.0087816 0.0792322
1.74074e+09 1.41898 -0.517211 -0.0057305 0.996805 -0.00679166 0.00866579 0.0791137
1.74074e+09 1.41883 -0.517753 -0.00576138 0.996806 -0.00678471 0.00860628 0.0791089
1.74074e+09 1.41869 -0.518252 -0.00579355 0.996806 -0.00677814 0.00854645 0.0791142
1.74074e+09 1.41856 -0.518712 -0.00582689 0.996806 -0.00677195 0.00848641 0.0791235
1.74074e+09 1.41844 -0.519139 -0.00586113 0.996805 -0.00676614 0.0084263 0.0791348
1.74074e+09 1.41833 -0.519535 -0.005896 0.996805 -0.00676071 0.00836627 0.0791469
1.74074e+09 1.41822 -0.519905 -0.00593124 0.996804 -0.00675564 0.00830646 0.0791594
1.74074e+09 1.41812 -0.520251 -0.00596784 0.996804 -0.00675075 0.0082461 0.079171
1.74074e+09 1.41803 -0.520575 -0.00600438 0.996804 -0.00674623 0.00818619 0.0791826
1.74074e+09 1.41783 -0.520634 -0.00655602 0.996798 -0.00763196 0.00850463 0.0791343
1.74074e+09 1.41768 -0.521073 -0.00669608 0.996798 -0.00762132 0.00839453 0.0791471
1.74074e+09 1.4177 -0.520743 -0.00676974 0.996837 -0.00755349 0.00835682 0.0786738
1.74074e+09 1.41802 -0.520687 -0.00671559 0.996872 -0.00749428 0.00827484 0.0782438
1.74074e+09 1.41832 -0.520637 -0.00666896 0.996902 -0.00744025 0.00819355 0.0778667
1.74074e+09 1.41861 -0.520586 -0.00662657 0.99693 -0.00739154 0.00811561 0.077524
1.74074e+09 1.41888 -0.52054 -0.00658963 0.996955 -0.00734683 0.00803837 0.0772182
1.74074e+09 1.41913 -0.520496 -0.00655709 0.996977 -0.0073053 0.00796242 0.0769444
1.74074e+09 1.41937 -0.520455 -0.00652779 0.996997 -0.00726658 0.00788826 0.0766964
1.74074e+09 1.41959 -0.520415 -0.00650174 0.997015 -0.00723048 0.00781526 0.0764717
1.74074e+09 1.41981 -0.520377 -0.00647939 0.997031 -0.00719736 0.00774138 0.0762668
1.74074e+09 1.42001 -0.52034 -0.00645928 0.997046 -0.00716632 0.00766907 0.0760797
1.74074e+09 1.4202 -0.520305 -0.00644112 0.99706 -0.00713712 0.00759825 0.0759084
1.74074e+09 1.42068 -0.520232 -0.00667679 0.997121 -0.00711748 0.00690158 0.0751731
1.74074e+09 1.42114 -0.520274 -0.00682834 0.997176 -0.00708723 0.006342 0.0744956
1.74074e+09 1.42154 -0.520304 -0.00695515 0.997227 -0.00706303 0.00588298 0.0738532
1.74074e+09 1.42189 -0.520345 -0.007057 0.997271 -0.00703538 0.00549302 0.0732809
1.74074e+09 1.42221 -0.520386 -0.00714962 0.997311 -0.00700603 0.00513463 0.0727624
1.74074e+09 1.42251 -0.520421 -0.00724314 0.997348 -0.00698703 0.00479693 0.0722833
1.74074e+09 1.42277 -0.520444 -0.00732182 0.997382 -0.00697574 0.00451083 0.0718394
1.74074e+09 1.42303 -0.520456 -0.00740632 0.997413 -0.00696481 0.00422661 0.0714229
1.74074e+09 1.42327 -0.520469 -0.00748392 0.997441 -0.00695168 0.00396475 0.0710405
1.74074e+09 1.42349 -0.520487 -0.00755691 0.997467 -0.00693566 0.00372066 0.070688
1.74074e+09 1.42401 -0.519672 -0.00740762 0.997185 -0.00736072 0.00212538 0.0745886
1.74074e+09 1.4239 -0.519043 -0.00714484 0.99709 -0.0078297 0.00155015 0.0758123
1.74074e+09 1.42371 -0.518507 -0.00696012 0.99704 -0.00837348 0.00115895 0.0764169
1.74074e+09 1.42368 -0.518045 -0.00702399 0.997013 -0.00902342 0.000672488 0.0766993
1.74074e+09 1.42362 -0.517654 -0.00706012 0.996998 -0.00948573 0.000304109 0.0768476
1.74074e+09 1.42353 -0.517298 -0.00706655 0.996988 -0.00981239 7.32614e-06 0.0769267
1.74074e+09 1.42344 -0.516967 -0.00705286 0.996983 -0.0100483 -0.000243069 0.076965
1.74074e+09 1.42333 -0.516686 -0.00701546 0.996981 -0.0101631 -0.000445249 0.0769753
1.74074e+09 1.42321 -0.516418 -0.00696881 0.996981 -0.0102362 -0.000626352 0.0769662
1.74074e+09 1.42309 -0.51616 -0.00691629 0.996982 -0.0102812 -0.000792821 0.076945
1.74074e+09 1.42297 -0.515909 -0.00685948 0.996984 -0.0103051 -0.000948114 0.076915
1.74074e+09 1.4235 -0.515662 -0.00625683 0.996863 -0.00752813 -0.00203693 0.0787632
1.74074e+09 1.42387 -0.515572 -0.00589405 0.996773 -0.00761451 -0.00311493 0.0798495
1.74074e+09 1.42656 -0.51537 -0.00842914 0.996829 -0.00731485 -0.0124798 0.078245
1.74074e+09 1.42733 -0.515719 -0.00915438 0.996789 -0.00747627 -0.0147796 0.0783394
1.74074e+09 1.42766 -0.516042 -0.00948619 0.996749 -0.00778452 -0.0157309 0.078639
1.74074e+09 1.42789 -0.516333 -0.00973709 0.996713 -0.00815391 -0.0162677 0.0789475
1.74074e+09 1.42814 -0.516602 -0.0100673 0.996682 -0.00855457 -0.0165482 0.0792298
1.74074e+09 1.42835 -0.516857 -0.010367 0.996654 -0.00895963 -0.0167261 0.0795036
1.74074e+09 1.42854 -0.517098 -0.0106423 0.996627 -0.00936093 -0.0168422 0.079769
1.74074e+09 1.42871 -0.51733 -0.0108971 0.996601 -0.00975454 -0.0169185 0.0800261
1.74074e+09 1.42888 -0.517553 -0.0111342 0.996577 -0.0101385 -0.016968 0.080275
1.74074e+09 1.42903 -0.517767 -0.0113556 0.996553 -0.010512 -0.0169988 0.0805159
1.74074e+09 1.42917 -0.517975 -0.011563 0.99653 -0.0108746 -0.0170162 0.0807491
1.74074e+09 1.4293 -0.518166 -0.0117642 0.996508 -0.0112355 -0.0170207 0.0809641
1.74074e+09 1.42943 -0.518352 -0.0119535 0.996487 -0.011585 -0.0170184 0.0811727
1.74074e+09 1.42955 -0.518532 -0.012132 0.996467 -0.0119234 -0.0170111 0.0813752
1.74074e+09 1.42966 -0.518707 -0.0123005 0.996447 -0.0122513 -0.0169999 0.0815719
1.74074e+09 1.42977 -0.518878 -0.0124598 0.996428 -0.0125689 -0.016986 0.0817628
1.74074e+09 1.42988 -0.519043 -0.0126105 0.996409 -0.0128766 -0.0169698 0.0819482
1.74074e+09 1.4307 -0.518523 -0.0137309 0.996408 -0.0127488 -0.017224 0.0819219
1.74074e+09 1.43063 -0.518781 -0.0138431 0.996419 -0.0125944 -0.0174308 0.0817737
1.74074e+09 1.43055 -0.519036 -0.0139552 0.99643 -0.0124425 -0.0176329 0.0816216
1.74074e+09 1.43048 -0.519289 -0.0140669 0.99644 -0.0122932 -0.0178324 0.0814693
1.74074e+09 1.43041 -0.51954 -0.0141782 0.996451 -0.0121463 -0.0180297 0.0813177
1.74074e+09 1.43034 -0.519789 -0.0142891 0.996462 -0.0120018 -0.018225 0.0811671
1.74074e+09 1.43026 -0.520035 -0.0143995 0.996472 -0.0118596 -0.0184184 0.0810175
1.74074e+09 1.43019 -0.520279 -0.0145095 0.996482 -0.0117195 -0.01861 0.0808692
1.74074e+09 1.43012 -0.520521 -0.0146191 0.996492 -0.0115814 -0.0187998 0.0807221
1.74074e+09 1.43005 -0.520761 -0.0147282 0.996502 -0.0114452 -0.0189877 0.0805763
1.74074e+09 1.42998 -0.520998 -0.0148369 0.996511 -0.0113109 -0.0191739 0.0804317
1.74074e+09 1.42991 -0.521234 -0.0149452 0.996521 -0.0111784 -0.0193583 0.0802884
1.74074e+09 1.43065 -0.520874 -0.0134132 0.996929 -0.0105309 -0.0195197 0.075109
1.74074e+09 1.43068 -0.520656 -0.0128717 0.997023 -0.0102027 -0.0194722 0.0739096
1.74074e+09 1.43064 -0.520493 -0.0125242 0.997073 -0.00985492 -0.0194288 0.0732825
1.74074e+09 1.43058 -0.520354 -0.0122588 0.997106 -0.00954217 -0.0194098 0.0728831
1.74074e+09 1.43038 -0.519858 -0.0119571 0.997133 -0.00926726 -0.0193449 0.0725666
1.74074e+09 1.43022 -0.519442 -0.0117042 0.997153 -0.00905015 -0.0192939 0.0723241
1.74074e+09 1.43007 -0.519075 -0.0114787 0.997169 -0.00886421 -0.0192559 0.0721371
1.74074e+09 1.43001 -0.518878 -0.0112892 0.997181 -0.00872057 -0.0191759 0.0720187
1.74074e+09 1.42996 -0.518792 -0.0111324 0.997188 -0.0086099 -0.0190424 0.0719685
1.74074e+09 1.42992 -0.518722 -0.0109854 0.997194 -0.00852049 -0.0189293 0.0719292
1.74074e+09 1.43089 -0.518753 -0.0109464 0.997572 -0.0101583 -0.0219515 0.0653104
1.74074e+09 1.4309 -0.518287 -0.0109128 0.997729 -0.0105294 -0.0216882 0.0628965
1.74074e+09 1.43094 -0.518179 -0.0108771 0.997793 -0.011032 -0.0211396 0.0619762
1.74074e+09 1.43118 -0.518515 -0.0106188 0.997849 -0.0114674 -0.0204545 0.0612095
1.74074e+09 1.43156 -0.519219 -0.0102061 0.997924 -0.0112082 -0.0195261 0.0603412
1.74074e+09 1.43197 -0.52004 -0.00976822 0.99798 -0.0110048 -0.0188948 0.0596503
1.74074e+09 1.43244 -0.521083 -0.00929416 0.998024 -0.0108974 -0.0184043 0.0590874
1.74074e+09 1.43285 -0.522033 -0.00884728 0.998069 -0.0107123 -0.0178291 0.0585265
1.74074e+09 1.43321 -0.522882 -0.00846728 0.998107 -0.0106312 -0.0172767 0.0580565
1.74074e+09 1.43366 -0.524001 -0.00802321 0.998133 -0.0106613 -0.0168617 0.0577273
1.74074e+09 1.43408 -0.525027 -0.00765064 0.998152 -0.0107558 -0.0165316 0.0574683
1.74074e+09 1.43446 -0.52596 -0.00732585 0.998169 -0.0108756 -0.0162081 0.0572501
1.74074e+09 1.43481 -0.526811 -0.00704237 0.998183 -0.0110129 -0.0158915 0.0570635
1.74074e+09 1.43516 -0.527632 -0.00675207 0.998196 -0.0111914 -0.0155375 0.0569091
1.74074e+09 1.43548 -0.528371 -0.00650343 0.998207 -0.0113718 -0.0151852 0.0567786
1.74074e+09 1.43578 -0.529052 -0.00628471 0.998216 -0.0115577 -0.0148424 0.056664
1.74074e+09 1.43599 -0.529553 -0.00609852 0.998227 -0.0118515 -0.0143152 0.0565464
1.74074e+09 1.43619 -0.530018 -0.00593633 0.998236 -0.0121492 -0.0138058 0.0564435
1.74074e+09 1.43638 -0.530449 -0.00579469 0.998245 -0.0124482 -0.0133129 0.0563529
1.74074e+09 1.43656 -0.530862 -0.00565999 0.998251 -0.0127722 -0.0128 0.0562809
1.74074e+09 1.43627 -0.529535 -0.0111254 0.997946 -0.00848513 -0.00889561 0.062878
1.74074e+09 1.43603 -0.528946 -0.0133357 0.997915 -0.0075922 -0.00703851 0.0637096
1.74074e+09 1.43583 -0.528546 -0.0150241 0.997896 -0.00681478 -0.00564575 0.0642302
1.74074e+09 1.43566 -0.528311 -0.0163106 0.99789 -0.00628449 -0.00470698 0.0644552
1.74074e+09 1.4354 -0.528307 -0.0174589 0.997895 -0.00584212 -0.0040177 0.0644539
1.74074e+09 1.43516 -0.528324 -0.0184643 0.997899 -0.00549411 -0.00348608 0.0644539
1.74074e+09 1.43494 -0.528356 -0.0193681 0.997902 -0.00521354 -0.00306479 0.0644546
1.74074e+09 1.43472 -0.528398 -0.0201967 0.997904 -0.00498243 -0.00272363 0.0644557
1.74074e+09 1.43342 -0.528172 -0.0272851 0.997925 -0.00188969 0.00165615 0.0643391
1.74074e+09 1.43334 -0.528191 -0.0275996 0.997925 -0.00141335 0.00238502 0.0643306
1.74074e+09 1.43339 -0.528239 -0.0272129 0.997924 -0.00121675 0.00272312 0.0643354
1.74074e+09 1.43349 -0.528296 -0.0266182 0.997923 -0.00110743 0.00293847 0.0643443
1.74074e+09 1.43361 -0.528357 -0.0259403 0.997922 -0.00103659 0.00309904 0.0643548
1.74074e+09 1.43373 -0.52842 -0.0252253 0.997921 -0.000986087 0.00323008 0.064366
1.74074e+09 1.43386 -0.528485 -0.0244939 0.99792 -0.000947665 0.00334313 0.0643774
1.74074e+09 1.43399 -0.52855 -0.0237569 0.997919 -0.000917003 0.00344422 0.0643889
1.74074e+09 1.43411 -0.528617 -0.0230202 0.997917 -0.000891631 0.00353683 0.0644001
1.74074e+09 1.43424 -0.528688 -0.0222928 0.997917 -0.00087031 0.00362192 0.064409
1.74074e+09 1.43437 -0.52876 -0.0215714 0.997916 -0.000851712 0.00370216 0.0644178
1.74074e+09 1.43469 -0.528736 -0.0208656 0.997922 -0.000788777 0.00460884 0.0642629
1.74074e+09 1.43477 -0.528704 -0.0199181 0.997927 -0.00104659 0.00515307 0.0641376
1.74074e+09 1.43485 -0.528669 -0.0190293 0.997932 -0.0012862 0.00561547 0.0640246
1.74074e+09 1.43493 -0.528637 -0.0181993 0.997936 -0.0014933 0.00601594 0.0639203
1.74074e+09 1.43499 -0.528605 -0.0174219 0.997941 -0.00167791 0.00637133 0.0637971
1.74074e+09 1.43506 -0.52857 -0.0166833 0.997946 -0.00183884 0.00668393 0.0636848
1.74074e+09 1.4351 -0.528589 -0.0161246 0.997957 -0.00195534 0.00687789 0.0634931
1.74074e+09 1.43521 -0.528644 -0.0156303 0.997956 -0.00201645 0.00695747 0.0634957
1.74074e+09 1.43532 -0.528699 -0.0151514 0.997955 -0.00206553 0.00703112 0.0634958
1.74074e+09 1.43543 -0.528754 -0.0146863 0.997955 -0.00210548 0.00709934 0.063494
1.74074e+09 1.43554 -0.528809 -0.0142339 0.997954 -0.00213828 0.00716264 0.0634906
1.74074e+09 1.43578 -0.528887 -0.014427 0.997947 -0.00232207 0.00701806 0.0636188
1.74074e+09 1.4358 -0.528964 -0.0144055 0.997941 -0.00235717 0.0069599 0.0637198
1.74074e+09 1.43582 -0.529131 -0.0143727 0.997944 -0.00226406 0.00690802 0.0636827
1.74074e+09 1.43584 -0.529211 -0.0143462 0.997938 -0.0022702 0.00686557 0.0637726
1.74074e+09 1.43584 -0.529319 -0.0143241 0.997946 -0.00226635 0.00682869 0.0636618
1.74074e+09 1.43586 -0.529399 -0.0142948 0.997941 -0.00225724 0.00679517 0.0637455
1.74074e+09 1.43587 -0.529557 -0.0142623 0.997943 -0.00219675 0.00674437 0.0637204
1.74074e+09 1.43589 -0.529711 -0.01423 0.997945 -0.00214299 0.0066941 0.0636957
1.74074e+09 1.4359 -0.529864 -0.0141979 0.997947 -0.00209433 0.00664495 0.0636719
1.74074e+09 1.43818 -0.529376 -0.0127416 0.997531 -0.00274045 0.00785741 0.0697261
1.74074e+09 1.43861 -0.5294 -0.0122569 0.99739 -0.00298945 0.00819475 0.071675
1.74074e+09 1.4387 -0.529542 -0.0120464 0.997316 -0.00313963 0.00833435 0.0726682
1.74074e+09 1.43866 -0.529715 -0.0119603 0.997273 -0.00323294 0.00837467 0.073251
1.74074e+09 1.43857 -0.529904 -0.0119071 0.997245 -0.00332303 0.00839796 0.0736225
1.74074e+09 1.43844 -0.530122 -0.0119209 0.997224 -0.00334543 0.00834643 0.073914
1.74074e+09 1.43829 -0.530343 -0.01194 0.997207 -0.00337125 0.00829375 0.0741434
1.74074e+09 1.43813 -0.530563 -0.0119652 0.997194 -0.0033954 0.00823709 0.0743306
1.74074e+09 1.43836 -0.530874 -0.01223 0.997185 -0.00347287 0.00809909 0.0744665
1.74074e+09 1.43835 -0.531122 -0.0123401 0.997177 -0.00353904 0.00797005 0.074577
1.74074e+09 1.43834 -0.531353 -0.012431 0.997171 -0.00359598 0.007857 0.0746727
1.74074e+09 1.43835 -0.531571 -0.0125058 0.997165 -0.00364549 0.00775726 0.0747561
1.74074e+09 1.43837 -0.531778 -0.0125673 0.99716 -0.00368877 0.00766867 0.0748292
1.74074e+09 1.43839 -0.531975 -0.0126177 0.997156 -0.0037268 0.00758948 0.0748936
1.74074e+09 1.43842 -0.532164 -0.0126586 0.997152 -0.00376036 0.00751832 0.0749505
1.74074e+09 1.43845 -0.532346 -0.0126914 0.997148 -0.00379007 0.00745406 0.0750011
1.74074e+09 1.43849 -0.532522 -0.0127174 0.997145 -0.00381645 0.00739576 0.0750463
1.74074e+09 1.43853 -0.532693 -0.0127374 0.997143 -0.00383994 0.00734267 0.0750866
1.74074e+09 1.43858 -0.532856 -0.0127355 0.99714 -0.00386009 0.00729388 0.0751224
1.74074e+09 1.43864 -0.533015 -0.0127293 0.997138 -0.00387806 0.00724904 0.0751545
1.74074e+09 1.43869 -0.533171 -0.0127192 0.997136 -0.00389409 0.0072077 0.0751835
1.74074e+09 1.43875 -0.533323 -0.0127059 0.997134 -0.0039084 0.00716947 0.0752096
1.74074e+09 1.43881 -0.533472 -0.0126896 0.997133 -0.00392117 0.00713403 0.0752332
1.74074e+09 1.43894 -0.534237 -0.013015 0.997502 -0.00371209 0.00360758 0.0704421
1.74074e+09 1.43885 -0.534523 -0.0130463 0.997567 -0.00339577 0.00269241 0.0695807
1.74074e+09 1.4388 -0.534733 -0.0130485 0.997597 -0.00315467 0.00219216 0.0691831
1.74074e+09 1.43878 -0.534901 -0.0130442 0.997614 -0.00296112 0.0018497 0.068955
1.74074e+09 1.43881 -0.534907 -0.0131196 0.997624 -0.00276367 0.00158151 0.0688172
1.74074e+09 1.43886 -0.534896 -0.0131893 0.997631 -0.00259789 0.0013762 0.0687252
1.74074e+09 1.43891 -0.534875 -0.0132545 0.997636 -0.00245621 0.0012126 0.0686601
1.74074e+09 1.43896 -0.534923 -0.0132522 0.997649 -0.0025171 0.00121625 0.0684762
1.74074e+09 1.43789 -0.534502 -0.0124385 0.997423 -0.000931386 -0.00106355 0.0717292
1.74074e+09 1.4375 -0.534325 -0.0120019 0.997348 -0.000193139 -0.0016221 0.0727583
1.74074e+09 1.43732 -0.534271 -0.0115798 0.997308 0.000517441 -0.0016667 0.0733088
1.74074e+09 1.43722 -0.534258 -0.0112232 0.997282 0.00110969 -0.0015749 0.0736517
1.74074e+09 1.43718 -0.534259 -0.0109736 0.997271 0.001487 -0.00142552 0.0738018
1.74074e+09 1.43715 -0.534264 -0.0107487 0.997262 0.00181963 -0.00127228 0.0739194
1.74074e+09 1.43714 -0.534287 -0.0105336 0.997256 0.00215152 -0.00106826 0.0739915
1.74074e+09 1.43712 -0.534275 -0.0103836 0.99725 0.00236049 -0.000979054 0.0740685
1.74074e+09 1.43711 -0.534265 -0.0102448 0.997245 0.00254902 -0.00089081 0.0741336
1.74074e+09 1.4371 -0.534255 -0.0101154 0.99724 0.00271979 -0.000804897 0.0741897
1.74074e+09 1.43708 -0.534246 -0.00999435 0.997236 0.00287504 -0.000721989 0.0742389
1.74074e+09 1.43707 -0.534238 -0.00988048 0.997232 0.00301664 -0.000642369 0.0742826
1.74074e+09 1.43783 -0.533878 -0.0102056 0.997024 0.00210459 -0.00561362 0.0768551
1.74074e+09 1.43808 -0.533571 -0.0103326 0.996912 0.00154354 -0.00832508 0.0780725
1.74074e+09 1.43804 -0.533383 -0.0101482 0.996836 0.00139527 -0.0096598 0.0788809
1.74074e+09 1.43801 -0.533217 -0.010044 0.996784 0.00118725 -0.0107096 0.079411
1.74074e+09 1.43797 -0.533069 -0.00994932 0.996746 0.00100298 -0.0115327 0.0797731
1.74074e+09 1.43793 -0.532982 -0.00987387 0.996713 0.000910894 -0.0121824 0.0800915
1.74074e+09 1.43788 -0.532904 -0.00980369 0.996687 0.000831161 -0.0127221 0.0803277
1.74074e+09 1.43782 -0.532835 -0.0097356 0.996667 0.000762251 -0.0131809 0.0805054
1.74074e+09 1.43777 -0.532771 -0.00966851 0.996651 0.000702616 -0.0135775 0.0806405
1.74074e+09 1.43944 -0.533528 -0.00973318 0.996781 -0.00210765 -0.0127964 0.0791152
1.74074e+09 1.43943 -0.533343 -0.00969021 0.996853 -0.00336165 -0.0133397 0.0780631
1.74074e+09 1.43946 -0.532995 -0.00979732 0.996953 -0.00410795 -0.0139156 0.0766389
1.74074e+09 1.43948 -0.532683 -0.00996639 0.997026 -0.00485471 -0.0142733 0.0755704
1.74074e+09 1.43953 -0.532358 -0.0101866 0.997087 -0.00533745 -0.0145387 0.0746879
1.74074e+09 1.4396 -0.532042 -0.0104473 0.997126 -0.00571137 -0.0147054 0.0741035
1.74074e+09 1.43967 -0.531752 -0.010707 0.997157 -0.0060553 -0.0148399 0.0736221
1.74074e+09 1.43975 -0.531415 -0.0109992 0.997201 -0.00638253 -0.0150114 0.072973
1.74074e+09 1.43982 -0.531103 -0.0112843 0.997236 -0.00666774 -0.015143 0.0724358
1.74074e+09 1.4399 -0.530814 -0.0115581 0.997265 -0.00692313 -0.0152483 0.0719915
1.74074e+09 1.44064 -0.53103 -0.0120232 0.997306 -0.00616723 -0.0145641 0.0716239
1.74074e+09 1.44108 -0.531209 -0.0123976 0.997332 -0.00601055 -0.0143704 0.0713182
1.74074e+09 1.44147 -0.531408 -0.012722 0.997347 -0.00592961 -0.0142784 0.0711381
1.74074e+09 1.44183 -0.531616 -0.0130189 0.997356 -0.00588018 -0.0142322 0.0710145
1.74074e+09 1.44218 -0.531826 -0.0132972 0.997364 -0.00584581 -0.0142105 0.070921
1.74074e+09 1.44255 -0.532064 -0.0136003 0.997368 -0.00576452 -0.0141632 0.0708723
1.74074e+09 1.4429 -0.5323 -0.01389 0.997372 -0.00569942 -0.0141356 0.0708297
1.74074e+09 1.44545 -0.53399 -0.0148528 0.997016 -0.00922227 -0.0154095 0.0750742
1.74074e+09 1.44669 -0.535102 -0.0152004 0.997024 -0.0116227 -0.0163419 0.0744342
1.74074e+09 1.44805 -0.536642 -0.015497 0.996978 -0.0133011 -0.0173491 0.074546
1.74074e+09 1.4492 -0.538044 -0.0154754 0.996952 -0.0139929 -0.0179271 0.0746254
1.74074e+09 1.45029 -0.539419 -0.0153658 0.996942 -0.0143687 -0.0183829 0.0745831
1.74074e+09 1.45149 -0.54098 -0.0152988 0.996925 -0.0146976 -0.0189927 0.0745961
1.74074e+09 1.45266 -0.542523 -0.0151793 0.996907 -0.0148941 -0.0195263 0.074658
1.74074e+09 1.45394 -0.544108 -0.0149662 0.996899 -0.0150362 -0.0200543 0.0745963
1.74074e+09 1.45531 -0.54577 -0.0146453 0.996891 -0.0151005 -0.0204258 0.0745796
1.74074e+09 1.45636 -0.54732 -0.0139851 0.996617 -0.00940295 -0.0234667 0.0782007
1.74074e+09 1.45641 -0.547291 -0.0138117 0.996608 -0.00946937 -0.0237541 0.0782264
1.74074e+09 1.45648 -0.546931 -0.0137385 0.996601 -0.00942699 -0.023904 0.0782639
1.74074e+09 1.45655 -0.546593 -0.0136899 0.996598 -0.00942118 -0.0240097 0.0782806
1.74074e+09 1.45657 -0.546577 -0.0135792 0.996593 -0.00949919 -0.0241967 0.0782707
1.74074e+09 1.45663 -0.546252 -0.0135515 0.996591 -0.00950032 -0.0242682 0.0782792
1.74074e+09 1.45668 -0.545936 -0.0135294 0.996589 -0.00950588 -0.0243304 0.0782846
1.74074e+09 1.45673 -0.54563 -0.0135115 0.996587 -0.00951375 -0.0243857 0.0782882
1.74074e+09 1.45677 -0.545331 -0.0134968 0.996586 -0.00952284 -0.0244357 0.0782906
1.74074e+09 1.45691 -0.546639 -0.0138972 0.996718 -0.00951114 -0.0243375 0.0766151
1.74074e+09 1.45724 -0.546673 -0.0138001 0.996743 -0.00953917 -0.0241872 0.0763428
1.74074e+09 1.45758 -0.546662 -0.0136272 0.996759 -0.00958372 -0.0241454 0.0761389
1.74074e+09 1.45792 -0.546625 -0.0134208 0.996771 -0.00963503 -0.0241528 0.0759759
1.74074e+09 1.45826 -0.546569 -0.0131986 0.99678 -0.00968901 -0.0241841 0.0758404
1.74074e+09 1.4586 -0.5465 -0.0129695 0.996787 -0.00974377 -0.0242272 0.0757248
1.74074e+09 1.45894 -0.546421 -0.0127377 0.996793 -0.00979839 -0.0242759 0.0756242
1.74074e+09 1.45928 -0.546334 -0.0125057 0.996798 -0.00985241 -0.0243266 0.0755354
1.74074e+09 1.45962 -0.546242 -0.0122747 0.996802 -0.00990559 -0.0243776 0.0754562
1.74074e+09 1.45996 -0.546145 -0.0120455 0.996806 -0.00995783 -0.0244278 0.0753848
1.74074e+09 1.4603 -0.546043 -0.0118184 0.996809 -0.0100091 -0.0244765 0.07532
1.74074e+09 1.46086 -0.546665 -0.0122004 0.996912 -0.00984739 -0.0241597 0.0740658
1.74074e+09 1.46091 -0.546645 -0.0121776 0.996912 -0.00984805 -0.024142 0.0740677
1.74074e+09 1.46036 -0.5476 -0.0140445 0.997078 -0.00901097 -0.0137924 0.0745988
1.74074e+09 1.45987 -0.547834 -0.0141558 0.997142 -0.00656292 -0.00899039 0.0747224
1.74074e+09 1.45961 -0.547997 -0.0138919 0.997173 -0.00496123 -0.00590548 0.0747412
1.74074e+09 1.45948 -0.548123 -0.013441 0.99719 -0.00384144 -0.00374154 0.0747263
1.74074e+09 1.45942 -0.548228 -0.0128875 0.997201 -0.00301989 -0.00213791 0.0746799
1.74074e+09 1.45942 -0.548318 -0.0122761 0.997209 -0.00239323 -0.000898891 0.0746157
1.74074e+09 1.45944 -0.548399 -0.011632 0.997216 -0.00190072 8.93434e-05 0.0745415
1.74074e+09 1.45947 -0.548463 -0.0110193 0.99722 -0.00147548 0.000962695 0.0744928
1.74074e+09 1.45953 -0.548524 -0.0103849 0.997224 -0.0011319 0.00167845 0.0744335
1.74074e+09 1.4596 -0.548582 -0.0097395 0.997228 -0.000849108 0.00227717 0.074368
1.74074e+09 1.45968 -0.548637 -0.0090902 0.997232 -0.000612823 0.00278653 0.0742991
1.74074e+09 1.45976 -0.54869 -0.00844165 0.997236 -0.000412885 0.00322602 0.0742286
1.74074e+09 1.45986 -0.548743 -0.00779902 0.99724 -0.000242767 0.00360814 0.0741517
1.74074e+09 1.45995 -0.548793 -0.0071626 0.997245 -9.58906e-05 0.0039453 0.0740762
1.74074e+09 1.46005 -0.548843 -0.00653386 0.997249 3.192e-05 0.00424549 0.0740028
1.74074e+09 1.46015 -0.548892 -0.00591143 0.997252 0.000143761 0.00451538 0.073946
1.74074e+09 1.46025 -0.548941 -0.00529828 0.997255 0.000242355 0.00475931 0.0738901
1.74074e+09 1.4621 -0.549677 0.000107025 0.997183 -0.00419456 0.00622046 0.0746324
1.74074e+09 1.46224 -0.549742 0.00041335 0.997163 -0.0044576 0.00608473 0.0748934
1.74074e+09 1.46231 -0.549797 0.00056193 0.997154 -0.00461414 0.00591505 0.0750239
1.74074e+09 1.46236 -0.549853 0.000655158 0.997148 -0.00472976 0.00573975 0.0751042
1.74074e+09 1.4624 -0.54991 0.000723768 0.997144 -0.0048242 0.00556671 0.0751599
1.74074e+09 1.46243 -0.549969 0.000780075 0.997142 -0.00490561 0.00539866 0.0752014
1.74074e+09 1.46246 -0.55003 0.000829899 0.99714 -0.00497802 0.0052366 0.0752341
1.74074e+09 1.46248 -0.550094 0.000876303 0.997138 -0.00504368 0.0050808 0.0752607
1.74074e+09 1.46248 -0.550205 0.000902543 0.997136 -0.00504198 0.00500762 0.0752914
1.74074e+09 1.46248 -0.550314 0.000932663 0.997135 -0.00504141 0.00494056 0.075317
1.74074e+09 1.46248 -0.550421 0.000966089 0.997133 -0.00504179 0.00487849 0.0753386
1.74074e+09 1.46277 -0.550698 0.000523359 0.997249 -0.00489256 0.00429754 0.0738387
1.74074e+09 1.46259 -0.550558 0.000219216 0.997295 -0.00480533 0.0039531 0.0732334
1.74074e+09 1.46245 -0.550419 -2.02107e-05 0.997319 -0.00473855 0.00369367 0.0729264
1.74074e+09 1.46234 -0.550272 -0.000213954 0.997333 -0.0046886 0.00348429 0.0727527
1.74074e+09 1.46224 -0.550124 -0.000386149 0.997342 -0.00464694 0.00329961 0.0726448
1.74074e+09 1.46215 -0.549976 -0.000541861 0.997347 -0.00461211 0.0031325 0.0725749
1.74074e+09 1.46207 -0.549828 -0.000684258 0.997351 -0.00458307 0.00297885 0.0725288
1.74074e+09 1.46199 -0.549681 -0.000815522 0.997354 -0.00455901 0.00283598 0.0724984
1.74074e+09 1.46192 -0.549534 -0.00093727 0.997356 -0.00453929 0.00270204 0.0724786
1.74074e+09 1.46186 -0.549388 -0.00105075 0.997357 -0.00452339 0.00257567 0.0724664
1.74074e+09 1.46179 -0.549244 -0.00115695 0.997358 -0.00451088 0.00245583 0.0724598
1.74074e+09 1.46178 -0.549716 -0.00122896 0.997547 -0.00511724 0.0011757 0.0698029
1.74074e+09 1.46135 -0.549759 -0.00145997 0.997604 -0.00506843 0.000370835 0.0689937
1.74074e+09 1.46097 -0.549823 -0.00167949 0.997622 -0.00502338 -0.000163938 0.068732
1.74074e+09 1.46062 -0.549877 -0.00188525 0.99763 -0.00498039 -0.000591867 0.0686287
1.74074e+09 1.4603 -0.549919 -0.0020818 0.997631 -0.00494054 -0.000960708 0.0686019
1.74074e+09 1.45999 -0.549966 -0.00229129 0.997629 -0.00489574 -0.00132615 0.0686381
1.74074e+09 1.4597 -0.550009 -0.00249138 0.997624 -0.00485383 -0.00166068 0.0686982
1.74074e+09 1.45943 -0.550036 -0.00268171 0.997619 -0.00481848 -0.00195331 0.0687707
1.74074e+09 1.45918 -0.550054 -0.00286607 0.997613 -0.00478743 -0.00222693 0.0688481
1.74074e+09 1.45894 -0.550063 -0.00304781 0.997607 -0.00475901 -0.00248838 0.0689294
1.74074e+09 1.45889 -0.550327 -0.00358343 0.99756 -0.0050058 -0.00410634 0.0695205
1.74074e+09 1.45865 -0.550283 -0.0038822 0.997536 -0.00511861 -0.00497289 0.0697966
1.74074e+09 1.45854 -0.550267 -0.00407658 0.997522 -0.0051755 -0.00550276 0.0699421
1.74074e+09 1.45851 -0.550264 -0.00422311 0.997514 -0.00520558 -0.00587854 0.0700253
1.74074e+09 1.45852 -0.550269 -0.00434072 0.997509 -0.00521961 -0.00616283 0.0700744
1.74074e+09 1.45855 -0.550279 -0.00443946 0.997506 -0.00522358 -0.00638853 0.0701026
1.74074e+09 1.45859 -0.550292 -0.00452537 0.997503 -0.00522115 -0.00657431 0.0701168
1.74074e+09 1.45865 -0.550306 -0.00460169 0.997502 -0.00521407 -0.00673145 0.0701222
1.74074e+09 1.45871 -0.550322 -0.00467127 0.997501 -0.00520481 -0.00686874 0.0701201
1.74074e+09 1.45878 -0.550338 -0.00473513 0.997501 -0.0051931 -0.00698949 0.0701139
1.74074e+09 1.45919 -0.549818 -0.00441132 0.997104 -0.00682612 -0.0104087 0.0750281
1.74074e+09 1.45903 -0.54932 -0.00463139 0.996993 -0.00889282 -0.012095 0.0760289
1.74074e+09 1.45895 -0.548946 -0.00489877 0.996932 -0.0104855 -0.0133172 0.0764196
1.74074e+09 1.4588 -0.548543 -0.00510853 0.996888 -0.0117819 -0.0143494 0.0766145
1.74074e+09 1.45855 -0.548023 -0.00513933 0.996868 -0.0127252 -0.0151333 0.0765738
1.74074e+09 1.4583 -0.547515 -0.00511601 0.996853 -0.0133611 -0.0157732 0.0765291
1.74074e+09 1.45805 -0.547022 -0.00498925 0.996849 -0.0137407 -0.0161865 0.0764287
1.74074e+09 1.45781 -0.546553 -0.0048574 0.996846 -0.0140505 -0.0165555 0.0763311
1.74074e+09 1.45981 -0.547304 -0.00417392 0.996516 -0.0136865 -0.0212799 0.0794737
1.74074e+09 1.46007 -0.547362 -0.00400323 0.996415 -0.0135632 -0.0226302 0.0803755
1.74074e+09 1.4602 -0.547418 -0.00398932 0.996371 -0.0134784 -0.0232281 0.0807684
1.74074e+09 1.46027 -0.547467 -0.00401917 0.996346 -0.0134174 -0.0235747 0.0809882
1.74074e+09 1.46032 -0.547514 -0.00406918 0.99633 -0.0133683 -0.0238029 0.0811264
1.74074e+09 1.46036 -0.547558 -0.00412996 0.996319 -0.0133259 -0.0239662 0.0812197
1.74074e+09 1.46038 -0.547601 -0.0041971 0.996311 -0.013288 -0.0240899 0.0812856
1.74074e+09 1.46039 -0.547628 -0.00422002 0.996307 -0.0131807 -0.0241553 0.0813362
1.74074e+09 1.46039 -0.547655 -0.00424818 0.996304 -0.0130822 -0.0242089 0.0813762
1.74074e+09 1.46266 -0.548671 -0.00406066 0.996502 -0.0102759 -0.0297277 0.0774192
1.74074e+09 1.46281 -0.548552 -0.00453832 0.996517 -0.0090019 -0.0302011 0.0772106
1.74074e+09 1.46293 -0.548436 -0.00499413 0.996524 -0.00794164 -0.0304169 0.0771493
1.74074e+09 1.46302 -0.548314 -0.00542952 0.996531 -0.00710605 -0.0305112 0.077096
1.74074e+09 1.46312 -0.54821 -0.00582324 0.996537 -0.00630579 -0.0305927 0.0770666
1.74074e+09 1.4632 -0.548117 -0.00616863 0.996541 -0.0056055 -0.0306388 0.077047
1.74074e+09 1.46328 -0.548032 -0.00648753 0.996546 -0.00495483 -0.030673 0.0770151
1.74074e+09 1.46334 -0.547961 -0.00666153 0.99656 -0.00472385 -0.0306354 0.0768541
1.74074e+09 1.46338 -0.54789 -0.00683009 0.996574 -0.0045152 -0.0305897 0.0767027
1.74074e+09 1.46343 -0.54782 -0.00699386 0.996588 -0.00432475 -0.0305393 0.0765594
1.74074e+09 1.46347 -0.547751 -0.00715323 0.996601 -0.00414899 -0.0304858 0.0764225
1.74074e+09 1.46351 -0.547682 -0.00730858 0.996613 -0.00398567 -0.0304304 0.0762912
1.74074e+09 1.46355 -0.547615 -0.00746021 0.996625 -0.00383308 -0.030374 0.0761648
1.74074e+09 1.4645 -0.548156 -0.0075328 0.996663 -0.00403965 -0.0304204 0.0756415
1.74074e+09 1.46451 -0.548173 -0.0074539 0.996682 -0.00423195 -0.0303196 0.0754236
1.74074e+09 1.46452 -0.548173 -0.00740012 0.996697 -0.00444265 -0.0301968 0.0752521
1.74074e+09 1.46453 -0.548174 -0.00734579 0.996711 -0.00462912 -0.0300706 0.0751101
1.74074e+09 1.46455 -0.548177 -0.00729184 0.996723 -0.00479674 -0.0299452 0.0749842
1.74074e+09 1.46456 -0.548201 -0.00721093 0.996734 -0.00487591 -0.0298386 0.07488
1.74074e+09 1.46458 -0.548227 -0.00712971 0.996744 -0.00494429 -0.0297338 0.0747808
1.74074e+09 1.46461 -0.548247 -0.00705978 0.996754 -0.00499461 -0.0296274 0.074688
1.74074e+09 1.46464 -0.548269 -0.00698953 0.996764 -0.00503695 -0.0295232 0.0745969
1.74074e+09 1.46467 -0.548291 -0.00691902 0.996773 -0.00507221 -0.0294211 0.0745075
1.74074e+09 1.46469 -0.54832 -0.00683701 0.996783 -0.00511707 -0.0293178 0.074419
1.74074e+09 1.46473 -0.548341 -0.00678071 0.99679 -0.00500325 -0.0292538 0.0743511
1.74074e+09 1.46484 -0.549389 -0.00549852 0.996876 -0.00801125 -0.0278353 0.0734818
1.74074e+09 1.46455 -0.549677 -0.00497911 0.996949 -0.00951219 -0.0273125 0.0724944
1.74074e+09 1.46432 -0.549897 -0.00456568 0.997 -0.0107257 -0.0268857 0.0717835
1.74074e+09 1.46411 -0.550071 -0.00422491 0.997037 -0.0117298 -0.0265304 0.0712484
1.74074e+09 1.46395 -0.550085 -0.00410923 0.997052 -0.0128252 -0.0261583 0.070986
1.74074e+09 1.46377 -0.550031 -0.00405568 0.997091 -0.0139433 -0.0257922 0.0703528
