1.74066e+09 0.00184599 0.00871437 -0.0013683 1 -0.000370366 -0.000381861 -1.19449e-05
1.74066e+09 0.000967319 0.00936066 -0.000542527 1 -0.000594429 -0.000206522 0.000315299
1.74066e+09 -0.000676118 0.00569208 -0.000655131 1 -0.000875295 -0.000312478 -0.000200167
1.74066e+09 -0.00280365 0.00197701 0.000179827 1 -5.63493e-05 -0.000137199 0.000151053
1.74066e+09 -0.00165269 0.000959631 -0.00103155 1 -0.000703076 0.00014032 -0.000136835
1.74066e+09 0.000292688 0.00431389 -0.000411763 1 -0.000921653 0.000352953 -0.000119848
1.74066e+09 0.00135853 0.00333885 2.54239e-05 1 -0.000892474 0.000196027 9.08605e-05
1.74066e+09 5.01799e-05 0.00531761 0.000949133 1 -0.000917744 -0.000176308 6.50737e-05
1.74066e+09 0.00107151 0.00129192 0.00238555 1 -0.000407583 2.77086e-05 -0.000197494
1.74066e+09 0.00179051 -0.00166832 0.00064695 1 -0.000180507 -0.000116416 -0.000158964
1.74066e+09 -0.00010493 -0.00296368 0.00191955 1 -0.000426066 -0.00039251 1.91498e-05
1.74066e+09 -0.000676174 -0.00300265 -0.000311912 1 -0.000278336 5.48945e-05 -0.00024421
1.74066e+09 -0.0011222 -0.00193262 0.00147424 1 -0.000757971 4.54439e-06 0.000103046
1.74066e+09 -0.00197087 -0.00227759 0.000852277 1 -0.000441579 -0.000108502 -0.000193318
1.74066e+09 -0.000865209 0.00210435 0.00238825 1 -0.000723672 3.15393e-05 4.82101e-05
1.74066e+09 -0.000117054 0.00662253 0.00106645 1 -0.000948544 0.000197433 0.00021679
1.74066e+09 -0.00116238 0.00700283 0.0013294 0.999999 -0.00118175 -0.000459588 0.000173599
1.74066e+09 -0.00165574 0.00567919 0.000560715 1 -0.000534986 -0.000115699 -4.32358e-05
1.74066e+09 -0.00122991 0.00680608 -0.00018443 1 -0.00054875 -0.000127604 -0.000153235
1.74066e+09 -0.000122152 0.00633134 -0.000732608 1 -0.000594032 -0.000146074 -0.000336686
1.74066e+09 0.000206989 0.00607929 -0.00166617 1 -0.000384212 -3.92851e-05 -0.000388836
1.74066e+09 -0.000609982 0.00301564 -0.00130475 1 -0.000251424 0.000226852 9.1944e-05
1.74066e+09 -0.000652434 0.00717298 -0.00134835 1 -0.000498205 1.69965e-05 6.28722e-05
1.74066e+09 -0.00113917 0.00760395 0.00131582 1 6.22748e-05 0.000508354 0.00054772
1.74066e+09 -0.000266397 0.00750658 0.000173108 1 -0.000343126 0.000109762 0.000925456
1.74066e+09 -0.000619086 0.00513088 0.00213896 1 -0.000234553 -3.54602e-05 -6.46847e-05
1.74066e+09 0.000141135 0.00437957 0.00134283 1 -0.000286955 -8.54574e-05 0.000111529
1.74066e+09 -0.000201872 0.00154662 0.00175722 1 -0.000162788 3.15831e-05 3.54522e-05
1.74066e+09 -0.000282187 0.000321349 0.000860779 1 -0.000185852 -3.61497e-05 -3.40196e-05
1.74066e+09 0.000544855 -0.000270103 0.000762093 1 -0.000286553 -0.000149146 -0.000116232
1.74066e+09 0.000734656 0.000408398 -0.000379515 1 -0.000281472 -6.91957e-05 -2.5712e-06
1.74066e+09 -0.000256893 0.001179 0.00129778 1 -0.000590456 -0.0003056 2.86566e-05
1.74066e+09 -0.00106886 0.00324514 0.000514195 1 -0.000503977 -0.000139848 0.000236362
1.74066e+09 7.39242e-05 0.00601606 -0.000579337 1 -0.000552099 -0.000332153 0.000254421
1.74066e+09 -0.000311661 0.00530798 0.000176467 1 -0.000351043 2.55099e-05 -2.61987e-05
1.74066e+09 0.00030606 0.00665445 -0.000199605 1 -0.000492105 -0.000273067 -2.52392e-05
1.74066e+09 7.73911e-05 0.00587739 -0.00051565 1 -0.000391489 -0.000292808 -0.000104011
1.74066e+09 -0.000313828 0.00764439 -0.000828271 1 -0.000419667 -0.000199897 3.29372e-05
1.74066e+09 0.000115209 0.00530637 -0.000839493 1 -0.000538223 -0.000298194 3.09766e-05
1.74066e+09 -3.80492e-05 0.0037244 -0.000801173 1 -0.000383623 -6.20455e-05 0.000249148
1.74066e+09 0.00120155 0.00305002 -0.0016243 1 -0.000644037 -0.000241956 -8.82627e-05
1.74066e+09 -0.000108671 0.00468227 -0.00104308 1 -5.05712e-06 0.000135877 9.30006e-05
1.74066e+09 0.00104019 0.00444818 0.0014675 1 -0.000285321 -9.08247e-05 1.87801e-05
1.74066e+09 0.00172932 0.00187567 0.00123897 1 -0.000626722 -0.000180094 0.000238035
1.74066e+09 0.00118628 0.00112163 0.000132337 1 -0.000220282 -0.000236052 -0.000292542
1.74066e+09 0.000422996 0.00329536 -0.000411697 1 -0.000124062 9.53098e-05 0.000157032
1.74066e+09 0.000524302 0.00329348 -0.0012783 1 -0.000442858 -0.000222625 -3.92213e-05
1.74066e+09 7.36164e-05 0.0049921 -0.00137577 1 -0.000313712 -0.000115238 -0.000486744
1.74066e+09 0.00120171 0.00536884 -0.00113522 1 -0.000392337 -0.000318852 0.000196895
1.74066e+09 0.0015419 0.00633204 0.000138201 1 -0.000235884 -0.000112973 0.000157053
1.74066e+09 0.00199134 0.00779987 -0.000279406 1 -5.93292e-05 -0.000119422 -0.00012502
1.74066e+09 0.000978969 0.0069358 -0.00116864 1 -0.000247219 -7.35683e-05 -0.000100174
1.74066e+09 -0.000278001 0.00907639 -0.00120588 1 -0.000310387 -1.97645e-05 0.000161555
1.74066e+09 -0.000159502 0.00477912 -0.00200883 1 -0.000337968 -0.000270677 -9.10928e-05
1.74066e+09 0.000933963 0.00660495 -0.00141212 1 -0.000296769 -0.000178844 0.000153678
1.74066e+09 0.00263101 0.00596785 -0.000450676 1 -0.000327767 -0.000157127 3.97962e-05
1.74066e+09 0.00180332 0.0055935 0.000116243 1 -0.000310265 -0.000121173 0.000133336
1.74066e+09 0.00152196 0.00745611 -0.000762715 1 -0.000420117 -0.000245963 5.80876e-05
1.74066e+09 0.000571368 0.00476539 -0.000212803 1 -0.000565774 -1.64437e-05 -8.01529e-06
1.74066e+09 0.00103616 0.00271212 -0.00066334 1 -0.000331587 -0.000277812 -3.39982e-05
1.74066e+09 -0.00110505 0.0036689 0.00185227 1 -0.000364161 6.25457e-05 0.000443126
1.74066e+09 -0.000420601 0.00343674 0.00100763 1 -0.000327377 -8.42113e-05 0.000168305
1.74066e+09 -0.00166108 0.00445225 0.00293888 1 -0.000442621 0.000113935 0.000343777
1.74066e+09 -0.000631758 0.00549851 0.00116234 1 -0.000254124 8.68354e-05 0.000242958
1.74066e+09 0.00102498 0.00781844 0.00140479 1 -0.000353044 -0.000158372 -2.07994e-05
1.74066e+09 0.00206642 0.00655874 -0.000935863 1 -0.000257521 -0.000231077 -2.82865e-05
1.74066e+09 0.000594254 0.00633565 0.000159546 1 -0.000191841 -0.000431057 0.000134531
1.74066e+09 0.000209655 0.00555673 -0.000240513 1 -0.000188561 -0.000167635 -3.60724e-05
1.74066e+09 0.00116389 0.00576788 -0.000751168 1 -0.000153344 -0.000375391 -0.000169235
1.74066e+09 0.000894577 0.00542855 -0.0013222 1 -0.000201675 2.09873e-05 -0.000164178
1.74066e+09 -0.000975833 0.00739994 0.00019841 1 0.00021575 0.000154281 -3.12515e-05
1.74066e+09 -0.000430713 0.00795295 0.000613558 1 -0.000189894 -0.000110527 -0.000403801
1.74066e+09 -0.000467297 0.00698603 0.00113742 1 -0.000287488 -0.000185114 7.86927e-05
1.74066e+09 -0.000108684 0.00643751 0.000260392 1 -0.00029344 -2.59139e-05 -0.000197856
1.74066e+09 0.00168489 0.00354492 -0.00114016 1 -0.000190469 -0.000344376 0.000146402
1.74066e+09 0.00158447 0.00192178 0.000608109 1 -0.000161155 5.11385e-05 3.72296e-05
1.74066e+09 0.000963429 0.00424892 -0.000399667 1 -0.00029168 -7.57476e-05 0.000298272
1.74066e+09 0.00127925 0.00360389 -0.000219992 1 -0.000261208 -5.13979e-05 9.06113e-05
1.74066e+09 0.00170664 0.00450569 -0.000587567 1 -0.00049202 -0.000144026 5.03292e-05
1.74066e+09 0.00143051 0.00564005 0.000181983 1 -0.000306928 -0.000275323 0.000107393
1.74066e+09 0.000448115 0.00734835 0.000526245 1 -0.000133238 -0.000132633 -0.000125653
1.74066e+09 -0.00101768 0.00758375 0.00249527 1 -0.000234112 -8.12575e-05 0.000213684
1.74066e+09 -0.000410218 0.00522021 0.00220862 1 -0.000255599 0.000151197 0.000143009
1.74066e+09 5.71323e-05 0.00580493 0.00194343 1 -0.000489094 -0.000308308 4.14027e-05
1.74066e+09 0.000747593 0.00466062 0.000936527 1 -0.00025504 -2.32098e-05 -3.43859e-05
1.74066e+09 0.00180444 0.00408915 -3.95815e-05 1 -0.00028079 -0.000252432 -0.000266768
1.74066e+09 0.00236349 0.00360202 -0.00158755 1 -0.000383485 -0.000323563 -0.000257079
1.74066e+09 0.00191326 0.00514681 -0.00144802 1 -0.000116347 -0.000199362 -5.72447e-05
1.74066e+09 0.00192628 0.0061596 -0.0014137 1 -0.000319816 -0.000227429 0.00025267
1.74066e+09 0.00171891 0.00582489 -0.00168417 1 -0.000433793 -0.000338385 2.50414e-06
1.74066e+09 0.00180952 0.00717979 -0.00125985 1 -0.000192512 -0.000149743 8.22912e-05
1.74066e+09 0.00087657 0.00466514 -0.000798055 1 -0.000230382 -0.000222432 6.70461e-05
1.74066e+09 -0.000139464 0.00499543 0.00121602 1 -0.000392935 1.59333e-05 0.000132302
1.74066e+09 0.000413485 0.00398413 0.00109654 1 -0.00029592 -5.62365e-05 -1.34172e-05
1.74066e+09 0.000690539 0.00185892 0.00114672 1 -0.000359701 5.69721e-05 -3.86989e-05
1.74066e+09 0.00126305 0.0028848 9.76154e-05 1 -0.000299517 5.62193e-05 -9.97207e-05
1.74066e+09 0.00143546 0.00287364 -0.000139669 1 -0.000426466 -0.000107393 -0.000260471
1.74066e+09 0.00131889 0.00376263 5.47763e-05 1 -0.000134293 2.50708e-05 -1.40479e-05
1.74066e+09 0.00224374 0.0041407 -0.000620239 1 -0.000423489 -0.000296318 0.000245753
1.74066e+09 0.00160772 0.00658405 -0.000303827 1 -1.2062e-05 -0.000124075 2.60496e-06
1.74066e+09 0.00139844 0.00619522 -0.00137906 1 -0.000493162 -0.000467108 -0.000115016
1.74066e+09 0.000337697 0.00421893 -0.00135255 1 -0.000363752 -8.4593e-05 -0.000156169
1.74066e+09 0.00073499 0.00621047 -0.000863147 1 -4.90151e-05 -5.29474e-05 -0.000167459
1.74066e+09 0.0010865 0.00656202 -0.000315175 1 -0.000546358 -0.000409838 -2.59575e-05
1.74066e+09 0.000990226 0.00830431 -0.000232519 1 -0.000398292 -3.23078e-05 8.50112e-05
1.74066e+09 -0.00100776 0.00703513 -0.000582549 1 -0.000431214 -0.000206614 -3.1037e-05
1.74066e+09 -0.00231585 0.00487124 -0.00063166 1 -0.00030115 -0.000112321 9.73246e-05
1.74066e+09 -0.00201006 0.00198147 -5.75719e-05 1 -0.00024556 -0.000152361 0.000141066
1.74066e+09 -0.000509663 0.000961398 0.00072873 1 -0.000169358 9.08973e-05 -0.00050831
1.74066e+09 0.00146303 0.00151968 -0.000334182 1 -0.000436643 -3.76808e-05 -0.000145522
1.74066e+09 0.000286667 0.00333088 0.0012295 1 -0.00024582 6.61084e-05 9.65678e-05
1.74066e+09 0.00145879 0.00323981 0.00138076 1 -0.000170763 -8.32623e-05 -5.83924e-05
1.74066e+09 0.00103737 0.00376634 0.0029368 1 -0.000435212 8.89373e-05 0.000147219
1.74066e+09 0.000936304 0.0043811 0.00195299 1 -0.000188909 -3.24686e-05 -7.16899e-05
1.74066e+09 -0.000135524 0.0051759 0.00255503 1 -0.000193136 9.64394e-06 -0.000201464
1.74066e+09 0.000459155 0.00439656 -3.41729e-06 1 3.64494e-05 9.8623e-05 0.000164837
1.74066e+09 -0.00135773 0.00545012 0.000743581 1 -0.000423419 -0.00013489 -1.19325e-05
1.74066e+09 -0.000669998 0.00574303 -0.000872019 1 -0.000221381 -0.000100791 6.4352e-06
1.74066e+09 0.000646429 0.00796037 -0.00138598 1 -0.00060118 -0.000315478 3.45235e-05
1.74066e+09 4.95578e-07 0.0075992 -0.000322263 1 -0.000255609 -0.000106224 -0.000262378
1.74066e+09 0.000312613 0.00868379 -0.0010315 1 -0.000201544 -0.000116364 -6.92105e-05
1.74066e+09 -0.000900632 0.00493619 -0.00113265 1 -0.000333083 -1.84606e-05 -8.6574e-05
1.74066e+09 -0.000873174 0.00438638 -5.20022e-05 1 -0.00038252 -9.3307e-05 0.000131183
1.74066e+09 0.000752323 0.00725447 0.00047093 1 -0.000237119 -0.000160168 0.000123823
1.74066e+09 0.00208339 0.00519678 -0.000534049 1 -0.000115701 -0.00021698 -6.44158e-05
1.74066e+09 6.85626e-05 0.00487722 0.00120301 1 -0.000223956 5.72546e-05 0.000195271
1.74066e+09 -0.000260764 0.00538284 0.00137104 1 -0.000224444 0.000116494 0.000188889
1.74066e+09 0.000688414 0.00476806 0.00207778 1 -0.000234272 3.92353e-05 3.66762e-05
1.74066e+09 0.00187531 0.00485717 0.00088437 1 -0.000510381 -0.000108076 -4.76921e-05
1.74066e+09 0.00114908 0.00533164 0.000988982 1 -0.000404996 -0.000105898 2.82927e-07
1.74066e+09 0.00128103 0.00488943 -0.000563515 1 -0.000635607 -0.000157784 0.000225342
1.74066e+09 0.000923314 0.00380342 -0.000659867 1 -0.000297981 -0.000166723 2.96245e-05
1.74066e+09 0.000798714 0.00299625 -0.000325534 1 -0.000151913 -2.69734e-05 -1.89118e-05
1.74066e+09 0.00183506 0.00541439 -0.000412119 1 -0.000224284 -0.000267662 5.95683e-05
1.74066e+09 0.000750702 0.00657523 -3.93763e-05 1 -0.000270046 -0.000102482 -0.000380558
1.74066e+09 0.000951707 0.00594658 -0.000370555 1 -0.000341141 -0.000176382 -0.000274245
1.74066e+09 0.000598903 0.00574901 -0.000348141 1 -0.000299304 -0.000226462 -0.000282564
1.74066e+09 -0.000494565 0.00708891 -0.000661811 1 -0.000321438 -0.000188323 -6.53927e-05
1.74066e+09 -0.00121963 0.00746224 -0.00100765 1 -0.000304386 -0.000134868 -2.8315e-05
1.74066e+09 -0.000423484 0.00531856 -0.00189634 1 -0.0001497 -3.72835e-05 4.3964e-05
1.74066e+09 0.00021302 0.00554022 -0.00144354 1 -0.000271436 -5.71653e-05 0.000256227
1.74066e+09 -0.000925117 0.00328931 -0.000434722 1 -0.000326989 3.9144e-05 -0.000161618
1.74066e+09 -0.000719658 0.00177087 0.000741213 1 -0.000490672 -4.18763e-05 -3.90675e-05
1.74066e+09 0.000138907 0.000285808 0.00138258 1 -0.000459205 -2.50078e-05 -0.000159514
1.74066e+09 0.00125688 -0.000778905 6.13619e-05 1 -0.000566832 -0.000172464 4.11628e-05
1.74066e+09 0.000810756 0.000883552 -9.08417e-05 1 -0.000514109 -2.44265e-05 1.29466e-05
1.74066e+09 0.000454674 0.00320082 0.000599056 1 -0.000343007 -2.2557e-07 -0.000290511
1.74066e+09 4.08187e-05 0.00217656 0.000707503 1 -8.93709e-05 5.07118e-05 -0.000126529
1.74066e+09 0.000719993 0.00475348 -0.000410499 1 -0.000330292 -0.000259098 0.000260471
1.74066e+09 3.721e-05 0.00443342 -0.00104141 1 -0.000199708 -7.20127e-05 6.55386e-05
1.74066e+09 0.000353292 0.00646146 -0.000849449 1 -0.000374711 -0.000253063 0.000126799
1.74066e+09 0.000141593 0.00755784 3.36254e-06 1 -0.000170161 -7.75105e-06 0.000308598
1.74066e+09 0.000465058 0.00797825 -0.000507513 1 -0.000250683 -0.000139851 0.000105569
1.74066e+09 0.000412508 0.00563359 -0.000982286 1 -0.000193547 -0.000124543 -0.000235468
1.74066e+09 0.000473093 0.00244725 0.00038669 1 -0.000287181 -0.000177523 -6.20183e-05
1.74066e+09 0.000198117 0.00297257 0.000659237 1 -0.000402805 -0.000127171 0.000150415
1.74066e+09 -0.000334021 0.00450646 0.000531432 1 -0.000284627 -4.5633e-05 0.000221931
1.74066e+09 -0.000699648 0.00418645 0.000177946 1 -0.000222816 4.818e-05 0.000141996
1.74066e+09 -3.911e-06 0.00463683 0.00102421 1 -0.000450218 1.83641e-05 7.92029e-05
1.74066e+09 -4.53348e-05 0.00398041 -0.000263997 1 -0.000367262 -6.94774e-05 7.47831e-05
1.74066e+09 -0.000786961 0.00508921 0.000718464 1 -0.000510081 -0.000205646 0.00021644
1.74066e+09 0.000536035 0.00276749 0.000626535 1 -0.000303694 -7.39423e-05 -0.00017727
1.74066e+09 1.64435e-05 0.00242609 0.00166152 1 -0.000467922 9.78053e-05 -4.81539e-05
1.74066e+09 -0.000331237 0.00268976 0.00139019 1 -6.23025e-05 0.000118787 0.000244297
1.74066e+09 -0.00012691 0.00543514 0.0016744 1 -0.000605253 -1.47851e-05 -3.39156e-05
1.74066e+09 0.000259485 0.00482797 0.000207149 1 -1.35424e-06 -3.71249e-05 -0.000204174
1.74066e+09 -0.000852519 0.00368652 0.00156044 1 -0.000463213 -0.000201865 8.91049e-05
1.74066e+09 6.58026e-05 0.00278078 0.000297127 1 -0.0002341 -0.000198574 -9.29898e-05
1.74066e+09 0.000405361 0.00559495 0.000833129 1 -0.000353056 -0.000183224 3.04123e-05
1.74066e+09 0.000417167 0.00697672 8.87635e-05 1 -0.000352004 -8.66307e-06 -8.16966e-05
1.74066e+09 0.000569038 0.00656749 -0.00072937 1 -0.000148182 -0.000170001 -9.37024e-05
1.74066e+09 -0.00041867 0.00783522 -0.000233558 1 -0.000461328 -0.00021505 -0.000117078
1.74066e+09 -1.54216e-05 0.00539593 -1.5702e-05 1 -0.000387159 -0.000161406 4.65584e-05
1.74066e+09 -0.000298995 0.0049803 -4.73138e-05 1 -0.000260994 -2.43359e-05 0.000104666
1.74066e+09 0.00076038 0.00229063 -0.000725047 1 -0.000389573 -0.000422333 -1.1763e-05
1.74066e+09 -0.000442134 0.00352783 0.00194125 1 -0.000392498 -1.19924e-05 1.55453e-05
1.74066e+09 0.000315722 0.0044433 0.000597177 1 -0.000405716 -0.000214197 -3.21299e-05
1.74066e+09 0.000410262 0.00359588 0.000360092 1 -0.000460495 -7.9332e-05 -6.80342e-07
1.74066e+09 0.000163531 0.00463994 -0.000103992 1 -0.000153695 4.36953e-05 0.00023882
1.74066e+09 -0.000805831 0.00460756 0.0013591 1 -0.000245911 0.000144545 4.38446e-05
1.74066e+09 -0.000458871 0.00481564 0.0012765 1 -0.000214926 9.34908e-05 -0.000161381
1.74066e+09 -0.000648151 0.00544049 0.00188767 1 -0.000316208 0.000119796 0.000156588
1.74066e+09 -0.000219012 0.00240255 0.000651404 1 -3.83269e-05 -9.11994e-05 -0.000330404
1.74066e+09 -0.000400047 0.00229107 0.000477767 1 -0.000279517 -0.000239997 -1.00357e-05
1.74066e+09 -4.4093e-05 0.00421603 0.000105374 1 -0.000184224 -0.000153396 6.30232e-05
1.74066e+09 0.000493488 0.0042036 -7.25315e-05 1 -0.000271802 -0.000100878 -1.3786e-05
1.74066e+09 0.000322514 0.00674995 0.000210256 1 -0.00028098 -1.11971e-05 0.000238983
1.74066e+09 -0.000324568 0.00688103 2.68978e-05 1 -0.000199568 -6.58523e-05 -5.82198e-05
1.74066e+09 0.000334231 0.00705994 0.000124271 1 -0.000249507 -6.10907e-05 -0.000107712
1.74066e+09 1.89621e-05 0.00711127 -0.0016499 1 -0.000559235 -0.000172608 -2.3666e-05
1.74066e+09 0.000112976 0.00566708 0.000178469 1 -0.000203261 -0.000136949 -4.56633e-05
1.74066e+09 0.000897048 0.00507579 0.000290765 1 -0.00045439 -0.000213983 0.00010898
1.74066e+09 0.000860943 0.00593295 0.000831793 1 -0.000323147 1.74266e-05 0.000131767
1.74066e+09 -0.000540619 0.00583505 0.00112653 1 -0.000291558 6.61708e-05 0.000107443
1.74066e+09 -0.000524943 0.00915424 0.000346312 1 -0.000334114 -5.67345e-05 0.000146542
1.74066e+09 -0.000668936 0.00662212 0.00038486 1 -9.771e-05 -2.59988e-06 4.10491e-06
1.74066e+09 -9.51426e-05 0.00600712 0.00088414 1 -2.00116e-06 9.75467e-05 -7.20318e-05
1.74066e+09 0.000658234 0.00412014 0.000464698 1 -0.00013667 -0.000162673 -0.000291646
1.74066e+09 0.00074286 0.00588206 -0.000257356 1 -0.000152645 -7.48262e-06 5.48635e-05
1.74066e+09 0.00117509 0.00410975 -0.000881191 1 -0.00023317 -0.000127909 0.000226595
1.74066e+09 0.000761427 0.00647176 -0.00103839 1 -0.000222576 -0.000284797 0.000117942
1.74066e+09 -5.49528e-05 0.00598279 -0.000632535 1 -0.000333905 -1.4772e-05 -3.88414e-05
1.74066e+09 0.000210434 0.00534474 -0.000939372 1 -0.00020978 -0.000245416 3.45486e-06
1.74066e+09 -0.0004366 0.00500216 -0.00111638 1 -0.000347982 -8.23437e-05 -0.00016974
1.74066e+09 -0.00212399 0.00400588 0.000736428 1 -0.000280315 8.41525e-05 -0.000165604
1.74066e+09 -0.00105224 0.00457574 -1.29373e-05 1 -0.000131504 -0.00019641 -4.9374e-05
1.74066e+09 -0.000548317 0.00542717 0.00083873 1 -0.000145671 0.000103611 0.00048029
1.74066e+09 -0.000412124 0.00418681 0.000886876 1 -0.000553677 2.03383e-05 7.78193e-05
1.74066e+09 6.11689e-05 0.0032437 0.00145769 1 -0.000144889 0.00020422 8.32661e-05
1.74066e+09 -0.000129545 0.000701789 0.000153964 1 -0.000439343 -3.6125e-05 1.30876e-05
1.74066e+09 0.000352529 0.000206062 0.00139239 1 -0.00036771 -0.000198988 -0.000441984
1.74066e+09 0.000707572 0.00112282 -3.97812e-05 1 -0.000372495 -4.57346e-05 4.41263e-05
1.74066e+09 -0.000535622 0.0014673 0.000725598 1 -0.000570981 -0.000171334 -8.03772e-05
1.74066e+09 0.000288778 0.0025688 0.000152709 1 -0.000247596 -5.68985e-05 -4.1479e-05
1.74066e+09 0.0012398 0.00340209 0.000723103 1 -0.000495565 -2.93545e-05 0.000283602
1.74066e+09 -0.000236664 0.00274674 0.00117056 1 -0.000209439 -0.000232754 2.64893e-05
1.74066e+09 -0.000410459 0.00348869 0.00157309 1 -0.000365296 -5.55383e-05 0.000121203
1.74066e+09 0.000706131 0.00702812 -0.000805762 1 -0.000592059 -0.000363986 -3.52004e-05
1.74066e+09 -0.00077325 0.00603669 0.00083555 1 -0.000416481 -0.00020611 -6.81724e-05
1.74066e+09 -0.00129912 0.00489778 0.000165142 1 -0.000198994 -0.000106821 -0.000353182
1.74066e+09 -0.00136205 0.00645885 0.000558123 1 -0.000324587 -0.000225865 0.000131458
1.74066e+09 -0.00143561 0.00615824 -0.000455298 1 -0.000205853 -8.57463e-05 -9.66088e-05
1.74066e+09 -0.000843198 0.00512634 0.000558545 1 -0.000341955 2.45154e-05 -7.34427e-05
1.74066e+09 0.000275716 0.00332333 -0.000101353 1 7.61378e-05 0.000136226 -2.57601e-05
1.74066e+09 0.00136865 0.00172878 -0.00204017 1 -0.00037772 -4.17269e-05 5.54208e-05
1.74066e+09 0.000526356 0.00328805 -0.000265028 1 -0.000221592 -5.70189e-05 0.000128776
1.74066e+09 0.000849823 0.00484298 -0.00104204 1 -0.00030997 -0.000231741 2.23227e-05
1.74066e+09 0.000262233 0.00423166 -0.000241123 1 -0.000245785 -0.000142694 -2.31351e-05
1.74066e+09 -0.00095493 0.00294462 0.000503989 1 -0.000490279 -0.000228927 0.000122737
1.74066e+09 -0.000510723 0.00201495 0.000855575 1 -0.000391378 7.51557e-05 0.000153389
1.74066e+09 -7.44228e-05 0.00259389 0.000277204 1 -0.000256754 -6.9033e-05 4.12453e-05
1.74066e+09 0.000727407 0.00233291 0.000421152 1 -0.000471738 -3.57395e-05 -1.42259e-05
1.74066e+09 1.33765e-05 0.0033019 -9.89697e-05 1 -0.000247589 -0.000349908 -0.000116671
1.74066e+09 -0.000527012 0.00591582 -0.000121144 1 -0.0001427 -0.000138842 -4.46793e-05
1.74066e+09 -0.000349701 0.00686301 -0.000551886 1 -0.000184765 -3.53768e-05 6.0194e-05
1.74066e+09 0.00033286 0.00767272 -0.000733706 1 -0.000417096 -0.000302935 0.000307173
1.74066e+09 0.000301598 0.00718662 0.000444264 1 -0.000410693 -0.000132005 2.22134e-05
1.74066e+09 -0.000732186 0.00745735 -0.000396076 1 -8.12117e-05 -4.16039e-05 -5.94567e-05
1.74066e+09 -0.000516764 0.00710237 -0.00227578 1 -0.000299369 -0.000232324 -5.80626e-06
1.74066e+09 0.000939523 0.00626296 -0.00239744 1 -0.000441382 -0.000247756 0.000256634
1.74066e+09 7.54004e-05 0.0045399 -0.000580924 1 -0.000291049 -0.000265252 -0.000153926
1.74066e+09 0.000157087 0.00431146 0.000840501 1 -0.00034355 -2.93754e-05 0.000127978
1.74066e+09 -0.000564991 0.00202257 0.00175675 1 -0.000459123 -0.000177081 -2.91053e-05
1.74066e+09 -0.000557671 0.00258349 0.0012035 1 -0.000303663 -9.79009e-06 6.0646e-05
1.74066e+09 0.000436547 0.00310495 -2.40393e-05 1 -0.000260621 -0.000129719 0.000203151
1.74066e+09 0.000362297 0.00290501 0.000711305 1 -0.000259756 -1.3362e-05 -8.71481e-05
1.74066e+09 0.000320651 0.00525617 0.000857684 1 -0.000331465 -4.94578e-05 -1.87379e-05
1.74066e+09 -0.000130671 0.00656881 0.00010421 1 -0.000387996 -6.06555e-05 -7.10632e-05
1.74066e+09 0.000484325 0.00817918 0.000755419 1 -0.000277434 -0.000174443 0.000101281
1.74066e+09 0.000210733 0.00730699 0.000764078 1 -0.000178501 0.000132644 0.000175207
1.74066e+09 2.31877e-05 0.00795085 -0.000740792 1 -0.000138018 -0.000164344 6.74548e-05
1.74066e+09 0.00032569 0.0083158 -0.000814723 1 -0.000328183 -5.4941e-05 0.000156532
1.74066e+09 0.000636277 0.00790611 -0.00104256 1 -0.000119135 -9.97893e-05 5.48047e-05
1.74066e+09 -0.000246334 0.00549056 -0.00129122 1 -0.000170319 -0.00015139 -3.48835e-05
1.74066e+09 -0.00078421 0.00294734 -0.000581571 1 -0.000432331 -0.000103066 0.000226827
1.74066e+09 -0.0017952 0.00292538 -0.000442091 1 -0.000333267 -0.000246532 -0.00014509
1.74066e+09 -0.00113614 0.0031511 -0.000253974 1 -0.000372795 8.83901e-06 0.000109111
1.74066e+09 0.000226543 0.00217904 -0.000991665 1 -0.000390377 -0.000223831 -0.00018408
1.74066e+09 -0.000959786 0.00365218 0.0016117 1 -0.00026093 -0.000138779 -0.000150419
1.74066e+09 -0.00101978 0.0045935 0.00138722 1 -0.000196042 0.000128315 -2.13719e-05
1.74066e+09 0.000445017 0.00641977 0.00191054 1 -0.00035937 -0.000188343 2.21503e-05
1.74066e+09 0.000218028 0.00478407 0.000883423 1 -0.000195809 -4.65432e-06 -0.000124326
1.74066e+09 -0.000880428 0.00152834 0.00100636 1 -6.19213e-05 -1.23601e-05 -0.00019704
1.74066e+09 -0.000756549 0.00355382 -0.000362047 1 -0.000306573 -0.00010395 6.9235e-05
1.74066e+09 -0.000464021 0.00392576 -5.31258e-05 1 -0.000332437 -2.21152e-05 -4.10626e-07
1.74066e+09 0.000562196 0.00499055 -0.0007176 1 -0.000151253 4.89624e-05 0.000195126
1.74066e+09 0.000896623 0.0053857 0.000962182 1 -0.000324037 -0.000179984 0.000349382
1.74066e+09 0.000874449 0.00668589 -0.000138786 1 -4.4046e-05 -6.05052e-05 6.01168e-05
1.74066e+09 0.000576201 0.00786229 -0.000611166 1 -0.00031168 -0.000290669 0.00036098
1.74066e+09 -0.00125356 0.00680291 6.0514e-05 1 -0.000340328 -3.46044e-05 -1.43743e-06
1.74066e+09 -0.00204834 0.00826509 0.00129816 1 -0.0002853 -8.51392e-05 6.70964e-05
1.74066e+09 -0.0021547 0.00747808 0.00145541 1 -0.000370404 -4.68022e-05 1.01055e-05
1.74066e+09 -0.000730805 0.00739553 0.000911165 1 -0.000210555 -0.000104612 -4.3257e-05
1.74066e+09 0.000172932 0.00634972 -0.000400201 1 -0.000306047 -2.26101e-06 4.22106e-05
1.74066e+09 -0.000453693 0.00559659 -0.000541878 1 -0.000244295 2.91751e-05 0.00011806
1.74066e+09 -0.000701795 0.0032802 0.00079552 1 -0.00027945 -6.24463e-05 -0.000109384
1.74066e+09 -0.000257229 0.00283945 -0.000211277 1 -0.000375052 -0.000117574 4.90627e-05
1.74066e+09 -0.00101315 0.00257492 0.000410793 1 -0.00014099 0.000130184 0.000145874
1.74066e+09 -0.000509651 -4.91576e-05 -8.77013e-06 1 -0.000263861 -7.65334e-05 -8.58708e-05
1.74066e+09 8.07312e-05 6.10991e-05 0.00110628 1 -0.000433985 5.26735e-05 0.000189982
1.74066e+09 0.000536133 0.00078072 0.000756478 1 -0.000307379 -6.2715e-05 -7.47506e-05
1.74066e+09 0.000827903 0.00272054 0.00179895 1 -0.000424171 -0.000112486 0.000184529
1.74066e+09 0.000182419 0.00541435 0.00118805 1 -0.000142212 0.000146791 -5.67229e-05
1.74066e+09 0.000231517 0.00669226 0.00131584 1 -0.000280054 -0.000177941 0.00011465
1.74066e+09 -0.000380604 0.00592293 0.000137503 1 -0.000141471 1.85466e-05 0.000224332
1.74066e+09 0.000249854 0.00726798 -0.00142807 1 -0.000237666 -0.00034515 0.000157911
1.74066e+09 5.8686e-05 0.00631264 -0.000751908 1 -7.90277e-05 -2.36697e-05 -8.52045e-05
1.74066e+09 0.000606017 0.00598436 -0.000513014 1 -0.000290939 -0.000122119 -2.35357e-05
1.74066e+09 0.000792149 0.00477996 -0.00177692 1 -0.000222948 -0.000132972 -3.9076e-05
1.74066e+09 -0.000397426 0.00436166 -0.000599777 1 -0.000244741 3.54354e-05 -4.70918e-05
1.74066e+09 -0.00119881 0.00441415 -0.000266155 1 -0.000377329 -3.22174e-05 -1.14311e-05
1.74066e+09 1.60109e-05 0.00322823 -0.000960956 1 -0.000583299 -0.000274657 9.81319e-05
1.74066e+09 0.000568331 0.00496217 7.5309e-05 1 -0.000342443 -0.000190388 -3.92786e-05
1.74066e+09 0.000329784 0.00201479 0.000800768 1 4.94137e-06 4.79339e-05 -0.000110326
1.74066e+09 3.04884e-05 0.0047429 0.00023954 1 -0.000205545 -0.000152717 8.72964e-05
1.74066e+09 -8.57612e-05 0.00406788 0.0014965 1 -0.000262026 -1.59371e-05 -0.00020603
1.74066e+09 4.43749e-05 0.00657402 -0.000106026 1 -0.000254427 -4.07778e-05 -8.85957e-05
1.74066e+09 0.000236487 0.00721484 0.00109537 1 -0.000235816 7.82553e-05 0.000244705
1.74066e+09 0.00063387 0.00791973 0.00108246 1 -0.000183526 -6.44068e-05 0.000238344
1.74066e+09 0.000468917 0.00707812 0.00123476 1 -5.92848e-05 4.35933e-07 3.8171e-05
1.74066e+09 0.00136892 0.00522229 0.000614341 1 -0.000349631 -0.000282901 4.29148e-05
1.74066e+09 0.00038395 0.00557059 0.000991571 1 -1.06064e-05 0.000236209 0.000117791
1.74066e+09 0.000637681 0.00571975 -0.000182742 1 -0.000222208 -0.00017679 -3.57442e-05
1.74066e+09 -0.000386049 0.00242829 -0.000544612 1 6.85616e-05 3.36725e-05 -4.11563e-05
1.74066e+09 -0.000137106 0.00147906 -0.000847647 1 -0.000324973 -4.26747e-05 7.08341e-05
1.74066e+09 0.000729451 0.00157145 -0.001565 1 -0.000526717 -0.00034538 -3.49875e-05
1.74066e+09 0.000575966 0.00282184 -0.00077002 1 -0.000265772 -0.000103791 0.000234087
1.74066e+09 0.000199453 0.00509158 5.90302e-06 1 -0.000568642 -0.000149976 0.00013968
1.74066e+09 -0.000217989 0.00534082 0.000959137 1 -0.000363265 -7.04962e-05 2.57427e-05
1.74066e+09 -0.00104581 0.0042311 0.00123651 1 -0.000376961 0.000104278 5.9882e-05
1.74066e+09 -0.00208366 0.003648 0.00193044 1 -0.000119673 -0.000193081 6.1025e-05
1.74066e+09 -0.00180061 0.00513128 0.00129184 1 -0.000109843 5.20404e-05 -0.000125172
1.74066e+09 -0.000564847 0.00334191 0.000918997 1 -5.46457e-05 4.55075e-05 -4.98536e-05
1.74066e+09 0.000494194 0.00563243 -0.000307772 1 -0.000361011 -0.00021907 0.000307923
1.74066e+09 4.4913e-05 0.00743149 0.00114745 1 -0.000324764 3.93106e-06 -8.94713e-05
1.74066e+09 0.000515068 0.00867072 0.000509198 1 -0.000257228 -0.000144186 0.000151234
1.74066e+09 -0.00149086 0.00869903 0.00125458 1 -0.000101278 -7.77833e-05 -5.22612e-05
1.74066e+09 -0.00300308 0.00684233 0.000530983 1 -5.3318e-05 -5.18871e-06 -0.000104771
1.74066e+09 -0.00229854 0.00653297 0.000675028 1 -0.000297473 -0.000114673 0.000374442
1.74066e+09 -0.000995802 0.00487676 -0.000752674 1 -0.00021956 -5.95869e-05 -0.000134474
1.74066e+09 0.000183998 0.00601515 -0.000668714 1 -0.000305858 -0.000255688 0.000181259
1.74066e+09 -0.000968172 0.003926 -0.0004956 1 -0.000167977 -4.60298e-05 -0.000177422
1.74066e+09 -6.83041e-05 0.00437677 0.000603264 1 -0.00027549 -0.000125132 -3.93554e-06
1.74066e+09 -0.00119216 0.00386803 0.000358027 1 -0.000181376 4.53873e-06 7.251e-05
1.74066e+09 -0.000160613 0.00580447 3.16872e-05 1 -0.000390792 -0.000112905 0.000239678
1.74066e+09 0.000331941 0.00511195 0.00030762 1 -0.000362209 -1.98439e-05 6.26627e-05
1.74066e+09 0.00133572 0.0042586 -0.000148055 1 -0.000388093 -0.000114313 0.000255132
1.74066e+09 0.000522228 0.00422434 -1.08104e-05 1 -0.000300691 6.04631e-05 7.10574e-06
1.74066e+09 -0.000454549 0.00309049 9.59145e-05 1 -0.000477219 -0.000338485 -0.00013659
1.74066e+09 -0.000791342 0.00453327 0.000657993 1 -0.000131409 3.77466e-05 3.08774e-06
1.74066e+09 -0.00144325 0.00612817 0.00123367 1 -0.000308458 0.000154239 0.000267059
1.74066e+09 -0.000680598 0.00444821 0.00191612 1 -0.000326709 -4.67368e-05 -8.89254e-05
1.74066e+09 0.000533859 0.00360596 0.0012144 1 -0.000286363 -7.89631e-05 -7.66213e-05
1.74066e+09 0.00078249 0.0046892 0.00138306 1 -0.000339814 -3.08415e-05 -4.98528e-05
1.74066e+09 -0.000858647 0.00433152 0.00032397 1 -0.000126106 -0.00015194 -0.00016369
1.74066e+09 -0.000370415 0.00668649 0.000194311 1 -0.000391728 -0.00037756 4.62952e-05
1.74066e+09 -0.000334136 0.00521812 -9.08381e-05 1 -0.000138635 -4.65633e-05 -0.000196013
1.74066e+09 0.000581503 0.00519324 -0.000913123 1 -0.000291903 -0.000238978 0.000305259
1.74066e+09 0.000514924 0.00403495 -0.00186924 1 -0.000200506 -0.000300589 -1.36804e-05
1.74066e+09 0.00122543 0.00333037 -0.00102439 1 -0.000369764 -0.000245551 9.1782e-05
1.74066e+09 0.000886378 0.00341597 -0.000321658 1 -0.000407462 -0.000243809 0.000223433
1.74066e+09 0.000773173 0.00316465 0.000302568 1 -0.000311689 -7.89838e-05 0.000315284
1.74066e+09 0.000531717 0.00358613 -3.56982e-05 1 -0.000334524 -0.000188025 0.000214439
1.74066e+09 0.000254075 0.00376252 0.000332172 1 -0.00040741 -5.81389e-05 9.77165e-05
1.74066e+09 -0.000192684 0.00429867 -0.000393923 1 -0.00022338 -9.37747e-05 -0.000191325
1.74066e+09 -0.000702075 0.00492626 0.000941425 1 -0.000196908 0.000187728 8.46061e-05
1.74066e+09 -0.000663058 0.00715739 0.000373938 1 -0.000218101 -1.90767e-05 -0.000141494
1.74066e+09 -0.000224857 0.00665261 0.000781966 1 -0.000207494 -5.29048e-05 5.76134e-05
1.74066e+09 0.0010709 0.00754131 0.000870518 1 -0.000109063 -0.000113657 -7.75578e-05
1.74066e+09 0.00129846 0.00594431 0.000979944 1 -0.000218328 -0.000120358 2.60488e-05
1.74066e+09 0.00192554 0.00740035 -0.000113699 1 -0.000364672 -0.000408157 4.86173e-05
1.74066e+09 0.000596649 0.00583685 0.000104487 1 -2.33247e-05 0.000129864 -0.000284475
1.74066e+09 0.000186518 0.00796101 -0.000626332 1 -0.000331175 -0.00018518 0.000362768
1.74066e+09 -0.00245848 0.00569565 0.000282354 1 -0.000122642 -9.58989e-05 4.85474e-05
1.74066e+09 -0.00184454 0.00290382 0.000319792 1 -0.000123471 -0.000108898 -0.000335284
1.74066e+09 0.000334533 0.00388864 -0.000735474 1 -0.000444722 -0.000200052 0.000182677
1.74066e+09 0.001005 0.00344787 -0.000796938 1 -0.000298113 -5.77971e-05 1.87589e-05
1.74066e+09 0.00109942 0.0035921 -0.000621104 1 -0.000647843 -0.00012791 -0.000115718
1.74066e+09 0.000625504 0.00544944 -0.000237313 1 -0.000389112 -0.000268443 2.06539e-05
1.74066e+09 -0.0011376 0.00508559 0.000300855 1 -0.000453975 0.000123501 -7.40527e-05
1.74066e+09 0.000352732 0.00437336 0.000901855 1 -0.000421421 -0.000118049 0.00014296
1.74066e+09 -9.42658e-05 0.00269606 0.000705544 1 -0.000139525 2.35326e-05 -0.000284526
1.74066e+09 0.000406123 0.000846637 0.00043199 1 -0.000229866 -6.40431e-05 0.000123804
1.74066e+09 0.0014869 0.00205605 -0.000486702 1 -0.000374313 -0.000216868 -2.95762e-05
1.74066e+09 0.00109183 0.000554109 0.000642586 1 -0.000454685 -0.000187903 0.000224256
1.74066e+09 -0.000790522 0.00234296 0.00039637 1 -0.000190294 -0.000191766 -0.000198288
1.74066e+09 -0.00160075 0.00402033 0.00169755 1 -9.59156e-05 7.38838e-05 -0.000171738
1.74066e+09 -0.000546223 0.00388537 0.000457893 1 -5.28671e-05 -4.94904e-07 -0.00018463
1.74066e+09 0.000791561 0.00535824 0.000665994 1 -0.000399354 -0.000156213 5.75735e-06
1.74066e+09 0.000723357 0.00543656 -0.000466274 1 -0.000234684 -9.55764e-05 4.74821e-06
1.74066e+09 0.00105108 0.00485772 -0.000964237 1 -0.00019373 -0.000256651 -0.000273613
1.74066e+09 0.00112831 0.00180558 -0.00166134 1 -0.000289237 -0.000165763 0.000107999
1.74066e+09 -0.000800063 0.00064303 3.2655e-05 1 -0.000359451 -9.40528e-05 0.00012518
1.74066e+09 -0.00164821 0.00311602 0.00178177 1 -0.00025265 -1.97973e-05 6.48616e-05
1.74066e+09 -0.000634036 0.00302137 0.000658674 1 -0.000496528 -0.000111864 0.000265267
1.74066e+09 -0.00114021 0.00458951 0.00138534 1 -0.000314327 9.60336e-05 0.000106979
1.74066e+09 5.09211e-05 0.00480347 0.000793024 1 -0.000229177 6.56834e-05 3.21881e-05
1.74066e+09 0.000845816 0.00406054 -0.000512194 1 -0.000247251 -0.000200833 -5.81994e-05
1.74066e+09 0.00123043 0.00401315 -0.00085911 1 -0.000369936 -0.000205233 0.000261609
1.74066e+09 0.000356566 0.00195369 0.000353333 1 -0.000285654 -0.000171175 -0.000103871
1.74066e+09 -0.000135212 0.00293171 -3.40143e-05 1 -0.000395017 -0.000120233 -2.81506e-05
1.74066e+09 -0.000551717 0.00452468 0.000899677 1 -0.000287793 6.18097e-05 3.55957e-05
1.74066e+09 0.000137634 0.00264669 -2.92233e-05 1 -0.00017771 -0.000189173 -0.00020128
1.74066e+09 0.000323709 0.00507619 0.0011563 1 -0.000195017 -2.60496e-07 0.000140827
1.74066e+09 -0.00158511 0.0039274 0.00155551 1 -5.39485e-05 7.23367e-05 -0.000130528
1.74066e+09 -0.00166236 0.00438009 0.000857945 1 -0.000527502 -0.000155418 0.000126975
1.74066e+09 -0.000653385 0.00535851 0.000116656 1 -0.00048376 -8.45467e-05 -0.000201031
1.74066e+09 0.000493645 0.00671475 -0.000657869 1 -0.000380438 -0.000121101 4.1227e-05
1.74066e+09 0.00111537 0.00681132 -0.00093464 1 -0.000301558 -0.000187661 0.000122171
1.74066e+09 0.00111848 0.00605123 -0.0011962 1 -0.000297071 -0.000223679 -0.000140865
1.74066e+09 -0.000702626 0.00738658 -0.000192749 1 -0.000293665 -2.73677e-05 0.000139965
1.74066e+09 -0.000962235 0.00676256 -0.000375608 1 -0.000217351 0.000186875 0.000230473
1.74066e+09 -0.00094272 0.00682184 0.00117921 1 -0.00026337 -5.97992e-05 -4.4359e-05
1.74066e+09 6.17629e-05 0.00345957 0.00143046 1 -0.000326545 -3.04176e-05 2.76226e-05
1.74066e+09 0.000384615 0.00329362 0.000758669 1 -0.000232638 0.000110625 0.000200624
1.74066e+09 0.000830885 0.003108 0.000405512 1 -0.000430483 -3.09137e-05 0.000175449
1.74066e+09 0.00139088 0.00279146 -0.000803795 1 -0.000261828 -0.000166586 5.918e-05
1.74066e+09 0.00134805 0.00121061 0.0006247 1 -0.000267583 -0.000129045 -0.000224028
1.74066e+09 0.00184961 0.000689062 -1.26248e-07 1 -0.00033381 -0.000225853 -1.51444e-05
1.74066e+09 0.000143135 0.00233044 0.000320186 1 -7.35267e-05 0.000132519 -0.000117321
1.74066e+09 0.000814922 0.00409961 4.30998e-05 1 -0.000309102 -9.22865e-05 0.000180709
1.74066e+09 0.000765528 0.00272276 0.000727266 1 -0.000312114 -0.000116882 5.52641e-05
1.74066e+09 0.00140958 0.00471185 -0.000289165 1 -0.000243576 -0.000288194 4.0972e-05
1.74066e+09 0.000711417 0.00542365 -0.000766059 1 -0.000328452 -4.33214e-05 -0.00013507
1.74066e+09 -0.000610868 0.00449669 -0.000379348 1 -0.000481307 -0.000112515 -9.3892e-05
1.74066e+09 -0.00223865 0.00553659 -0.000161862 1 -0.000339367 -0.000265171 3.94929e-06
1.74066e+09 -0.0024152 0.00756364 0.000326869 1 -0.000113833 -3.34306e-05 4.47276e-05
1.74066e+09 -0.000461999 0.00799929 -0.000168981 1 -0.00037713 -1.34267e-05 -5.65105e-06
1.74066e+09 0.00164618 0.00727233 0.000387895 1 -0.000214285 -0.000127691 0.000297056
1.74066e+09 -0.000434408 0.00620882 0.00104661 1 -0.000367887 -0.000179524 7.45837e-05
1.74066e+09 -0.00101511 0.00361226 0.00109795 1 -0.000117839 -3.19661e-06 -0.00011937
1.74066e+09 -0.00257178 0.00488367 0.00101022 1 -0.000420316 2.79828e-05 8.04724e-05
1.74066e+09 -0.00142558 0.00346612 0.000488572 1 -0.000442445 6.5112e-05 0.000108669
1.74066e+09 0.00117678 0.00299052 -0.000777384 1 -0.000302361 -0.000215295 8.32155e-05
1.74066e+09 0.000874709 0.00199019 0.00101206 1 -0.000114513 0.000193478 -0.000167357
1.74066e+09 0.00108741 0.00165938 0.00048394 1 -0.000196791 -0.000102147 -2.60283e-06
1.74066e+09 -0.000684243 0.000381721 0.00184988 1 -0.000378024 -0.000205885 4.89001e-05
1.74066e+09 -0.000686992 0.00144263 0.00070698 1 -0.000187581 -4.11998e-05 -0.000183447
1.74066e+09 -9.15466e-05 0.00228104 0.00124215 1 -0.00034122 -0.000111512 -5.05413e-05
1.74066e+09 -0.000123871 0.00442142 0.000208174 1 -0.000127277 -2.50592e-06 -0.000168768
1.74066e+09 -6.8549e-05 0.00665704 -0.00105112 1 -0.000267912 -0.000131261 0.000187991
1.74066e+09 -0.000510586 0.00704392 -0.00076104 1 -0.000321087 -0.000105361 0.000234132
1.74066e+09 -0.000414582 0.00724054 0.000493564 1 -0.00039547 -0.00028609 -0.000112614
1.74066e+09 -0.000120486 0.00582332 0.000444714 1 -0.000144473 -4.15592e-05 -3.4884e-05
1.74066e+09 0.000364905 0.00665393 -0.00068596 1 -0.000164374 -0.000164347 4.89093e-05
1.74066e+09 0.000121811 0.00309948 0.000183264 1 -0.000207934 -0.000179804 -0.000243347
1.74066e+09 -0.000244848 0.00240597 -0.000267912 1 -0.000381997 -0.000133589 -4.70472e-05
1.74066e+09 -0.000344553 0.00450623 0.000702021 1 -0.000295106 -0.000101152 2.03066e-05
1.74066e+09 0.000390903 0.00601764 0.000603844 1 -0.000414784 -0.000142227 0.000175202
1.74066e+09 0.000198508 0.00560827 0.000993334 1 -0.00028474 -1.85438e-05 6.00777e-05
1.74066e+09 -0.00105866 0.00494969 0.00115276 1 -0.00019524 1.84686e-05 -2.64065e-05
1.74066e+09 -0.00153604 0.00310068 0.00234743 1 -0.000317797 1.85694e-05 -0.000235172
1.74066e+09 -0.00153634 0.00509324 0.00289089 1 -0.000241636 1.23579e-07 -7.89396e-05
1.74066e+09 -0.000735128 0.00496809 0.00241678 1 -0.000245136 1.39396e-05 -3.10558e-05
1.74066e+09 0.000509113 0.0049437 0.000816094 1 -0.000114528 -1.99075e-05 -4.47753e-05
1.74066e+09 0.000283011 0.00510799 0.000355584 1 -8.95854e-05 -0.00012912 0.000298408
1.74066e+09 0.000611957 0.00294361 -0.000116669 1 -0.000256027 -0.000151091 2.78746e-05
1.74066e+09 0.00046743 0.00377112 -0.000795256 1 -0.000358236 -0.000357883 -8.56547e-05
1.74066e+09 0.000823295 0.00377249 -0.000875818 1 -0.000171839 -0.000166362 0.000245233
1.74066e+09 0.00128628 0.0041161 -0.00127954 1 -0.000167315 -0.000111026 0.000114312
1.74066e+09 0.000546205 0.00664568 1.84242e-05 1 -0.000382794 -3.90806e-05 0.000194885
1.74066e+09 3.26474e-05 0.00695151 0.000520683 1 -0.000136072 0.000199579 -0.000191387
1.74066e+09 0.000290621 0.00792727 0.000628795 1 -0.000331079 -3.63045e-05 6.61567e-05
1.74066e+09 0.000916261 0.0064785 0.000669681 1 -0.000224552 5.12919e-05 0.000203298
1.74066e+09 0.00170839 0.0073104 0.000255349 1 -0.000267938 -0.000223675 -6.48746e-05
1.74066e+09 0.0022939 0.00460003 -0.00094699 1 -0.000396501 -0.000217062 0.000143704
1.74066e+09 0.00191383 0.00564299 -0.0014 1 -0.000165838 -0.000202641 0.000125249
1.74066e+09 0.00161728 0.00418789 0.000103202 1 -0.000270158 -6.09424e-05 -0.000162854
1.74066e+09 0.000719339 0.00255797 -0.000325924 1 -0.000146909 5.07075e-06 -7.13323e-05
1.74066e+09 0.000864723 0.000686813 0.00166168 1 -0.000365487 -0.000103661 6.49015e-05
1.74066e+09 0.0018766 0.00258039 0.00160886 1 -0.000400002 -0.000176819 -1.26049e-05
1.74066e+09 0.00174887 0.00365479 0.00192858 1 -0.000378861 -0.000132767 2.71179e-06
1.74066e+09 0.00173024 0.00535186 0.000960112 1 -0.000104476 -0.000273301 -1.67482e-05
1.74066e+09 0.000602291 0.0037453 0.000724535 1 -0.000253864 -8.72234e-05 -0.000118167
1.74066e+09 -0.00119476 0.00474422 -8.91178e-06 1 -0.00018366 -0.000166624 -0.00010232
1.74066e+09 -0.00034885 0.00444532 -0.000935875 1 -0.000203666 -0.000239686 7.11744e-05
1.74066e+09 -3.69661e-05 0.00629486 -0.00106837 1 -0.000305282 -9.03731e-05 -1.50932e-05
1.74066e+09 0.0013302 0.00559436 -0.000798519 1 -0.000349761 -0.000104943 4.18181e-06
1.74066e+09 0.00123697 0.0048754 -0.00137129 1 -0.000413873 -0.00019506 6.16799e-05
1.74066e+09 0.000811131 0.0043281 -0.000889014 1 -0.000251394 -0.000105429 -0.000297486
1.74066e+09 0.00101078 0.00100048 -4.04218e-05 1 -0.000304887 -0.000302816 -1.16324e-05
1.74066e+09 0.00138238 0.00339587 0.000271702 1 -0.00042261 -1.71716e-05 -3.631e-05
1.74066e+09 -0.000706355 0.00475187 0.00242595 1 -0.00028813 1.24517e-05 0.000266356
1.74066e+09 7.0683e-07 0.0068658 0.000914487 1 -0.000258011 -2.16908e-05 -0.00024442
1.74066e+09 0.00116542 0.00972203 0.00164826 1 -0.000330905 1.89012e-05 0.000185062
1.74066e+09 -0.000446453 0.00749228 0.000887199 1 -0.000316058 -7.34468e-05 6.51966e-05
1.74066e+09 0.000472428 0.00574011 0.00174079 1 -0.000305368 -0.000149855 -9.82927e-05
1.74066e+09 0.000917263 0.00253036 0.0008218 1 -0.000220541 -9.69631e-05 -0.000346203
1.74066e+09 0.00191086 0.00244481 0.00111465 1 -0.0002295 -0.000379962 6.95251e-05
1.74066e+09 0.000320059 0.00516115 0.000404268 1 -0.000272466 -0.000194461 0.000100801
1.74066e+09 0.000704565 0.00486973 -0.000127831 1 -0.000391901 -0.000240118 0.000183399
1.74066e+09 0.00124254 0.00392354 -0.000264616 1 -0.000470159 -0.000268415 -0.000240733
1.74066e+09 0.00138641 0.0039305 -0.000253219 1 -0.000348128 -0.000139871 0.000208484
1.74066e+09 0.00124091 0.0034071 0.000195826 1 -0.000450355 -0.000215271 -0.000166912
1.74066e+09 0.00147768 0.00113824 -0.000394074 1 -0.000435051 -9.28032e-05 0.000150077
1.74066e+09 0.000116267 0.00340502 0.000401173 1 -0.000123281 -5.971e-05 9.38171e-06
1.74066e+09 0.000749003 0.0046002 -0.000118674 1 -0.000326687 -0.00020507 0.00010314
1.74066e+09 0.00111001 0.00910549 -0.000957048 1 -0.000461232 -0.00014607 7.79016e-05
1.74066e+09 0.0021055 0.00471973 -0.00139965 1 -0.000371275 -0.000333668 0.00010113
1.74066e+09 0.00148709 0.00470833 -0.000333429 1 -0.000330594 -7.82165e-05 2.21608e-05
1.74066e+09 0.000428202 0.00413764 -0.00036513 1 -0.000394727 -0.000187073 -5.91478e-05
1.74066e+09 0.000389274 0.00678269 0.00126668 1 -0.000346092 -0.000214119 -4.96255e-05
1.74066e+09 0.00103277 0.00678906 0.000857249 1 -0.000188426 -7.65442e-05 0.000117084
1.74066e+09 0.00117152 0.00548757 0.00133163 1 -0.000271086 -0.000136697 0.000120835
1.74066e+09 0.00246208 0.00613396 0.000376233 1 -0.00015859 -0.000111027 0.000103801
1.74066e+09 0.00191928 0.00715338 0.00130743 1 6.85752e-06 -4.80751e-05 -6.60182e-05
1.74066e+09 0.000596171 0.00725395 0.000666966 1 -0.000119651 -0.000203993 -8.12827e-05
1.74066e+09 -0.000136424 0.00588495 0.000506517 1 -0.00027973 -0.000198279 9.28751e-05
1.74066e+09 -0.000271693 0.00549885 0.000680513 1 -0.000264598 -4.62282e-05 -2.11539e-05
1.74066e+09 0.000603711 0.00457382 -0.000600591 1 -0.000334595 -5.93838e-06 6.9313e-05
1.74066e+09 0.00171284 0.00192515 -0.000571973 1 -0.000266938 -4.00433e-05 -9.99333e-05
1.74066e+09 0.0010673 0.00183253 -0.000425211 1 -0.000201432 -4.25599e-05 -0.000119904
1.74066e+09 0.001045 0.00318943 -0.00093105 1 -0.000557518 -0.000220351 -0.000146292
1.74066e+09 0.00174012 0.00378009 -0.00143213 1 -0.00016927 -4.24004e-05 -1.70404e-05
1.74066e+09 0.00150632 0.00596288 -0.00157939 1 -0.000278185 -5.77154e-05 0.0002362
1.74066e+09 0.000956467 0.00546996 -0.000797488 1 -0.000262194 -0.000196676 0.000164273
1.74066e+09 9.75152e-05 0.00461909 -0.000335313 1 -0.00027408 9.74737e-06 -0.000141453
1.74066e+09 0.000592139 0.00522401 0.000438476 1 -0.000264348 6.89777e-06 4.57969e-05
1.74066e+09 0.00170313 0.00488539 0.000170649 1 -0.000412163 -0.000171216 -5.26581e-05
1.74066e+09 0.00112642 0.00272681 0.00161578 1 -0.00011142 0.000194822 -3.83182e-05
1.74066e+09 0.00167321 0.0037754 0.00105983 1 -0.000324521 -0.000149582 0.000144755
1.74066e+09 0.00214279 0.00478643 0.00101427 1 -0.000204468 -6.41515e-05 2.59592e-05
1.74066e+09 0.00238311 0.00503039 -0.000535138 1 -0.000249103 -0.000218237 0.000325836
1.74066e+09 0.0016892 0.00387841 -0.000863189 1 -0.000145941 -7.70046e-05 8.98648e-05
1.74066e+09 0.00106042 0.00367833 -0.00103092 1 -0.000354042 -5.52735e-05 7.87641e-05
1.74066e+09 -0.000884836 0.00387613 0.00025259 1 -0.000210312 -0.0002272 -0.000119061
1.74066e+09 -0.00239101 0.00553271 0.000441001 1 -0.00010303 0.000117547 4.93544e-05
1.74066e+09 -0.00236498 0.0062134 0.000372806 1 -0.000294519 5.29723e-05 -5.33687e-05
1.74066e+09 -0.0012734 0.00450954 0.00170786 1 -0.000324341 -0.000121077 -0.000160603
1.74066e+09 0.00114292 0.00589734 -0.000381116 1 -0.000183827 -1.1647e-05 0.000182003
1.74066e+09 0.00324276 0.00489066 -0.000921228 1 -0.00021647 -0.000132823 0.000226958
1.74066e+09 0.00267948 0.00646162 -0.00135911 1 -0.000307569 -0.000176909 -0.000181268
1.74066e+09 0.00193713 0.00417922 -0.000492514 1 -0.000294519 -0.00023838 -4.36259e-05
1.74066e+09 0.00165402 0.00390414 -0.00114898 1 -0.000338089 -0.000245987 -5.84239e-05
1.74066e+09 -0.00110822 0.00454791 0.00219966 1 -0.000204667 -1.89238e-05 7.74042e-05
1.74066e+09 -0.00106736 0.00362381 0.00164047 1 -0.000174126 -5.55639e-05 0.000224536
1.74066e+09 -0.00152688 0.00204076 0.00322541 1 -0.000161877 9.76408e-05 -0.00019223
1.74066e+09 -0.00104345 0.00264552 0.00211912 1 -0.000251115 -0.000244238 2.83813e-05
1.74066e+09 0.000370289 0.00495303 0.00248048 1 -0.000272935 -9.32711e-05 6.6778e-05
1.74066e+09 -0.000113724 0.00506353 0.000784058 1 -0.000231115 -0.0001349 -2.10823e-05
1.74066e+09 -8.53017e-05 0.00659023 0.000505978 1 -0.00035644 4.00075e-06 0.000341856
1.74066e+09 0.000942635 0.00681367 -0.00075654 1 -0.000256348 -2.67974e-05 -6.7343e-05
1.74066e+09 0.000966706 0.00512696 -0.00061084 1 -0.000287381 -5.09392e-05 -3.04338e-05
1.74066e+09 0.0016778 0.00371384 -0.000866769 1 -0.000268614 -0.000162427 7.47809e-05
1.74066e+09 0.00117172 0.00330877 -0.000844619 1 -0.000368385 -8.9683e-05 1.83354e-05
1.74066e+09 0.000296774 0.00454271 0.00166467 1 -0.000347344 -0.000107889 0.000252066
1.74066e+09 0.00133486 0.00491284 -0.00107298 1 -0.000368914 -0.00021499 -5.9713e-05
1.74066e+09 0.00141561 0.0047244 -0.00116406 1 -0.000368041 -0.000115932 -6.62123e-05
1.74066e+09 0.00214697 0.000534559 -0.00152292 1 -0.000356522 -0.000360678 -1.11196e-05
1.74066e+09 0.00139263 0.00254821 0.000374885 1 -0.000353672 -0.00016668 -0.000152811
1.74066e+09 0.00130748 0.002445 0.000801845 1 -0.000302406 -0.00019073 6.81349e-05
1.74066e+09 0.00138239 0.00235237 0.00194537 1 -0.000334184 -3.78336e-05 -9.95316e-05
1.74066e+09 0.00141987 0.000973697 0.00143202 1 -0.000326724 -0.000193976 0.000167952
1.74066e+09 0.00152644 0.00382922 0.00158381 1 -0.000240803 -0.000123146 -3.01258e-05
1.74066e+09 0.00165411 0.00409047 0.000130496 1 -0.000291171 -0.000172595 -0.00020778
1.74066e+09 0.0018891 0.00470608 0.000155008 1 -0.000269383 -0.000317082 -2.99519e-05
1.74066e+09 0.00178794 0.00314984 -0.000705554 1 -0.000189655 -0.000109874 -3.15035e-05
1.74066e+09 0.00180527 0.00466853 -0.000568964 1 -0.000419425 -0.000354857 0.000186084
1.74066e+09 0.00156108 0.00566825 -0.000610555 1 -0.000287741 -0.000244548 -8.08352e-06
1.74066e+09 0.00118054 0.00591539 -0.00115114 1 -0.000538678 -0.000280347 0.000183434
1.74066e+09 -0.000127773 0.00499965 -7.76769e-05 1 -0.00022111 -5.72897e-05 -0.000116532
1.74066e+09 0.000423665 0.00677851 -1.90289e-05 1 -0.000296813 -0.000261511 8.39763e-05
1.74066e+09 0.00103663 0.00765325 -0.000262554 1 -0.000235076 -6.47071e-05 8.02946e-05
1.74066e+09 0.00114701 0.00387992 -6.64944e-05 1 -0.000175306 -0.000143565 -1.48294e-05
1.74066e+09 0.000865115 0.00550268 0.00017326 1 -0.000131038 -2.42471e-05 0.000244161
1.74066e+09 0.000977772 0.00336246 0.000290703 1 -0.000385964 -0.000115735 1.21307e-05
1.74066e+09 0.000989253 0.00164858 -0.000408656 1 -0.000207399 -0.000112523 -0.000167489
1.74066e+09 0.00172961 0.00170409 -0.000533965 1 -0.000418364 -5.98444e-05 0.000167446
1.74066e+09 0.00220427 0.00228221 -0.000277033 1 -0.000261799 -6.50621e-05 0.000164546
1.74066e+09 0.00169359 0.0026862 0.00094272 1 -0.000229899 -0.000127064 8.40993e-07
1.74066e+09 0.00154709 0.0015882 0.000560195 1 -0.000312604 -5.05734e-05 1.40096e-05
1.74066e+09 0.000886378 0.00213875 0.000524388 1 -0.000134568 8.45157e-05 4.94796e-05
1.74066e+09 0.00189254 0.00533154 -0.00046702 1 -0.000424156 -0.000248565 0.000412779
1.74066e+09 0.000392491 0.00682161 -0.000730929 1 -0.000407047 3.16088e-06 0.000192665
1.74066e+09 -0.000339705 0.00649223 -0.000984423 1 -0.000148445 -9.53828e-06 7.97012e-05
1.74066e+09 -0.00185978 0.00649304 0.000379121 1 -0.000179296 -8.68535e-05 -1.12619e-05
1.74066e+09 -0.000117622 0.00488701 -0.000666345 1 -0.000223778 3.01846e-05 2.21465e-06
1.74066e+09 0.0020337 0.00459784 -0.000633198 1 -0.000266252 -0.000178483 -9.58792e-05
1.74066e+09 0.00244783 0.00404636 -0.000672232 1 -0.000271167 -7.04141e-05 -3.54214e-05
1.74066e+09 0.00146173 0.00436244 -0.00103443 1 -0.000379611 -0.000249512 -0.000152366
1.74066e+09 0.00134012 0.00233172 -0.000342869 1 -0.00034067 -0.000163044 -9.1835e-05
1.74066e+09 0.00127424 0.00341341 -0.00019537 1 -0.000418249 -0.000291209 4.89087e-05
1.74066e+09 -0.00126666 0.00353235 0.00212711 1 -0.00033462 -7.01904e-05 4.25924e-05
1.74066e+09 -0.000521513 0.0037478 0.00117886 1 -0.000329734 -0.00014826 1.91885e-05
1.74066e+09 0.00013585 0.00344954 0.0013606 1 -0.000269841 -6.203e-05 0.000164636
1.74066e+09 0.00114692 0.00595184 0.000410951 1 -0.000236526 -0.000171644 0.000238455
1.74066e+09 -0.000707561 0.00469467 0.00154129 1 -0.000318362 -3.93778e-06 -0.000102781
1.74066e+09 0.00015078 0.0033732 0.0014504 1 -5.98836e-05 -0.000128877 -0.000187749
1.74066e+09 0.001955 -0.000100619 0.0012379 1 -0.000442043 -0.000268762 0.000181411
1.74066e+09 0.000140704 0.00237833 4.07112e-05 1 -0.000243593 -5.30136e-05 -1.00715e-05
1.74066e+09 -0.000439741 0.00447711 0.00140358 1 -0.000483493 -0.000400442 2.21346e-05
1.74066e+09 0.000137202 0.00399119 -0.000570443 1 -0.000208676 4.67026e-05 -0.000132115
1.74066e+09 -6.49045e-05 0.00472894 -0.000763299 1 -0.000276193 9.74765e-06 -8.79421e-05
1.74066e+09 0.000592939 0.00437413 -5.00113e-05 1 -0.000248937 -4.10054e-05 9.82494e-05
1.74066e+09 0.000104554 0.00460515 0.000386292 1 -0.00041665 -4.18013e-05 0.000151798
1.74066e+09 -0.000469142 0.00565584 0.00161177 1 3.85314e-06 -2.83206e-05 -6.66457e-05
1.74066e+09 0.00088211 0.00619954 -0.000522244 1 -0.000185078 -9.94799e-05 3.48051e-05
1.74066e+09 0.00155989 0.00840257 -0.00116381 1 -0.000495518 -0.000278035 0.00019441
1.74066e+09 0.00209246 0.00709113 -0.00259235 1 -0.000455168 -0.000439941 1.97633e-05
1.74066e+09 0.000740153 0.00753788 -0.000509995 1 -0.000304772 -0.000154961 3.82302e-05
1.74066e+09 0.000670821 0.00485223 -0.000937276 1 -0.000240525 -3.45921e-05 -0.000100052
1.74066e+09 -0.000150281 0.00619975 0.000820638 1 -0.000169666 -4.44209e-05 6.76192e-05
1.74066e+09 0.00122312 0.00477645 0.000200903 1 -0.000238851 -0.000106079 1.57612e-05
1.74066e+09 0.00159748 0.00527673 0.000779713 1 -0.000169933 3.09968e-05 0.000142536
1.74066e+09 0.000691121 0.00202817 0.000669674 1 0.000184425 2.73223e-05 -0.000394739
1.74066e+09 0.00102224 0.0028925 0.00157014 1 -0.000306752 -0.000185014 8.36615e-05
1.74066e+09 0.00147229 0.00035235 0.00041876 1 -0.00036195 -0.000221838 0.000162785
1.74066e+09 0.000870237 0.00232954 0.000185557 1 -0.000280801 -0.000122559 -0.000183361
1.74066e+09 0.000889787 0.00243399 0.000108486 1 -8.26865e-05 -0.000145909 -0.00012429
1.74066e+09 0.00138432 0.00328001 -0.000694172 1 -0.000330988 -0.000226431 0.000178328
1.74066e+09 0.000629665 0.00468281 -0.0010736 1 -0.000364577 -0.000170392 -7.11419e-05
1.74066e+09 0.000963764 0.00561281 -0.00119467 1 -0.000165101 -0.000276517 -0.000510282
1.74066e+09 0.00150437 0.00650217 -0.000553373 1 -0.000133997 -5.24341e-05 0.000162246
1.74066e+09 0.000579706 0.00585552 -0.000636402 1 -0.000343821 -3.47876e-05 0.000185119
1.74066e+09 0.00117437 0.00384292 -8.40384e-05 1 -0.000235028 -0.000124488 8.87746e-05
1.74066e+09 0.0014932 0.00518776 -8.09621e-05 1 -0.000303219 -0.000137473 0.000240893
1.74066e+09 0.000815197 0.00143486 -0.000350445 1 -0.000289224 -4.41656e-05 -4.35674e-05
1.74066e+09 0.00151527 0.00155615 -0.000276595 1 -0.000348844 -0.00023511 -1.09651e-06
1.74066e+09 0.00116753 0.00179433 -0.000828958 1 -0.000214978 -0.000133747 0.000142827
1.74066e+09 0.000955971 0.00202531 0.000309209 1 -0.000288373 -0.000102921 0.000129779
1.74066e+09 0.000437462 0.0033576 0.000528569 1 -0.000382887 -7.81121e-05 -0.000117308
1.74066e+09 0.000841192 0.00124056 0.00118355 1 -0.000109346 4.36085e-05 0.000102995
1.74066e+09 0.00227003 0.00218081 0.000781145 1 -0.000291441 -0.000348658 -0.000127543
1.74066e+09 0.00129682 0.00450728 0.000669662 1 -0.000183304 -0.000166498 0.000116985
1.74066e+09 0.00179631 0.00601926 2.30301e-06 1 -0.000170367 -0.000209553 7.43589e-05
1.74066e+09 -0.000159362 0.00382009 -0.000188963 1 -0.000146546 -0.000133389 0.000102278
1.74066e+09 -0.00239872 0.0049152 -0.000529647 1 -0.000244833 0.000192954 0.000310434
1.74066e+09 -8.13064e-05 0.00778522 -0.00107922 1 -0.000335302 -8.86581e-05 0.000144312
1.74066e+09 0.00232972 0.00576943 -0.00133861 1 -0.000162798 -0.000348679 3.03522e-05
1.74066e+09 0.00035494 0.00700109 -0.00112769 1 -0.000374017 -0.000152708 0.000263184
1.74066e+09 0.00123525 0.00361634 -0.000490216 1 -0.000282602 -0.000200712 6.89698e-05
1.74066e+09 -0.000444839 0.00369319 0.000337062 1 -0.000229204 -0.000224998 0.000134015
1.74066e+09 -0.00148755 0.00319823 0.00172045 1 -0.000176045 -4.80063e-05 0.000157312
1.74066e+09 -0.00157341 0.00354639 0.00166993 1 -0.00030679 -0.000192646 4.98243e-05
1.74066e+09 0.000537234 0.00336423 0.0014268 1 -0.000288827 0.000125438 4.34652e-05
1.74066e+09 0.00211237 0.00327154 -0.000900842 1 -0.000353671 -0.000229514 0.000124315
1.74066e+09 0.000524933 0.00353327 0.00137735 1 -0.000187492 3.7521e-05 -5.30454e-05
1.74066e+09 0.000810584 0.00309223 0.000160656 1 -0.000381625 -9.04022e-05 4.6623e-07
1.74066e+09 -0.000448235 0.00340578 0.00220368 1 -0.000381614 -7.20205e-05 -3.11051e-06
1.74066e+09 0.00157854 0.00129325 0.000608569 1 -0.000220753 -0.000328675 7.77562e-05
1.74066e+09 0.00156158 0.00421859 0.00105498 1 -0.000281639 -0.000224497 0.000152105
1.74066e+09 9.33281e-05 0.00465836 0.000385534 1 -0.000111318 -0.000106211 2.61725e-05
1.74066e+09 3.23655e-05 0.0067534 0.000446584 1 -0.000207934 -0.000193548 0.000103658
1.74066e+09 0.000551443 0.00694882 0.000644356 1 -0.000189799 -2.3049e-05 -0.000159449
1.74066e+09 0.00103126 0.00661963 -0.000547341 1 -0.000123818 -9.257e-05 -0.000284292
1.74066e+09 0.0015689 0.00858016 0.000100956 1 -7.37087e-05 -0.000143973 3.87909e-05
1.74066e+09 0.00090418 0.00850224 -0.000615096 1 -0.000263307 -4.26789e-06 2.14939e-05
1.74066e+09 0.000833185 0.00920095 -0.000173583 1 -0.000350088 -0.000160873 1.56868e-05
1.74066e+09 -0.000656089 0.00723046 7.19521e-05 1 -4.77047e-05 0.000124875 3.55014e-05
1.74066e+09 0.000735285 0.00675467 0.000169913 1 -0.000310869 -6.26095e-05 -4.37689e-06
1.74066e+09 0.0018596 0.00571932 -0.000530681 1 -0.000418227 -0.000388913 6.92151e-05
1.74066e+09 0.00195078 0.00158436 0.000266839 1 -0.00043249 -0.00025829 -1.75604e-05
1.74066e+09 0.00239416 -0.000944806 0.000134345 1 -0.000382188 -0.000219577 -0.000170213
1.74066e+09 0.00154175 -0.000354224 -0.000132155 1 -0.000338227 2.3917e-05 -0.000161334
1.74066e+09 0.00194647 0.000425871 -0.000373939 1 -0.00020952 -2.44977e-05 8.95305e-05
1.74066e+09 0.00118956 0.00311021 0.00142523 1 -0.000289855 -7.79771e-05 7.4301e-05
1.74066e+09 0.000803983 0.00387555 0.00131424 1 -0.000123717 -2.23357e-05 -2.30842e-05
1.74066e+09 0.00106543 0.00647489 0.000566004 1 -0.000422169 -0.000179304 0.000185966
1.74066e+09 0.00109413 0.0059655 0.000248751 1 -8.18549e-05 0.000132504 0.000324078
1.74066e+09 0.000383356 0.00666796 -0.000541884 1 -0.000244532 -9.2561e-05 2.37491e-05
1.74066e+09 -0.000719061 0.00638121 8.64525e-05 1 -8.15947e-05 7.01526e-05 -5.15882e-05
1.74066e+09 -0.000185465 0.004688 -0.0001603 1 -0.000466468 -6.91091e-05 -1.66356e-05
1.74066e+09 -0.000119951 0.00410716 -0.00118578 1 -0.000216125 2.73173e-05 0.000132608
1.74066e+09 0.000863542 0.0037348 -0.00134061 1 -0.000347219 -0.000152001 -0.000161645
1.74066e+09 0.00052866 0.00347812 -0.00202199 1 -0.00024897 3.59819e-05 8.4036e-05
1.74066e+09 0.000456738 0.00420688 2.2915e-05 1 -0.000475701 -0.000166775 2.91448e-05
1.74066e+09 0.000282436 0.00462887 0.000868819 1 -0.000238939 -3.9872e-05 3.93478e-05
1.74066e+09 0.00072362 0.00271657 0.00143975 1 -0.00027339 -0.000170892 0.000174529
1.74066e+09 0.00156178 0.00285588 0.00088569 1 -0.000338682 -6.12791e-05 -2.40736e-05
1.74066e+09 0.000717071 0.00507507 0.00152254 1 -0.000265508 -3.16517e-05 0.000203905
1.74066e+09 -0.000126429 0.00419652 -0.000255979 1 -0.000472838 -0.000161854 8.05697e-05
1.74066e+09 2.1125e-05 0.000954615 0.00066603 1 -0.000215132 -2.35886e-05 0.000130695
1.74066e+09 0.000912235 0.00397996 0.00139619 1 -0.000379044 -0.000328804 9.42753e-05
1.74066e+09 0.00117799 0.000994202 0.00107009 1 -0.000154157 -0.000177103 -5.20527e-05
1.74066e+09 5.9355e-05 0.00567009 -4.37153e-05 1 -0.000276823 -4.84056e-05 0.000193536
1.74066e+09 -0.00211442 0.00429571 0.000797955 1 -0.0003425 -0.000134562 -6.81771e-05
1.74066e+09 -0.00138701 0.00366679 -0.000431537 1 -0.000334014 -2.38022e-05 1.39098e-05
1.74066e+09 0.000251229 0.00593417 -0.00137254 1 -0.000260732 -0.000271452 9.82206e-06
1.74066e+09 0.0012131 0.00492245 -0.00154699 1 -0.000247297 -0.000141173 0.000179445
1.74066e+09 0.000648894 0.00662697 -0.00112249 1 -0.000423636 -0.000199396 0.000154084
1.74066e+09 0.00110591 0.00239714 -0.000400751 1 -0.000177818 -0.000230949 -0.000119439
1.74066e+09 -0.000140038 0.000234945 0.000680753 1 -0.000171914 -1.1376e-05 -6.18427e-05
1.74066e+09 -0.00131172 0.000703614 0.00250297 1 -7.08015e-05 -3.22347e-05 -1.32389e-05
1.74066e+09 -0.00260458 0.00114561 0.00281272 1 -0.000326603 -3.97053e-05 6.17685e-08
1.74066e+09 -0.000530994 0.000763811 0.00143464 1 -0.0003781 -9.44991e-06 7.10502e-05
1.74066e+09 0.000819133 -0.000147058 -0.000304079 1 -0.000244017 -0.000102032 0.000125529
1.74066e+09 -0.000348747 0.00367976 0.00272343 1 -0.000326239 0.000104571 0.00039564
1.74066e+09 0.000759678 0.00318758 0.00124964 1 -0.000333747 -0.000182585 -1.32907e-05
1.74066e+09 0.000938761 0.00474654 0.00232031 1 -0.00013668 6.96428e-05 -5.26225e-05
1.74066e+09 -2.1356e-05 0.0038774 0.00148632 1 -9.98582e-05 -3.02865e-05 1.60369e-06
1.74066e+09 0.000775642 0.00619576 0.000770415 1 -0.00028208 -0.000360877 0.000299132
1.74066e+09 0.00079037 0.0082718 -0.000275781 1 -0.00033799 -0.000229852 -5.03146e-06
1.74066e+09 0.000200567 0.00852197 8.31062e-05 1 -0.000359845 -0.000335522 -3.60432e-05
1.74066e+09 -0.00157287 0.00673213 0.000666476 1 -0.000350715 -0.000107707 0.000117576
1.74066e+09 -0.00145946 0.0045598 0.00114262 1 -0.000365792 -0.000107176 -4.28665e-05
1.74066e+09 -0.00128892 0.00646959 0.00221956 1 -0.000279613 -0.000137397 0.000252039
1.74066e+09 -0.00109302 0.00590375 0.00169308 1 -0.000300622 3.71753e-05 -5.36058e-05
1.74066e+09 -3.10594e-07 0.00618331 0.000835873 1 -0.000471202 -0.000209231 0.000129305
1.74066e+09 0.000290881 0.00862702 -0.00111232 1 -0.000259426 -7.91217e-05 3.55068e-05
1.74066e+09 -0.000668847 0.00794784 0.000143485 1 -0.000274598 -8.83725e-05 -1.14828e-05
1.74066e+09 -0.000203075 0.00552359 -0.000177371 1 -0.000322183 -0.000188174 0.000187742
1.74066e+09 0.000272997 0.00400035 0.00086605 1 -0.000237333 2.02032e-05 -0.000135902
1.74066e+09 0.000491519 -0.000706268 0.00105563 1 -0.000356687 -0.000195467 5.58603e-05
1.74066e+09 0.000999761 -0.000262155 0.00102729 1 -5.48152e-05 -0.000115402 -1.8398e-05
1.74066e+09 0.000281192 0.000399617 0.000982785 1 -0.000174024 3.40554e-05 3.28005e-06
1.74066e+09 -0.000335086 0.0035959 0.00253508 1 -0.000188541 1.49419e-06 -4.16697e-05
1.74066e+09 -0.000661473 0.00469627 0.00132767 1 3.57172e-05 -0.000130499 4.15668e-05
1.74066e+09 0.00068963 0.00520482 0.000401239 1 -0.000153203 -0.000212878 0.000161744
1.74066e+09 0.000952589 0.00201572 -0.000144606 1 -0.000115748 -0.000194458 -4.45574e-05
1.74066e+09 0.00131487 0.00266964 -0.000528129 1 -0.000210466 -9.47687e-05 0.00014317
1.74066e+09 0.000432649 0.00123009 0.000312122 1 -0.000274433 4.10606e-05 -0.000197625
1.74066e+09 3.22505e-05 0.00505696 0.000436941 1 -0.000289842 -9.7593e-05 5.90977e-05
1.74066e+09 -0.000323346 0.00644782 0.000438695 1 -0.00018769 -0.00013134 -4.02956e-05
1.74066e+09 -0.000310634 0.00639571 3.93227e-05 1 -0.000362273 3.79966e-05 0.000120887
1.74066e+09 0.000147979 0.00313457 -0.00174195 1 -0.000261804 -0.000133483 -9.44045e-05
1.74066e+09 -0.000614979 0.00316016 -0.000535845 1 -9.80039e-05 6.92374e-05 -2.07649e-05
1.74066e+09 -0.000303873 0.0035411 -0.000469357 1 -0.000232264 1.98371e-05 8.49854e-05
1.74066e+09 0.000333592 0.00244995 0.000359992 1 -0.000312314 -5.76029e-05 8.83517e-05
1.74066e+09 0.000928358 0.00197535 0.000389168 1 -0.000145107 -8.7762e-05 -6.15396e-05
1.74066e+09 0.00104434 0.00205069 0.000536368 1 -0.000253572 3.97236e-06 6.42888e-05
1.74066e+09 0.0011492 0.00403235 -0.000147163 1 -0.000112421 -1.08924e-05 0.00018249
1.74066e+09 0.000547796 0.00554963 0.000778164 1 -0.000242487 7.51191e-05 0.000111824
1.74066e+09 0.000868368 0.00772976 0.00125002 1 -0.000276053 -0.000174844 -2.21396e-05
1.74066e+09 -0.000176113 0.0114639 0.000830818 1 -0.000171584 0.000215835 0.000279445
1.74066e+09 0.000679334 0.010582 -0.000448626 1 -0.000261023 -0.000134216 1.77856e-05
1.74066e+09 -0.000450606 0.00863535 0.000603435 1 -0.000308242 -0.000318061 -5.49889e-05
1.74066e+09 -3.85022e-05 0.00618661 0.000477115 1 -0.000294707 -8.86738e-05 0.000104712
1.74066e+09 0.0002794 0.00393356 0.000456924 1 -0.000210262 -0.000263987 -3.84509e-05
1.74066e+09 0.00091819 0.00444553 -0.000405855 1 -0.000164124 -0.000262089 7.35747e-05
1.74066e+09 0.000991876 0.00553863 -0.00101982 1 -0.000166772 -0.00017599 -0.000158607
1.74066e+09 0.000450206 0.00407815 0.000122161 1 -0.000244277 -1.35613e-05 7.12913e-05
1.74066e+09 0.000273375 0.00212906 -0.000128189 1 -0.000205005 -0.000147949 -5.18802e-05
1.74066e+09 -0.000399437 0.0060406 0.000555486 1 -0.000359421 -7.41736e-05 0.000309466
1.74066e+09 -0.00226621 0.00568751 0.00115563 1 -0.000292068 -0.000118795 -7.66637e-05
1.74066e+09 -0.00117431 0.00491488 0.00113762 1 -0.000300898 -5.42213e-05 -1.98989e-05
1.74066e+09 0.000436649 0.00254352 -0.000222543 1 -0.000426606 -0.000229074 -6.43545e-05
1.74066e+09 0.00117491 0.00215384 0.000103308 1 -0.000344772 -6.20032e-06 -0.000154511
1.74066e+09 0.00140478 0.00142013 -0.000196886 1 -0.000135953 -9.47161e-05 3.43717e-05
1.74066e+09 0.000498252 0.000948215 0.00107615 1 -0.000230556 1.84662e-05 -1.79236e-05
1.74066e+09 -0.000870447 0.00424253 0.000898456 1 -0.000291248 -0.000204291 0.000417037
1.74066e+09 -0.00209171 0.00598573 0.00221267 1 -0.000223422 -5.36886e-05 0.000150619
1.74066e+09 -0.000861872 0.00638907 0.000571686 1 -0.000256735 -0.000115756 6.61647e-05
1.74066e+09 -0.00044772 0.00595427 0.000964327 1 -0.00034607 5.20097e-06 0.000149918
1.74066e+09 -0.00156508 0.00579696 0.00210344 1 -0.000131525 0.000119054 -0.000120692
1.74066e+09 -0.000418308 0.00544822 0.000680486 1 -0.00031393 -0.000378565 6.7328e-05
1.74066e+09 -0.00106449 0.0045452 0.00013272 1 -0.000176937 -0.000133822 1.77101e-05
1.74066e+09 -0.00194472 0.00538927 0.000737223 1 -3.58646e-05 0.000247686 -9.88444e-06
1.74066e+09 -0.000679618 0.00631046 0.000291084 1 -0.000296329 -5.0982e-05 0.00014866
1.74066e+09 -4.27975e-05 0.00557523 -0.000932247 1 -0.000230518 -5.8198e-05 9.36558e-05
1.74066e+09 -2.16014e-05 0.00466562 -0.000906143 1 -0.000121196 5.37127e-05 -0.000142843
1.74066e+09 0.00124312 0.00157666 -0.0008557 1 -0.000174386 -0.000197008 -2.27487e-07
1.74066e+09 0.00113341 0.00321588 0.000799885 1 -0.00035811 -0.000167979 0.000118291
1.74066e+09 0.000378551 0.00295203 0.000886393 1 -0.000316642 -6.62335e-05 -8.40637e-05
1.74066e+09 0.000601561 0.00378098 0.000129305 1 -6.51729e-05 -0.000121347 4.87861e-05
1.74066e+09 0.000302872 0.00472333 -0.000216126 1 -0.000225512 6.11117e-05 1.19748e-06
1.74066e+09 -0.000135419 0.00539171 0.00104351 1 -0.000344367 1.82097e-05 0.000185656
1.74066e+09 0.000298809 0.00416293 0.00109748 1 -0.000230976 -0.000180857 5.59422e-05
1.74066e+09 0.000371597 0.00595602 0.00148335 1 -0.000325558 -0.00023791 0.000141502
1.74066e+09 0.000314945 0.00632766 0.00112017 1 -0.000206008 2.49156e-05 -9.9748e-06
1.74066e+09 0.00101796 0.00586962 0.000117064 1 -2.00104e-05 -0.000259753 -4.98074e-05
1.74066e+09 0.00080074 0.00470094 0.000238793 1 -0.000197605 -0.000129831 -0.000115751
1.74066e+09 -0.000150556 0.00437637 -0.000237665 1 -0.000258368 -0.000177152 -0.000213006
1.74066e+09 -0.000784609 0.00134167 -0.00154228 1 -0.000198389 -0.000216488 -0.000278637
1.74066e+09 -0.00114648 0.00426151 -0.00118856 1 -0.00031828 -2.91308e-05 -1.40575e-05
1.74066e+09 -0.000280341 0.00539183 -0.0010107 1 -0.000225875 -8.10905e-05 -7.97424e-05
1.74066e+09 -0.000544006 0.00586086 -0.000454182 1 -0.000351352 -0.000155401 -0.00013052
1.74066e+09 -0.000216727 0.00735422 5.95963e-05 1 -0.000288958 -4.89307e-05 -0.000133165
1.74066e+09 0.00016912 0.0070586 0.000671612 1 -0.000295061 -0.000163744 0.000111326
1.74066e+09 0.000717786 0.00575361 0.000368275 1 -0.000298634 -8.34665e-05 9.26893e-05
1.74066e+09 0.00193462 0.00467557 0.00129215 1 -0.000256527 -0.000187237 6.95349e-06
1.74066e+09 0.0012998 0.00418203 0.00149982 1 -0.000279671 3.72946e-05 0.000103386
1.74066e+09 0.000837233 0.00485755 0.0012963 1 -0.000154436 2.38666e-05 1.64381e-05
1.74066e+09 0.00129078 0.00491944 0.000412782 1 -0.000300385 -0.00018628 -4.65025e-05
1.74066e+09 -0.00111169 0.00239621 0.00121328 1 -5.30687e-05 2.03887e-05 -4.44765e-05
1.74066e+09 -0.00043215 0.00223058 -0.000296343 1 -0.00016176 -0.000105115 4.59751e-05
1.74066e+09 -0.00135991 0.00273958 0.000636913 1 -0.000271488 -0.000135394 0.0001792
1.74066e+09 4.63429e-05 0.00494653 -9.55311e-05 1 -0.000314313 -0.000114797 -2.20297e-05
1.74066e+09 -0.000426971 0.00453795 0.000858676 1 -0.000108457 -0.000198655 2.85412e-05
1.74066e+09 8.86764e-05 0.00645656 0.000432851 1 -0.000318924 -0.00023547 -9.64745e-05
1.74066e+09 0.000396461 0.00843382 7.45012e-05 1 3.18869e-05 -0.000101613 -3.79994e-05
1.74066e+09 -0.000518017 0.0073316 0.000858551 1 -0.000120564 -0.000359266 -0.000162308
1.74066e+09 0.000486149 0.00644953 -9.52432e-06 1 -0.000230001 -0.000175092 0.000163026
1.74066e+09 -0.00110109 0.00660132 0.000405246 1 -0.000367253 -9.50321e-05 8.25911e-05
1.74066e+09 -0.00148621 0.00373218 0.000446388 1 -0.000180098 9.40038e-06 -4.07383e-05
1.74066e+09 4.25322e-05 0.00402553 0.00109665 1 -8.86491e-05 -1.5208e-05 -5.00847e-06
1.74066e+09 0.0016168 0.00250142 0.000873686 1 -0.000269827 -0.000266247 -2.93337e-05
1.74066e+09 0.000735695 0.000688007 0.00198287 1 -0.000133153 -3.50508e-05 -0.000136309
1.74066e+09 0.00164035 0.00209669 0.000683369 1 -0.000404815 -0.000127153 9.96595e-05
1.74066e+09 0.000618646 0.00153609 0.00218619 1 -0.000285962 -4.72391e-05 -0.000231062
1.74066e+09 -0.000470882 0.00310839 0.000148046 1 -3.99014e-05 2.14899e-05 -0.000116601
1.74066e+09 -0.00121313 0.00677015 0.00115213 1 -0.000216081 -6.18458e-05 0.000308607
1.74066e+09 -0.00197954 0.00712727 0.000273319 1 -0.000212254 -5.84209e-05 -2.7517e-05
1.74066e+09 -0.00214057 0.00782698 0.00152954 1 -0.000324991 -0.000106094 6.31631e-05
1.74066e+09 -0.00142032 0.0064611 0.000916306 1 -0.000319425 -3.62092e-05 8.83242e-05
1.74066e+09 0.000639479 0.00676819 -0.000388729 1 -0.000364962 -9.49067e-05 -8.61367e-07
1.74066e+09 0.000830364 0.00386481 -0.00109533 1 -0.000213348 -0.000259537 -0.000195091
1.74066e+09 0.00034179 0.00256933 -0.00124492 1 -0.000289508 -8.30233e-05 -0.000124703
1.74066e+09 0.00100942 0.00601796 -0.00125775 1 -0.000294746 -0.000228467 9.30238e-05
1.74066e+09 0.000180539 0.00610916 -0.00185009 1 -0.000361981 -0.000131793 6.92073e-05
1.74066e+09 -0.000231236 0.00673096 0.00035613 1 -0.000158158 8.65176e-06 -3.62404e-05
1.74066e+09 -0.00033373 0.00463333 0.000381484 1 -0.000285088 -5.29711e-05 7.15294e-05
1.74066e+09 -0.000633272 0.00306383 0.00119126 1 -0.000243914 -4.24863e-05 -0.000119053
1.74066e+09 0.000591378 0.00319979 0.000933278 1 -0.000589108 -0.000335897 9.59467e-05
1.74066e+09 0.000529733 0.00609824 0.00168282 1 -0.000177923 1.66788e-05 8.28679e-05
1.74066e+09 0.000150296 0.00590292 0.00195931 1 -5.62553e-05 4.58907e-05 5.6197e-05
1.74066e+09 -0.000261878 0.0045672 0.00176619 1 -0.000342515 -7.79553e-05 6.83252e-05
1.74066e+09 0.000498849 0.00265154 0.000755945 1 -0.000136456 -0.000223298 7.158e-05
1.74066e+09 -0.000550862 0.00599495 0.000570057 1 -0.000300963 6.34707e-05 0.000216486
1.74066e+09 -4.38392e-05 0.00448659 9.83821e-05 1 -0.00038229 -0.000217265 3.1192e-06
1.74066e+09 0.00028475 0.00499915 -0.00115353 1 -0.000333804 -0.000331344 -0.000169239
1.74066e+09 -0.000327136 0.00598738 -0.000394353 1 -0.000185772 -6.39971e-05 -0.00026535
1.74066e+09 0.000194661 0.0072167 -0.000451134 1 -0.000239366 -8.9021e-05 5.70664e-05
1.74066e+09 0.000355267 0.00508904 -0.00140037 1 -7.2193e-05 -0.000100085 8.92601e-05
1.74066e+09 0.000697391 0.00394028 -0.000320876 1 -0.000300682 -9.26928e-05 -5.50269e-06
1.74066e+09 -0.000299499 0.0038966 -0.000500985 1 -0.00028698 -0.000126793 9.89007e-06
1.74066e+09 -0.000817326 0.0035098 -0.00057631 1 -0.000333788 -0.000136276 -9.55924e-05
1.74066e+09 -0.000112759 0.00566006 -0.000149419 1 -0.000368657 -0.000103333 -0.000176667
1.74066e+09 0.000464454 0.00507285 0.00115015 1 -0.000381668 -0.000212371 0.000214906
1.74066e+09 0.000538869 0.00430818 0.000431381 1 -0.000360204 -2.75074e-06 -0.000186686
1.74066e+09 0.000329254 0.00321394 0.000639145 1 -0.000152997 -2.46847e-05 2.51487e-05
1.74066e+09 0.000212165 0.00418995 0.00121958 1 -0.000293102 -7.51577e-05 -4.44141e-05
1.74066e+09 0.000225938 0.00334131 0.000451098 1 -0.000347238 -1.08728e-05 0.000114938
1.74066e+09 0.000780527 0.00636871 0.000413127 1 -0.000255389 -9.457e-05 5.88626e-05
1.74066e+09 -0.00128442 0.00364217 0.00167462 1 -0.000175897 3.8242e-05 -9.05623e-05
1.74066e+09 -0.00128884 0.00619968 0.000303824 1 -0.000264711 -4.69286e-05 0.000171663
1.74066e+09 -0.000579985 0.00606975 0.000377489 1 -0.000410001 -0.000240894 0.000102251
1.74066e+09 -0.000396036 0.00605738 -0.000541619 1 -0.000228617 -0.000256976 -0.000156076
1.74066e+09 -0.000660849 0.00600491 0.000654324 1 -0.000194087 4.72274e-05 7.97343e-05
1.74066e+09 4.54611e-07 0.00348227 0.000998587 1 -0.000392399 -0.000229708 7.89607e-05
1.74066e+09 -0.00167577 0.00417052 0.00160357 1 -0.000166184 0.000112026 0.000221537
1.74066e+09 -0.000889067 0.00479389 0.00142434 1 -0.000105536 -5.46795e-05 9.35395e-05
1.74066e+09 0.00043094 0.00521678 0.000261516 1 -0.000428256 -0.000116231 0.000270471
1.74066e+09 0.00117549 0.0067079 -0.000420079 1 -0.000325289 -9.99552e-05 7.19187e-05
1.74066e+09 0.000231912 0.00469378 -0.000639299 1 -0.000340668 -7.77254e-05 3.43493e-05
1.74066e+09 0.000108233 0.00304948 0.00053335 1 -0.000241904 0.000107888 9.47908e-05
1.74066e+09 0.000986967 0.00251833 0.000362099 1 -0.00036961 -9.56297e-05 0.000147216
1.74066e+09 -0.000525918 0.00476298 0.0015951 1 -0.000319237 -2.31049e-05 -6.93322e-05
1.74066e+09 0.000134189 0.00549893 0.00116081 1 -0.000389754 -0.000125978 -9.51089e-05
1.74066e+09 0.000606618 0.00345698 0.000875424 1 -0.000451137 3.09045e-05 0.000444119
1.74066e+09 -0.000998416 0.00179414 0.00161085 1 -5.4838e-05 4.29178e-05 -0.000120902
1.74066e+09 -0.00164079 0.00287886 0.00282403 1 -0.00025134 -0.000103172 -2.32278e-05
1.74066e+09 -0.00059793 0.00223969 0.00127988 1 -0.000227175 -9.21665e-05 -0.000208259
1.74066e+09 -6.9407e-05 0.00428013 0.00104273 1 -0.000400744 -0.000211184 -0.000139883
1.74066e+09 -0.000957558 0.00493628 0.00128623 1 -0.000147532 -3.63708e-05 -0.000266454
1.74066e+09 -0.00123075 0.00553876 -0.000241478 1 -0.000243611 -0.000157013 -0.000149685
1.74066e+09 -0.00100474 0.00735366 -0.00060727 1 -8.56383e-05 -0.000245904 1.45986e-05
1.74066e+09 -0.000437872 0.00906005 -0.00115628 1 -0.000123379 -9.16019e-05 -0.000173862
1.74066e+09 0.000955145 0.0103872 -0.000705144 1 -9.28651e-05 -7.81356e-05 6.23921e-05
1.74066e+09 0.00143509 0.00938689 -0.000607263 1 -0.000194067 -2.53767e-05 6.67683e-05
1.74066e+09 0.000515286 0.0068517 -0.000577348 1 -0.000252888 -2.68104e-05 -5.17904e-06
1.74066e+09 0.000446699 0.0047792 -0.000666913 1 -0.000303119 -0.000271952 0.000281799
1.74066e+09 -0.000530931 0.00526264 0.000998011 1 -0.000457818 -2.1867e-05 6.8454e-05
1.74066e+09 0.000378862 0.00304157 0.00159919 1 -0.000349862 -0.000124849 -2.33235e-05
1.74066e+09 -0.000153506 0.00374331 0.00241554 1 -0.000286201 3.51712e-05 0.000266392
1.74066e+09 -0.000789066 0.00522559 0.00187629 1 -0.000476156 -0.000182001 0.000186613
1.74066e+09 0.000320865 0.00423713 0.00108296 1 -0.000148128 -3.48382e-05 -0.000130209
1.74066e+09 0.000777621 0.00349687 0.00115428 1 -4.95148e-05 -3.28661e-05 -5.00568e-05
1.74066e+09 0.000987374 0.00470921 -0.000234674 1 -0.000454982 -0.000124691 7.22426e-05
1.74066e+09 0.000353858 0.00545667 -0.00130268 1 -0.000372551 -0.000120438 -1.98477e-05
1.74066e+09 8.21749e-05 0.00647535 -0.00154534 1 -0.000155209 -0.000297203 8.10404e-05
1.74066e+09 0.000233637 0.00676981 -0.000743134 1 -0.000170545 -6.79115e-05 -8.59158e-05
1.74066e+09 0.000564108 0.00788947 -0.000459952 1 -0.000206071 -0.000132841 0.000130759
1.74066e+09 0.00197085 0.00663427 -0.00120583 1 -0.000267274 -0.000192068 -0.000103896
1.74066e+09 0.00263834 0.00553714 -0.000881912 1 -0.000443442 -0.00028344 0.00015057
1.74066e+09 0.00218089 0.00508115 -0.000539384 1 -0.000171004 -0.000107498 0.000207724
1.74066e+09 0.00188545 0.00378394 0.000268637 1 -0.000388515 -0.00013122 0.000222246
1.74066e+09 0.00124813 0.00183211 -0.000502727 1 -1.40267e-05 -5.53933e-05 -0.000136823
1.74066e+09 0.00018873 0.00170958 -4.77501e-05 1 -0.000178848 3.78164e-05 -6.55257e-06
1.74066e+09 0.000265618 0.00409508 -6.04433e-05 1 -0.00049144 -3.92066e-05 -0.000125835
1.74066e+09 -1.14985e-05 0.00383494 -0.000238509 1 -0.000324335 3.35493e-05 0.000108337
1.74066e+09 0.00168892 0.00291407 -0.00046816 1 -0.000275449 -9.76715e-05 3.09279e-05
1.74066e+09 0.00255558 0.00161168 0.000157547 1 -0.000316067 -6.57392e-05 0.000171587
1.74066e+09 0.00245493 0.00395739 0.000190638 1 -0.000246438 -2.36706e-05 0.000182814
1.74066e+09 -0.000908093 0.00261401 0.00112934 1 -5.82291e-05 -1.04043e-05 -1.2222e-05
1.74066e+09 -0.000974849 0.00581473 -0.000244664 1 6.51562e-05 -2.33637e-05 -3.05537e-05
1.74066e+09 -0.000943703 0.00385328 0.000774996 1 -0.000261912 -4.70487e-05 0.000128314
1.74066e+09 0.000432876 0.00418426 -0.000633542 1 -0.000243865 -0.000156237 -2.38948e-05
1.74066e+09 0.00139644 0.00428725 -0.000438542 1 -0.000365179 -0.000249115 0.000148112
1.74066e+09 0.00169288 0.00374243 0.00049576 1 -5.06459e-05 -0.000143608 9.25937e-05
1.74066e+09 0.00179176 0.0051435 2.59153e-05 1 -0.000114595 -7.85323e-06 -0.000203116
1.74066e+09 0.0023309 0.00668013 0.000148837 1 -0.000292445 -7.89072e-05 0.000186626
1.74066e+09 0.00157136 0.00517233 0.000681896 1 -0.000480776 -0.000176657 4.02401e-06
1.74066e+09 0.00177055 0.00496884 -0.000763453 1 -0.000255203 -0.000178413 0.000254371
1.74066e+09 -0.00106204 0.00606475 -0.000501523 1 -0.000262113 -3.94824e-05 0.000172186
1.74066e+09 -0.00113247 0.00487761 0.000210049 1 -0.000288706 -4.16142e-06 1.92043e-05
1.74066e+09 -0.000301378 0.00443571 -0.00105209 1 -0.000216538 5.54333e-05 0.000114605
1.74066e+09 -7.89642e-05 0.00498382 0.00015187 1 -0.000264837 -5.70555e-05 0.000144005
1.74066e+09 0.00179227 0.00514341 -0.000807219 1 -0.00034249 -0.000141155 8.16932e-06
1.74066e+09 0.00149762 0.00344132 0.00110965 1 -0.000347398 -2.98639e-05 3.55301e-05
1.74066e+09 0.00133895 0.00348206 -0.00032797 1 -0.0002898 -4.99104e-05 1.56605e-05
1.74066e+09 0.000763137 0.00347453 0.0013975 1 -0.000291436 8.5507e-05 -5.80715e-05
1.74066e+09 0.00139321 0.00302068 0.00050207 1 -0.000160517 -0.000148278 9.59446e-05
1.74066e+09 0.00130963 0.0034821 0.00076481 1 -0.000281021 -0.00014659 0.00013983
1.74066e+09 0.000947027 0.00501467 0.000613378 1 -0.000322065 -0.000201718 2.56097e-05
1.74066e+09 0.000114635 0.00563541 0.000611358 1 -0.000234711 -0.000259568 -9.60496e-05
1.74066e+09 -0.000307754 0.00787149 -0.000303899 1 -0.000187255 -4.42436e-05 -1.29892e-06
1.74066e+09 0.000313753 0.00810533 -0.000497715 1 -0.000199181 -9.44365e-05 3.68314e-05
1.74066e+09 0.00188846 0.00861535 -0.000833727 1 -0.000244001 -0.000355827 -0.000200487
1.74066e+09 0.00139458 0.00843184 -0.000490792 1 -0.000192873 -0.000145588 -7.80698e-05
1.74066e+09 -2.77016e-06 0.00633445 0.000189684 1 -0.000316624 -0.000131914 0.000220014
1.74066e+09 -0.000632382 0.00447172 -2.3175e-05 1 -0.000230651 -4.10863e-05 6.59129e-05
1.74066e+09 0.000331806 0.00168325 -3.8296e-05 1 -0.000218214 -0.000287092 0.000328282
1.74066e+09 0.00166044 0.00186656 -0.000812498 1 -0.000302187 -0.000111036 0.000336424
1.74066e+09 0.00200168 0.00244211 -0.000732254 1 -0.000400565 -0.000221411 2.27215e-05
1.74066e+09 0.00198401 0.00348624 0.000232432 1 -0.000288963 -7.50444e-05 0.000307474
1.74066e+09 0.00107442 0.00471435 0.00208414 1 -0.000123641 -9.71136e-05 -9.09901e-05
1.74066e+09 0.00106108 0.00407716 0.00244259 1 -0.000233902 3.40506e-06 0.000216011
1.74066e+09 0.0013391 0.0037591 0.00250977 1 -0.00016996 -0.000258004 0.000354268
1.74066e+09 0.00150312 0.0027958 0.000325297 1 -0.000137257 -0.000188023 -9.4599e-05
1.74066e+09 0.00171527 0.00322869 -0.00067419 1 -0.000416875 -0.000271812 0.000177952
1.74066e+09 0.000548146 0.0044627 0.000193175 1 -0.000229976 -9.94448e-05 -3.51559e-05
1.74066e+09 0.000128112 0.00662139 -0.000692934 1 -0.000242576 -0.000135895 0.000182445
1.74066e+09 0.000309989 0.00646932 -0.00155874 1 -0.000159756 -8.06331e-05 -0.000132585
1.74066e+09 0.00113779 0.0082612 -0.00157437 1 -0.000273201 -5.18744e-05 7.85809e-05
1.74066e+09 0.002359 0.00643473 -0.000987334 1 -0.000236933 -0.000239354 -3.29825e-05
1.74066e+09 0.00228241 0.00689527 0.000159443 1 -0.000352625 -5.90453e-05 0.000190098
1.74066e+09 0.00146681 0.00339658 -0.000828246 1 -0.000370608 -0.000218294 0.000156915
1.74066e+09 0.000678315 0.00570517 0.000307227 1 -0.000263744 -6.4849e-05 0.000186017
1.74066e+09 0.0013824 0.00637453 -0.0010143 1 -0.000236328 -0.000252655 -4.63696e-05
1.74066e+09 0.00111478 0.00528155 0.000590902 1 -0.000311307 -0.000194445 -2.11286e-05
1.74066e+09 0.00163676 0.00659845 0.000477135 1 -0.000391791 -0.000101776 0.000153686
1.74066e+09 0.000643576 0.0026654 0.00157937 1 -0.000265168 -1.92358e-05 -0.000232974
1.74066e+09 0.000995568 0.00614242 0.0019531 1 -0.000142331 -0.000167248 0.000276654
1.74066e+09 -0.0014238 0.00439238 0.0022273 1 -0.000154134 1.56936e-05 -4.99319e-05
1.74066e+09 -0.000157446 0.00481149 -0.000214008 1 -9.11146e-05 -0.000187614 1.49615e-05
1.74066e+09 4.64902e-05 0.00430468 0.000402116 1 2.68698e-05 0.000156163 -0.00024603
1.74066e+09 0.0011852 0.00544339 -0.000366515 1 -0.000282893 -0.000172412 1.02745e-05
1.74066e+09 0.00199665 0.00459627 0.00045957 1 -0.000129421 -0.000162936 -3.67366e-05
1.74066e+09 0.0019245 0.00419467 0.00147148 1 -0.000128709 -0.000245953 0.000108181
1.74066e+09 0.00155124 0.00221211 0.000749334 1 -0.000340821 -0.000126456 0.000241994
1.74066e+09 0.000712429 0.00142627 0.000765541 1 -0.000255318 8.35669e-05 0.000269932
1.74066e+09 1.106e-05 0.00323253 -5.91913e-05 1 -0.000447753 -2.59576e-05 0.000265252
1.74066e+09 -0.00142415 0.00498092 -0.000310682 1 -0.000281663 -0.000101378 -9.01109e-05
1.74066e+09 -0.000131732 0.00585588 0.000156207 1 -0.000332047 -0.000118987 0.000260421
1.74066e+09 -0.00137412 0.00626199 0.000803325 1 -0.000337973 -4.78612e-05 1.52664e-05
1.74066e+09 -0.00193111 0.0057637 0.000107788 1 -0.000316467 -3.09387e-05 1.4357e-05
1.74066e+09 -0.000762771 0.00380204 0.00101708 1 -0.000272956 3.28534e-06 -0.00027785
1.74066e+09 0.000762044 0.00372504 -0.000316324 1 -0.000374181 -0.000255337 7.63441e-05
1.74066e+09 0.000182799 0.00533818 0.0022143 1 -0.000158935 5.99792e-05 -0.000186348
1.74066e+09 -0.00069185 0.00519105 0.00153197 1 -0.000138092 -0.000121867 -0.000191739
1.74066e+09 0.00035323 0.00424533 0.00210155 1 -0.00026296 -3.6336e-06 6.23029e-05
1.74066e+09 0.00210466 0.00286391 0.000928357 1 -0.000232804 -0.000230038 -8.78073e-05
1.74066e+09 0.00249503 0.00515068 0.00160473 1 -0.000453263 -0.000340312 0.000163348
1.74066e+09 0.000502868 0.00509797 0.0014124 1 -6.45432e-05 -2.78239e-05 -8.04814e-05
1.74066e+09 0.00109216 0.00612928 0.000657626 1 -0.000374749 -6.54362e-05 0.000488128
1.74066e+09 0.000902299 0.00630849 0.000143819 1 -0.000230759 -0.000214974 8.35769e-05
1.74066e+09 0.00170665 0.00519958 -0.000880072 1 -0.000318345 -0.000100857 1.23185e-05
1.74066e+09 0.00088658 0.00632965 -0.000991466 1 -0.000177475 -0.000372641 -9.57409e-05
1.74066e+09 0.000815321 0.0055775 -0.000434235 1 -0.00036089 -0.000163941 -8.56759e-06
1.74066e+09 -0.0013421 0.00527918 0.000665114 1 -4.01328e-05 0.000135892 -0.000218627
1.74066e+09 -0.00110321 0.00517023 0.00110787 1 -0.000325322 1.51391e-05 0.00017362
1.74066e+09 9.02552e-05 0.00335062 0.00109709 1 -0.000142475 -5.05895e-05 -7.42845e-05
1.74066e+09 0.0003607 0.00275627 0.00113411 1 -0.000203636 -0.000157256 7.08245e-05
1.74066e+09 0.00122224 0.00225661 0.00144192 1 -0.000222831 -3.86568e-05 0.000111323
1.74066e+09 0.00197362 0.00548143 0.00141704 1 -0.000200601 3.49381e-05 0.000204939
1.74066e+09 0.00120478 0.00456632 0.00157778 1 -0.000260806 4.23573e-06 2.09931e-05
1.74066e+09 -0.000296211 0.00445282 0.00234779 1 -4.08219e-05 1.60014e-05 7.80075e-05
1.74066e+09 0.000732153 0.00591656 0.00200885 1 -0.000196238 -0.000157866 0.000269578
1.74066e+09 0.00104951 0.00543394 0.000832196 1 -0.000255801 -5.15335e-05 0.000249681
1.74066e+09 0.00061002 0.00526469 0.00024553 1 -0.000429214 -0.000289476 0.000168282
1.74066e+09 -0.000101933 0.00680131 0.000391996 1 -0.000251576 -8.23522e-05 -4.64075e-05
1.74066e+09 3.99473e-05 0.00716214 -0.000803036 1 -0.000103195 -0.000214252 0.000171581
1.74066e+09 -9.84093e-05 0.00389282 -0.000689238 1 -0.00017327 -0.00012484 -0.000170706
1.74066e+09 0.000186919 0.00559761 -0.00123375 1 -0.000204586 -9.27408e-05 -1.89316e-05
1.74066e+09 0.000751345 0.00316903 -0.00207503 1 -0.000437364 -0.000280515 -0.000214787
1.74066e+09 0.00072627 0.0041686 -0.00059517 1 -0.000365497 -7.43935e-05 0.00010813
1.74066e+09 0.000941816 0.00399823 -0.000940753 1 -0.000200587 -0.000159363 6.55815e-05
1.74066e+09 0.000689978 0.00372937 0.000842089 1 -0.000167863 -1.37413e-05 9.67709e-05
1.74066e+09 0.000645113 0.00423119 0.00113511 1 -0.000169554 -6.68166e-05 0.000247163
1.74066e+09 0.000259362 0.00683059 0.00164137 1 -0.000225044 -5.14711e-05 4.71555e-05
1.74066e+09 0.00144171 0.00578794 6.43525e-05 1 -0.000400041 -0.000233248 0.000171227
1.74066e+09 0.000715688 0.00599567 0.000752757 1 -0.000285311 7.94376e-05 0.000285565
1.74066e+09 0.000673984 0.00708584 0.000927565 1 -0.000354664 -0.000160367 -0.000130011
1.74066e+09 0.000286206 0.00549487 0.00113516 1 -0.000111235 6.44911e-05 8.81346e-05
1.74066e+09 8.23602e-05 0.00440321 2.38465e-05 1 -0.000252254 -3.48877e-05 0.000386695
1.74066e+09 -0.0025048 0.00403632 0.00120839 1 -0.000132767 6.12827e-05 0.000118921
1.74066e+09 -0.0022819 0.00477208 0.000306598 1 -0.000218321 -2.03797e-05 0.000236813
1.74066e+09 -0.000202 0.00483202 -0.000155152 1 -0.000447098 -0.000132017 0.000229018
1.74066e+09 0.00114197 0.00338245 -4.33924e-05 1 -0.000130753 -0.000217145 -0.000177418
1.74066e+09 0.00118654 0.00468163 0.00031635 1 -0.000466904 -0.000142186 7.13878e-05
1.74066e+09 0.00183194 0.00441038 0.000457872 1 -0.000434743 -0.000282772 0.000131432
1.74066e+09 0.000839949 0.00436203 0.000595261 1 -0.00035432 -6.09981e-05 0.000101499
1.74066e+09 0.00128251 0.00655715 0.000469418 1 -0.000369512 -0.000273186 7.26294e-05
1.74066e+09 0.000696447 0.00386091 -0.000175829 1 -0.000291019 -0.000150615 9.51573e-05
1.74066e+09 -0.00250741 0.0055725 0.00108698 1 -0.000180207 0.000105093 2.56591e-05
1.74066e+09 -0.00182168 0.00387598 0.00109938 1 -0.000227441 -3.83974e-05 -7.90684e-05
1.74066e+09 -0.000496801 0.00478728 0.0011854 1 -0.000255579 3.64204e-05 2.38953e-05
1.74066e+09 -0.00045598 0.0048216 0.00126862 1 -0.000263788 -0.000156622 7.7662e-05
1.74066e+09 -0.000507884 0.00225591 0.00150761 1 -0.000378338 -0.000265322 -1.61568e-05
1.74066e+09 -0.000239758 0.00295031 0.000264392 1 -0.00040846 -3.6531e-06 -0.000107954
1.74066e+09 -0.000685569 0.00498089 0.00223548 1 -0.000156454 0.000270779 7.51773e-05
1.74066e+09 0.000343154 0.00460834 0.00101361 1 -0.000172812 4.26756e-05 -6.28755e-05
1.74066e+09 -0.000521251 0.00566175 0.00301067 1 -0.000278534 -0.000232649 -6.92516e-05
1.74066e+09 -0.000311697 0.00730014 0.00227996 1 -0.000226501 4.08649e-05 7.98657e-05
1.74066e+09 0.00121637 0.00623831 0.000816535 1 -0.000232366 -0.000274994 0.000161402
1.74066e+09 0.000513786 0.00305723 -0.000774035 1 -0.00037476 -7.07371e-05 -0.000117194
1.74066e+09 0.000799307 0.00325839 -0.00108863 1 -0.000213953 -0.000101611 -3.33468e-05
1.74066e+09 0.000844122 0.00489618 -0.00035652 1 -0.000341621 -0.000355296 0.000140269
1.74066e+09 0.000433593 0.00550452 -0.000823411 1 -0.00044125 -0.000143673 0.000282503
1.74066e+09 0.000899198 0.0053251 -0.00151262 1 -0.000372998 -0.000247194 0.000122568
1.74066e+09 0.000640789 0.00364704 -0.00200678 1 -0.000265158 -0.00011918 0.000352711
1.74066e+09 -0.000177563 0.00449802 -0.00099718 1 -0.000199987 -8.43569e-05 -0.000270368
1.74066e+09 0.000360674 0.00294868 0.000199968 1 -0.000248941 -0.000125992 -7.2949e-05
1.74066e+09 0.000521283 0.0034059 0.00095464 1 -0.000139608 -1.86035e-05 -4.66053e-06
1.74066e+09 0.000531978 0.0027167 0.000800182 1 -0.00023427 -8.18948e-05 -0.000185718
1.74066e+09 0.000316728 0.00346237 0.00197561 1 -0.000209648 8.7528e-05 0.000262935
1.74066e+09 0.000598111 0.00311391 0.00108626 1 -0.000397538 -0.000126197 5.44771e-05
1.74066e+09 0.000137538 0.00456885 0.00196443 1 -0.000396646 2.41559e-05 0.000168548
1.74066e+09 -0.000824058 0.00360991 0.000655336 1 -6.10491e-05 -3.99352e-05 -0.000190365
1.74066e+09 0.000340732 0.00531365 4.87129e-05 1 -0.000432144 -0.000342039 7.55443e-05
1.74066e+09 5.32468e-05 0.00485078 0.00118378 1 -9.22248e-05 0.000109566 -9.82782e-05
1.74066e+09 0.000909699 0.00499662 0.000229929 1 -0.000229779 4.14372e-05 0.00016888
1.74066e+09 0.0013191 0.00530105 -0.000436892 1 -7.34632e-05 -0.000211389 -7.11044e-05
1.74066e+09 0.00162809 0.00698549 -0.00060224 1 -0.000276949 -0.00024974 0.000224427
1.74066e+09 0.00129294 0.00532552 -0.00113581 1 -0.000275862 -0.000114807 0.000109455
1.74066e+09 0.000170498 0.00433736 -0.00103114 1 -0.000312557 -0.000142435 -4.75022e-05
1.74066e+09 -0.000126624 0.00430259 -0.000486513 1 -0.000361135 -0.000104816 -1.14153e-06
1.74066e+09 0.000259747 0.00326182 0.000250345 1 -0.000287182 -0.000191338 0.000114988
1.74066e+09 0.000480591 0.00261708 -0.000335764 1 -0.000344971 -8.32363e-05 -8.87657e-05
1.74066e+09 0.000145232 0.00156486 0.000593817 1 -0.000372722 -0.000181795 8.06309e-05
1.74066e+09 0.00089965 0.00393339 0.00012146 1 -0.000295858 -0.000110699 -0.00017421
1.74066e+09 0.000302428 0.0053379 0.00161139 1 -0.000220942 7.03797e-05 5.6938e-05
1.74066e+09 0.000815275 0.00733847 0.00104106 1 -0.000255421 -5.86858e-06 0.000160254
1.74066e+09 -0.000399224 0.00771609 0.00209628 1 -0.000181201 -7.34921e-07 0.000137241
1.74066e+09 -0.00093644 0.0058576 0.00104389 1 -6.39495e-05 3.88844e-06 -1.35877e-05
1.74066e+09 -0.00028797 0.00461811 0.00152219 1 -0.000387291 -9.36133e-06 0.000230136
1.74066e+09 0.000202137 0.00434592 0.000303785 1 -0.000125458 4.12161e-05 -3.00537e-05
1.74066e+09 0.0010577 0.00554402 2.08772e-05 1 -0.000305172 -0.000115131 0.000205975
1.74066e+09 0.000634784 0.00382141 -2.00229e-05 1 -0.000284289 -5.95069e-05 3.87543e-05
1.74066e+09 0.00031784 0.00226937 -0.000199883 1 -0.000345852 -0.000249787 -6.91314e-05
1.74066e+09 -0.000268167 0.00409661 0.000280234 1 -0.000349769 -0.000153518 -0.000143566
1.74066e+09 4.88708e-05 0.0046037 0.00043857 1 -0.000501587 -9.80251e-05 0.000177887
1.74066e+09 0.00151548 0.00675276 0.000653322 1 -0.00030233 -0.000219215 7.5463e-05
1.74066e+09 0.000678869 0.0066258 0.000482742 1 -0.000316119 -0.000202976 -2.45427e-05
1.74066e+09 9.56703e-05 0.00463871 0.000458528 1 -0.000325411 -0.000112258 -8.33762e-05
1.74066e+09 0.000108338 0.00492513 -0.00110061 1 -0.000319417 -0.00028671 0.000137792
1.74066e+09 -0.000149097 0.00333715 -5.59133e-05 1 -0.00030236 5.33841e-05 -7.23019e-05
1.74066e+09 4.25773e-05 0.00216724 -0.00120622 1 -0.000228149 -0.000267579 -0.000167095
1.74066e+09 0.000346663 0.00287953 0.000151935 1 -0.000266198 -0.000103255 0.000123506
1.74066e+09 0.000387114 0.00330366 -0.000565399 1 -0.000221891 -0.000134273 3.43613e-05
1.74066e+09 -0.000294612 0.00481032 0.00183178 1 -0.000162642 2.30847e-06 8.03049e-05
1.74066e+09 0.00106056 0.00518648 0.0008999 1 -0.000253382 -0.000112597 -3.54578e-05
1.74066e+09 0.00058157 0.00646068 0.00315544 1 -0.000207189 -7.06732e-05 0.00017045
1.74066e+09 0.000161758 0.00436355 0.00232064 1 -0.000130289 -4.11719e-06 4.80632e-05
1.74066e+09 0.000695019 0.00524259 0.00144893 1 -0.000299822 -0.000305699 1.75397e-06
1.74066e+09 -0.000527139 0.0049365 0.000830951 1 -0.000157128 -5.45165e-05 2.85942e-05
1.74066e+09 -0.000724728 0.0054783 0.000321621 1 -0.000279171 -9.74052e-05 -1.00193e-06
1.74066e+09 -0.00128602 0.0071363 -0.000722996 1 -7.46044e-05 -0.000165051 -9.43419e-06
1.74066e+09 3.97483e-05 0.00669432 -0.000667214 1 -0.000270639 -0.000145041 0.000211931
1.74066e+09 0.000334738 0.0068079 -0.000344177 1 -0.000260396 -0.000301576 -7.53325e-05
1.74066e+09 0.000833132 0.00568606 -7.76577e-05 1 -0.000257856 -5.49514e-05 0.000115556
1.74066e+09 0.000836099 0.00515387 4.31231e-05 1 -0.000321856 -4.83983e-05 8.53451e-05
1.74066e+09 0.0011899 0.00557515 0.000692751 1 -0.000169567 2.7811e-05 5.22374e-05
1.74066e+09 -0.000153837 0.00535442 0.00148759 1 -0.000410941 3.58601e-05 7.04462e-05
1.74066e+09 -0.00044819 0.00404315 0.000834695 1 -0.000235484 -1.13462e-05 -3.32952e-05
1.74066e+09 -0.00040289 0.00396347 0.000601044 1 -0.000245924 2.68183e-05 5.60126e-05
1.74066e+09 -0.000454908 0.00432385 0.000812235 1 -0.000253769 6.64959e-05 9.10557e-05
1.74066e+09 8.45963e-05 0.00465279 0.00143031 1 -0.000143589 0.00010633 5.7298e-05
1.74066e+09 0.000749722 0.003798 0.000345415 1 -0.000211019 -0.000171407 0.000116821
1.74066e+09 0.00109752 0.00595583 0.000575646 1 -0.000299774 -0.000271153 0.000259252
1.74066e+09 -0.000252057 0.00658961 0.000683862 1 -0.000212285 0.000181154 -0.000119482
1.74066e+09 7.22476e-05 0.00583787 7.61494e-05 1 -0.000417822 -0.000222598 -7.54371e-05
1.74066e+09 0.000710985 0.00198484 -0.000685691 1 -0.000237344 -0.000145419 5.27514e-06
1.74066e+09 0.00061553 0.00333697 -0.000471647 1 -0.000270823 -7.01546e-05 5.55026e-05
1.74066e+09 0.0012488 0.00292685 -0.000319992 1 -0.000306326 -0.000224656 -0.000195469
1.74066e+09 0.00111288 0.00197799 0.000182515 1 -0.000349282 -9.08137e-06 0.00011244
1.74066e+09 0.000687154 0.00556971 0.000610914 1 -0.000323292 -0.000140112 -4.66254e-05
1.74066e+09 0.000909646 0.00565328 0.000985821 1 -0.000220744 -0.000160646 0.000137445
1.74066e+09 0.000995732 0.00619275 -9.24603e-05 1 -0.000173641 -0.000170372 0.000155716
1.74066e+09 0.000783926 0.00516696 0.00106322 1 -0.000317689 -0.000194423 -9.44144e-06
1.74066e+09 0.00133243 0.00338448 -0.0012755 1 -0.000214134 2.07941e-06 0.000167096
1.74066e+09 0.000631949 0.0041467 -0.000491831 1 -0.000360132 -0.000193961 0.000186565
1.74066e+09 0.00105516 0.00144161 0.000498135 1 -0.000361929 -0.000108972 -5.70931e-05
1.74066e+09 -0.000942672 0.00185801 0.00129443 1 -0.000459296 -0.000286217 0.00010578
1.74066e+09 0.000136798 0.00161569 0.000765211 1 -0.000276078 4.32239e-05 4.6019e-05
1.74066e+09 -0.00141924 0.00460002 0.00230035 1 -0.000336606 3.24598e-05 9.03412e-05
1.74066e+09 -0.000655012 0.0042382 0.000165217 1 -0.000224124 -0.000144045 -1.96721e-05
1.74066e+09 0.000474384 0.00163751 0.000793245 1 -0.000383727 -0.000147292 0.000209412
1.74066e+09 0.000524 0.00245231 -0.000626784 1 -0.000425685 -0.000208818 -8.49289e-05
1.74066e+09 -0.00133505 0.00409428 -0.00086665 1 -0.000264835 -0.000103745 -7.90792e-05
1.74066e+09 -0.00117356 0.00706588 -0.000411501 1 -0.000407199 -0.000162144 0.00024004
1.74066e+09 -0.00263448 0.00981901 0.000760198 1 -9.03789e-05 1.16206e-05 8.43415e-05
1.74066e+09 -0.00161709 0.0107684 -0.000425063 1 -0.000328784 -2.74251e-05 -2.11003e-05
1.74066e+09 0.000164289 0.00719654 -0.000515048 1 -0.000324035 2.99225e-05 -4.84005e-05
1.74066e+09 0.000715087 0.00553712 9.62211e-05 1 -0.000250858 -2.05423e-05 3.38829e-05
1.74066e+09 -0.000332959 0.00361619 0.000504753 1 -0.000413019 -0.000147497 2.6583e-06
1.74066e+09 -0.000270627 0.00480368 0.000534963 1 -0.000214867 -2.36662e-05 0.000182349
1.74066e+09 0.000810027 0.00641786 -0.000455411 1 -0.000291228 -0.0002244 8.12654e-05
1.74066e+09 0.000495105 0.00751843 0.00196232 1 -0.00022214 0.000193668 0.000138555
1.74066e+09 0.00151627 0.00595822 0.00132233 1 -0.000322334 -0.00024046 -5.22258e-05
1.74066e+09 0.000203936 0.00419635 0.00184232 1 -0.000240926 -0.000108508 -7.2963e-05
1.74066e+09 -0.00118415 0.00351378 0.000998129 1 -0.000142028 -8.74726e-05 -0.000232791
1.74066e+09 -0.00148769 0.00512598 0.00286276 1 -0.000157917 0.000109557 0.000143115
1.74066e+09 -0.0019426 0.00688224 0.00313185 1 -0.000212625 6.73386e-05 -0.000208642
1.74066e+09 0.000455023 0.00646758 0.00127353 1 -0.000420948 -0.000295045 0.00020967
1.74066e+09 0.00106212 0.00683747 0.000686414 1 -0.000502955 2.01542e-05 -5.14571e-05
1.74066e+09 0.00108798 0.00704156 0.000306417 1 -0.000321044 -0.000131014 0.000115358
1.74066e+09 0.00172755 0.00719488 -0.0008004 1 -0.000309661 -0.000109404 8.92778e-05
1.74066e+09 0.000820413 0.00799756 -0.000948726 1 -7.82127e-05 4.23285e-05 0.000107031
1.74066e+09 0.000236695 0.00730314 -0.000619395 1 -0.000281388 -0.000162735 9.25933e-05
1.74066e+09 0.000150456 0.00382091 -0.000209275 1 -0.000234521 -3.25309e-05 9.68688e-05
1.74066e+09 5.67082e-05 0.0051572 0.000201928 1 -0.000119581 -3.53997e-05 -0.000126755
1.74066e+09 0.000754285 0.00507035 0.0011964 1 -0.000140134 7.54387e-05 0.000273554
1.74066e+09 0.00119654 0.00516673 0.00154576 1 -0.000428338 -7.21473e-05 0.000231613
1.74066e+09 0.0003796 0.00475568 0.00105963 1 -0.000465047 -0.000236037 -5.72392e-05
1.74066e+09 -0.000276594 0.00279903 0.00137744 1 -0.000556304 -7.17521e-05 7.73537e-05
1.74066e+09 -7.8618e-05 0.00115801 0.000831885 1 -0.000307251 -4.50109e-05 8.12509e-05
1.74066e+09 0.000156197 0.00170764 0.000632301 1 -0.000311054 3.45734e-05 -0.000226826
1.74066e+09 0.000629867 0.00180442 0.000544714 1 -0.000106392 -6.09099e-06 6.81556e-05
1.74066e+09 0.00146628 0.00397903 0.000427921 1 -0.000334023 -0.000237006 0.000237786
1.74066e+09 0.000811679 0.00641352 0.00104209 1 -0.00025827 3.0455e-05 -9.44448e-05
1.74066e+09 0.00041318 0.00598287 -3.96406e-05 1 -0.000340262 -0.000236904 1.74725e-05
1.74066e+09 0.000364301 0.00790785 -0.000598356 1 -0.000414486 -1.75758e-05 0.000133476
1.74066e+09 0.00042287 0.00667678 -0.0006383 1 -0.000297282 -0.00021432 0.000139223
1.74066e+09 0.000738811 0.00524404 -0.000946656 1 -0.000243455 -0.000277393 0.000237615
1.74066e+09 0.000418409 0.00592524 -0.000482762 1 -0.000338093 -4.20132e-05 -1.02095e-05
1.74066e+09 0.000593557 0.00590163 -0.000429359 1 -0.000331603 -0.000123673 0.000218069
1.74066e+09 0.000562577 0.00502211 -0.000198797 1 -0.000243008 -6.74409e-05 0.000370374
1.74066e+09 9.29246e-05 0.00593496 -0.000368563 1 -0.000201501 1.653e-05 0.000251071
1.74066e+09 0.000741482 0.00568282 6.43819e-05 1 -0.000213619 -0.000101093 0.000162151
1.74066e+09 0.000626191 0.0062156 -6.36227e-05 1 -0.000231902 6.01416e-05 0.000127995
1.74066e+09 0.000473072 0.00528725 0.00145185 1 -0.000304739 -0.000135563 0.000100832
1.74066e+09 0.00152861 0.00455077 0.00103163 1 -0.000257577 -7.43978e-05 0.000178015
1.74066e+09 -0.000200626 0.00418716 0.00155367 1 -5.82257e-05 3.08858e-05 4.38917e-05
1.74066e+09 8.74011e-05 0.002514 0.000830471 1 -0.0001874 4.44976e-05 -2.02268e-06
1.74066e+09 -0.000585258 0.00400008 0.00243284 1 -0.000401874 -9.96875e-05 0.000102872
1.74066e+09 -0.00109453 0.00730037 0.000761221 1 -0.000100728 -6.96183e-05 9.61372e-06
1.74066e+09 -3.1871e-05 0.00481085 0.000265884 1 -0.000523866 -2.29696e-06 -2.54629e-05
1.74066e+09 0.00101699 0.00571127 -0.000497078 1 -0.000347141 -0.000184558 -6.50328e-05
1.74066e+09 -0.00145601 0.00676339 0.000493944 1 -0.000218091 -5.02398e-05 -0.000111692
1.74066e+09 -0.000739682 0.00596609 5.00189e-05 1 -0.000133586 0.000121554 -4.56846e-05
1.74066e+09 -0.000794032 0.00618669 0.000878233 1 -0.000278806 -3.15051e-05 -3.30559e-05
1.74066e+09 0.000429399 0.00389225 0.000800674 1 -0.000289937 3.46009e-05 0.000143675
1.74066e+09 0.00025526 0.0047403 0.000832437 1 -0.000134175 5.15579e-06 0.000150945
1.74066e+09 -0.00137971 0.00400522 0.00124248 1 -0.000313869 -6.77005e-05 0.000125586
1.74066e+09 -0.000332191 0.00538449 0.000722299 1 -0.000347226 -3.51199e-05 0.000212929
1.74066e+09 0.000245807 0.00379119 0.00101235 1 -0.000391911 -0.000123606 -3.03217e-05
1.74066e+09 0.0009099 0.00260716 0.000233779 1 -0.000352451 -0.000272414 0.000153122
1.74066e+09 0.0011637 0.00449476 0.000881212 1 -0.000450189 -6.55475e-05 0.000227366
1.74066e+09 0.000698371 0.0035601 -9.1078e-05 1 -0.000399107 -0.000154829 -8.56684e-05
1.74066e+09 0.000698142 0.002022 0.000940563 1 -0.000434052 -6.59565e-05 -7.92371e-05
1.74066e+09 0.00107889 0.00232469 0.000180084 1 -0.000307699 -0.000182236 -2.51157e-05
1.74066e+09 0.000213929 0.00439934 0.00240285 1 -0.00027281 -7.00263e-06 0.000197638
1.74066e+09 -0.000394803 0.0046199 0.00248684 1 -0.000193933 3.18193e-05 -0.000341305
1.74066e+09 0.0004493 0.00722506 0.000908882 1 -0.000284842 -0.000298936 0.000170064
1.74066e+09 0.000884992 0.00689337 0.000204849 1 -0.000139479 -9.43592e-05 -0.000182346
1.74066e+09 0.000715033 0.00628608 -1.03464e-05 1 -0.000284241 -0.000222906 0.000135114
1.74066e+09 0.000635156 0.0055545 -0.00067898 1 -6.82933e-05 -9.41964e-06 0.000102935
1.74066e+09 -0.000426052 0.00192611 0.000211164 1 -0.000430797 -8.82726e-05 0.00012449
1.74066e+09 -0.000536646 0.0015025 -0.000270582 1 3.18926e-05 4.8681e-05 7.43574e-05
1.74066e+09 0.000250609 0.00235445 -0.000120039 1 -0.000172587 1.06355e-05 9.44445e-05
1.74066e+09 2.32871e-05 0.00102626 0.000139581 1 -0.000281403 -0.000309349 2.73111e-05
1.74066e+09 0.000777658 0.000676772 0.0015872 1 -0.000429805 -0.000100692 -5.42212e-05
1.74066e+09 0.000746642 0.00310406 0.00175416 1 -0.000189184 4.32873e-06 -0.000247441
1.74066e+09 0.000575549 0.00183659 0.000314703 1 -0.000408295 -0.000152616 2.34545e-05
1.74066e+09 1.9e-05 0.00326139 0.000399181 1 -0.000190806 -1.59223e-05 8.75618e-05
1.74066e+09 0.000560924 0.00404259 0.00111107 1 -0.00037312 -9.69201e-05 -0.000263727
1.74066e+09 0.000391135 0.00462589 0.00147956 1 -0.000393408 -2.28811e-06 8.29804e-05
1.74066e+09 0.000156489 0.00399895 0.00169433 1 -6.95309e-05 4.70224e-05 4.36897e-05
1.74066e+09 0.00171826 0.00572266 0.000960455 1 -0.000156975 -0.000216904 7.79513e-05
1.74066e+09 0.00205852 0.00600815 0.00111076 1 -0.00014131 -2.24315e-05 7.00465e-06
1.74066e+09 0.00233605 0.00824389 -0.000607206 1 -0.00031489 -0.000238857 0.000220851
1.74066e+09 0.00108253 0.00834484 -0.000154657 1 -0.000167579 6.28595e-05 5.4673e-05
1.74066e+09 0.000963501 0.00535654 -0.000385605 1 -0.000338783 -0.000206848 -1.00554e-06
1.74066e+09 0.00111398 0.00266971 -0.000360525 1 -0.000249012 -0.000286954 -0.000142645
1.74066e+09 0.00107917 0.00220703 0.000307512 1 -0.000142284 -7.01112e-06 0.000104085
1.74066e+09 0.00138316 0.00250552 0.000142307 1 -0.000407829 -0.000177686 6.71032e-05
1.74066e+09 0.00102004 0.00298104 0.000648991 1 -0.000305296 6.92224e-05 0.000225062
1.74066e+09 0.00125578 0.00600323 6.0164e-05 1 -0.000401676 -0.000120506 0.000307522
1.74066e+09 0.000910737 0.00557574 0.000592095 1 -0.000267674 7.1327e-05 0.000204799
1.74066e+09 0.00167437 0.00698666 9.49254e-05 1 -0.000181141 -0.000232266 4.98075e-05
1.74066e+09 0.00175525 0.00368958 0.000276924 1 -0.00035679 -0.000331596 0.00020761
1.74066e+09 0.00138466 0.00258024 0.000461368 1 -0.000427681 -0.000140612 8.95159e-06
1.74066e+09 0.000144041 0.00307322 0.000676343 1 -0.000371834 -2.96857e-05 0.000212523
1.74066e+09 0.000669324 0.00532975 -6.31897e-05 1 -0.000287541 -0.000128403 -4.94357e-05
1.74066e+09 -0.000137845 0.00500436 0.00152454 1 -0.000581333 -0.000115408 -7.29613e-05
1.74066e+09 -0.000396161 0.00500279 0.00120176 1 -0.000136055 1.29346e-05 1.63404e-05
1.74066e+09 -0.00140173 0.00707794 0.00202307 1 -0.000371851 -7.91517e-05 0.000114127
1.74066e+09 0.000787928 0.00750767 0.000643085 1 -5.13744e-05 -0.000140197 9.8173e-05
1.74066e+09 0.00145878 0.00706342 0.000857167 1 -0.000331842 -0.000193008 1.31754e-05
1.74066e+09 0.00122907 0.00534574 2.24877e-05 1 -0.000329455 -0.000183156 -8.79916e-05
1.74066e+09 0.0010462 0.00577611 0.000928641 1 -0.000224344 -9.8684e-05 -6.41618e-07
1.74066e+09 4.73311e-05 0.00233648 0.00104779 1 -9.24939e-05 -0.000163078 6.17548e-05
1.74066e+09 0.000434578 0.00336955 0.00104666 1 -0.000348901 -3.73482e-05 0.000129495
1.74066e+09 0.00127661 0.00315466 0.000876751 1 -0.000583537 -0.000414064 0.00012685
1.74066e+09 0.000108447 0.00230893 0.000602545 1 -0.000278583 -0.000231238 2.20274e-06
1.74066e+09 -0.000815073 0.00192076 0.00155334 1 -0.000269828 -0.000148558 0.000120081
1.74066e+09 0.000859962 0.00381288 0.000397114 1 -0.000217773 -0.000180971 2.84343e-05
1.74066e+09 0.00125645 0.00562234 0.00124195 1 -0.000288578 6.27659e-05 0.000136813
1.74066e+09 0.00165938 0.0059834 0.000683429 1 -0.000321144 -0.000210273 9.59432e-05
1.74066e+09 0.00177276 0.0068482 0.0020402 1 -0.000251481 -5.34891e-05 0.000122738
1.74066e+09 0.00148344 0.00691104 0.00130008 1 -0.000247959 -0.000136912 0.000158278
1.74066e+09 0.000720963 0.00769766 0.00289216 1 -0.000212315 -0.000129372 0.000224264
1.74066e+09 -0.000121001 0.00585658 0.0022553 1 -0.000172209 -0.000184717 2.00663e-05
1.74066e+09 0.000947833 0.00466337 0.000172102 1 -0.000327652 -0.000331801 0.000226165
1.74066e+09 0.00206013 0.0048323 -0.00096815 1 -0.000159707 -8.20011e-05 -6.83015e-05
1.74066e+09 0.00253417 0.00284665 -0.0016296 1 -0.000194828 -0.000416982 -1.66831e-05
1.74066e+09 0.00130988 0.00337481 -0.000749782 1 -0.000257924 -0.000132598 1.58013e-05
1.74066e+09 0.00100539 0.00396001 5.01892e-05 1 -0.000349771 -7.70759e-05 0.00036655
1.74066e+09 0.00160115 0.00278672 -0.000286824 1 -0.000305009 -0.000221673 9.27145e-05
1.74066e+09 0.00156022 0.00262242 0.00015981 1 -0.000274562 -0.0001366 -2.82381e-05
1.74066e+09 0.000925427 0.00567373 0.000720547 1 -0.000368501 -0.000129419 0.000125027
1.74066e+09 0.0017657 0.00652555 0.000317403 1 -0.000438334 -0.000128364 8.90524e-05
1.74066e+09 0.0019586 0.00735779 -0.000160643 1 -0.000316753 -0.000395705 -0.000187666
1.74066e+09 0.00170097 0.00416711 -0.000591971 1 -0.000364795 -0.000337407 -7.25088e-05
1.74066e+09 0.000904771 0.00386046 0.000104187 1 -0.000154125 -4.03495e-05 -4.69537e-05
1.74066e+09 0.000849276 0.00414571 0.000117532 1 -0.000179831 -9.05595e-05 -0.000142207
1.74066e+09 0.000829547 0.00544922 0.00129313 1 -0.000320993 -8.69245e-05 -5.15939e-05
1.74066e+09 0.00113033 0.00398746 0.0011199 1 -0.000216212 -0.000163246 -0.000128033
1.74066e+09 0.000540143 0.00304363 0.00101977 1 -0.000229597 -0.000169268 0.000105988
1.74066e+09 0.00148324 0.00207446 0.00171731 1 -0.000188399 -7.44251e-05 6.56907e-05
1.74066e+09 0.00198598 0.00222865 -0.000399531 1 -0.000299643 -0.000426731 0.000171627
1.74066e+09 0.00126976 0.0033311 -0.000180428 1 -0.000229388 -4.76103e-05 -3.56239e-06
1.74066e+09 0.000986058 0.00431826 -0.000479939 1 -0.000254794 -0.0002391 0.000172678
1.74066e+09 0.00172947 0.00223285 -0.00132934 1 -0.000137866 -0.0001392 -7.41864e-05
1.74066e+09 0.000828124 0.00319209 -0.000827483 1 -0.000278554 5.61483e-05 0.000106627
1.74066e+09 0.00138428 0.00570147 -0.000488372 1 -0.000266848 -0.00020841 -0.000115119
1.74066e+09 0.00108939 0.00399817 -0.000506621 1 -0.000411178 -7.73133e-05 9.23372e-05
1.74066e+09 0.00147536 0.00473757 -0.000973136 1 -0.000254809 -0.000249189 -0.000115497
1.74066e+09 0.0012642 0.00209756 4.42998e-05 1 -0.000214131 -5.78227e-05 -0.000204454
1.74066e+09 0.00192996 0.00275936 9.43477e-05 1 -0.000123327 -8.43453e-05 9.69792e-05
1.74066e+09 0.000938032 0.00392304 0.000732138 1 -0.000426668 -9.96013e-05 0.000138575
1.74066e+09 0.00105748 0.00580459 0.000589335 1 -0.000237325 -5.95011e-05 -1.73728e-05
1.74066e+09 -0.000985275 0.00529147 0.0016308 1 -0.000383403 9.75853e-05 0.000264251
1.74066e+09 -0.000110472 0.00553494 -0.00073979 1 -0.000212518 -2.21779e-05 -3.04991e-05
1.74066e+09 -0.00112245 0.00573 0.00108432 1 -0.000393118 1.55558e-05 7.15915e-05
1.74066e+09 -0.000372029 0.00659865 0.00088042 1 -0.0001762 -8.08867e-05 -2.86305e-05
1.74066e+09 -0.0011004 0.0042216 0.00226933 1 -0.000311586 7.68465e-05 7.03113e-05
1.74066e+09 0.000692066 0.00378726 0.000757004 1 -0.000330385 -0.000246903 -8.58573e-05
1.74066e+09 0.000933515 0.00482804 0.000893288 1 -0.000187337 -1.0988e-05 8.86098e-05
1.74066e+09 0.00206796 0.00260895 -0.000355364 1 -0.000288594 -0.000146717 -4.29425e-05
1.74066e+09 -0.000249727 0.00448254 0.00121361 1 -0.000238402 -7.1709e-05 -2.56591e-05
1.74066e+09 -0.00101051 0.00428345 0.000516954 1 -0.000243599 -0.000181829 0.000116699
1.74066e+09 0.000108486 0.00550192 -3.9421e-06 1 -0.000387811 -4.83943e-05 0.00035452
1.74066e+09 0.00046893 0.00845838 -0.000571744 1 -0.00031146 -0.000247348 -4.53716e-06
1.74066e+09 0.00127499 0.00721965 -3.84481e-05 1 -0.000127666 -0.000149352 -0.000117291
1.74066e+09 -0.000355186 0.00604765 0.00146814 1 -0.000203218 -0.000147052 -2.4172e-05
1.74066e+09 0.000537355 0.0027659 0.000620904 1 -0.000309092 -0.000150524 0.000119304
1.74066e+09 0.00176834 0.00474603 0.000781719 1 -0.000306664 -0.000105752 -7.47327e-06
1.74066e+09 0.00169534 0.00187497 0.00053368 1 -0.000367965 -0.000388637 0.000130164
1.74066e+09 -0.000199336 0.00194297 0.00257141 1 -0.00015377 7.77094e-05 -5.73015e-05
1.74066e+09 0.000736879 0.00291411 0.00142626 1 -0.000396853 -0.000315384 -0.000188055
1.74066e+09 0.00111229 0.00468696 0.00324727 1 -0.000301343 -5.35865e-05 -3.96377e-05
1.74066e+09 0.00221776 0.00380184 0.00159556 1 -7.84209e-05 -8.21605e-05 -0.00015049
1.74066e+09 0.00138213 0.00454121 0.00164477 1 -0.000250639 -0.000269358 -9.85831e-06
1.74066e+09 0.000216338 0.00460262 0.000912097 1 -0.000204475 -0.000107573 8.95877e-05
1.74066e+09 -0.000215951 0.00456789 0.000603308 1 -0.000204161 -0.000303724 4.56156e-05
1.74066e+09 0.000207124 0.00320438 -0.000623329 1 -0.000227649 -0.000152572 6.15607e-05
1.74066e+09 0.000992869 0.00316163 -0.000588881 1 -0.000430007 -7.1926e-05 0.000121433
1.74066e+09 0.00209086 0.00382289 -0.000830103 1 -0.000302896 -0.000266591 1.03536e-06
1.74066e+09 0.00166241 0.00222839 -0.000614243 1 -0.000244873 -0.000139137 3.72043e-06
1.74066e+09 0.00122581 0.00434893 0.000298612 1 -0.000387823 -4.29327e-05 0.000162457
1.74066e+09 0.00149528 0.00578521 -0.000782693 1 -0.000412566 -0.00019301 0.000234432
1.74066e+09 0.000530208 0.00402821 0.000835471 1 -0.000198191 0.000167069 -0.000158834
1.74066e+09 0.00188644 0.00433325 0.000199936 1 -0.000457751 -0.000289773 0.000207459
1.74066e+09 0.000918031 0.00730095 0.00148226 1 -0.000204334 -7.59333e-06 0.000179984
1.74066e+09 0.00133051 0.00695449 0.00128254 1 -0.00038372 -0.000215986 5.29361e-05
1.74066e+09 0.000598172 0.00675827 0.00164992 1 -0.000279981 -3.68324e-06 -5.04379e-05
1.74066e+09 0.00132627 0.0038728 0.000769052 1 -0.00010877 -0.000177403 -0.000105675
1.74066e+09 0.000695023 0.0019354 0.00107201 1 -0.000288441 -0.000199624 8.73901e-05
1.74066e+09 0.000592304 0.00149334 0.000729723 1 -0.000257386 -3.58354e-06 4.67393e-05
1.74066e+09 0.00187471 0.00346479 -0.000157695 1 -0.00059037 -0.000585248 -6.17838e-05
1.74066e+09 0.000850307 0.00317126 0.000359103 1 -0.000186499 -0.000127538 3.3619e-05
1.74066e+09 0.00149654 0.00473841 5.20377e-05 1 -0.000395498 -0.000412349 0.000162656
1.74066e+09 0.00165917 0.000836881 -0.000397103 1 -0.000195002 -0.000141211 5.13088e-06
1.74066e+09 0.000745436 0.00368631 -0.000406947 1 -0.000241358 8.67752e-06 6.67345e-06
1.74066e+09 0.00115391 0.00459579 -0.000627193 1 -0.000210018 -0.000189417 0.000144551
1.74066e+09 0.000872214 0.00377807 -0.000182493 1 -0.000288959 -5.43324e-06 0.000284314
1.74066e+09 0.000542145 0.00484303 -0.000202957 1 -3.53529e-06 0.000201187 -0.000158817
1.74066e+09 0.00159418 0.00182304 0.000544697 1 -0.000396233 -0.000278269 0.000336908
1.74066e+09 0.0020021 0.00226882 0.00107656 1 -0.000409763 1.39044e-06 9.57878e-05
1.74066e+09 0.00194519 0.00260127 0.000171714 1 -0.000300651 -0.000221051 0.000111701
1.74066e+09 0.000994021 0.00247805 0.00044989 1 -0.00034305 -0.00014789 -2.24363e-05
1.74066e+09 0.000104071 0.00284499 0.000971712 1 -0.000373059 -0.000259119 3.30669e-05
1.74066e+09 -1.22146e-05 0.00348472 -0.000659707 1 -1.73647e-05 2.47756e-05 -8.76338e-05
1.74066e+09 -0.00104565 0.00442331 0.0016366 1 -0.000750002 -0.000314002 -8.73282e-05
1.74066e+09 -0.000377729 0.00451561 0.000288396 1 -0.000273764 -0.00010764 0.00016047
1.74066e+09 -0.00107236 0.00385197 0.00243461 1 -0.000366683 -7.3787e-05 0.000140698
1.74066e+09 -0.000122043 0.0043713 0.000896517 1 -0.000200377 -0.000255748 -7.56345e-06
1.74066e+09 0.000870394 0.00459862 0.000980589 1 -0.000245818 5.28552e-05 -0.00016763
1.74066e+09 0.00120508 0.00408638 7.38369e-06 1 -0.000368184 -0.000146702 6.31879e-05
1.74066e+09 -3.66321e-05 0.00343272 0.00067646 1 -0.000231897 -6.06556e-05 -0.00013074
1.74066e+09 3.24879e-05 0.00168804 2.21556e-05 1 -0.000332851 -0.000289011 -0.000241936
1.74066e+09 0.000622334 0.0046154 0.000394446 1 -0.000390375 -2.16447e-05 0.000197174
1.74066e+09 0.000587185 0.00641501 0.000386931 1 -0.000256949 -0.000200769 0.000106834
1.74066e+09 -0.000240104 0.00616423 -5.53757e-05 1 -0.000225156 -8.54344e-05 -4.43826e-05
1.74066e+09 -0.00204243 0.00709819 0.00058754 1 -0.000368226 8.05452e-05 0.000214272
1.74066e+09 -0.000950854 0.00691112 6.38023e-05 1 -0.000328285 -0.000194859 8.78018e-05
1.74066e+09 9.03623e-05 0.00534643 0.00114019 1 -0.000357534 6.54144e-05 -0.000115906
1.74066e+09 0.00160631 0.00302875 -0.00064205 1 -0.000208308 -0.000216806 -0.000117654
1.74066e+09 0.00182262 0.00299543 0.000826521 1 -0.000376899 -7.16607e-05 0.000102092
1.74066e+09 0.00152046 0.00159977 0.0002526 1 -0.000269767 -9.61482e-05 -0.000150169
1.74066e+09 0.000532844 0.00310183 0.00122676 1 -0.000300809 -0.000156083 0.000114571
1.74066e+09 -0.000793015 0.00186572 0.0014503 1 -0.000227715 1.9869e-06 -8.47893e-05
1.74066e+09 6.94824e-06 0.00200998 0.00167673 1 -0.000270467 -6.75347e-05 -3.31896e-05
1.74066e+09 0.00133858 0.000634135 0.000532197 1 -0.000217848 2.01459e-05 8.30748e-05
1.74066e+09 0.00106516 0.00339344 0.00104972 1 -0.000373662 -0.000331972 3.7661e-05
1.74066e+09 0.00180388 0.0013471 0.000294675 1 -0.000425227 -0.000160455 -5.1178e-05
1.74066e+09 0.000366607 0.00373317 0.00211822 1 -0.000332628 -0.000109099 -0.000130106
1.74066e+09 -0.00053166 0.00473764 0.00140355 1 -0.000170755 -4.50622e-05 0.000201143
1.74066e+09 -0.0012023 0.00415419 0.000513981 1 -0.000251057 -0.000114025 -0.000104698
1.74066e+09 -0.000124797 0.00498435 -8.92668e-05 1 -0.000380037 -5.82491e-05 0.0001369
1.74066e+09 0.000271354 0.00285244 -0.000558861 1 -0.000292483 -0.00021208 0.000236286
1.74066e+09 0.000178062 0.0034929 5.65006e-05 1 -0.000250464 -0.000166158 0.000248092
1.74066e+09 0.000884662 0.00402263 -0.000192381 1 -0.000422856 -0.000388281 1.47465e-05
1.74066e+09 0.00160446 0.00614328 0.00189198 1 -0.000415087 -1.8229e-05 9.20715e-05
1.74066e+09 0.00179644 0.00429522 0.000932437 1 -0.000276138 -0.000113024 -5.19815e-05
1.74066e+09 0.000345319 0.0030546 0.000839412 1 -0.000286526 -6.9763e-05 -1.3391e-05
1.74066e+09 0.000577127 0.00323807 0.000801217 1 -0.000157621 -0.000131424 -7.00269e-05
1.74066e+09 0.00071268 0.00461537 0.00199471 1 -0.000173272 4.86216e-05 5.20488e-06
1.74066e+09 0.000125139 0.00322463 0.00225535 1 -0.000213736 -0.000151465 7.75716e-05
1.74066e+09 0.00111831 0.00303303 0.000271643 1 -0.000518767 -0.000307961 0.000338944
1.74066e+09 0.00111866 -0.000545131 0.000931434 1 -8.65585e-05 0.000172585 -2.48637e-05
1.74066e+09 0.00128534 0.0030636 0.00018133 1 -0.000205866 -0.000179425 -4.23872e-05
1.74066e+09 0.00114572 0.00545103 0.00062315 1 -0.000245011 -6.51629e-05 0.000220276
1.74066e+09 0.000675937 0.0053079 5.80241e-05 1 -0.000353 -0.000132437 0.000165827
1.74066e+09 0.00116292 0.00478143 -6.82753e-05 1 -0.000261556 -0.000125378 -3.50811e-05
1.74066e+09 0.000409237 0.00378134 -0.000504762 1 -0.000262809 -7.45999e-05 -0.000196785
1.74066e+09 0.000687008 0.00348735 -0.000696617 1 -0.000314565 -0.000118922 3.49534e-05
1.74066e+09 0.000867793 0.00549376 0.000304503 1 -0.000395599 -0.000175636 0.000242981
1.74066e+09 0.000465257 0.00502716 0.000247236 1 -0.000347911 -8.73298e-05 8.28252e-05
1.74066e+09 0.00125169 0.0036631 0.000284256 1 -0.000210674 -0.000124404 9.40677e-05
1.74066e+09 0.00144131 0.00138972 -0.000601112 1 -0.000357559 -7.90681e-05 3.20133e-06
1.74066e+09 -0.00100755 0.00237667 0.000960885 1 -0.000370481 -0.00024745 -0.000124831
1.74066e+09 -0.00053535 0.0015509 -0.00113052 1 -0.000190996 5.10082e-05 2.56142e-05
1.74066e+09 -0.000938826 0.00338342 0.00144377 1 -0.000492745 -0.000291169 -1.25922e-05
1.74066e+09 0.000752519 0.0048944 0.00144748 1 -0.000236208 -8.57201e-05 0.000100454
1.74066e+09 0.00198694 0.00421365 0.00270697 1 -0.000174104 -0.000199748 -0.000138381
1.74066e+09 0.00273207 0.00277276 0.00137256 1 -0.000156534 -0.000316971 -2.24981e-05
1.74066e+09 0.00205682 0.00379891 0.00184195 1 -0.00014397 -6.64844e-05 -4.07705e-07
1.74066e+09 0.000868442 0.00414557 0.000139598 1 -0.000271636 -0.00023431 3.78853e-05
1.74066e+09 -0.00105657 0.00724626 0.00081552 1 -0.000439538 -0.00025466 6.10334e-05
1.74066e+09 -0.00256198 0.0063149 0.00107876 1 -0.000121294 0.000117241 8.82183e-05
1.74066e+09 -0.00320823 0.00509933 0.00176471 1 -0.000286515 7.61338e-05 -8.37295e-05
1.74066e+09 -0.000419663 0.00503343 0.0016298 1 -0.000388689 -4.49594e-05 4.54875e-05
1.74066e+09 0.00184277 0.00690747 0.000201416 1 -0.000371698 -3.78845e-05 7.44299e-05
1.74066e+09 0.00104916 0.00723153 0.00108776 1 -0.000294751 -5.24539e-05 9.05864e-05
1.74066e+09 0.00140342 0.00515389 0.000304953 1 -0.000272052 -0.000289307 -7.72885e-05
1.74066e+09 0.00125764 0.00286104 0.000194358 1 -0.000335662 -0.000207893 6.66988e-05
1.74066e+09 0.00101007 0.00276055 4.86781e-05 1 -0.000319249 -0.000242554 -2.76191e-05
1.74066e+09 0.00105301 0.00412914 0.00140479 1 -0.000241568 6.60746e-06 9.80903e-05
1.74066e+09 0.000845362 0.0038028 0.000576183 1 -0.000292659 -0.000103432 -6.28418e-05
1.74066e+09 -1.3489e-05 0.0046723 0.00189111 1 -0.000384528 8.21864e-05 -3.48223e-05
1.74066e+09 -0.000553966 0.0045873 0.00235773 1 -0.000219189 -9.67774e-05 8.25915e-05
1.74066e+09 -0.000285259 0.00596994 0.00156642 1 -0.000246266 4.83075e-05 0.000182415
1.74066e+09 -0.000488896 0.00609979 0.00038586 1 -0.00022403 -0.000155291 7.83698e-06
1.74066e+09 -0.000297754 0.00673942 0.000562842 1 -0.000235852 -0.000271091 -8.07959e-05
1.74066e+09 0.000483921 0.00280776 1.12701e-05 1 -0.000302439 -2.06767e-05 -2.26563e-05
1.74066e+09 0.0015988 0.00360411 5.01356e-05 1 -0.000324215 -0.000211228 0.000175219
1.74066e+09 0.00129103 0.00509089 -0.000297782 1 -0.0002122 -0.000252443 3.7924e-05
1.74066e+09 7.52202e-05 0.00710099 -9.68586e-05 1 -0.000258737 -5.26176e-05 1.71343e-05
1.74066e+09 -0.000884854 0.00749109 -1.42954e-06 1 -9.62425e-05 -8.14193e-05 -6.12314e-05
1.74066e+09 -0.00213438 0.00673749 -0.000157775 1 -0.000259796 0.000148434 2.17136e-05
1.74066e+09 -0.00115692 0.00762711 0.00121753 1 -0.000283679 -7.84647e-05 5.65299e-05
1.74066e+09 0.000841829 0.00592118 0.00089613 1 -0.000352962 -0.000220973 -7.26498e-05
1.74066e+09 0.00158047 0.00562505 0.00154951 1 -0.000316546 4.70353e-05 2.89223e-05
1.74066e+09 0.00233164 0.00224317 2.15861e-05 1 -0.00037312 -0.000112817 8.42213e-05
1.74066e+09 0.00222654 0.00284622 0.000467117 1 -0.000307233 -0.000133324 -7.28671e-05
1.74066e+09 0.00153442 0.00253757 0.000597863 1 -0.000317202 -0.000220995 7.393e-06
1.74066e+09 0.00127243 0.00267628 -0.000169276 1 -0.000337369 -0.000271558 -3.03101e-05
1.74066e+09 0.000527681 0.00332461 0.00121164 1 -0.000228916 -0.000101668 -0.000187603
1.74066e+09 0.000815345 0.00369896 0.000310209 1 -0.000438367 -0.000163152 2.03898e-05
1.74066e+09 0.00139364 0.00112302 0.00122508 1 -0.000235409 -2.36849e-05 1.20078e-05
1.74066e+09 0.00204287 0.00439754 8.96199e-05 1 -0.000344377 -0.00029608 0.000126137
1.74066e+09 0.00203471 0.00566036 0.000578317 1 -0.000211822 -0.00013585 -7.24155e-05
1.74066e+09 0.00181969 0.00810037 0.00032627 1 -0.000240625 -0.000247721 4.63718e-05
1.74066e+09 0.0020869 0.00573107 -7.61654e-05 1 -4.6148e-05 -0.000289322 -0.000164389
1.74066e+09 0.00198452 0.00768135 8.35348e-05 1 -0.000128892 -0.000194365 5.62179e-05
1.74066e+09 0.00118567 0.00670912 -0.000619679 1 -0.000143481 -4.59623e-05 0.00016812
1.74066e+09 0.00162949 0.00424077 -0.00036228 1 -0.000320105 -0.000208491 -3.49142e-05
1.74066e+09 0.00111063 0.00546288 -0.000374641 1 -0.000326201 -1.87694e-05 -6.41544e-05
1.74066e+09 0.000277483 0.00206449 0.000956542 1 -0.000328304 -7.85677e-05 -1.73341e-05
1.74066e+09 0.0007675 0.00180725 0.000244022 1 -0.00017184 0.000174608 -4.85583e-06
1.74066e+09 -0.000232043 0.00281807 0.00163617 1 -0.000209823 -8.36587e-05 0.000116678
1.74066e+09 0.000726637 0.0013545 -0.000352906 1 -0.000209982 9.39558e-05 -6.60525e-05
1.74066e+09 -0.000253164 0.00218775 0.00261673 1 -0.000453966 -7.30303e-05 -3.53848e-05
1.74066e+09 0.000661953 0.0035102 0.00202099 1 5.01986e-05 0.000263951 0.000193239
1.74066e+09 -0.000672538 0.0053384 0.00376325 1 -0.000263371 4.06039e-05 4.56484e-05
1.74066e+09 0.000482458 0.00616458 0.00298992 1 -0.000184187 -0.000395944 0.000128663
1.74066e+09 -0.000528755 0.00571043 0.00320321 1 -0.000139672 -0.000100883 0.000206332
1.74066e+09 0.00106038 0.00417707 0.000693533 1 -0.000298603 -0.000340079 0.000105479
1.74066e+09 0.00262131 0.00578633 -0.000468892 1 -0.000341999 -0.000133771 0.000152344
1.74066e+09 0.00097271 0.00309889 -0.000433237 1 -0.000273864 -0.000179729 -0.000204864
1.74066e+09 -0.000807305 0.00516351 0.000308872 1 -0.000235753 -0.000203453 8.59555e-05
1.74066e+09 0.000339611 0.00609379 0.000409031 1 -0.000170509 -0.000247484 -0.000163817
1.74066e+09 0.00202475 0.00721687 -0.000417936 1 -0.000275334 -0.000236361 2.96341e-05
1.74066e+09 0.00186843 0.00818065 0.000333185 1 -0.000320688 -0.00023587 0.000334638
1.74066e+09 0.00228632 0.00702914 0.000558192 1 -0.00024782 -0.000198628 3.79856e-05
1.74066e+09 0.00101057 0.00389802 0.00139571 1 -0.000220312 -0.000120101 -1.95421e-05
1.74066e+09 0.000102155 0.00360802 0.000828213 1 -0.000318008 -0.000293094 1.86247e-05
1.74066e+09 -0.000859246 0.00115397 0.00224235 1 -0.000177467 -8.85245e-05 -0.00010073
1.74066e+09 0.000923422 -0.00082504 0.000125399 1 -0.000614958 -0.000304331 0.000136623
1.74066e+09 -0.000277545 0.00139414 0.00184763 1 -0.000497866 8.84446e-05 8.90948e-05
1.74066e+09 0.000509063 0.00234251 0.00166838 1 -0.000334428 -3.24557e-05 2.56106e-05
1.74066e+09 0.00178978 0.00529961 0.00215694 1 -0.000259771 -0.000123645 0.000137183
1.74066e+09 0.00209924 0.00498625 0.00110404 1 -5.85207e-05 -0.000327739 -0.000141351
1.74066e+09 0.00253393 0.00400053 0.000828791 1 -0.000277514 -0.000281469 0.00016779
1.74066e+09 0.00228076 0.00300546 0.00106909 1 -0.000169521 1.20286e-05 -5.87839e-05
1.74066e+09 0.00112671 0.00650749 0.000727432 1 -0.000174885 6.70165e-05 0.000312689
1.74066e+09 -4.95409e-05 0.00486519 0.00045828 1 -0.000282915 -3.93309e-05 -1.42313e-05
1.74066e+09 0.000648103 0.00784406 0.000834794 1 -9.66943e-06 -2.36569e-05 -1.7015e-05
1.74066e+09 0.000893134 0.00751087 0.00036039 1 -0.00039602 -0.000200297 4.69448e-05
1.74066e+09 0.000363991 0.00912734 -0.000492438 1 -0.000150571 8.51656e-05 -0.000199506
1.74066e+09 0.000858182 0.00816647 0.000189134 1 -0.000218235 -0.000138212 0.000149514
1.74066e+09 0.000909151 0.00515121 -0.000302895 1 -0.000179638 -3.55917e-05 3.19875e-05
1.74066e+09 0.00179792 0.00479002 0.000887547 1 -8.90332e-05 -8.07434e-05 0.000141724
1.74066e+09 0.00244239 0.000692828 0.000563708 1 -0.000341239 -0.000257126 -1.74831e-05
1.74066e+09 0.00215693 0.000663981 0.000785349 1 -0.000452551 -0.000129008 -6.97173e-05
1.74066e+09 0.00112609 0.00122005 6.4965e-05 1 -0.000277202 -0.000116986 0.000156902
1.74066e+09 0.0018225 0.00284535 0.0017912 1 -0.000248039 -0.000200004 -0.000267603
1.74066e+09 0.00187627 0.00326706 0.0023109 1 -0.000124875 -0.000147024 8.27462e-05
1.74066e+09 0.0013665 0.00609777 0.00153024 1 -0.000337211 -0.000185944 2.04682e-05
1.74066e+09 0.00104494 0.00630407 0.0011567 1 -3.06229e-05 -0.000108662 9.8961e-05
1.74066e+09 0.00204099 0.00726005 -2.68389e-05 1 -0.000147949 -0.000263986 -0.000167693
1.74066e+09 0.00231817 0.00384257 4.88232e-05 1 -0.000176849 -0.000127861 1.99834e-05
1.74066e+09 0.00223996 0.00473494 -0.000255396 1 -0.000244962 -0.000246969 8.08583e-05
1.74066e+09 0.00197382 0.0026241 -0.000656583 1 -0.000179736 -0.00017355 -4.42101e-05
1.74066e+09 0.00140905 0.00405143 -0.000169893 1 -0.000417695 -0.0001826 0.000106097
1.74066e+09 0.00134484 0.00247052 -0.00119366 1 -0.000270494 -0.000289635 5.32969e-05
1.74066e+09 0.000652885 0.00374115 -0.0008644 1 -0.000399438 -0.000104925 -5.69163e-05
1.74066e+09 0.001177 0.00388314 -0.000876645 1 -0.000241525 -0.000199541 -3.92883e-05
1.74066e+09 0.0016774 0.00296721 -0.00016008 1 -0.000315056 -0.000150867 -0.00024701
1.74066e+09 0.00192087 0.00120818 3.32506e-05 1 -0.00033978 1.13126e-05 5.22562e-05
1.74066e+09 0.000185899 0.00395843 0.00122845 1 -0.00035246 -0.000197002 8.21466e-05
1.74066e+09 0.000738672 0.00434136 0.000196249 1 -7.61004e-05 0.000108959 0.00020631
1.74066e+09 -0.000370455 0.00553401 0.00323359 1 -0.000433826 -0.000121652 -7.19959e-05
1.74066e+09 0.000733064 0.00510886 0.00128026 1 -0.00025761 -7.17624e-05 -4.43252e-05
1.74066e+09 0.000559142 0.00546022 0.00301609 1 -0.000407567 -6.07161e-05 0.000341872
1.74066e+09 0.00040391 0.00624342 0.00150656 1 2.66183e-05 -0.000202201 0.000182417
1.74066e+09 -0.000242572 0.00616557 0.00249454 1 -0.000247127 -0.000207858 1.5695e-05
1.74066e+09 0.00170807 0.00592193 0.000867751 1 -0.000108386 -0.000105421 -6.50269e-05
1.74066e+09 0.000618815 0.00710616 0.00107343 1 -0.000224324 -0.000245988 -2.27598e-05
1.74066e+09 0.00100238 0.00732923 0.000508706 1 -0.000590069 -0.000313543 3.12842e-05
1.74066e+09 -0.000232479 0.00555765 0.00104178 1 -4.15149e-05 -0.000167665 -0.000188557
1.74066e+09 -0.00116742 0.0026871 0.000552676 1 -8.22543e-05 -0.000113447 0.000133552
1.74066e+09 -0.0013575 0.00394094 0.000500437 1 -0.000272517 0.0001214 0.000190702
1.74066e+09 0.000797783 0.00480798 0.00118963 1 -0.000331828 -0.000223118 0.000258767
1.74066e+09 0.00185486 0.00557831 0.000917997 1 -0.000316711 -0.000158731 0.000123207
1.74066e+09 0.00170556 0.00497955 0.0013831 1 -0.000183236 -0.000160065 -0.000146489
1.74066e+09 0.00238168 0.00247702 -6.58327e-05 1 -0.000518398 -0.000269417 0.000183204
1.74066e+09 0.00155962 0.00231626 0.00160547 1 -0.000241739 -3.84633e-05 3.83362e-05
1.74066e+09 0.00103489 0.00299008 0.000217967 1 -0.000209123 -8.93265e-05 -2.34194e-05
1.74066e+09 -0.000450514 0.00387458 0.00332073 1 -0.000137039 6.62234e-05 0.000103438
1.74066e+09 -0.000157116 0.00383547 0.00204754 1 -0.000228476 1.41464e-05 -0.00020106
1.74066e+09 8.11365e-05 0.0046912 0.00293619 1 -0.000147897 -2.50636e-05 -1.4839e-05
1.74066e+09 0.00072153 0.00351891 0.00150226 1 5.5486e-05 -0.000155203 -0.000132458
1.74066e+09 0.000882209 0.00305479 0.00161648 1 -0.00021486 -0.000401955 4.02913e-05
1.74066e+09 0.00130175 0.00290233 0.000686252 1 -0.000178264 -0.000242932 0.000171998
1.74066e+09 0.00147161 0.00408202 -6.09337e-06 1 -0.000238947 -0.000371713 0.000161174
1.74066e+09 0.00177191 0.00384596 -0.000876925 1 -0.000226272 -0.000243579 -0.00016609
1.74066e+09 0.00062622 0.00512512 0.000373344 1 -0.000348504 1.59687e-05 -0.000102181
1.74066e+09 0.000287586 0.00746047 0.000551292 1 -0.000212166 -0.000302445 3.06939e-05
1.74066e+09 0.000477515 0.00809366 -0.000117755 1 -0.000366505 -0.000228982 0.000226126
1.74066e+09 0.000505559 0.00612291 -0.00130022 1 -0.000275239 1.695e-05 5.75053e-05
1.74066e+09 0.00213082 0.00323162 -0.000986243 1 -0.000131098 -0.000187658 6.82626e-05
1.74066e+09 0.00217603 0.00428234 0.00106297 1 -0.00026907 -0.000180085 4.10072e-05
1.74066e+09 0.00194032 0.00241788 0.00101697 1 -0.000294686 -0.000140589 -5.97455e-06
1.74066e+09 0.000731236 0.00430297 0.00107039 1 -0.000203067 -5.78486e-05 1.0525e-05
1.74066e+09 0.00147438 0.00113697 0.000501226 1 -0.00032115 -0.000216624 1.6099e-05
1.74066e+09 8.94814e-05 0.00237248 0.00125729 1 -0.000436545 0.000155641 2.49263e-05
1.74066e+09 -0.00078341 0.00552644 0.00192724 1 -0.00011893 0.000116147 0.000152756
1.74066e+09 -0.000150519 0.00522275 0.00125035 1 -0.000224505 -0.000101881 0.000333489
1.74066e+09 -0.000427132 0.00580975 0.000819894 1 -0.000178727 1.73234e-05 -8.50756e-05
1.74066e+09 0.000323584 0.00705662 -8.4523e-05 1 -0.000344438 -0.000329206 -6.37156e-05
1.74066e+09 0.000694735 0.00456929 0.000820602 1 -0.000228122 5.44231e-06 0.000134278
1.74066e+09 0.00115912 0.00509367 0.000574081 1 -0.000230514 -0.00012805 4.26855e-05
1.74066e+09 0.00134182 0.00380474 0.000357116 1 -0.000254734 -0.000190227 -0.000115256
1.74066e+09 0.000585601 0.00418254 0.000317768 1 -0.000239586 3.41146e-05 6.61512e-05
1.74066e+09 1.90739e-05 0.00362927 -0.000672698 1 -0.000330319 -0.000289562 -9.165e-05
1.74066e+09 -0.000686732 0.00504193 -0.000640826 1 -0.000194095 3.13523e-05 -0.000188223
1.74066e+09 -0.000544063 0.00563566 -0.000862746 1 -0.000112351 3.42698e-05 -0.000146621
1.74066e+09 -0.000610536 0.0040776 0.000321898 1 -0.000272374 3.21566e-05 0.000209504
1.74066e+09 0.000953012 0.00373982 0.000928448 1 -0.000326013 -0.000215184 2.97165e-05
1.74066e+09 0.0010105 0.00180768 0.00149095 1 -0.000371781 -0.00020225 1.35489e-05
1.74066e+09 0.000572957 0.00102589 0.00034657 1 -0.000368546 -0.000127886 2.84086e-05
1.74066e+09 -0.00134582 0.00329733 0.00305602 1 -0.000330144 7.02682e-06 0.000353906
1.74066e+09 -0.000351175 0.00476365 0.00190203 1 -0.000302681 -8.14629e-05 6.032e-05
1.74066e+09 -0.000150325 0.00636812 0.00262756 1 -0.000543324 -7.11788e-05 0.000165155
1.74066e+09 0.000217653 0.00681444 0.00155059 1 -0.000229642 -0.000173598 0.000183984
1.74066e+09 0.000936999 0.00693381 0.00165625 1 -0.000343014 -0.00021666 1.28957e-05
1.74066e+09 0.0010174 0.00777799 0.000130803 1 -0.000151261 -0.00023877 0.000426741
1.74066e+09 -0.000920393 0.00815893 0.000666609 1 -0.00041006 -0.000131061 1.96667e-05
1.74066e+09 -0.00102891 0.00392047 0.00014729 1 -0.000252345 -0.00012235 -0.000170824
1.74066e+09 -0.00208755 0.00618428 0.00109557 1 -0.000226516 -3.02497e-06 -5.06343e-05
1.74066e+09 -0.00244944 0.00572124 0.0017314 1 -0.000305136 -4.76055e-05 -0.000153941
1.74066e+09 -0.000975591 0.00795835 0.001284 1 -0.000129429 0.000154218 0.000306351
1.74066e+09 0.000586601 0.00876042 0.000424163 1 -0.00027214 -6.53712e-05 0.000114104
1.74066e+09 0.000901944 0.00496775 0.000317292 1 -0.000157281 -0.000233498 -7.47403e-05
1.74066e+09 -0.000282543 0.00358428 0.0010109 1 -0.000247924 -8.38359e-05 -7.02879e-05
1.74066e+09 0.00123113 0.00209163 -0.000186986 1 -0.000490668 -0.000344925 0.000161912
1.74066e+09 0.00185235 0.00198119 0.000823673 1 -0.000187981 -3.73002e-05 0.000206343
1.74066e+09 0.000646483 0.00256211 0.00094393 1 -3.79925e-05 0.00013062 0.000185514
1.74066e+09 -0.000973574 0.00396744 0.00374326 1 -0.000171508 0.000254765 1.81707e-05
1.74066e+09 -0.00145932 0.00584855 0.00422972 1 -0.000233764 0.000108981 0.000128844
1.74066e+09 -0.00196592 0.00738319 0.0042063 1 -0.000230031 5.45649e-05 -1.71212e-05
1.74066e+09 -0.00119085 0.00718967 0.00275155 1 -0.000181216 7.37442e-06 -8.19305e-05
1.74066e+09 -0.000912371 0.00952518 0.00245585 1 -0.000190191 -0.000182532 0.000180131
1.74066e+09 -0.000961397 0.00917998 0.00083927 1 -0.00023785 0.000112851 -0.000101297
1.74066e+09 -0.000350321 0.0061119 0.000279112 1 -0.000258943 -0.000143308 -5.74213e-05
1.74066e+09 0.000534194 0.00394777 -0.000153864 1 -0.000272536 -8.62935e-05 -0.000267676
1.74066e+09 0.00115514 0.00320148 -0.000205013 1 -0.000259167 -7.84038e-05 0.000117531
1.74066e+09 0.00117049 0.00418122 0.000564922 1 -0.000348445 -0.000237441 -1.40592e-06
1.74066e+09 0.00116015 0.00595546 -0.000179332 1 -0.000218847 2.65202e-05 0.000211295
1.74066e+09 -0.000225989 0.00672687 -0.000723879 1 -0.000315427 -6.79026e-05 1.98784e-05
1.74066e+09 -0.00070781 0.00633143 -0.000696456 1 -0.000294337 -3.6482e-05 9.27382e-07
1.74066e+09 -0.000963567 0.00666931 0.000867054 1 -0.000180612 2.1899e-05 -0.000240932
1.74066e+09 -0.000175094 0.00659899 0.00126787 1 -0.000204544 -0.000132736 -1.96888e-05
1.74066e+09 -0.000429351 0.00558374 0.00248793 1 -0.000229854 0.00016675 7.27875e-05
1.74066e+09 -0.000989193 0.00493782 0.00117755 1 -0.000463651 -5.46487e-05 -4.76137e-05
1.74066e+09 -0.000154786 0.00527347 0.00258601 1 -0.000177874 -1.10824e-05 -0.000181814
1.74066e+09 -8.22621e-05 0.00431955 0.00191938 1 -8.84092e-05 8.78928e-05 -6.72614e-05
1.74066e+09 0.000276731 0.00640656 0.000898844 1 -0.000201871 -5.11311e-05 9.74684e-05
1.74066e+09 -8.77306e-06 0.00627389 0.000377917 1 -0.000271045 -2.15286e-06 0.000119114
1.74066e+09 0.000636539 0.00791765 -0.000213784 1 -0.000391738 -0.00033785 5.43614e-05
1.74066e+09 -9.18636e-05 0.00818746 0.000610884 1 -0.000182054 -8.62546e-05 3.82217e-06
1.74066e+09 0.000787837 0.00859695 -3.74799e-05 1 -0.000319613 -0.000326427 5.38933e-05
1.74066e+09 0.000613523 0.00833976 0.000352626 1 -0.000263147 -0.000158297 -0.000265995
1.74066e+09 5.23523e-05 0.007932 0.000323261 1 -0.00025285 -0.000122723 -3.59747e-05
1.74066e+09 -0.000602633 0.0078233 -0.000535304 1 -0.000278293 -8.32915e-05 0.000233846
1.74066e+09 -0.000440359 0.00703872 -0.000273953 1 -0.000322441 -3.73121e-05 -0.000213268
1.74066e+09 7.84032e-05 0.00540944 2.28666e-05 1 -0.000129657 -0.00017124 -0.000147735
1.74066e+09 -0.000229499 0.00498335 0.000117617 1 -0.000325654 -4.83486e-05 -7.51191e-05
1.74066e+09 -3.10178e-05 0.00249244 -0.000466681 1 -0.000470754 -0.000155629 0.000154728
1.74066e+09 -3.02014e-05 0.00278053 0.00192009 1 -0.000461547 -0.000174478 0.000306991
1.74066e+09 0.000237271 0.00414048 0.00108002 1 -0.000275607 1.9236e-05 1.97213e-05
1.74066e+09 0.00132952 0.00479337 0.00155474 1 -0.000538251 -0.000208525 2.45888e-05
1.74066e+09 0.00164432 0.00479429 0.000324661 1 -0.000218235 -0.000159848 -2.97738e-06
1.74066e+09 -0.000967844 0.0056071 0.00295537 1 -0.000447482 -7.66749e-05 -3.76894e-05
1.74066e+09 -0.000466088 0.0073221 0.00184076 1 -0.000329006 -0.000146921 0.000182009
1.74066e+09 -0.000910593 0.00619554 0.00247774 1 -0.000210221 2.70766e-05 1.62686e-05
1.74066e+09 -0.000187497 0.00207159 0.00118838 1 -0.000118169 -0.000141991 3.09437e-05
1.74066e+09 -0.00120456 0.00172905 0.00156042 1 -0.000314746 -0.0001551 0.000154425
1.74066e+09 -0.00182058 -0.000241753 0.000330221 1 -0.000359178 -0.000145367 0.000126189
1.74066e+09 -0.000416391 0.00203546 0.000311873 1 -0.000433854 -5.20699e-05 -9.22829e-05
1.74066e+09 0.000297593 0.00189643 -0.000529599 1 -0.000335211 -0.000151582 0.000225724
1.74066e+09 -0.000565503 0.0036923 -0.000187362 1 -0.000523474 -0.000141278 -7.47512e-05
1.74066e+09 -0.00124048 0.00524484 0.000597348 1 -0.000192474 -0.000174984 -0.000235542
1.74066e+09 -0.00142882 0.00613943 0.00117028 1 -0.000481535 -0.000334912 0.000214217
1.74066e+09 -0.000735836 0.00849026 0.00222076 1 -0.000210811 8.29868e-05 -3.18386e-05
1.74066e+09 -0.000176018 0.00571351 0.00190818 1 -0.000344572 -0.000361421 0.000186671
1.74066e+09 -1.30424e-05 0.00695323 0.00227344 1 -0.000144661 -5.79041e-05 0.000237892
1.74066e+09 0.000915828 0.00355709 0.000465633 1 -0.000276461 -9.58621e-05 7.97631e-05
1.74066e+09 0.000665245 0.00252904 0.00145469 1 -0.000124573 -4.30907e-06 0.000221954
1.74066e+09 0.000827555 0.00415917 0.000935526 1 -0.000154251 -6.96279e-06 -0.000255318
1.74066e+09 0.000788406 0.0081005 0.00102316 1 -0.000169743 -7.38113e-05 -3.30147e-05
1.74066e+09 -0.000437733 0.00929948 0.000889422 1 -0.000179503 -6.58147e-05 9.0392e-05
1.74066e+09 0.000597569 0.00931433 0.000956376 1 -0.000194225 -0.000369514 0.000122125
1.74066e+09 -0.000964193 0.0101926 -0.000269582 1 -0.000260437 -0.00012548 0.000241478
1.74066e+09 -0.00150442 0.0104913 -0.000158537 1 -0.000203577 -0.000137504 8.96118e-05
1.74066e+09 -0.000754235 0.00886194 2.11324e-05 1 -0.000415076 -0.000161523 -0.00018739
1.74066e+09 0.000134695 0.0074464 0.000124925 1 -0.000340847 -0.000109595 8.83511e-05
1.74066e+09 0.000732489 0.00847893 -6.17206e-05 1 -0.00023969 -0.000198432 -4.83903e-05
1.74066e+09 -0.000152467 0.00847553 0.00137171 1 -0.00017129 -2.88723e-05 0.000135417
1.74066e+09 -0.000555273 0.00934392 0.000594294 1 -0.000182019 4.1494e-05 -6.11383e-05
1.74066e+09 0.000448861 0.00635015 -3.15222e-05 1 -0.000338971 -0.000260875 0.000177267
1.74066e+09 0.000198757 0.0106306 0.000985258 1 -0.000302795 -2.84333e-05 0.000159333
1.74066e+09 -1.36463e-05 0.00651477 0.00115839 1 -0.000317509 -0.000198638 0.000250244
1.74066e+09 -0.00110231 0.00966194 0.00161344 1 -0.000284682 0.000167191 0.000153585
1.74066e+09 -0.000595532 0.0126776 0.00103184 1 -0.000222499 -9.46341e-05 0.00021935
1.74066e+09 -1.18825e-05 0.00899888 0.00131766 1 -0.000248405 -7.99389e-05 8.03489e-05
1.74066e+09 0.00122606 0.00784749 0.00143983 1 -0.000241602 1.44828e-05 6.68883e-05
1.74066e+09 0.00126559 0.00939151 0.000672289 1 -0.000284885 -0.000141702 -0.000168855
1.74066e+09 0.00134698 0.00624271 0.000684726 1 -6.30083e-05 -1.27404e-05 9.55237e-05
1.74066e+09 0.00168132 0.00861312 -0.000447262 1 -0.000177719 -0.000263823 7.87309e-05
1.74066e+09 0.000830501 0.00777214 0.000479397 1 -0.000249026 1.93776e-05 -0.000236279
1.74066e+09 0.000610459 0.00836369 -0.00125324 1 -0.000344631 -0.00021399 0.000108227
1.74066e+09 0.000600681 0.0090809 -0.000552978 1 -9.90487e-05 2.05396e-05 7.16576e-05
1.74066e+09 8.02628e-05 0.0111134 -0.000838926 1 -0.00021272 -6.24656e-05 2.44768e-05
1.74066e+09 0.000330077 0.0116552 -0.000767361 1 -0.000191191 -9.31525e-05 5.96163e-05
1.74066e+09 0.000602441 0.0121544 -0.000305497 1 -7.51639e-05 7.31349e-05 0.000166719
1.74066e+09 0.000379493 0.0139205 -0.000386267 1 -0.0002153 -6.59425e-05 -3.24623e-05
1.74066e+09 -0.000573451 0.0168069 0.000500687 1 -0.000161603 -3.22079e-06 1.08354e-05
1.74066e+09 0.000205672 0.01374 0.000497219 1 -0.000360706 -6.93333e-07 -3.65664e-05
1.74066e+09 -0.000592595 0.015634 0.00107318 1 -0.00029826 -0.000140868 -6.53707e-05
1.74066e+09 -0.000329276 0.0147965 0.000522614 1 -2.95263e-05 0.000273805 0.000340064
1.74066e+09 -0.00111796 0.0126338 0.00227137 1 -0.000409523 -0.000109324 8.54983e-05
1.74066e+09 0.000310507 0.00873993 0.0013106 1 1.18934e-05 5.76962e-05 0.000118539
1.74066e+09 -0.000642832 0.00843931 0.00362126 1 -0.000514854 -0.000198213 9.95946e-05
1.74066e+09 0.000168564 0.0118984 0.00182378 1 5.76473e-05 3.37392e-05 -1.03262e-05
1.74066e+09 0.000171889 0.0128506 4.09299e-05 1 -0.000402915 2.54186e-05 8.36205e-05
1.74066e+09 0.000379095 0.0144683 -0.00149524 1 -0.000184938 -0.000268029 2.71181e-05
1.74066e+09 -0.00164657 0.0125252 0.000418116 1 -0.000244577 -0.000104235 0.000199572
1.74066e+09 -0.00182379 0.0129644 0.000463381 1 -0.000163572 -8.5614e-05 -2.5129e-05
1.74066e+09 -0.0012919 0.0174461 0.00108383 1 -0.000244456 -4.36886e-07 0.000292926
1.74066e+09 -0.000298296 0.0165687 0.000288677 1 -0.00010778 -0.000128319 -0.000123068
1.74066e+09 0.000980297 0.0167542 -0.000486985 1 -0.000299088 -0.000174979 -0.000353163
1.74066e+09 0.00144399 0.0179651 -0.000511582 1 -8.91166e-05 9.45599e-05 7.02475e-05
1.74066e+09 0.0012669 0.0174198 -0.00122248 1 -0.000297507 -0.00016676 0.000223024
1.74066e+09 0.000244178 0.0162438 -0.00031298 1 -0.000128162 -1.58406e-05 -0.000187974
1.74066e+09 0.000491253 0.0192848 -0.000175533 1 -0.000211233 -0.000150687 8.76834e-05
1.74066e+09 -2.43597e-05 0.0178537 0.00204551 1 -0.000178475 -3.02501e-05 0.00013043
1.74066e+09 0.00136369 0.0183264 0.0013667 1 -0.000266848 -0.00029358 0.000280274
1.74066e+09 -0.000269738 0.0176196 0.00287466 1 -0.000378985 0.000129811 0.000114384
1.74066e+09 -0.00196045 0.0130793 0.00348564 1 -0.000251936 1.22612e-05 -0.000134962
1.74066e+09 -0.00142029 0.0110806 0.00395567 1 -0.000177183 -1.6948e-05 2.1628e-05
1.74066e+09 -0.00253705 0.0097719 0.0028458 1 -4.43996e-05 0.000190261 0.000101845
1.74066e+09 -0.00212554 0.0109896 0.00180339 1 3.26046e-05 0.000213033 2.08466e-06
1.74066e+09 -0.000463618 0.0154277 -5.75363e-05 1 -0.00029661 -0.000139597 7.38266e-05
1.74066e+09 0.00151434 0.0164859 -0.00085463 1 -8.73308e-05 -0.000131796 0.000337217
1.74066e+09 0.00119148 0.0168529 -0.00119977 1 -5.91567e-05 -9.65952e-05 -0.000202172
1.74066e+09 0.0012725 0.0148624 -0.00185404 1 -0.000426795 -0.000301404 0.000213125
1.74066e+09 0.000213567 0.0146971 -0.00110978 1 -0.000123679 -0.00025528 -4.08164e-05
1.74066e+09 -0.00186528 0.0139619 0.000306795 1 -0.000109771 0.000156801 8.37112e-05
1.74066e+09 -0.000243885 0.0108902 0.000875901 1 -0.000159661 -0.000128418 3.23953e-05
1.74066e+09 0.00146848 0.0071067 -0.000107754 1 -0.000318926 -6.51159e-05 0.000158389
1.74066e+09 0.000750705 0.00582363 3.07932e-05 1 -0.000172642 -4.07584e-05 -0.000212566
1.74066e+09 0.000918635 0.00848882 -7.00386e-05 1 -0.000393578 -0.000420707 -5.26199e-05
1.74066e+09 0.000789809 0.0102539 0.00167867 1 -0.000298973 8.49825e-05 -0.000130763
1.74066e+09 0.00173535 0.0114274 0.00202898 1 -0.00034017 -0.000287242 -0.00022411
1.74066e+09 0.00120314 0.0124061 0.0029045 1 -0.000280211 0.000199251 -2.19269e-05
1.74066e+09 0.00106633 0.0102964 0.00159901 1 -0.000403496 -0.000124842 -0.00013527
1.74066e+09 0.00107402 0.00958001 0.000682251 1 -0.000303101 -8.89971e-05 -0.000151412
1.74066e+09 0.000607388 0.00762584 0.000893467 1 -7.77748e-05 2.11919e-05 -0.000122375
1.74066e+09 0.000589774 0.0109749 -5.9614e-05 1 -0.000306342 -0.00018541 4.98861e-05
1.74066e+09 0.000926159 0.00872692 0.000413377 1 -9.76038e-05 -5.02333e-05 -0.000129519
1.74066e+09 0.00225978 0.00820272 -6.06211e-05 1 -0.000328993 -0.000499537 -3.54673e-05
1.74066e+09 0.00152078 0.00723751 9.16134e-05 1 -0.000221568 -0.000238924 3.3205e-06
1.74066e+09 0.0013059 0.00789554 -0.000415227 1 -0.000317092 -0.000127919 0.000112715
1.74066e+09 0.00139053 0.00873184 -0.00102635 1 -0.000211991 1.60922e-06 0.000151989
1.74066e+09 0.00180341 0.00772231 -0.000843013 1 -0.000440075 -0.000209479 0.000123126
1.74066e+09 0.00144632 0.00763739 0.000382061 1 -0.000183974 -0.000164219 4.29262e-05
1.74066e+09 0.00191367 0.00502373 0.00117876 1 -0.000400864 -0.000131463 0.000222696
1.74066e+09 0.00137469 0.00353743 -0.000479175 1 -0.000393514 -0.000203607 7.8227e-05
1.74066e+09 -0.00138915 0.0025006 0.00145396 1 -0.000405167 -4.63424e-05 2.97619e-05
1.74066e+09 0.000276418 0.00391574 -0.000295272 1 -0.000327998 -6.49958e-05 4.70028e-05
1.74066e+09 0.000163284 0.00437182 0.00173233 1 -0.000371593 -3.03278e-05 9.4287e-05
1.74066e+09 0.00112441 0.00559712 0.00167293 1 -0.000257546 2.95761e-05 0.000175906
1.74066e+09 0.00109973 0.00624367 0.00234395 1 -0.000494163 8.68585e-08 1.25996e-05
1.74066e+09 -0.000346283 0.00618365 0.00201801 1 -0.00014394 -0.000326711 0.000122026
1.74066e+09 -0.0018705 0.00446667 0.00300433 1 -0.000270519 8.96829e-05 -9.16044e-05
1.74066e+09 6.98667e-05 0.00201304 0.000940538 1 -0.000206624 -0.000191743 -0.000165037
1.74066e+09 0.00141261 0.00300636 0.000853238 1 -0.000525129 -0.000176406 0.000245884
1.74066e+09 0.00205474 0.00488072 -0.000394945 1 -0.000283894 -0.000154946 4.14188e-05
1.74066e+09 -0.000640457 0.00883974 0.000429781 0.999998 -0.000385647 -0.00185239 0.000136771
1.74066e+09 0.0143271 0.0108729 0.00181662 0.999994 0.00010914 -0.00311006 0.00139126
1.74066e+09 0.0499343 0.0149708 0.00391155 0.999998 -0.00119045 -0.00134531 -3.95353e-05
1.74066e+09 0.0827041 0.0158189 0.00644775 0.999999 0.000471185 -9.98159e-05 0.00101142
1.74066e+09 0.113596 0.0189609 0.00330111 0.999999 -0.000389757 -0.00140456 -0.000355104
1.74066e+09 0.143841 0.0169392 0.00562741 0.999999 0.00049201 -0.00112484 0.00121732
1.74066e+09 0.173371 0.022057 0.00779906 0.999999 -0.000696115 0.000957059 0.000473389
1.74066e+09 0.202438 0.0188949 0.00682059 0.999999 0.000115031 -0.00162142 0.000183911
1.74066e+09 0.237658 0.0176609 0.0115226 0.999999 0.000833851 0.000306293 0.000530812
1.74066e+09 0.266709 0.0196355 0.0123226 1 -0.00060497 -0.000240736 -0.00015472
1.74066e+09 0.298151 0.0128024 0.0156407 0.999996 -0.000486135 -0.00160615 0.00212583
1.74066e+09 0.334308 0.0239433 0.018094 0.999999 -0.000270584 0.00068785 0.000993586
1.74066e+09 0.366917 0.0270125 0.0143301 0.999998 -0.000645014 -0.00155497 0.00112992
1.74066e+09 0.396078 0.0261563 0.0180308 0.999996 0.00160484 -0.0013568 0.00191783
1.74066e+09 0.431543 0.0305633 0.0134642 0.999998 -0.00163437 -2.83119e-05 0.00109452
1.74066e+09 0.464844 0.0297623 0.014348 0.999996 0.0014174 -0.00166085 0.00194861
1.74066e+09 0.499017 0.0351444 0.0215393 0.999999 0.000435035 0.000535761 0.00152181
1.74066e+09 0.531466 0.0349826 0.0195934 0.999999 -5.01426e-06 -0.00025974 0.0013112
1.74066e+09 0.566333 0.0346815 0.0261554 0.999993 0.00251453 -0.00149944 0.00226564
1.74066e+09 0.601821 0.0417957 0.0280163 0.999999 -0.000339252 0.00066721 0.00131932
1.74066e+09 0.634293 0.0404823 0.0261951 0.999998 -0.000384161 0.00032378 0.00211583
1.74066e+09 0.66612 0.0423887 0.0290906 0.999996 0.00121334 -0.00103636 0.00219455
1.74066e+09 0.70008 0.0458123 0.0292502 0.999997 0.000634488 0.00143728 0.00174973
1.74066e+09 0.731557 0.0494292 0.0277138 0.999995 7.89843e-05 -4.40922e-05 0.00300099
1.74066e+09 0.765925 0.0547464 0.0337767 0.999996 0.00144799 0.000592508 0.00232357
1.74066e+09 0.799556 0.0585064 0.0349959 0.999997 0.000745844 0.00151217 0.00199706
1.74066e+09 0.836541 0.0614047 0.0331678 0.999996 0.000445288 0.000224932 0.00279679
1.74066e+09 0.872099 0.062588 0.0370682 0.999995 0.00137531 -3.35789e-05 0.00286192
1.74066e+09 0.906026 0.0598741 0.0376966 0.999998 0.000665747 0.00053912 0.00150831
1.74066e+09 0.93947 0.0603111 0.0358665 0.999997 0.0006633 1.83687e-05 0.00248286
1.74066e+09 0.974042 0.0683319 0.0420142 0.999997 0.00132881 0.00153924 0.00160256
1.74066e+09 0.999868 0.0736366 0.0401536 0.999998 0.000999479 0.000389851 0.00150666
1.74066e+09 1.02966 0.0727658 0.037528 0.999996 0.000259603 -0.00170982 0.00228362
1.74066e+09 1.06287 0.0725193 0.0439122 0.999996 0.00225422 0.00120382 0.00107391
1.74066e+09 1.09242 0.0751512 0.0411528 0.999998 0.00107342 0.000467922 0.00144821
1.74066e+09 1.12342 0.0780739 0.0465482 0.999999 0.00137677 0.00012157 0.00081712
1.74066e+09 1.15424 0.073286 0.0499735 0.999997 0.000993899 0.00186489 0.000875422
1.74066e+09 1.18218 0.0721187 0.0471941 0.999996 0.00130649 -0.00246844 0.000304318
1.74066e+09 1.21518 0.0748073 0.0514225 0.999994 0.00319305 0.00129353 0.000464033
1.74066e+09 1.24274 0.0826916 0.0489456 0.999998 0.00175942 -0.000833037 0.000984135
1.74066e+09 1.27381 0.0735562 0.0555509 0.999995 0.00217571 0.00216364 0.00111881
1.74066e+09 1.29152 0.0823603 0.0516969 0.999999 0.000803014 -0.000506156 0.0010416
1.74066e+09 1.30457 0.0783072 0.0525633 0.999997 0.00203907 -0.000325707 0.00161302
1.74066e+09 1.31712 0.0787428 0.0509421 0.999997 0.00136523 -0.00172588 0.000894391
1.74066e+09 1.33174 0.0826383 0.0517303 0.999998 0.000603333 -0.00186257 0.000470113
1.74066e+09 1.34997 0.0836977 0.0548476 0.999996 0.00213436 0.000276815 0.00161308
1.74066e+09 1.36132 0.0843932 0.0558882 0.999998 0.00120285 -0.00167433 0.000488799
1.74066e+09 1.37695 0.0828997 0.05442 0.999997 0.00139291 -0.00178915 0.000841991
1.74066e+09 1.39468 0.0837681 0.0565465 0.999999 0.00133598 5.99394e-05 0.00098032
1.74066e+09 1.40979 0.0820866 0.0558814 0.999998 0.00208059 0.000126406 0.000684687
1.74066e+09 1.42006 0.0880787 0.0567121 0.999992 0.00216665 0.00331449 0.000273711
1.74066e+09 1.4174 0.0882182 0.0541976 0.999999 0.00126516 0.000824672 0.000187161
1.74066e+09 1.4093 0.0866173 0.054393 0.999998 0.00168843 -9.7202e-05 0.000589222
1.74066e+09 1.40622 0.0818528 0.0556591 0.999999 0.00135884 0.00018583 0.000881716
1.74066e+09 1.40115 0.0773168 0.0572628 0.999999 0.00143831 -2.50713e-05 0.000930884
1.74066e+09 1.39951 0.0746027 0.0592899 0.999999 0.00118081 -0.000161374 0.00108481
1.74066e+09 1.39992 0.0739858 0.0586346 0.999998 0.0016596 -8.46951e-05 0.000948302
1.74066e+09 1.40021 0.0734482 0.0585964 0.999999 0.00147542 -6.66532e-05 0.000898856
1.74066e+09 1.39935 0.0726116 0.0583633 0.999998 0.00149518 -3.18346e-05 0.000935194
1.74066e+09 1.39838 0.07513 0.0584917 0.999999 0.00130806 1.12148e-05 0.00105115
1.74066e+09 1.39754 0.0766261 0.0558906 0.999999 0.00139351 -0.000170583 0.000689672
1.74066e+09 1.39745 0.0806704 0.0552344 0.999999 0.00125568 1.50727e-05 0.00114655
1.74066e+09 1.39792 0.0766556 0.0546256 0.999998 0.00164084 0.000107408 0.00108558
1.74066e+09 1.39937 0.0795088 0.0554237 0.999998 0.00147554 -0.000148057 0.0011859
1.74066e+09 1.40075 0.0771126 0.0545889 0.999998 0.00161216 -0.000237107 0.00124771
1.74066e+09 1.40008 0.0770972 0.0553492 0.999999 0.00141578 -8.47718e-05 0.000948298
1.74066e+09 1.40112 0.0733414 0.0553444 0.999998 0.00134222 -0.000244326 0.00115589
1.74066e+09 1.4011 0.0737665 0.0547705 0.999998 0.00143449 -0.000398811 0.00104427
1.74066e+09 1.40131 0.0706898 0.0563504 0.999998 0.00149253 -0.000315195 0.00114199
1.74066e+09 1.40085 0.0723588 0.0563556 0.999998 0.00145668 -0.000226959 0.00124385
1.74066e+09 1.40218 0.0717648 0.0561383 0.999999 0.00141748 -0.000338108 0.000915377
1.74066e+09 1.40202 0.0692303 0.0560477 0.999998 0.00145048 8.59623e-05 0.00111986
1.74066e+09 1.40233 0.069595 0.0565367 0.999998 0.00166261 -6.42623e-05 0.000811658
1.74066e+09 1.40077 0.0709136 0.0560985 0.999998 0.001556 -9.10564e-05 0.000915286
1.74066e+09 1.40064 0.0707777 0.0568778 0.999999 0.00149239 3.22331e-06 0.000871842
1.74066e+09 1.39974 0.0703895 0.0563152 0.999998 0.00149223 -0.000229241 0.00088636
1.74066e+09 1.40003 0.0726076 0.0560863 0.999999 0.00131918 -0.000311004 0.000647961
1.74066e+09 1.40028 0.0691096 0.0564842 0.999999 0.00148817 -0.00021607 0.000677721
1.74066e+09 1.40049 0.0692081 0.0561305 0.999999 0.0013054 -0.000314328 0.000701436
1.74066e+09 1.40057 0.0709695 0.0573435 0.999999 0.00140102 -0.000262263 0.000899039
1.74066e+09 1.40145 0.0723426 0.054842 0.999999 0.00145722 -0.000521034 0.00065139
1.74066e+09 1.40069 0.0727417 0.0546528 0.999999 0.00118277 -0.00055636 0.000909613
1.74066e+09 1.40155 0.0734323 0.0537341 0.999998 0.00134318 -0.000553541 0.00108482
1.74066e+09 1.40103 0.0709959 0.0552613 0.999998 0.00148829 -0.000558873 0.000850118
1.74066e+09 1.40193 0.0721379 0.0545477 0.999998 0.00139436 -0.000546821 0.00116768
1.74066e+09 1.4005 0.0731827 0.0557889 0.999998 0.00125431 -0.000534325 0.00135593
1.74066e+09 1.39998 0.0735312 0.0548532 0.999998 0.00122911 -0.000592509 0.00156717
1.74066e+09 1.39859 0.0749876 0.0555277 0.999998 0.00135915 -0.000311173 0.00144382
1.74066e+09 1.39841 0.0787606 0.055069 0.999998 0.00128074 -0.000405977 0.00146434
1.74066e+09 1.40002 0.0805842 0.0549214 0.999998 0.00120353 -0.000446066 0.00130155
1.74066e+09 1.39837 0.0814681 0.0549489 0.999998 0.0013543 -0.000280543 0.00132821
1.74066e+09 1.39847 0.0774004 0.0540739 0.999998 0.0013411 -0.000454006 0.00119708
1.74066e+09 1.39642 0.0771109 0.0553822 0.999998 0.00125024 -0.000311812 0.00119201
1.74066e+09 1.39556 0.0763726 0.0548811 0.999998 0.00141991 0.000103244 0.00120918
1.74066e+09 1.39735 0.0748215 0.0579461 0.999998 0.00138886 0.000300484 0.00114618
1.74066e+09 1.39892 0.0713169 0.0566816 0.999998 0.00152406 -0.000112106 0.0012057
1.74066e+09 1.39718 0.0719548 0.0580303 0.999998 0.00151681 0.000178743 0.00116091
1.74066e+09 1.40071 0.0689249 0.0556278 0.999997 0.00161746 0.0001504 0.00154502
1.74066e+09 1.40168 0.0707917 0.0565422 0.999998 0.00150612 0.00013243 0.00118957
1.74066e+09 1.40316 0.0718091 0.0541686 0.999998 0.00151114 -7.35758e-05 0.0014257
1.74066e+09 1.40205 0.0713836 0.0539589 0.999998 0.00164014 0.000130352 0.00129271
1.74066e+09 1.40098 0.0721955 0.0524853 0.999998 0.00145159 -0.000127759 0.00125134
1.74066e+09 1.39861 0.0739713 0.0537611 0.999998 0.0015265 0.000161379 0.001471
1.74066e+09 1.39839 0.0756137 0.0546333 0.999998 0.00153489 -0.000241464 0.00136041
1.74066e+09 1.39925 0.0771464 0.0557845 0.999998 0.00153714 0.000124232 0.00136214
1.74066e+09 1.39996 0.0760069 0.0560916 0.999998 0.00166032 0.000259743 0.00118303
1.74066e+09 1.39995 0.0765512 0.0558643 0.999998 0.00166343 0.000198158 0.00139798
1.74066e+09 1.4004 0.0771406 0.0552469 0.999998 0.00152808 0.0002437 0.00128559
1.74066e+09 1.40129 0.0763073 0.0545395 0.999998 0.00161816 0.000156624 0.00124924
1.74066e+09 1.40114 0.0741938 0.0544504 0.999998 0.00129235 -0.000139444 0.00130738
1.74066e+09 1.39991 0.074245 0.0551726 0.999998 0.00126968 -0.000160639 0.0014794
1.74066e+09 1.39807 0.0742337 0.0557998 0.999998 0.00143051 -3.89776e-05 0.0011923
1.74066e+09 1.39751 0.0748169 0.0552006 0.999998 0.00137191 -0.000344949 0.00124607
1.74066e+09 1.39764 0.0776913 0.0553138 0.999998 0.00127645 -0.000181782 0.00132595
1.74066e+09 1.3979 0.0769872 0.0549951 0.999998 0.0014292 -0.000306035 0.00127725
1.74066e+09 1.40043 0.0758774 0.0554399 0.999998 0.00138229 -0.000445989 0.00137763
1.74066e+09 1.40043 0.072085 0.0549088 0.999998 0.00150588 -0.000222203 0.00124796
1.74066e+09 1.40095 0.0700966 0.05494 0.999998 0.00157248 -0.000410427 0.00129003
1.74066e+09 1.39897 0.0709461 0.055454 0.999999 0.00127064 -0.000354899 0.00103499
1.74066e+09 1.39916 0.07445 0.0552283 0.999998 0.00167866 -8.55956e-06 0.001311
1.74066e+09 1.39888 0.0739325 0.0547026 0.999998 0.00133812 -0.000389661 0.00122954
1.74066e+09 1.3997 0.0740277 0.0548866 0.999999 0.00122033 -0.000228302 0.00109764
1.74066e+09 1.40077 0.0768631 0.0538333 0.999998 0.00137283 -0.000465284 0.0013651
1.74066e+09 1.40167 0.0766816 0.0537279 0.999998 0.0014456 -0.0004708 0.001399
1.74066e+09 1.40231 0.0782873 0.0538176 0.999998 0.00165658 -0.000298039 0.000930993
1.74066e+09 1.40176 0.0766241 0.054153 0.999999 0.00143758 3.16787e-05 0.000823989
1.74066e+09 1.39974 0.0775797 0.0558043 0.999999 0.0012164 -9.772e-05 0.00117284
1.74066e+09 1.39905 0.0782274 0.0553259 0.999998 0.001539 -0.000141512 0.00113364
1.74066e+09 1.40047 0.0731464 0.0552291 0.999998 0.00136723 -0.000327769 0.00115673
1.74066e+09 1.39988 0.078664 0.0561662 0.999998 0.00144176 -0.000154774 0.00144861
1.74066e+09 1.40171 0.0751202 0.0548767 0.999998 0.0012705 -0.000438679 0.00123445
1.74066e+09 1.40008 0.0736727 0.0566987 0.999999 0.00135937 -9.24511e-05 0.00100038
1.74066e+09 1.40064 0.0753267 0.0553267 0.999999 0.00113197 -0.000375848 0.00110345
1.74066e+09 1.40078 0.071339 0.0561679 0.999998 0.00131765 -0.000282619 0.00137163
1.74066e+09 1.40108 0.0703098 0.0550106 0.999998 0.00126933 -0.000397261 0.00132909
1.74066e+09 1.40068 0.0699499 0.0560572 0.999998 0.00150194 -0.000277763 0.00129483
1.74066e+09 1.39923 0.072185 0.0543511 0.999998 0.00143507 -0.000236522 0.00123985
1.74066e+09 1.39872 0.072461 0.0566594 0.999998 0.00133931 -0.000162708 0.00114813
1.74066e+09 1.39731 0.0770865 0.0563792 0.999998 0.00143366 -0.000198512 0.00129595
1.74066e+09 1.39766 0.0789176 0.055336 0.999998 0.00120729 -0.000367531 0.001395
1.74066e+09 1.39695 0.0800584 0.0559901 0.999998 0.00127327 -0.000231309 0.00122841
1.74066e+09 1.39629 0.0831844 0.0567273 0.999998 0.00137663 -0.00032173 0.00124337
1.74066e+09 1.39697 0.0846058 0.0565123 0.999998 0.00143961 -0.000137391 0.00145932
1.74066e+09 1.39733 0.0804472 0.0586724 0.999998 0.00122597 -0.000155456 0.00133572
1.74066e+09 1.39792 0.0771067 0.0597077 0.999998 0.0013368 4.6918e-06 0.00137934
1.74066e+09 1.39981 0.0726974 0.0588734 0.999998 0.00132919 -0.000246527 0.00117738
1.74066e+09 1.40133 0.0708544 0.0587027 0.999998 0.00120469 -0.000318445 0.00142269
1.74066e+09 1.4014 0.0696184 0.0571913 0.999998 0.00132285 -0.000216838 0.00163062
1.74066e+09 1.4011 0.0699448 0.0577296 0.999998 0.0011347 -0.000265007 0.00133419
1.74066e+09 1.39927 0.0691205 0.0569496 0.999996 0.00127585 -0.00209906 0.00131408
1.74066e+09 1.41441 0.0733159 0.0560294 0.999986 0.00202153 -0.00466134 0.00115296
1.74066e+09 1.45947 0.0779233 0.0589644 0.999999 0.00112605 -0.00049176 0.000783458
1.74066e+09 1.50149 0.0820258 0.0590979 0.999998 0.00134007 -0.000430193 0.00155907
1.74066e+09 1.53962 0.0849888 0.0635843 0.999997 0.00231865 -0.000367285 0.000507401
1.74066e+09 1.57893 0.0928111 0.0644812 0.999997 0.00161033 0.00120203 0.00117826
1.74066e+09 1.62091 0.0966817 0.0658052 0.999994 0.00245347 0.000942174 0.00242005
1.74066e+09 1.66587 0.0988187 0.0676863 0.999998 0.00155233 0.00137159 0.000761377
1.74066e+09 1.70728 0.0944046 0.0690236 0.999997 0.00240083 -0.000365761 0.000800046
1.74066e+09 1.74757 0.0934715 0.0709805 0.999998 0.00189486 -7.06932e-05 0.000748746
1.74066e+09 1.79191 0.0918148 0.0724336 0.999996 0.00220716 0.00117812 0.00132516
1.74066e+09 1.8366 0.0898772 0.0740864 0.999996 0.00175948 0.00156586 0.0014424
1.74066e+09 1.878 0.091319 0.0734635 0.999996 0.00152719 0.00138015 0.00166944
1.74066e+09 1.91661 0.0883172 0.0754108 0.999998 0.00161216 0.000788726 0.000893089
1.74066e+09 1.95612 0.091429 0.077084 0.999996 0.00214038 0.00204747 0.000297874
1.74066e+09 1.99578 0.0954884 0.0778215 0.999993 0.00200992 0.00293998 0.000944922
1.74066e+09 2.03585 0.0987427 0.0782821 0.999994 0.00232007 0.00225414 0.00153716
1.74066e+09 2.07825 0.101685 0.0817416 0.999994 0.00231387 0.00207231 0.00123361
1.74066e+09 2.11906 0.10308 0.0853208 0.999993 0.00257008 0.00252563 -0.000213836
1.74066e+09 2.16043 0.106703 0.0870818 0.999994 0.00243226 0.00240874 -0.000942364
1.74066e+09 2.20194 0.112245 0.0866334 0.999993 0.00277748 0.00253157 -0.00012637
1.74066e+09 2.24264 0.117852 0.0857325 0.999991 0.00204879 0.00374236 0.000598026
1.74066e+09 2.28389 0.119828 0.0868292 0.999993 0.00245512 0.00291811 -0.000284255
1.74066e+09 2.3204 0.124239 0.0887188 0.999995 0.00177292 0.00137983 -0.00228979
1.74066e+09 2.35858 0.119176 0.0905239 0.999992 0.00274179 0.00180612 -0.00206853
1.74066e+09 2.39633 0.118657 0.0919785 0.999989 0.00305154 0.00354889 -0.000949417
1.74066e+09 2.43499 0.121645 0.0915569 0.999997 0.00206319 0.00110958 -0.00114751
1.74066e+09 2.47326 0.123054 0.0946201 0.99999 0.00284978 0.00231689 -0.00260155
1.74066e+09 2.51321 0.124401 0.0965361 0.999985 0.0030358 0.00376126 -0.00266323
1.74066e+09 2.55062 0.123741 0.096139 0.99999 0.00309854 0.00258479 -0.00192883
1.74066e+09 2.58783 0.127797 0.0954559 0.999994 0.00224724 0.00121728 -0.0023807
1.74066e+09 2.62672 0.129664 0.100621 0.999985 0.00219672 0.0029026 -0.00411148
1.74066e+09 2.66567 0.13081 0.10045 0.999985 0.00313216 0.00275931 -0.00361626
1.74066e+09 2.70163 0.136856 0.100363 0.999991 0.00269558 0.00128891 -0.00286328
1.74066e+09 2.74014 0.138889 0.101752 0.999982 0.00265233 0.00285192 -0.00450818
