1.74066e+09 0.00184599 0.00871437 -0.0013683 1 -0.000370366 -0.000381861 -1.19449e-05
1.74066e+09 0.000967319 0.00936066 -0.000542527 1 -0.000594429 -0.000206522 0.000315299
1.74066e+09 -0.000676118 0.00569208 -0.000655131 1 -0.000875295 -0.000312478 -0.000200167
1.74066e+09 -0.00280365 0.00197701 0.000179827 1 -5.63493e-05 -0.000137199 0.000151053
1.74066e+09 -0.00165269 0.000959631 -0.00103155 1 -0.000703076 0.00014032 -0.000136835
1.74066e+09 0.000292688 0.00431389 -0.000411763 1 -0.000921653 0.000352953 -0.000119848
1.74066e+09 0.00135853 0.00333885 2.54239e-05 1 -0.000892474 0.000196027 9.08605e-05
1.74066e+09 5.01799e-05 0.00531761 0.000949133 1 -0.000917744 -0.000176308 6.50737e-05
1.74066e+09 0.00107151 0.00129192 0.00238555 1 -0.000407583 2.77086e-05 -0.000197494
1.74066e+09 0.00179051 -0.00166832 0.00064695 1 -0.000180507 -0.000116416 -0.000158964
1.74066e+09 -0.00010493 -0.00296368 0.00191955 1 -0.000426066 -0.00039251 1.91498e-05
1.74066e+09 -0.000676174 -0.00300265 -0.000311912 1 -0.000278336 5.48945e-05 -0.00024421
1.74066e+09 -0.0011222 -0.00193262 0.00147424 1 -0.000757971 4.54439e-06 0.000103046
1.74066e+09 -0.00197087 -0.00227759 0.000852277 1 -0.000441579 -0.000108502 -0.000193318
1.74066e+09 -0.000865209 0.00210435 0.00238825 1 -0.000723672 3.15393e-05 4.82101e-05
1.74066e+09 -0.000117054 0.00662253 0.00106645 1 -0.000948544 0.000197433 0.00021679
1.74066e+09 -0.00116238 0.00700283 0.0013294 0.999999 -0.00118175 -0.000459588 0.000173599
1.74066e+09 -0.00165574 0.00567919 0.000560715 1 -0.000534986 -0.000115699 -4.32358e-05
1.74066e+09 -0.00122991 0.00680608 -0.00018443 1 -0.00054875 -0.000127604 -0.000153235
1.74066e+09 -0.000122152 0.00633134 -0.000732608 1 -0.000594032 -0.000146074 -0.000336686
1.74066e+09 0.000206989 0.00607929 -0.00166617 1 -0.000384212 -3.92851e-05 -0.000388836
1.74066e+09 -0.000609982 0.00301564 -0.00130475 1 -0.000251424 0.000226852 9.1944e-05
1.74066e+09 -0.000652434 0.00717298 -0.00134835 1 -0.000498205 1.69965e-05 6.28722e-05
1.74066e+09 -0.00113917 0.00760395 0.00131582 1 6.22748e-05 0.000508354 0.00054772
1.74066e+09 -0.000266397 0.00750658 0.000173108 1 -0.000343126 0.000109762 0.000925456
1.74066e+09 -0.000619086 0.00513088 0.00213896 1 -0.000234553 -3.54602e-05 -6.46847e-05
1.74066e+09 0.000141135 0.00437957 0.00134283 1 -0.000286955 -8.54574e-05 0.000111529
1.74066e+09 -0.000201872 0.00154662 0.00175722 1 -0.000162788 3.15831e-05 3.54522e-05
1.74066e+09 -0.000282187 0.000321349 0.000860779 1 -0.000185852 -3.61497e-05 -3.40196e-05
1.74066e+09 0.000544855 -0.000270103 0.000762093 1 -0.000286553 -0.000149146 -0.000116232
1.74066e+09 0.000734656 0.000408398 -0.000379515 1 -0.000281472 -6.91957e-05 -2.5712e-06
1.74066e+09 -0.000256893 0.001179 0.00129778 1 -0.000590456 -0.0003056 2.86566e-05
1.74066e+09 -0.00106886 0.00324514 0.000514195 1 -0.000503977 -0.000139848 0.000236362
1.74066e+09 7.39242e-05 0.00601606 -0.000579337 1 -0.000552099 -0.000332153 0.000254421
1.74066e+09 -0.000311661 0.00530798 0.000176467 1 -0.000351043 2.55099e-05 -2.61987e-05
1.74066e+09 0.00030606 0.00665445 -0.000199605 1 -0.000492105 -0.000273067 -2.52392e-05
1.74066e+09 7.73911e-05 0.00587739 -0.00051565 1 -0.000391489 -0.000292808 -0.000104011
1.74066e+09 -0.000313828 0.00764439 -0.000828271 1 -0.000419667 -0.000199897 3.29372e-05
1.74066e+09 0.000115209 0.00530637 -0.000839493 1 -0.000538223 -0.000298194 3.09766e-05
1.74066e+09 -3.80492e-05 0.0037244 -0.000801173 1 -0.000383623 -6.20455e-05 0.000249148
1.74066e+09 0.00120155 0.00305002 -0.0016243 1 -0.000644037 -0.000241956 -8.82627e-05
1.74066e+09 -0.000108671 0.00468227 -0.00104308 1 -5.05712e-06 0.000135877 9.30006e-05
1.74066e+09 0.00104019 0.00444818 0.0014675 1 -0.000285321 -9.08247e-05 1.87801e-05
1.74066e+09 0.00172932 0.00187567 0.00123897 1 -0.000626722 -0.000180094 0.000238035
1.74066e+09 0.00118628 0.00112163 0.000132337 1 -0.000220282 -0.000236052 -0.000292542
1.74066e+09 0.000422996 0.00329536 -0.000411697 1 -0.000124062 9.53098e-05 0.000157032
1.74066e+09 0.000524302 0.00329348 -0.0012783 1 -0.000442858 -0.000222625 -3.92213e-05
1.74066e+09 7.36164e-05 0.0049921 -0.00137577 1 -0.000313712 -0.000115238 -0.000486744
1.74066e+09 0.00120171 0.00536884 -0.00113522 1 -0.000392337 -0.000318852 0.000196895
1.74066e+09 0.0015419 0.00633204 0.000138201 1 -0.000235884 -0.000112973 0.000157053
1.74066e+09 0.00199134 0.00779987 -0.000279406 1 -5.93292e-05 -0.000119422 -0.00012502
1.74066e+09 0.000978969 0.0069358 -0.00116864 1 -0.000247219 -7.35683e-05 -0.000100174
1.74066e+09 -0.000278001 0.00907639 -0.00120588 1 -0.000310387 -1.97645e-05 0.000161555
1.74066e+09 -0.000159502 0.00477912 -0.00200883 1 -0.000337968 -0.000270677 -9.10928e-05
1.74066e+09 0.000933963 0.00660495 -0.00141212 1 -0.000296769 -0.000178844 0.000153678
1.74066e+09 0.00263101 0.00596785 -0.000450676 1 -0.000327767 -0.000157127 3.97962e-05
1.74066e+09 0.00180332 0.0055935 0.000116243 1 -0.000310265 -0.000121173 0.000133336
1.74066e+09 0.00152196 0.00745611 -0.000762715 1 -0.000420117 -0.000245963 5.80876e-05
1.74066e+09 0.000571368 0.00476539 -0.000212803 1 -0.000565774 -1.64437e-05 -8.01529e-06
1.74066e+09 0.00103616 0.00271212 -0.00066334 1 -0.000331587 -0.000277812 -3.39982e-05
1.74066e+09 -0.00110505 0.0036689 0.00185227 1 -0.000364161 6.25457e-05 0.000443126
1.74066e+09 -0.000420601 0.00343674 0.00100763 1 -0.000327377 -8.42113e-05 0.000168305
1.74066e+09 -0.00166108 0.00445225 0.00293888 1 -0.000442621 0.000113935 0.000343777
1.74066e+09 -0.000631758 0.00549851 0.00116234 1 -0.000254124 8.68354e-05 0.000242958
1.74066e+09 0.00102498 0.00781844 0.00140479 1 -0.000353044 -0.000158372 -2.07994e-05
1.74066e+09 0.00206642 0.00655874 -0.000935863 1 -0.000257521 -0.000231077 -2.82865e-05
1.74066e+09 0.000594254 0.00633565 0.000159546 1 -0.000191841 -0.000431057 0.000134531
1.74066e+09 0.000209655 0.00555673 -0.000240513 1 -0.000188561 -0.000167635 -3.60724e-05
1.74066e+09 0.00116389 0.00576788 -0.000751168 1 -0.000153344 -0.000375391 -0.000169235
1.74066e+09 0.000894577 0.00542855 -0.0013222 1 -0.000201675 2.09873e-05 -0.000164178
1.74066e+09 -0.000975833 0.00739994 0.00019841 1 0.00021575 0.000154281 -3.12515e-05
1.74066e+09 -0.000430713 0.00795295 0.000613558 1 -0.000189894 -0.000110527 -0.000403801
1.74066e+09 -0.000467297 0.00698603 0.00113742 1 -0.000287488 -0.000185114 7.86927e-05
1.74066e+09 -0.000108684 0.00643751 0.000260392 1 -0.00029344 -2.59139e-05 -0.000197856
1.74066e+09 0.00168489 0.00354492 -0.00114016 1 -0.000190469 -0.000344376 0.000146402
1.74066e+09 0.00158447 0.00192178 0.000608109 1 -0.000161155 5.11385e-05 3.72296e-05
1.74066e+09 0.000963429 0.00424892 -0.000399667 1 -0.00029168 -7.57476e-05 0.000298272
1.74066e+09 0.00127925 0.00360389 -0.000219992 1 -0.000261208 -5.13979e-05 9.06113e-05
1.74066e+09 0.00170664 0.00450569 -0.000587567 1 -0.00049202 -0.000144026 5.03292e-05
1.74066e+09 0.00143051 0.00564005 0.000181983 1 -0.000306928 -0.000275323 0.000107393
1.74066e+09 0.000448115 0.00734835 0.000526245 1 -0.000133238 -0.000132633 -0.000125653
1.74066e+09 -0.00101768 0.00758375 0.00249527 1 -0.000234112 -8.12575e-05 0.000213684
1.74066e+09 -0.000410218 0.00522021 0.00220862 1 -0.000255599 0.000151197 0.000143009
1.74066e+09 5.71323e-05 0.00580493 0.00194343 1 -0.000489094 -0.000308308 4.14027e-05
1.74066e+09 0.000747593 0.00466062 0.000936527 1 -0.00025504 -2.32098e-05 -3.43859e-05
1.74066e+09 0.00180444 0.00408915 -3.95815e-05 1 -0.00028079 -0.000252432 -0.000266768
1.74066e+09 0.00236349 0.00360202 -0.00158755 1 -0.000383485 -0.000323563 -0.000257079
1.74066e+09 0.00191326 0.00514681 -0.00144802 1 -0.000116347 -0.000199362 -5.72447e-05
1.74066e+09 0.00192628 0.0061596 -0.0014137 1 -0.000319816 -0.000227429 0.00025267
1.74066e+09 0.00171891 0.00582489 -0.00168417 1 -0.000433793 -0.000338385 2.50414e-06
1.74066e+09 0.00180952 0.00717979 -0.00125985 1 -0.000192512 -0.000149743 8.22912e-05
1.74066e+09 0.00087657 0.00466514 -0.000798055 1 -0.000230382 -0.000222432 6.70461e-05
1.74066e+09 -0.000139464 0.00499543 0.00121602 1 -0.000392935 1.59333e-05 0.000132302
1.74066e+09 0.000413485 0.00398413 0.00109654 1 -0.00029592 -5.62365e-05 -1.34172e-05
1.74066e+09 0.000690539 0.00185892 0.00114672 1 -0.000359701 5.69721e-05 -3.86989e-05
1.74066e+09 0.00126305 0.0028848 9.76154e-05 1 -0.000299517 5.62193e-05 -9.97207e-05
1.74066e+09 0.00143546 0.00287364 -0.000139669 1 -0.000426466 -0.000107393 -0.000260471
1.74066e+09 0.00131889 0.00376263 5.47763e-05 1 -0.000134293 2.50708e-05 -1.40479e-05
1.74066e+09 0.00224374 0.0041407 -0.000620239 1 -0.000423489 -0.000296318 0.000245753
1.74066e+09 0.00160772 0.00658405 -0.000303827 1 -1.2062e-05 -0.000124075 2.60496e-06
1.74066e+09 0.00139844 0.00619522 -0.00137906 1 -0.000493162 -0.000467108 -0.000115016
1.74066e+09 0.000337697 0.00421893 -0.00135255 1 -0.000363752 -8.4593e-05 -0.000156169
1.74066e+09 0.00073499 0.00621047 -0.000863147 1 -4.90151e-05 -5.29474e-05 -0.000167459
1.74066e+09 0.0010865 0.00656202 -0.000315175 1 -0.000546358 -0.000409838 -2.59575e-05
1.74066e+09 0.000990226 0.00830431 -0.000232519 1 -0.000398292 -3.23078e-05 8.50112e-05
1.74066e+09 -0.00100776 0.00703513 -0.000582549 1 -0.000431214 -0.000206614 -3.1037e-05
1.74066e+09 -0.00231585 0.00487124 -0.00063166 1 -0.00030115 -0.000112321 9.73246e-05
1.74066e+09 -0.00201006 0.00198147 -5.75719e-05 1 -0.00024556 -0.000152361 0.000141066
1.74066e+09 -0.000509663 0.000961398 0.00072873 1 -0.000169358 9.08973e-05 -0.00050831
1.74066e+09 0.00146303 0.00151968 -0.000334182 1 -0.000436643 -3.76808e-05 -0.000145522
1.74066e+09 0.000286667 0.00333088 0.0012295 1 -0.00024582 6.61084e-05 9.65678e-05
1.74066e+09 0.00145879 0.00323981 0.00138076 1 -0.000170763 -8.32623e-05 -5.83924e-05
1.74066e+09 0.00103737 0.00376634 0.0029368 1 -0.000435212 8.89373e-05 0.000147219
1.74066e+09 0.000936304 0.0043811 0.00195299 1 -0.000188909 -3.24686e-05 -7.16899e-05
1.74066e+09 -0.000135524 0.0051759 0.00255503 1 -0.000193136 9.64394e-06 -0.000201464
1.74066e+09 0.000459155 0.00439656 -3.41729e-06 1 3.64494e-05 9.8623e-05 0.000164837
1.74066e+09 -0.00135773 0.00545012 0.000743581 1 -0.000423419 -0.00013489 -1.19325e-05
1.74066e+09 -0.000669998 0.00574303 -0.000872019 1 -0.000221381 -0.000100791 6.4352e-06
1.74066e+09 0.000646429 0.00796037 -0.00138598 1 -0.00060118 -0.000315478 3.45235e-05
1.74066e+09 4.95578e-07 0.0075992 -0.000322263 1 -0.000255609 -0.000106224 -0.000262378
1.74066e+09 0.000312613 0.00868379 -0.0010315 1 -0.000201544 -0.000116364 -6.92105e-05
1.74066e+09 -0.000900632 0.00493619 -0.00113265 1 -0.000333083 -1.84606e-05 -8.6574e-05
1.74066e+09 -0.000873174 0.00438638 -5.20022e-05 1 -0.00038252 -9.3307e-05 0.000131183
1.74066e+09 0.000752323 0.00725447 0.00047093 1 -0.000237119 -0.000160168 0.000123823
1.74066e+09 0.00208339 0.00519678 -0.000534049 1 -0.000115701 -0.00021698 -6.44158e-05
1.74066e+09 6.85626e-05 0.00487722 0.00120301 1 -0.000223956 5.72546e-05 0.000195271
1.74066e+09 -0.000260764 0.00538284 0.00137104 1 -0.000224444 0.000116494 0.000188889
1.74066e+09 0.000688414 0.00476806 0.00207778 1 -0.000234272 3.92353e-05 3.66762e-05
1.74066e+09 0.00187531 0.00485717 0.00088437 1 -0.000510381 -0.000108076 -4.76921e-05
1.74066e+09 0.00114908 0.00533164 0.000988982 1 -0.000404996 -0.000105898 2.82927e-07
1.74066e+09 0.00128103 0.00488943 -0.000563515 1 -0.000635607 -0.000157784 0.000225342
1.74066e+09 0.000923314 0.00380342 -0.000659867 1 -0.000297981 -0.000166723 2.96245e-05
1.74066e+09 0.000798714 0.00299625 -0.000325534 1 -0.000151913 -2.69734e-05 -1.89118e-05
1.74066e+09 0.00183506 0.00541439 -0.000412119 1 -0.000224284 -0.000267662 5.95683e-05
1.74066e+09 0.000750702 0.00657523 -3.93763e-05 1 -0.000270046 -0.000102482 -0.000380558
1.74066e+09 0.000951707 0.00594658 -0.000370555 1 -0.000341141 -0.000176382 -0.000274245
1.74066e+09 0.000598903 0.00574901 -0.000348141 1 -0.000299304 -0.000226462 -0.000282564
1.74066e+09 -0.000494565 0.00708891 -0.000661811 1 -0.000321438 -0.000188323 -6.53927e-05
1.74066e+09 -0.00121963 0.00746224 -0.00100765 1 -0.000304386 -0.000134868 -2.8315e-05
1.74066e+09 -0.000423484 0.00531856 -0.00189634 1 -0.0001497 -3.72835e-05 4.3964e-05
1.74066e+09 0.00021302 0.00554022 -0.00144354 1 -0.000271436 -5.71653e-05 0.000256227
1.74066e+09 -0.000925117 0.00328931 -0.000434722 1 -0.000326989 3.9144e-05 -0.000161618
1.74066e+09 -0.000719658 0.00177087 0.000741213 1 -0.000490672 -4.18763e-05 -3.90675e-05
1.74066e+09 0.000138907 0.000285808 0.00138258 1 -0.000459205 -2.50078e-05 -0.000159514
1.74066e+09 0.00125688 -0.000778905 6.13619e-05 1 -0.000566832 -0.000172464 4.11628e-05
1.74066e+09 0.000810756 0.000883552 -9.08417e-05 1 -0.000514109 -2.44265e-05 1.29466e-05
1.74066e+09 0.000454674 0.00320082 0.000599056 1 -0.000343007 -2.2557e-07 -0.000290511
1.74066e+09 4.08187e-05 0.00217656 0.000707503 1 -8.93709e-05 5.07118e-05 -0.000126529
1.74066e+09 0.000719993 0.00475348 -0.000410499 1 -0.000330292 -0.000259098 0.000260471
1.74066e+09 3.721e-05 0.00443342 -0.00104141 1 -0.000199708 -7.20127e-05 6.55386e-05
1.74066e+09 0.000353292 0.00646146 -0.000849449 1 -0.000374711 -0.000253063 0.000126799
1.74066e+09 0.000141593 0.00755784 3.36254e-06 1 -0.000170161 -7.75105e-06 0.000308598
1.74066e+09 0.000465058 0.00797825 -0.000507513 1 -0.000250683 -0.000139851 0.000105569
1.74066e+09 0.000412508 0.00563359 -0.000982286 1 -0.000193547 -0.000124543 -0.000235468
1.74066e+09 0.000473093 0.00244725 0.00038669 1 -0.000287181 -0.000177523 -6.20183e-05
1.74066e+09 0.000198117 0.00297257 0.000659237 1 -0.000402805 -0.000127171 0.000150415
1.74066e+09 -0.000334021 0.00450646 0.000531432 1 -0.000284627 -4.5633e-05 0.000221931
1.74066e+09 -0.000699648 0.00418645 0.000177946 1 -0.000222816 4.818e-05 0.000141996
1.74066e+09 -3.911e-06 0.00463683 0.00102421 1 -0.000450218 1.83641e-05 7.92029e-05
1.74066e+09 -4.53348e-05 0.00398041 -0.000263997 1 -0.000367262 -6.94774e-05 7.47831e-05
1.74066e+09 -0.000786961 0.00508921 0.000718464 1 -0.000510081 -0.000205646 0.00021644
1.74066e+09 0.000536035 0.00276749 0.000626535 1 -0.000303694 -7.39423e-05 -0.00017727
1.74066e+09 1.64435e-05 0.00242609 0.00166152 1 -0.000467922 9.78053e-05 -4.81539e-05
1.74066e+09 -0.000331237 0.00268976 0.00139019 1 -6.23025e-05 0.000118787 0.000244297
1.74066e+09 -0.00012691 0.00543514 0.0016744 1 -0.000605253 -1.47851e-05 -3.39156e-05
1.74066e+09 0.000259485 0.00482797 0.000207149 1 -1.35424e-06 -3.71249e-05 -0.000204174
1.74066e+09 -0.000852519 0.00368652 0.00156044 1 -0.000463213 -0.000201865 8.91049e-05
1.74066e+09 6.58026e-05 0.00278078 0.000297127 1 -0.0002341 -0.000198574 -9.29898e-05
1.74066e+09 0.000405361 0.00559495 0.000833129 1 -0.000353056 -0.000183224 3.04123e-05
1.74066e+09 0.000417167 0.00697672 8.87635e-05 1 -0.000352004 -8.66307e-06 -8.16966e-05
1.74066e+09 0.000569038 0.00656749 -0.00072937 1 -0.000148182 -0.000170001 -9.37024e-05
1.74066e+09 -0.00041867 0.00783522 -0.000233558 1 -0.000461328 -0.00021505 -0.000117078
1.74066e+09 -1.54216e-05 0.00539593 -1.5702e-05 1 -0.000387159 -0.000161406 4.65584e-05
1.74066e+09 -0.000298995 0.0049803 -4.73138e-05 1 -0.000260994 -2.43359e-05 0.000104666
1.74066e+09 0.00076038 0.00229063 -0.000725047 1 -0.000389573 -0.000422333 -1.1763e-05
1.74066e+09 -0.000442134 0.00352783 0.00194125 1 -0.000392498 -1.19924e-05 1.55453e-05
1.74066e+09 0.000315722 0.0044433 0.000597177 1 -0.000405716 -0.000214197 -3.21299e-05
1.74066e+09 0.000410262 0.00359588 0.000360092 1 -0.000460495 -7.9332e-05 -6.80342e-07
1.74066e+09 0.000163531 0.00463994 -0.000103992 1 -0.000153695 4.36953e-05 0.00023882
1.74066e+09 -0.000805831 0.00460756 0.0013591 1 -0.000245911 0.000144545 4.38446e-05
1.74066e+09 -0.000458871 0.00481564 0.0012765 1 -0.000214926 9.34908e-05 -0.000161381
1.74066e+09 -0.000648151 0.00544049 0.00188767 1 -0.000316208 0.000119796 0.000156588
1.74066e+09 -0.000219012 0.00240255 0.000651404 1 -3.83269e-05 -9.11994e-05 -0.000330404
1.74066e+09 -0.000400047 0.00229107 0.000477767 1 -0.000279517 -0.000239997 -1.00357e-05
1.74066e+09 -4.4093e-05 0.00421603 0.000105374 1 -0.000184224 -0.000153396 6.30232e-05
1.74066e+09 0.000493488 0.0042036 -7.25315e-05 1 -0.000271802 -0.000100878 -1.3786e-05
1.74066e+09 0.000322514 0.00674995 0.000210256 1 -0.00028098 -1.11971e-05 0.000238983
1.74066e+09 -0.000324568 0.00688103 2.68978e-05 1 -0.000199568 -6.58523e-05 -5.82198e-05
1.74066e+09 0.000334231 0.00705994 0.000124271 1 -0.000249507 -6.10907e-05 -0.000107712
1.74066e+09 1.89621e-05 0.00711127 -0.0016499 1 -0.000559235 -0.000172608 -2.3666e-05
1.74066e+09 0.000112976 0.00566708 0.000178469 1 -0.000203261 -0.000136949 -4.56633e-05
1.74066e+09 0.000897048 0.00507579 0.000290765 1 -0.00045439 -0.000213983 0.00010898
1.74066e+09 0.000860943 0.00593295 0.000831793 1 -0.000323147 1.74266e-05 0.000131767
1.74066e+09 -0.000540619 0.00583505 0.00112653 1 -0.000291558 6.61708e-05 0.000107443
1.74066e+09 -0.000524943 0.00915424 0.000346312 1 -0.000334114 -5.67345e-05 0.000146542
1.74066e+09 -0.000668936 0.00662212 0.00038486 1 -9.771e-05 -2.59988e-06 4.10491e-06
1.74066e+09 -9.51426e-05 0.00600712 0.00088414 1 -2.00116e-06 9.75467e-05 -7.20318e-05
1.74066e+09 0.000658234 0.00412014 0.000464698 1 -0.00013667 -0.000162673 -0.000291646
1.74066e+09 0.00074286 0.00588206 -0.000257356 1 -0.000152645 -7.48262e-06 5.48635e-05
1.74066e+09 0.00117509 0.00410975 -0.000881191 1 -0.00023317 -0.000127909 0.000226595
1.74066e+09 0.000761427 0.00647176 -0.00103839 1 -0.000222576 -0.000284797 0.000117942
1.74066e+09 -5.49528e-05 0.00598279 -0.000632535 1 -0.000333905 -1.4772e-05 -3.88414e-05
1.74066e+09 0.000210434 0.00534474 -0.000939372 1 -0.00020978 -0.000245416 3.45486e-06
1.74066e+09 -0.0004366 0.00500216 -0.00111638 1 -0.000347982 -8.23437e-05 -0.00016974
1.74066e+09 -0.00212399 0.00400588 0.000736428 1 -0.000280315 8.41525e-05 -0.000165604
1.74066e+09 -0.00105224 0.00457574 -1.29373e-05 1 -0.000131504 -0.00019641 -4.9374e-05
1.74066e+09 -0.000548317 0.00542717 0.00083873 1 -0.000145671 0.000103611 0.00048029
1.74066e+09 -0.000412124 0.00418681 0.000886876 1 -0.000553677 2.03383e-05 7.78193e-05
1.74066e+09 6.11689e-05 0.0032437 0.00145769 1 -0.000144889 0.00020422 8.32661e-05
1.74066e+09 -0.000129545 0.000701789 0.000153964 1 -0.000439343 -3.6125e-05 1.30876e-05
1.74066e+09 0.000352529 0.000206062 0.00139239 1 -0.00036771 -0.000198988 -0.000441984
1.74066e+09 0.000707572 0.00112282 -3.97812e-05 1 -0.000372495 -4.57346e-05 4.41263e-05
1.74066e+09 -0.000535622 0.0014673 0.000725598 1 -0.000570981 -0.000171334 -8.03772e-05
1.74066e+09 0.000288778 0.0025688 0.000152709 1 -0.000247596 -5.68985e-05 -4.1479e-05
1.74066e+09 0.0012398 0.00340209 0.000723103 1 -0.000495565 -2.93545e-05 0.000283602
1.74066e+09 -0.000236664 0.00274674 0.00117056 1 -0.000209439 -0.000232754 2.64893e-05
1.74066e+09 -0.000410459 0.00348869 0.00157309 1 -0.000365296 -5.55383e-05 0.000121203
1.74066e+09 0.000706131 0.00702812 -0.000805762 1 -0.000592059 -0.000363986 -3.52004e-05
1.74066e+09 -0.00077325 0.00603669 0.00083555 1 -0.000416481 -0.00020611 -6.81724e-05
1.74066e+09 -0.00129912 0.00489778 0.000165142 1 -0.000198994 -0.000106821 -0.000353182
1.74066e+09 -0.00136205 0.00645885 0.000558123 1 -0.000324587 -0.000225865 0.000131458
1.74066e+09 -0.00143561 0.00615824 -0.000455298 1 -0.000205853 -8.57463e-05 -9.66088e-05
1.74066e+09 -0.000843198 0.00512634 0.000558545 1 -0.000341955 2.45154e-05 -7.34427e-05
1.74066e+09 0.000275716 0.00332333 -0.000101353 1 7.61378e-05 0.000136226 -2.57601e-05
1.74066e+09 0.00136865 0.00172878 -0.00204017 1 -0.00037772 -4.17269e-05 5.54208e-05
1.74066e+09 0.000526356 0.00328805 -0.000265028 1 -0.000221592 -5.70189e-05 0.000128776
1.74066e+09 0.000849823 0.00484298 -0.00104204 1 -0.00030997 -0.000231741 2.23227e-05
1.74066e+09 0.000262233 0.00423166 -0.000241123 1 -0.000245785 -0.000142694 -2.31351e-05
1.74066e+09 -0.00095493 0.00294462 0.000503989 1 -0.000490279 -0.000228927 0.000122737
1.74066e+09 -0.000510723 0.00201495 0.000855575 1 -0.000391378 7.51557e-05 0.000153389
1.74066e+09 -7.44228e-05 0.00259389 0.000277204 1 -0.000256754 -6.9033e-05 4.12453e-05
1.74066e+09 0.000727407 0.00233291 0.000421152 1 -0.000471738 -3.57395e-05 -1.42259e-05
1.74066e+09 1.33765e-05 0.0033019 -9.89697e-05 1 -0.000247589 -0.000349908 -0.000116671
1.74066e+09 -0.000527012 0.00591582 -0.000121144 1 -0.0001427 -0.000138842 -4.46793e-05
1.74066e+09 -0.000349701 0.00686301 -0.000551886 1 -0.000184765 -3.53768e-05 6.0194e-05
1.74066e+09 0.00033286 0.00767272 -0.000733706 1 -0.000417096 -0.000302935 0.000307173
1.74066e+09 0.000301598 0.00718662 0.000444264 1 -0.000410693 -0.000132005 2.22134e-05
1.74066e+09 -0.000732186 0.00745735 -0.000396076 1 -8.12117e-05 -4.16039e-05 -5.94567e-05
1.74066e+09 -0.000516764 0.00710237 -0.00227578 1 -0.000299369 -0.000232324 -5.80626e-06
1.74066e+09 0.000939523 0.00626296 -0.00239744 1 -0.000441382 -0.000247756 0.000256634
1.74066e+09 7.54004e-05 0.0045399 -0.000580924 1 -0.000291049 -0.000265252 -0.000153926
1.74066e+09 0.000157087 0.00431146 0.000840501 1 -0.00034355 -2.93754e-05 0.000127978
1.74066e+09 -0.000564991 0.00202257 0.00175675 1 -0.000459123 -0.000177081 -2.91053e-05
1.74066e+09 -0.000557671 0.00258349 0.0012035 1 -0.000303663 -9.79009e-06 6.0646e-05
1.74066e+09 0.000436547 0.00310495 -2.40393e-05 1 -0.000260621 -0.000129719 0.000203151
1.74066e+09 0.000362297 0.00290501 0.000711305 1 -0.000259756 -1.3362e-05 -8.71481e-05
1.74066e+09 0.000320651 0.00525617 0.000857684 1 -0.000331465 -4.94578e-05 -1.87379e-05
1.74066e+09 -0.000130671 0.00656881 0.00010421 1 -0.000387996 -6.06555e-05 -7.10632e-05
1.74066e+09 0.000484325 0.00817918 0.000755419 1 -0.000277434 -0.000174443 0.000101281
1.74066e+09 0.000210733 0.00730699 0.000764078 1 -0.000178501 0.000132644 0.000175207
1.74066e+09 2.31877e-05 0.00795085 -0.000740792 1 -0.000138018 -0.000164344 6.74548e-05
1.74066e+09 0.00032569 0.0083158 -0.000814723 1 -0.000328183 -5.4941e-05 0.000156532
1.74066e+09 0.000636277 0.00790611 -0.00104256 1 -0.000119135 -9.97893e-05 5.48047e-05
1.74066e+09 -0.000246334 0.00549056 -0.00129122 1 -0.000170319 -0.00015139 -3.48835e-05
1.74066e+09 -0.00078421 0.00294734 -0.000581571 1 -0.000432331 -0.000103066 0.000226827
1.74066e+09 -0.0017952 0.00292538 -0.000442091 1 -0.000333267 -0.000246532 -0.00014509
1.74066e+09 -0.00113614 0.0031511 -0.000253974 1 -0.000372795 8.83901e-06 0.000109111
1.74066e+09 0.000226543 0.00217904 -0.000991665 1 -0.000390377 -0.000223831 -0.00018408
1.74066e+09 -0.000959786 0.00365218 0.0016117 1 -0.00026093 -0.000138779 -0.000150419
1.74066e+09 -0.00101978 0.0045935 0.00138722 1 -0.000196042 0.000128315 -2.13719e-05
1.74066e+09 0.000445017 0.00641977 0.00191054 1 -0.00035937 -0.000188343 2.21503e-05
1.74066e+09 0.000218028 0.00478407 0.000883423 1 -0.000195809 -4.65432e-06 -0.000124326
1.74066e+09 -0.000880428 0.00152834 0.00100636 1 -6.19213e-05 -1.23601e-05 -0.00019704
1.74066e+09 -0.000756549 0.00355382 -0.000362047 1 -0.000306573 -0.00010395 6.9235e-05
1.74066e+09 -0.000464021 0.00392576 -5.31258e-05 1 -0.000332437 -2.21152e-05 -4.10626e-07
1.74066e+09 0.000562196 0.00499055 -0.0007176 1 -0.000151253 4.89624e-05 0.000195126
1.74066e+09 0.000896623 0.0053857 0.000962182 1 -0.000324037 -0.000179984 0.000349382
1.74066e+09 0.000874449 0.00668589 -0.000138786 1 -4.4046e-05 -6.05052e-05 6.01168e-05
1.74066e+09 0.000576201 0.00786229 -0.000611166 1 -0.00031168 -0.000290669 0.00036098
1.74066e+09 -0.00125356 0.00680291 6.0514e-05 1 -0.000340328 -3.46044e-05 -1.43743e-06
1.74066e+09 -0.00204834 0.00826509 0.00129816 1 -0.0002853 -8.51392e-05 6.70964e-05
1.74066e+09 -0.0021547 0.00747808 0.00145541 1 -0.000370404 -4.68022e-05 1.01055e-05
1.74066e+09 -0.000730805 0.00739553 0.000911165 1 -0.000210555 -0.000104612 -4.3257e-05
1.74066e+09 0.000172932 0.00634972 -0.000400201 1 -0.000306047 -2.26101e-06 4.22106e-05
1.74066e+09 -0.000453693 0.00559659 -0.000541878 1 -0.000244295 2.91751e-05 0.00011806
1.74066e+09 -0.000701795 0.0032802 0.00079552 1 -0.00027945 -6.24463e-05 -0.000109384
1.74066e+09 -0.000257229 0.00283945 -0.000211277 1 -0.000375052 -0.000117574 4.90627e-05
1.74066e+09 -0.00101315 0.00257492 0.000410793 1 -0.00014099 0.000130184 0.000145874
1.74066e+09 -0.000509651 -4.91576e-05 -8.77013e-06 1 -0.000263861 -7.65334e-05 -8.58708e-05
1.74066e+09 8.07312e-05 6.10991e-05 0.00110628 1 -0.000433985 5.26735e-05 0.000189982
1.74066e+09 0.000536133 0.00078072 0.000756478 1 -0.000307379 -6.2715e-05 -7.47506e-05
1.74066e+09 0.000827903 0.00272054 0.00179895 1 -0.000424171 -0.000112486 0.000184529
1.74066e+09 0.000182419 0.00541435 0.00118805 1 -0.000142212 0.000146791 -5.67229e-05
1.74066e+09 0.000231517 0.00669226 0.00131584 1 -0.000280054 -0.000177941 0.00011465
1.74066e+09 -0.000380604 0.00592293 0.000137503 1 -0.000141471 1.85466e-05 0.000224332
1.74066e+09 0.000249854 0.00726798 -0.00142807 1 -0.000237666 -0.00034515 0.000157911
1.74066e+09 5.8686e-05 0.00631264 -0.000751908 1 -7.90277e-05 -2.36697e-05 -8.52045e-05
1.74066e+09 0.000606017 0.00598436 -0.000513014 1 -0.000290939 -0.000122119 -2.35357e-05
1.74066e+09 0.000792149 0.00477996 -0.00177692 1 -0.000222948 -0.000132972 -3.9076e-05
1.74066e+09 -0.000397426 0.00436166 -0.000599777 1 -0.000244741 3.54354e-05 -4.70918e-05
1.74066e+09 -0.00119881 0.00441415 -0.000266155 1 -0.000377329 -3.22174e-05 -1.14311e-05
1.74066e+09 1.60109e-05 0.00322823 -0.000960956 1 -0.000583299 -0.000274657 9.81319e-05
1.74066e+09 0.000568331 0.00496217 7.5309e-05 1 -0.000342443 -0.000190388 -3.92786e-05
1.74066e+09 0.000329784 0.00201479 0.000800768 1 4.94137e-06 4.79339e-05 -0.000110326
1.74066e+09 3.04884e-05 0.0047429 0.00023954 1 -0.000205545 -0.000152717 8.72964e-05
1.74066e+09 -8.57612e-05 0.00406788 0.0014965 1 -0.000262026 -1.59371e-05 -0.00020603
1.74066e+09 4.43749e-05 0.00657402 -0.000106026 1 -0.000254427 -4.07778e-05 -8.85957e-05
1.74066e+09 0.000236487 0.00721484 0.00109537 1 -0.000235816 7.82553e-05 0.000244705
1.74066e+09 0.00063387 0.00791973 0.00108246 1 -0.000183526 -6.44068e-05 0.000238344
1.74066e+09 0.000468917 0.00707812 0.00123476 1 -5.92848e-05 4.35933e-07 3.8171e-05
1.74066e+09 0.00136892 0.00522229 0.000614341 1 -0.000349631 -0.000282901 4.29148e-05
1.74066e+09 0.00038395 0.00557059 0.000991571 1 -1.06064e-05 0.000236209 0.000117791
1.74066e+09 0.000637681 0.00571975 -0.000182742 1 -0.000222208 -0.00017679 -3.57442e-05
1.74066e+09 -0.000386049 0.00242829 -0.000544612 1 6.85616e-05 3.36725e-05 -4.11563e-05
1.74066e+09 -0.000137106 0.00147906 -0.000847647 1 -0.000324973 -4.26747e-05 7.08341e-05
1.74066e+09 0.000729451 0.00157145 -0.001565 1 -0.000526717 -0.00034538 -3.49875e-05
1.74066e+09 0.000575966 0.00282184 -0.00077002 1 -0.000265772 -0.000103791 0.000234087
1.74066e+09 0.000199453 0.00509158 5.90302e-06 1 -0.000568642 -0.000149976 0.00013968
1.74066e+09 -0.000217989 0.00534082 0.000959137 1 -0.000363265 -7.04962e-05 2.57427e-05
1.74066e+09 -0.00104581 0.0042311 0.00123651 1 -0.000376961 0.000104278 5.9882e-05
1.74066e+09 -0.00208366 0.003648 0.00193044 1 -0.000119673 -0.000193081 6.1025e-05
1.74066e+09 -0.00180061 0.00513128 0.00129184 1 -0.000109843 5.20404e-05 -0.000125172
1.74066e+09 -0.000564847 0.00334191 0.000918997 1 -5.46457e-05 4.55075e-05 -4.98536e-05
1.74066e+09 0.000494194 0.00563243 -0.000307772 1 -0.000361011 -0.00021907 0.000307923
1.74066e+09 4.4913e-05 0.00743149 0.00114745 1 -0.000324764 3.93106e-06 -8.94713e-05
1.74066e+09 0.000515068 0.00867072 0.000509198 1 -0.000257228 -0.000144186 0.000151234
1.74066e+09 -0.00149086 0.00869903 0.00125458 1 -0.000101278 -7.77833e-05 -5.22612e-05
1.74066e+09 -0.00300308 0.00684233 0.000530983 1 -5.3318e-05 -5.18871e-06 -0.000104771
1.74066e+09 -0.00229854 0.00653297 0.000675028 1 -0.000297473 -0.000114673 0.000374442
1.74066e+09 -0.000995802 0.00487676 -0.000752674 1 -0.00021956 -5.95869e-05 -0.000134474
1.74066e+09 0.000183998 0.00601515 -0.000668714 1 -0.000305858 -0.000255688 0.000181259
1.74066e+09 -0.000968172 0.003926 -0.0004956 1 -0.000167977 -4.60298e-05 -0.000177422
1.74066e+09 -6.83041e-05 0.00437677 0.000603264 1 -0.00027549 -0.000125132 -3.93554e-06
1.74066e+09 -0.00119216 0.00386803 0.000358027 1 -0.000181376 4.53873e-06 7.251e-05
1.74066e+09 -0.000160613 0.00580447 3.16872e-05 1 -0.000390792 -0.000112905 0.000239678
1.74066e+09 0.000331941 0.00511195 0.00030762 1 -0.000362209 -1.98439e-05 6.26627e-05
1.74066e+09 0.00133572 0.0042586 -0.000148055 1 -0.000388093 -0.000114313 0.000255132
1.74066e+09 0.000522228 0.00422434 -1.08104e-05 1 -0.000300691 6.04631e-05 7.10574e-06
1.74066e+09 -0.000454549 0.00309049 9.59145e-05 1 -0.000477219 -0.000338485 -0.00013659
1.74066e+09 -0.000791342 0.00453327 0.000657993 1 -0.000131409 3.77466e-05 3.08774e-06
1.74066e+09 -0.00144325 0.00612817 0.00123367 1 -0.000308458 0.000154239 0.000267059
1.74066e+09 -0.000680598 0.00444821 0.00191612 1 -0.000326709 -4.67368e-05 -8.89254e-05
1.74066e+09 0.000533859 0.00360596 0.0012144 1 -0.000286363 -7.89631e-05 -7.66213e-05
1.74066e+09 0.00078249 0.0046892 0.00138306 1 -0.000339814 -3.08415e-05 -4.98528e-05
1.74066e+09 -0.000858647 0.00433152 0.00032397 1 -0.000126106 -0.00015194 -0.00016369
1.74066e+09 -0.000370415 0.00668649 0.000194311 1 -0.000391728 -0.00037756 4.62952e-05
1.74066e+09 -0.000334136 0.00521812 -9.08381e-05 1 -0.000138635 -4.65633e-05 -0.000196013
1.74066e+09 0.000581503 0.00519324 -0.000913123 1 -0.000291903 -0.000238978 0.000305259
1.74066e+09 0.000514924 0.00403495 -0.00186924 1 -0.000200506 -0.000300589 -1.36804e-05
1.74066e+09 0.00122543 0.00333037 -0.00102439 1 -0.000369764 -0.000245551 9.1782e-05
1.74066e+09 0.000886378 0.00341597 -0.000321658 1 -0.000407462 -0.000243809 0.000223433
1.74066e+09 0.000773173 0.00316465 0.000302568 1 -0.000311689 -7.89838e-05 0.000315284
1.74066e+09 0.000531717 0.00358613 -3.56982e-05 1 -0.000334524 -0.000188025 0.000214439
1.74066e+09 0.000254075 0.00376252 0.000332172 1 -0.00040741 -5.81389e-05 9.77165e-05
1.74066e+09 -0.000192684 0.00429867 -0.000393923 1 -0.00022338 -9.37747e-05 -0.000191325
1.74066e+09 -0.000702075 0.00492626 0.000941425 1 -0.000196908 0.000187728 8.46061e-05
1.74066e+09 -0.000663058 0.00715739 0.000373938 1 -0.000218101 -1.90767e-05 -0.000141494
1.74066e+09 -0.000224857 0.00665261 0.000781966 1 -0.000207494 -5.29048e-05 5.76134e-05
1.74066e+09 0.0010709 0.00754131 0.000870518 1 -0.000109063 -0.000113657 -7.75578e-05
1.74066e+09 0.00129846 0.00594431 0.000979944 1 -0.000218328 -0.000120358 2.60488e-05
1.74066e+09 0.00192554 0.00740035 -0.000113699 1 -0.000364672 -0.000408157 4.86173e-05
1.74066e+09 0.000596649 0.00583685 0.000104487 1 -2.33247e-05 0.000129864 -0.000284475
1.74066e+09 0.000186518 0.00796101 -0.000626332 1 -0.000331175 -0.00018518 0.000362768
1.74066e+09 -0.00245848 0.00569565 0.000282354 1 -0.000122642 -9.58989e-05 4.85474e-05
1.74066e+09 -0.00184454 0.00290382 0.000319792 1 -0.000123471 -0.000108898 -0.000335284
1.74066e+09 0.000334533 0.00388864 -0.000735474 1 -0.000444722 -0.000200052 0.000182677
1.74066e+09 0.001005 0.00344787 -0.000796938 1 -0.000298113 -5.77971e-05 1.87589e-05
1.74066e+09 0.00109942 0.0035921 -0.000621104 1 -0.000647843 -0.00012791 -0.000115718
1.74066e+09 0.000625504 0.00544944 -0.000237313 1 -0.000389112 -0.000268443 2.06539e-05
1.74066e+09 -0.0011376 0.00508559 0.000300855 1 -0.000453975 0.000123501 -7.40527e-05
1.74066e+09 0.000352732 0.00437336 0.000901855 1 -0.000421421 -0.000118049 0.00014296
1.74066e+09 -9.42658e-05 0.00269606 0.000705544 1 -0.000139525 2.35326e-05 -0.000284526
1.74066e+09 0.000406123 0.000846637 0.00043199 1 -0.000229866 -6.40431e-05 0.000123804
1.74066e+09 0.0014869 0.00205605 -0.000486702 1 -0.000374313 -0.000216868 -2.95762e-05
1.74066e+09 0.00109183 0.000554109 0.000642586 1 -0.000454685 -0.000187903 0.000224256
1.74066e+09 -0.000790522 0.00234296 0.00039637 1 -0.000190294 -0.000191766 -0.000198288
1.74066e+09 -0.00160075 0.00402033 0.00169755 1 -9.59156e-05 7.38838e-05 -0.000171738
1.74066e+09 -0.000546223 0.00388537 0.000457893 1 -5.28671e-05 -4.94904e-07 -0.00018463
1.74066e+09 0.000791561 0.00535824 0.000665994 1 -0.000399354 -0.000156213 5.75735e-06
1.74066e+09 0.000723357 0.00543656 -0.000466274 1 -0.000234684 -9.55764e-05 4.74821e-06
1.74066e+09 0.00105108 0.00485772 -0.000964237 1 -0.00019373 -0.000256651 -0.000273613
1.74066e+09 0.00112831 0.00180558 -0.00166134 1 -0.000289237 -0.000165763 0.000107999
1.74066e+09 -0.000800063 0.00064303 3.2655e-05 1 -0.000359451 -9.40528e-05 0.00012518
1.74066e+09 -0.00164821 0.00311602 0.00178177 1 -0.00025265 -1.97973e-05 6.48616e-05
1.74066e+09 -0.000634036 0.00302137 0.000658674 1 -0.000496528 -0.000111864 0.000265267
1.74066e+09 -0.00114021 0.00458951 0.00138534 1 -0.000314327 9.60336e-05 0.000106979
1.74066e+09 5.09211e-05 0.00480347 0.000793024 1 -0.000229177 6.56834e-05 3.21881e-05
1.74066e+09 0.000845816 0.00406054 -0.000512194 1 -0.000247251 -0.000200833 -5.81994e-05
1.74066e+09 0.00123043 0.00401315 -0.00085911 1 -0.000369936 -0.000205233 0.000261609
1.74066e+09 0.000356566 0.00195369 0.000353333 1 -0.000285654 -0.000171175 -0.000103871
1.74066e+09 -0.000135212 0.00293171 -3.40143e-05 1 -0.000395017 -0.000120233 -2.81506e-05
1.74066e+09 -0.000551717 0.00452468 0.000899677 1 -0.000287793 6.18097e-05 3.55957e-05
1.74066e+09 0.000137634 0.00264669 -2.92233e-05 1 -0.00017771 -0.000189173 -0.00020128
1.74066e+09 0.000323709 0.00507619 0.0011563 1 -0.000195017 -2.60496e-07 0.000140827
1.74066e+09 -0.00158511 0.0039274 0.00155551 1 -5.39485e-05 7.23367e-05 -0.000130528
1.74066e+09 -0.00166236 0.00438009 0.000857945 1 -0.000527502 -0.000155418 0.000126975
1.74066e+09 -0.000653385 0.00535851 0.000116656 1 -0.00048376 -8.45467e-05 -0.000201031
1.74066e+09 0.000493645 0.00671475 -0.000657869 1 -0.000380438 -0.000121101 4.1227e-05
1.74066e+09 0.00111537 0.00681132 -0.00093464 1 -0.000301558 -0.000187661 0.000122171
1.74066e+09 0.00111848 0.00605123 -0.0011962 1 -0.000297071 -0.000223679 -0.000140865
1.74066e+09 -0.000702626 0.00738658 -0.000192749 1 -0.000293665 -2.73677e-05 0.000139965
1.74066e+09 -0.000962235 0.00676256 -0.000375608 1 -0.000217351 0.000186875 0.000230473
1.74066e+09 -0.00094272 0.00682184 0.00117921 1 -0.00026337 -5.97992e-05 -4.4359e-05
1.74066e+09 6.17629e-05 0.00345957 0.00143046 1 -0.000326545 -3.04176e-05 2.76226e-05
1.74066e+09 0.000384615 0.00329362 0.000758669 1 -0.000232638 0.000110625 0.000200624
1.74066e+09 0.000830885 0.003108 0.000405512 1 -0.000430483 -3.09137e-05 0.000175449
1.74066e+09 0.00139088 0.00279146 -0.000803795 1 -0.000261828 -0.000166586 5.918e-05
1.74066e+09 0.00134805 0.00121061 0.0006247 1 -0.000267583 -0.000129045 -0.000224028
1.74066e+09 0.00184961 0.000689062 -1.26248e-07 1 -0.00033381 -0.000225853 -1.51444e-05
1.74066e+09 0.000143135 0.00233044 0.000320186 1 -7.35267e-05 0.000132519 -0.000117321
1.74066e+09 0.000814922 0.00409961 4.30998e-05 1 -0.000309102 -9.22865e-05 0.000180709
1.74066e+09 0.000765528 0.00272276 0.000727266 1 -0.000312114 -0.000116882 5.52641e-05
1.74066e+09 0.00140958 0.00471185 -0.000289165 1 -0.000243576 -0.000288194 4.0972e-05
1.74066e+09 0.000711417 0.00542365 -0.000766059 1 -0.000328452 -4.33214e-05 -0.00013507
1.74066e+09 -0.000610868 0.00449669 -0.000379348 1 -0.000481307 -0.000112515 -9.3892e-05
1.74066e+09 -0.00223865 0.00553659 -0.000161862 1 -0.000339367 -0.000265171 3.94929e-06
1.74066e+09 -0.0024152 0.00756364 0.000326869 1 -0.000113833 -3.34306e-05 4.47276e-05
1.74066e+09 -0.000461999 0.00799929 -0.000168981 1 -0.00037713 -1.34267e-05 -5.65105e-06
1.74066e+09 0.00164618 0.00727233 0.000387895 1 -0.000214285 -0.000127691 0.000297056
1.74066e+09 -0.000434408 0.00620882 0.00104661 1 -0.000367887 -0.000179524 7.45837e-05
1.74066e+09 -0.00101511 0.00361226 0.00109795 1 -0.000117839 -3.19661e-06 -0.00011937
1.74066e+09 -0.00257178 0.00488367 0.00101022 1 -0.000420316 2.79828e-05 8.04724e-05
1.74066e+09 -0.00142558 0.00346612 0.000488572 1 -0.000442445 6.5112e-05 0.000108669
1.74066e+09 0.00117678 0.00299052 -0.000777384 1 -0.000302361 -0.000215295 8.32155e-05
1.74066e+09 0.000874709 0.00199019 0.00101206 1 -0.000114513 0.000193478 -0.000167357
1.74066e+09 0.00108741 0.00165938 0.00048394 1 -0.000196791 -0.000102147 -2.60283e-06
1.74066e+09 -0.000684243 0.000381721 0.00184988 1 -0.000378024 -0.000205885 4.89001e-05
1.74066e+09 -0.000686992 0.00144263 0.00070698 1 -0.000187581 -4.11998e-05 -0.000183447
1.74066e+09 -9.15466e-05 0.00228104 0.00124215 1 -0.00034122 -0.000111512 -5.05413e-05
1.74066e+09 -0.000123871 0.00442142 0.000208174 1 -0.000127277 -2.50592e-06 -0.000168768
1.74066e+09 -6.8549e-05 0.00665704 -0.00105112 1 -0.000267912 -0.000131261 0.000187991
1.74066e+09 -0.000510586 0.00704392 -0.00076104 1 -0.000321087 -0.000105361 0.000234132
1.74066e+09 -0.000414582 0.00724054 0.000493564 1 -0.00039547 -0.00028609 -0.000112614
1.74066e+09 -0.000120486 0.00582332 0.000444714 1 -0.000144473 -4.15592e-05 -3.4884e-05
1.74066e+09 0.000364905 0.00665393 -0.00068596 1 -0.000164374 -0.000164347 4.89093e-05
1.74066e+09 0.000121811 0.00309948 0.000183264 1 -0.000207934 -0.000179804 -0.000243347
1.74066e+09 -0.000244848 0.00240597 -0.000267912 1 -0.000381997 -0.000133589 -4.70472e-05
1.74066e+09 -0.000344553 0.00450623 0.000702021 1 -0.000295106 -0.000101152 2.03066e-05
1.74066e+09 0.000390903 0.00601764 0.000603844 1 -0.000414784 -0.000142227 0.000175202
1.74066e+09 0.000198508 0.00560827 0.000993334 1 -0.00028474 -1.85438e-05 6.00777e-05
1.74066e+09 -0.00105866 0.00494969 0.00115276 1 -0.00019524 1.84686e-05 -2.64065e-05
1.74066e+09 -0.00153604 0.00310068 0.00234743 1 -0.000317797 1.85694e-05 -0.000235172
1.74066e+09 -0.00153634 0.00509324 0.00289089 1 -0.000241636 1.23579e-07 -7.89396e-05
1.74066e+09 -0.000735128 0.00496809 0.00241678 1 -0.000245136 1.39396e-05 -3.10558e-05
1.74066e+09 0.000509113 0.0049437 0.000816094 1 -0.000114528 -1.99075e-05 -4.47753e-05
1.74066e+09 0.000283011 0.00510799 0.000355584 1 -8.95854e-05 -0.00012912 0.000298408
1.74066e+09 0.000611957 0.00294361 -0.000116669 1 -0.000256027 -0.000151091 2.78746e-05
1.74066e+09 0.00046743 0.00377112 -0.000795256 1 -0.000358236 -0.000357883 -8.56547e-05
1.74066e+09 0.000823295 0.00377249 -0.000875818 1 -0.000171839 -0.000166362 0.000245233
1.74066e+09 0.00128628 0.0041161 -0.00127954 1 -0.000167315 -0.000111026 0.000114312
1.74066e+09 0.000546205 0.00664568 1.84242e-05 1 -0.000382794 -3.90806e-05 0.000194885
1.74066e+09 3.26474e-05 0.00695151 0.000520683 1 -0.000136072 0.000199579 -0.000191387
1.74066e+09 0.000290621 0.00792727 0.000628795 1 -0.000331079 -3.63045e-05 6.61567e-05
1.74066e+09 0.000916261 0.0064785 0.000669681 1 -0.000224552 5.12919e-05 0.000203298
1.74066e+09 0.00170839 0.0073104 0.000255349 1 -0.000267938 -0.000223675 -6.48746e-05
1.74066e+09 0.0022939 0.00460003 -0.00094699 1 -0.000396501 -0.000217062 0.000143704
1.74066e+09 0.00191383 0.00564299 -0.0014 1 -0.000165838 -0.000202641 0.000125249
1.74066e+09 0.00161728 0.00418789 0.000103202 1 -0.000270158 -6.09424e-05 -0.000162854
1.74066e+09 0.000719339 0.00255797 -0.000325924 1 -0.000146909 5.07075e-06 -7.13323e-05
1.74066e+09 0.000864723 0.000686813 0.00166168 1 -0.000365487 -0.000103661 6.49015e-05
1.74066e+09 0.0018766 0.00258039 0.00160886 1 -0.000400002 -0.000176819 -1.26049e-05
1.74066e+09 0.00174887 0.00365479 0.00192858 1 -0.000378861 -0.000132767 2.71179e-06
1.74066e+09 0.00173024 0.00535186 0.000960112 1 -0.000104476 -0.000273301 -1.67482e-05
1.74066e+09 0.000602291 0.0037453 0.000724535 1 -0.000253864 -8.72234e-05 -0.000118167
1.74066e+09 -0.00119476 0.00474422 -8.91178e-06 1 -0.00018366 -0.000166624 -0.00010232
1.74066e+09 -0.00034885 0.00444532 -0.000935875 1 -0.000203666 -0.000239686 7.11744e-05
1.74066e+09 -3.69661e-05 0.00629486 -0.00106837 1 -0.000305282 -9.03731e-05 -1.50932e-05
1.74066e+09 0.0013302 0.00559436 -0.000798519 1 -0.000349761 -0.000104943 4.18181e-06
1.74066e+09 0.00123697 0.0048754 -0.00137129 1 -0.000413873 -0.00019506 6.16799e-05
1.74066e+09 0.000811131 0.0043281 -0.000889014 1 -0.000251394 -0.000105429 -0.000297486
1.74066e+09 0.00101078 0.00100048 -4.04218e-05 1 -0.000304887 -0.000302816 -1.16324e-05
1.74066e+09 0.00138238 0.00339587 0.000271702 1 -0.00042261 -1.71716e-05 -3.631e-05
1.74066e+09 -0.000706355 0.00475187 0.00242595 1 -0.00028813 1.24517e-05 0.000266356
1.74066e+09 7.0683e-07 0.0068658 0.000914487 1 -0.000258011 -2.16908e-05 -0.00024442
1.74066e+09 0.00116542 0.00972203 0.00164826 1 -0.000330905 1.89012e-05 0.000185062
1.74066e+09 -0.000446453 0.00749228 0.000887199 1 -0.000316058 -7.34468e-05 6.51966e-05
1.74066e+09 0.000472428 0.00574011 0.00174079 1 -0.000305368 -0.000149855 -9.82927e-05
1.74066e+09 0.000917263 0.00253036 0.0008218 1 -0.000220541 -9.69631e-05 -0.000346203
1.74066e+09 0.00191086 0.00244481 0.00111465 1 -0.0002295 -0.000379962 6.95251e-05
1.74066e+09 0.000320059 0.00516115 0.000404268 1 -0.000272466 -0.000194461 0.000100801
1.74066e+09 0.000704565 0.00486973 -0.000127831 1 -0.000391901 -0.000240118 0.000183399
1.74066e+09 0.00124254 0.00392354 -0.000264616 1 -0.000470159 -0.000268415 -0.000240733
1.74066e+09 0.00138641 0.0039305 -0.000253219 1 -0.000348128 -0.000139871 0.000208484
1.74066e+09 0.00124091 0.0034071 0.000195826 1 -0.000450355 -0.000215271 -0.000166912
1.74066e+09 0.00147768 0.00113824 -0.000394074 1 -0.000435051 -9.28032e-05 0.000150077
1.74066e+09 0.000116267 0.00340502 0.000401173 1 -0.000123281 -5.971e-05 9.38171e-06
1.74066e+09 0.000749003 0.0046002 -0.000118674 1 -0.000326687 -0.00020507 0.00010314
1.74066e+09 0.00111001 0.00910549 -0.000957048 1 -0.000461232 -0.00014607 7.79016e-05
1.74066e+09 0.0021055 0.00471973 -0.00139965 1 -0.000371275 -0.000333668 0.00010113
1.74066e+09 0.00148709 0.00470833 -0.000333429 1 -0.000330594 -7.82165e-05 2.21608e-05
1.74066e+09 0.000428202 0.00413764 -0.00036513 1 -0.000394727 -0.000187073 -5.91478e-05
1.74066e+09 0.000389274 0.00678269 0.00126668 1 -0.000346092 -0.000214119 -4.96255e-05
1.74066e+09 0.00103277 0.00678906 0.000857249 1 -0.000188426 -7.65442e-05 0.000117084
1.74066e+09 0.00117152 0.00548757 0.00133163 1 -0.000271086 -0.000136697 0.000120835
1.74066e+09 0.00246208 0.00613396 0.000376233 1 -0.00015859 -0.000111027 0.000103801
1.74066e+09 0.00191928 0.00715338 0.00130743 1 6.85752e-06 -4.80751e-05 -6.60182e-05
1.74066e+09 0.000596171 0.00725395 0.000666966 1 -0.000119651 -0.000203993 -8.12827e-05
1.74066e+09 -0.000136424 0.00588495 0.000506517 1 -0.00027973 -0.000198279 9.28751e-05
1.74066e+09 -0.000271693 0.00549885 0.000680513 1 -0.000264598 -4.62282e-05 -2.11539e-05
1.74066e+09 0.000603711 0.00457382 -0.000600591 1 -0.000334595 -5.93838e-06 6.9313e-05
1.74066e+09 0.00171284 0.00192515 -0.000571973 1 -0.000266938 -4.00433e-05 -9.99333e-05
1.74066e+09 0.0010673 0.00183253 -0.000425211 1 -0.000201432 -4.25599e-05 -0.000119904
1.74066e+09 0.001045 0.00318943 -0.00093105 1 -0.000557518 -0.000220351 -0.000146292
1.74066e+09 0.00174012 0.00378009 -0.00143213 1 -0.00016927 -4.24004e-05 -1.70404e-05
1.74066e+09 0.00150632 0.00596288 -0.00157939 1 -0.000278185 -5.77154e-05 0.0002362
1.74066e+09 0.000956467 0.00546996 -0.000797488 1 -0.000262194 -0.000196676 0.000164273
1.74066e+09 9.75152e-05 0.00461909 -0.000335313 1 -0.00027408 9.74737e-06 -0.000141453
1.74066e+09 0.000592139 0.00522401 0.000438476 1 -0.000264348 6.89777e-06 4.57969e-05
1.74066e+09 0.00170313 0.00488539 0.000170649 1 -0.000412163 -0.000171216 -5.26581e-05
1.74066e+09 0.00112642 0.00272681 0.00161578 1 -0.00011142 0.000194822 -3.83182e-05
1.74066e+09 0.00167321 0.0037754 0.00105983 1 -0.000324521 -0.000149582 0.000144755
1.74066e+09 0.00214279 0.00478643 0.00101427 1 -0.000204468 -6.41515e-05 2.59592e-05
1.74066e+09 0.00238311 0.00503039 -0.000535138 1 -0.000249103 -0.000218237 0.000325836
1.74066e+09 0.0016892 0.00387841 -0.000863189 1 -0.000145941 -7.70046e-05 8.98648e-05
1.74066e+09 0.00106042 0.00367833 -0.00103092 1 -0.000354042 -5.52735e-05 7.87641e-05
1.74066e+09 -0.000884836 0.00387613 0.00025259 1 -0.000210312 -0.0002272 -0.000119061
1.74066e+09 -0.00239101 0.00553271 0.000441001 1 -0.00010303 0.000117547 4.93544e-05
1.74066e+09 -0.00236498 0.0062134 0.000372806 1 -0.000294519 5.29723e-05 -5.33687e-05
1.74066e+09 -0.0012734 0.00450954 0.00170786 1 -0.000324341 -0.000121077 -0.000160603
1.74066e+09 0.00114292 0.00589734 -0.000381116 1 -0.000183827 -1.1647e-05 0.000182003
1.74066e+09 0.00324276 0.00489066 -0.000921228 1 -0.00021647 -0.000132823 0.000226958
1.74066e+09 0.00267948 0.00646162 -0.00135911 1 -0.000307569 -0.000176909 -0.000181268
1.74066e+09 0.00193713 0.00417922 -0.000492514 1 -0.000294519 -0.00023838 -4.36259e-05
1.74066e+09 0.00165402 0.00390414 -0.00114898 1 -0.000338089 -0.000245987 -5.84239e-05
1.74066e+09 -0.00110822 0.00454791 0.00219966 1 -0.000204667 -1.89238e-05 7.74042e-05
1.74066e+09 -0.00106736 0.00362381 0.00164047 1 -0.000174126 -5.55639e-05 0.000224536
1.74066e+09 -0.00152688 0.00204076 0.00322541 1 -0.000161877 9.76408e-05 -0.00019223
1.74066e+09 -0.00104345 0.00264552 0.00211912 1 -0.000251115 -0.000244238 2.83813e-05
1.74066e+09 0.000370289 0.00495303 0.00248048 1 -0.000272935 -9.32711e-05 6.6778e-05
1.74066e+09 -0.000113724 0.00506353 0.000784058 1 -0.000231115 -0.0001349 -2.10823e-05
1.74066e+09 -8.53017e-05 0.00659023 0.000505978 1 -0.00035644 4.00075e-06 0.000341856
1.74066e+09 0.000942635 0.00681367 -0.00075654 1 -0.000256348 -2.67974e-05 -6.7343e-05
1.74066e+09 0.000966706 0.00512696 -0.00061084 1 -0.000287381 -5.09392e-05 -3.04338e-05
1.74066e+09 0.0016778 0.00371384 -0.000866769 1 -0.000268614 -0.000162427 7.47809e-05
1.74066e+09 0.00117172 0.00330877 -0.000844619 1 -0.000368385 -8.9683e-05 1.83354e-05
1.74066e+09 0.000296774 0.00454271 0.00166467 1 -0.000347344 -0.000107889 0.000252066
1.74066e+09 0.00133486 0.00491284 -0.00107298 1 -0.000368914 -0.00021499 -5.9713e-05
1.74066e+09 0.00141561 0.0047244 -0.00116406 1 -0.000368041 -0.000115932 -6.62123e-05
1.74066e+09 0.00214697 0.000534559 -0.00152292 1 -0.000356522 -0.000360678 -1.11196e-05
1.74066e+09 0.00139263 0.00254821 0.000374885 1 -0.000353672 -0.00016668 -0.000152811
1.74066e+09 0.00130748 0.002445 0.000801845 1 -0.000302406 -0.00019073 6.81349e-05
1.74066e+09 0.00138239 0.00235237 0.00194537 1 -0.000334184 -3.78336e-05 -9.95316e-05
1.74066e+09 0.00141987 0.000973697 0.00143202 1 -0.000326724 -0.000193976 0.000167952
1.74066e+09 0.00152644 0.00382922 0.00158381 1 -0.000240803 -0.000123146 -3.01258e-05
1.74066e+09 0.00165411 0.00409047 0.000130496 1 -0.000291171 -0.000172595 -0.00020778
1.74066e+09 0.0018891 0.00470608 0.000155008 1 -0.000269383 -0.000317082 -2.99519e-05
1.74066e+09 0.00178794 0.00314984 -0.000705554 1 -0.000189655 -0.000109874 -3.15035e-05
1.74066e+09 0.00180527 0.00466853 -0.000568964 1 -0.000419425 -0.000354857 0.000186084
1.74066e+09 0.00156108 0.00566825 -0.000610555 1 -0.000287741 -0.000244548 -8.08352e-06
1.74066e+09 0.00118054 0.00591539 -0.00115114 1 -0.000538678 -0.000280347 0.000183434
1.74066e+09 -0.000127773 0.00499965 -7.76769e-05 1 -0.00022111 -5.72897e-05 -0.000116532
1.74066e+09 0.000423665 0.00677851 -1.90289e-05 1 -0.000296813 -0.000261511 8.39763e-05
1.74066e+09 0.00103663 0.00765325 -0.000262554 1 -0.000235076 -6.47071e-05 8.02946e-05
1.74066e+09 0.00114701 0.00387992 -6.64944e-05 1 -0.000175306 -0.000143565 -1.48294e-05
1.74066e+09 0.000865115 0.00550268 0.00017326 1 -0.000131038 -2.42471e-05 0.000244161
1.74066e+09 0.000977772 0.00336246 0.000290703 1 -0.000385964 -0.000115735 1.21307e-05
1.74066e+09 0.000989253 0.00164858 -0.000408656 1 -0.000207399 -0.000112523 -0.000167489
1.74066e+09 0.00172961 0.00170409 -0.000533965 1 -0.000418364 -5.98444e-05 0.000167446
1.74066e+09 0.00220427 0.00228221 -0.000277033 1 -0.000261799 -6.50621e-05 0.000164546
1.74066e+09 0.00169359 0.0026862 0.00094272 1 -0.000229899 -0.000127064 8.40993e-07
1.74066e+09 0.00154709 0.0015882 0.000560195 1 -0.000312604 -5.05734e-05 1.40096e-05
1.74066e+09 0.000886378 0.00213875 0.000524388 1 -0.000134568 8.45157e-05 4.94796e-05
1.74066e+09 0.00189254 0.00533154 -0.00046702 1 -0.000424156 -0.000248565 0.000412779
1.74066e+09 0.000392491 0.00682161 -0.000730929 1 -0.000407047 3.16088e-06 0.000192665
1.74066e+09 -0.000339705 0.00649223 -0.000984423 1 -0.000148445 -9.53828e-06 7.97012e-05
1.74066e+09 -0.00185978 0.00649304 0.000379121 1 -0.000179296 -8.68535e-05 -1.12619e-05
1.74066e+09 -0.000117622 0.00488701 -0.000666345 1 -0.000223778 3.01846e-05 2.21465e-06
1.74066e+09 0.0020337 0.00459784 -0.000633198 1 -0.000266252 -0.000178483 -9.58792e-05
1.74066e+09 0.00244783 0.00404636 -0.000672232 1 -0.000271167 -7.04141e-05 -3.54214e-05
1.74066e+09 0.00146173 0.00436244 -0.00103443 1 -0.000379611 -0.000249512 -0.000152366
1.74066e+09 0.00134012 0.00233172 -0.000342869 1 -0.00034067 -0.000163044 -9.1835e-05
1.74066e+09 0.00127424 0.00341341 -0.00019537 1 -0.000418249 -0.000291209 4.89087e-05
1.74066e+09 -0.00126666 0.00353235 0.00212711 1 -0.00033462 -7.01904e-05 4.25924e-05
1.74066e+09 -0.000521513 0.0037478 0.00117886 1 -0.000329734 -0.00014826 1.91885e-05
1.74066e+09 0.00013585 0.00344954 0.0013606 1 -0.000269841 -6.203e-05 0.000164636
1.74066e+09 0.00114692 0.00595184 0.000410951 1 -0.000236526 -0.000171644 0.000238455
1.74066e+09 -0.000707561 0.00469467 0.00154129 1 -0.000318362 -3.93778e-06 -0.000102781
1.74066e+09 0.00015078 0.0033732 0.0014504 1 -5.98836e-05 -0.000128877 -0.000187749
1.74066e+09 0.001955 -0.000100619 0.0012379 1 -0.000442043 -0.000268762 0.000181411
1.74066e+09 0.000140704 0.00237833 4.07112e-05 1 -0.000243593 -5.30136e-05 -1.00715e-05
1.74066e+09 -0.000439741 0.00447711 0.00140358 1 -0.000483493 -0.000400442 2.21346e-05
1.74066e+09 0.000137202 0.00399119 -0.000570443 1 -0.000208676 4.67026e-05 -0.000132115
1.74066e+09 -6.49045e-05 0.00472894 -0.000763299 1 -0.000276193 9.74765e-06 -8.79421e-05
1.74066e+09 0.000592939 0.00437413 -5.00113e-05 1 -0.000248937 -4.10054e-05 9.82494e-05
1.74066e+09 0.000104554 0.00460515 0.000386292 1 -0.00041665 -4.18013e-05 0.000151798
1.74066e+09 -0.000469142 0.00565584 0.00161177 1 3.85314e-06 -2.83206e-05 -6.66457e-05
1.74066e+09 0.00088211 0.00619954 -0.000522244 1 -0.000185078 -9.94799e-05 3.48051e-05
1.74066e+09 0.00155989 0.00840257 -0.00116381 1 -0.000495518 -0.000278035 0.00019441
1.74066e+09 0.00209246 0.00709113 -0.00259235 1 -0.000455168 -0.000439941 1.97633e-05
1.74066e+09 0.000740153 0.00753788 -0.000509995 1 -0.000304772 -0.000154961 3.82302e-05
1.74066e+09 0.000670821 0.00485223 -0.000937276 1 -0.000240525 -3.45921e-05 -0.000100052
1.74066e+09 -0.000150281 0.00619975 0.000820638 1 -0.000169666 -4.44209e-05 6.76192e-05
1.74066e+09 0.00122312 0.00477645 0.000200903 1 -0.000238851 -0.000106079 1.57612e-05
1.74066e+09 0.00159748 0.00527673 0.000779713 1 -0.000169933 3.09968e-05 0.000142536
1.74066e+09 0.000691121 0.00202817 0.000669674 1 0.000184425 2.73223e-05 -0.000394739
1.74066e+09 0.00102224 0.0028925 0.00157014 1 -0.000306752 -0.000185014 8.36615e-05
1.74066e+09 0.00147229 0.00035235 0.00041876 1 -0.00036195 -0.000221838 0.000162785
1.74066e+09 0.000870237 0.00232954 0.000185557 1 -0.000280801 -0.000122559 -0.000183361
1.74066e+09 0.000889787 0.00243399 0.000108486 1 -8.26865e-05 -0.000145909 -0.00012429
1.74066e+09 0.00138432 0.00328001 -0.000694172 1 -0.000330988 -0.000226431 0.000178328
1.74066e+09 0.000629665 0.00468281 -0.0010736 1 -0.000364577 -0.000170392 -7.11419e-05
1.74066e+09 0.000963764 0.00561281 -0.00119467 1 -0.000165101 -0.000276517 -0.000510282
1.74066e+09 0.00150437 0.00650217 -0.000553373 1 -0.000133997 -5.24341e-05 0.000162246
1.74066e+09 0.000579706 0.00585552 -0.000636402 1 -0.000343821 -3.47876e-05 0.000185119
1.74066e+09 0.00117437 0.00384292 -8.40384e-05 1 -0.000235028 -0.000124488 8.87746e-05
1.74066e+09 0.0014932 0.00518776 -8.09621e-05 1 -0.000303219 -0.000137473 0.000240893
1.74066e+09 0.000815197 0.00143486 -0.000350445 1 -0.000289224 -4.41656e-05 -4.35674e-05
1.74066e+09 0.00151527 0.00155615 -0.000276595 1 -0.000348844 -0.00023511 -1.09651e-06
1.74066e+09 0.00116753 0.00179433 -0.000828958 1 -0.000214978 -0.000133747 0.000142827
1.74066e+09 0.000955971 0.00202531 0.000309209 1 -0.000288373 -0.000102921 0.000129779
1.74066e+09 0.000437462 0.0033576 0.000528569 1 -0.000382887 -7.81121e-05 -0.000117308
1.74066e+09 0.000841192 0.00124056 0.00118355 1 -0.000109346 4.36085e-05 0.000102995
1.74066e+09 0.00227003 0.00218081 0.000781145 1 -0.000291441 -0.000348658 -0.000127543
1.74066e+09 0.00129682 0.00450728 0.000669662 1 -0.000183304 -0.000166498 0.000116985
1.74066e+09 0.00179631 0.00601926 2.30301e-06 1 -0.000170367 -0.000209553 7.43589e-05
1.74066e+09 -0.000159362 0.00382009 -0.000188963 1 -0.000146546 -0.000133389 0.000102278
1.74066e+09 -0.00239872 0.0049152 -0.000529647 1 -0.000244833 0.000192954 0.000310434
1.74066e+09 -8.13064e-05 0.00778522 -0.00107922 1 -0.000335302 -8.86581e-05 0.000144312
1.74066e+09 0.00232972 0.00576943 -0.00133861 1 -0.000162798 -0.000348679 3.03522e-05
1.74066e+09 0.00035494 0.00700109 -0.00112769 1 -0.000374017 -0.000152708 0.000263184
1.74066e+09 0.00123525 0.00361634 -0.000490216 1 -0.000282602 -0.000200712 6.89698e-05
1.74066e+09 -0.000444839 0.00369319 0.000337062 1 -0.000229204 -0.000224998 0.000134015
1.74066e+09 -0.00148755 0.00319823 0.00172045 1 -0.000176045 -4.80063e-05 0.000157312
1.74066e+09 -0.00157341 0.00354639 0.00166993 1 -0.00030679 -0.000192646 4.98243e-05
1.74066e+09 0.000537234 0.00336423 0.0014268 1 -0.000288827 0.000125438 4.34652e-05
1.74066e+09 0.00211237 0.00327154 -0.000900842 1 -0.000353671 -0.000229514 0.000124315
1.74066e+09 0.000524933 0.00353327 0.00137735 1 -0.000187492 3.7521e-05 -5.30454e-05
1.74066e+09 0.000810584 0.00309223 0.000160656 1 -0.000381625 -9.04022e-05 4.6623e-07
1.74066e+09 -0.000448235 0.00340578 0.00220368 1 -0.000381614 -7.20205e-05 -3.11051e-06
1.74066e+09 0.00157854 0.00129325 0.000608569 1 -0.000220753 -0.000328675 7.77562e-05
1.74066e+09 0.00156158 0.00421859 0.00105498 1 -0.000281639 -0.000224497 0.000152105
1.74066e+09 9.33281e-05 0.00465836 0.000385534 1 -0.000111318 -0.000106211 2.61725e-05
1.74066e+09 3.23655e-05 0.0067534 0.000446584 1 -0.000207934 -0.000193548 0.000103658
1.74066e+09 0.000551443 0.00694882 0.000644356 1 -0.000189799 -2.3049e-05 -0.000159449
1.74066e+09 0.00103126 0.00661963 -0.000547341 1 -0.000123818 -9.257e-05 -0.000284292
1.74066e+09 0.0015689 0.00858016 0.000100956 1 -7.37087e-05 -0.000143973 3.87909e-05
1.74066e+09 0.00090418 0.00850224 -0.000615096 1 -0.000263307 -4.26789e-06 2.14939e-05
1.74066e+09 0.000833185 0.00920095 -0.000173583 1 -0.000350088 -0.000160873 1.56868e-05
1.74066e+09 -0.000656089 0.00723046 7.19521e-05 1 -4.77047e-05 0.000124875 3.55014e-05
1.74066e+09 0.000735285 0.00675467 0.000169913 1 -0.000310869 -6.26095e-05 -4.37689e-06
1.74066e+09 0.0018596 0.00571932 -0.000530681 1 -0.000418227 -0.000388913 6.92151e-05
1.74066e+09 0.00195078 0.00158436 0.000266839 1 -0.00043249 -0.00025829 -1.75604e-05
1.74066e+09 0.00239416 -0.000944806 0.000134345 1 -0.000382188 -0.000219577 -0.000170213
1.74066e+09 0.00154175 -0.000354224 -0.000132155 1 -0.000338227 2.3917e-05 -0.000161334
1.74066e+09 0.00194647 0.000425871 -0.000373939 1 -0.00020952 -2.44977e-05 8.95305e-05
1.74066e+09 0.00118956 0.00311021 0.00142523 1 -0.000289855 -7.79771e-05 7.4301e-05
1.74066e+09 0.000803983 0.00387555 0.00131424 1 -0.000123717 -2.23357e-05 -2.30842e-05
1.74066e+09 0.00106543 0.00647489 0.000566004 1 -0.000422169 -0.000179304 0.000185966
1.74066e+09 0.00109413 0.0059655 0.000248751 1 -8.18549e-05 0.000132504 0.000324078
1.74066e+09 0.000383356 0.00666796 -0.000541884 1 -0.000244532 -9.2561e-05 2.37491e-05
1.74066e+09 -0.000719061 0.00638121 8.64525e-05 1 -8.15947e-05 7.01526e-05 -5.15882e-05
1.74066e+09 -0.000185465 0.004688 -0.0001603 1 -0.000466468 -6.91091e-05 -1.66356e-05
1.74066e+09 -0.000119951 0.00410716 -0.00118578 1 -0.000216125 2.73173e-05 0.000132608
1.74066e+09 0.000863542 0.0037348 -0.00134061 1 -0.000347219 -0.000152001 -0.000161645
1.74066e+09 0.00052866 0.00347812 -0.00202199 1 -0.00024897 3.59819e-05 8.4036e-05
1.74066e+09 0.000456738 0.00420688 2.2915e-05 1 -0.000475701 -0.000166775 2.91448e-05
1.74066e+09 0.000282436 0.00462887 0.000868819 1 -0.000238939 -3.9872e-05 3.93478e-05
1.74066e+09 0.00072362 0.00271657 0.00143975 1 -0.00027339 -0.000170892 0.000174529
1.74066e+09 0.00156178 0.00285588 0.00088569 1 -0.000338682 -6.12791e-05 -2.40736e-05
1.74066e+09 0.000717071 0.00507507 0.00152254 1 -0.000265508 -3.16517e-05 0.000203905
1.74066e+09 -0.000126429 0.00419652 -0.000255979 1 -0.000472838 -0.000161854 8.05697e-05
1.74066e+09 2.1125e-05 0.000954615 0.00066603 1 -0.000215132 -2.35886e-05 0.000130695
1.74066e+09 0.000912235 0.00397996 0.00139619 1 -0.000379044 -0.000328804 9.42753e-05
1.74066e+09 0.00117799 0.000994202 0.00107009 1 -0.000154157 -0.000177103 -5.20527e-05
1.74066e+09 5.9355e-05 0.00567009 -4.37153e-05 1 -0.000276823 -4.84056e-05 0.000193536
1.74066e+09 -0.00211442 0.00429571 0.000797955 1 -0.0003425 -0.000134562 -6.81771e-05
1.74066e+09 -0.00138701 0.00366679 -0.000431537 1 -0.000334014 -2.38022e-05 1.39098e-05
1.74066e+09 0.000251229 0.00593417 -0.00137254 1 -0.000260732 -0.000271452 9.82206e-06
1.74066e+09 0.0012131 0.00492245 -0.00154699 1 -0.000247297 -0.000141173 0.000179445
1.74066e+09 0.000648894 0.00662697 -0.00112249 1 -0.000423636 -0.000199396 0.000154084
1.74066e+09 0.00110591 0.00239714 -0.000400751 1 -0.000177818 -0.000230949 -0.000119439
1.74066e+09 -0.000140038 0.000234945 0.000680753 1 -0.000171914 -1.1376e-05 -6.18427e-05
1.74066e+09 -0.00131172 0.000703614 0.00250297 1 -7.08015e-05 -3.22347e-05 -1.32389e-05
1.74066e+09 -0.00260458 0.00114561 0.00281272 1 -0.000326603 -3.97053e-05 6.17685e-08
1.74066e+09 -0.000530994 0.000763811 0.00143464 1 -0.0003781 -9.44991e-06 7.10502e-05
1.74066e+09 0.000819133 -0.000147058 -0.000304079 1 -0.000244017 -0.000102032 0.000125529
1.74066e+09 -0.000348747 0.00367976 0.00272343 1 -0.000326239 0.000104571 0.00039564
1.74066e+09 0.000759678 0.00318758 0.00124964 1 -0.000333747 -0.000182585 -1.32907e-05
1.74066e+09 0.000938761 0.00474654 0.00232031 1 -0.00013668 6.96428e-05 -5.26225e-05
1.74066e+09 -2.1356e-05 0.0038774 0.00148632 1 -9.98582e-05 -3.02865e-05 1.60369e-06
1.74066e+09 0.000775642 0.00619576 0.000770415 1 -0.00028208 -0.000360877 0.000299132
1.74066e+09 0.00079037 0.0082718 -0.000275781 1 -0.00033799 -0.000229852 -5.03146e-06
1.74066e+09 0.000200567 0.00852197 8.31062e-05 1 -0.000359845 -0.000335522 -3.60432e-05
1.74066e+09 -0.00157287 0.00673213 0.000666476 1 -0.000350715 -0.000107707 0.000117576
1.74066e+09 -0.00145946 0.0045598 0.00114262 1 -0.000365792 -0.000107176 -4.28665e-05
1.74066e+09 -0.00128892 0.00646959 0.00221956 1 -0.000279613 -0.000137397 0.000252039
1.74066e+09 -0.00109302 0.00590375 0.00169308 1 -0.000300622 3.71753e-05 -5.36058e-05
1.74066e+09 -3.10594e-07 0.00618331 0.000835873 1 -0.000471202 -0.000209231 0.000129305
1.74066e+09 0.000290881 0.00862702 -0.00111232 1 -0.000259426 -7.91217e-05 3.55068e-05
1.74066e+09 -0.000668847 0.00794784 0.000143485 1 -0.000274598 -8.83725e-05 -1.14828e-05
1.74066e+09 -0.000203075 0.00552359 -0.000177371 1 -0.000322183 -0.000188174 0.000187742
1.74066e+09 0.000272997 0.00400035 0.00086605 1 -0.000237333 2.02032e-05 -0.000135902
1.74066e+09 0.000491519 -0.000706268 0.00105563 1 -0.000356687 -0.000195467 5.58603e-05
1.74066e+09 0.000999761 -0.000262155 0.00102729 1 -5.48152e-05 -0.000115402 -1.8398e-05
1.74066e+09 0.000281192 0.000399617 0.000982785 1 -0.000174024 3.40554e-05 3.28005e-06
1.74066e+09 -0.000335086 0.0035959 0.00253508 1 -0.000188541 1.49419e-06 -4.16697e-05
1.74066e+09 -0.000661473 0.00469627 0.00132767 1 3.57172e-05 -0.000130499 4.15668e-05
1.74066e+09 0.00068963 0.00520482 0.000401239 1 -0.000153203 -0.000212878 0.000161744
1.74066e+09 0.000952589 0.00201572 -0.000144606 1 -0.000115748 -0.000194458 -4.45574e-05
1.74066e+09 0.00131487 0.00266964 -0.000528129 1 -0.000210466 -9.47687e-05 0.00014317
1.74066e+09 0.000432649 0.00123009 0.000312122 1 -0.000274433 4.10606e-05 -0.000197625
1.74066e+09 3.22505e-05 0.00505696 0.000436941 1 -0.000289842 -9.7593e-05 5.90977e-05
1.74066e+09 -0.000323346 0.00644782 0.000438695 1 -0.00018769 -0.00013134 -4.02956e-05
1.74066e+09 -0.000310634 0.00639571 3.93227e-05 1 -0.000362273 3.79966e-05 0.000120887
1.74066e+09 0.000147979 0.00313457 -0.00174195 1 -0.000261804 -0.000133483 -9.44045e-05
1.74066e+09 -0.000614979 0.00316016 -0.000535845 1 -9.80039e-05 6.92374e-05 -2.07649e-05
1.74066e+09 -0.000303873 0.0035411 -0.000469357 1 -0.000232264 1.98371e-05 8.49854e-05
1.74066e+09 0.000333592 0.00244995 0.000359992 1 -0.000312314 -5.76029e-05 8.83517e-05
1.74066e+09 0.000928358 0.00197535 0.000389168 1 -0.000145107 -8.7762e-05 -6.15396e-05
1.74066e+09 0.00104434 0.00205069 0.000536368 1 -0.000253572 3.97236e-06 6.42888e-05
1.74066e+09 0.0011492 0.00403235 -0.000147163 1 -0.000112421 -1.08924e-05 0.00018249
1.74066e+09 0.000547796 0.00554963 0.000778164 1 -0.000242487 7.51191e-05 0.000111824
1.74066e+09 0.000868368 0.00772976 0.00125002 1 -0.000276053 -0.000174844 -2.21396e-05
1.74066e+09 -0.000176113 0.0114639 0.000830818 1 -0.000171584 0.000215835 0.000279445
1.74066e+09 0.000679334 0.010582 -0.000448626 1 -0.000261023 -0.000134216 1.77856e-05
1.74066e+09 -0.000450606 0.00863535 0.000603435 1 -0.000308242 -0.000318061 -5.49889e-05
1.74066e+09 -3.85022e-05 0.00618661 0.000477115 1 -0.000294707 -8.86738e-05 0.000104712
1.74066e+09 0.0002794 0.00393356 0.000456924 1 -0.000210262 -0.000263987 -3.84509e-05
1.74066e+09 0.00091819 0.00444553 -0.000405855 1 -0.000164124 -0.000262089 7.35747e-05
1.74066e+09 0.000991876 0.00553863 -0.00101982 1 -0.000166772 -0.00017599 -0.000158607
1.74066e+09 0.000450206 0.00407815 0.000122161 1 -0.000244277 -1.35613e-05 7.12913e-05
1.74066e+09 0.000273375 0.00212906 -0.000128189 1 -0.000205005 -0.000147949 -5.18802e-05
1.74066e+09 -0.000399437 0.0060406 0.000555486 1 -0.000359421 -7.41736e-05 0.000309466
1.74066e+09 -0.00226621 0.00568751 0.00115563 1 -0.000292068 -0.000118795 -7.66637e-05
1.74066e+09 -0.00117431 0.00491488 0.00113762 1 -0.000300898 -5.42213e-05 -1.98989e-05
1.74066e+09 0.000436649 0.00254352 -0.000222543 1 -0.000426606 -0.000229074 -6.43545e-05
1.74066e+09 0.00117491 0.00215384 0.000103308 1 -0.000344772 -6.20032e-06 -0.000154511
1.74066e+09 0.00140478 0.00142013 -0.000196886 1 -0.000135953 -9.47161e-05 3.43717e-05
1.74066e+09 0.000498252 0.000948215 0.00107615 1 -0.000230556 1.84662e-05 -1.79236e-05
1.74066e+09 -0.000870447 0.00424253 0.000898456 1 -0.000291248 -0.000204291 0.000417037
1.74066e+09 -0.00209171 0.00598573 0.00221267 1 -0.000223422 -5.36886e-05 0.000150619
1.74066e+09 -0.000861872 0.00638907 0.000571686 1 -0.000256735 -0.000115756 6.61647e-05
1.74066e+09 -0.00044772 0.00595427 0.000964327 1 -0.00034607 5.20097e-06 0.000149918
1.74066e+09 -0.00156508 0.00579696 0.00210344 1 -0.000131525 0.000119054 -0.000120692
1.74066e+09 -0.000418308 0.00544822 0.000680486 1 -0.00031393 -0.000378565 6.7328e-05
1.74066e+09 -0.00106449 0.0045452 0.00013272 1 -0.000176937 -0.000133822 1.77101e-05
1.74066e+09 -0.00194472 0.00538927 0.000737223 1 -3.58646e-05 0.000247686 -9.88444e-06
1.74066e+09 -0.000679618 0.00631046 0.000291084 1 -0.000296329 -5.0982e-05 0.00014866
1.74066e+09 -4.27975e-05 0.00557523 -0.000932247 1 -0.000230518 -5.8198e-05 9.36558e-05
1.74066e+09 -2.16014e-05 0.00466562 -0.000906143 1 -0.000121196 5.37127e-05 -0.000142843
1.74066e+09 0.00124312 0.00157666 -0.0008557 1 -0.000174386 -0.000197008 -2.27487e-07
1.74066e+09 0.00113341 0.00321588 0.000799885 1 -0.00035811 -0.000167979 0.000118291
1.74066e+09 0.000378551 0.00295203 0.000886393 1 -0.000316642 -6.62335e-05 -8.40637e-05
1.74066e+09 0.000601561 0.00378098 0.000129305 1 -6.51729e-05 -0.000121347 4.87861e-05
1.74066e+09 0.000302872 0.00472333 -0.000216126 1 -0.000225512 6.11117e-05 1.19748e-06
1.74066e+09 -0.000135419 0.00539171 0.00104351 1 -0.000344367 1.82097e-05 0.000185656
1.74066e+09 0.000298809 0.00416293 0.00109748 1 -0.000230976 -0.000180857 5.59422e-05
1.74066e+09 0.000371597 0.00595602 0.00148335 1 -0.000325558 -0.00023791 0.000141502
1.74066e+09 0.000314945 0.00632766 0.00112017 1 -0.000206008 2.49156e-05 -9.9748e-06
1.74066e+09 0.00101796 0.00586962 0.000117064 1 -2.00104e-05 -0.000259753 -4.98074e-05
1.74066e+09 0.00080074 0.00470094 0.000238793 1 -0.000197605 -0.000129831 -0.000115751
1.74066e+09 -0.000150556 0.00437637 -0.000237665 1 -0.000258368 -0.000177152 -0.000213006
1.74066e+09 -0.000784609 0.00134167 -0.00154228 1 -0.000198389 -0.000216488 -0.000278637
1.74066e+09 -0.00114648 0.00426151 -0.00118856 1 -0.00031828 -2.91308e-05 -1.40575e-05
1.74066e+09 -0.000280341 0.00539183 -0.0010107 1 -0.000225875 -8.10905e-05 -7.97424e-05
1.74066e+09 -0.000544006 0.00586086 -0.000454182 1 -0.000351352 -0.000155401 -0.00013052
1.74066e+09 -0.000216727 0.00735422 5.95963e-05 1 -0.000288958 -4.89307e-05 -0.000133165
1.74066e+09 0.00016912 0.0070586 0.000671612 1 -0.000295061 -0.000163744 0.000111326
1.74066e+09 0.000717786 0.00575361 0.000368275 1 -0.000298634 -8.34665e-05 9.26893e-05
1.74066e+09 0.00193462 0.00467557 0.00129215 1 -0.000256527 -0.000187237 6.95349e-06
1.74066e+09 0.0012998 0.00418203 0.00149982 1 -0.000279671 3.72946e-05 0.000103386
1.74066e+09 0.000837233 0.00485755 0.0012963 1 -0.000154436 2.38666e-05 1.64381e-05
1.74066e+09 0.00129078 0.00491944 0.000412782 1 -0.000300385 -0.00018628 -4.65025e-05
1.74066e+09 -0.00111169 0.00239621 0.00121328 1 -5.30687e-05 2.03887e-05 -4.44765e-05
1.74066e+09 -0.00043215 0.00223058 -0.000296343 1 -0.00016176 -0.000105115 4.59751e-05
1.74066e+09 -0.00135991 0.00273958 0.000636913 1 -0.000271488 -0.000135394 0.0001792
1.74066e+09 4.63429e-05 0.00494653 -9.55311e-05 1 -0.000314313 -0.000114797 -2.20297e-05
1.74066e+09 -0.000426971 0.00453795 0.000858676 1 -0.000108457 -0.000198655 2.85412e-05
1.74066e+09 8.86764e-05 0.00645656 0.000432851 1 -0.000318924 -0.00023547 -9.64745e-05
1.74066e+09 0.000396461 0.00843382 7.45012e-05 1 3.18869e-05 -0.000101613 -3.79994e-05
1.74066e+09 -0.000518017 0.0073316 0.000858551 1 -0.000120564 -0.000359266 -0.000162308
1.74066e+09 0.000486149 0.00644953 -9.52432e-06 1 -0.000230001 -0.000175092 0.000163026
1.74066e+09 -0.00110109 0.00660132 0.000405246 1 -0.000367253 -9.50321e-05 8.25911e-05
1.74066e+09 -0.00148621 0.00373218 0.000446388 1 -0.000180098 9.40038e-06 -4.07383e-05
1.74066e+09 4.25322e-05 0.00402553 0.00109665 1 -8.86491e-05 -1.5208e-05 -5.00847e-06
1.74066e+09 0.0016168 0.00250142 0.000873686 1 -0.000269827 -0.000266247 -2.93337e-05
1.74066e+09 0.000735695 0.000688007 0.00198287 1 -0.000133153 -3.50508e-05 -0.000136309
1.74066e+09 0.00164035 0.00209669 0.000683369 1 -0.000404815 -0.000127153 9.96595e-05
1.74066e+09 0.000618646 0.00153609 0.00218619 1 -0.000285962 -4.72391e-05 -0.000231062
1.74066e+09 -0.000470882 0.00310839 0.000148046 1 -3.99014e-05 2.14899e-05 -0.000116601
1.74066e+09 -0.00121313 0.00677015 0.00115213 1 -0.000216081 -6.18458e-05 0.000308607
1.74066e+09 -0.00197954 0.00712727 0.000273319 1 -0.000212254 -5.84209e-05 -2.7517e-05
1.74066e+09 -0.00214057 0.00782698 0.00152954 1 -0.000324991 -0.000106094 6.31631e-05
1.74066e+09 -0.00142032 0.0064611 0.000916306 1 -0.000319425 -3.62092e-05 8.83242e-05
1.74066e+09 0.000639479 0.00676819 -0.000388729 1 -0.000364962 -9.49067e-05 -8.61367e-07
1.74066e+09 0.000830364 0.00386481 -0.00109533 1 -0.000213348 -0.000259537 -0.000195091
1.74066e+09 0.00034179 0.00256933 -0.00124492 1 -0.000289508 -8.30233e-05 -0.000124703
1.74066e+09 0.00100942 0.00601796 -0.00125775 1 -0.000294746 -0.000228467 9.30238e-05
1.74066e+09 0.000180539 0.00610916 -0.00185009 1 -0.000361981 -0.000131793 6.92073e-05
1.74066e+09 -0.000231236 0.00673096 0.00035613 1 -0.000158158 8.65176e-06 -3.62404e-05
1.74066e+09 -0.00033373 0.00463333 0.000381484 1 -0.000285088 -5.29711e-05 7.15294e-05
1.74066e+09 -0.000633272 0.00306383 0.00119126 1 -0.000243914 -4.24863e-05 -0.000119053
1.74066e+09 0.000591378 0.00319979 0.000933278 1 -0.000589108 -0.000335897 9.59467e-05
1.74066e+09 0.000529733 0.00609824 0.00168282 1 -0.000177923 1.66788e-05 8.28679e-05
1.74066e+09 0.000150296 0.00590292 0.00195931 1 -5.62553e-05 4.58907e-05 5.6197e-05
1.74066e+09 -0.000261878 0.0045672 0.00176619 1 -0.000342515 -7.79553e-05 6.83252e-05
1.74066e+09 0.000498849 0.00265154 0.000755945 1 -0.000136456 -0.000223298 7.158e-05
1.74066e+09 -0.000550862 0.00599495 0.000570057 1 -0.000300963 6.34707e-05 0.000216486
1.74066e+09 -4.38392e-05 0.00448659 9.83821e-05 1 -0.00038229 -0.000217265 3.1192e-06
1.74066e+09 0.00028475 0.00499915 -0.00115353 1 -0.000333804 -0.000331344 -0.000169239
1.74066e+09 -0.000327136 0.00598738 -0.000394353 1 -0.000185772 -6.39971e-05 -0.00026535
1.74066e+09 0.000194661 0.0072167 -0.000451134 1 -0.000239366 -8.9021e-05 5.70664e-05
1.74066e+09 0.000355267 0.00508904 -0.00140037 1 -7.2193e-05 -0.000100085 8.92601e-05
1.74066e+09 0.000697391 0.00394028 -0.000320876 1 -0.000300682 -9.26928e-05 -5.50269e-06
1.74066e+09 -0.000299499 0.0038966 -0.000500985 1 -0.00028698 -0.000126793 9.89007e-06
1.74066e+09 -0.000817326 0.0035098 -0.00057631 1 -0.000333788 -0.000136276 -9.55924e-05
1.74066e+09 -0.000112759 0.00566006 -0.000149419 1 -0.000368657 -0.000103333 -0.000176667
1.74066e+09 0.000464454 0.00507285 0.00115015 1 -0.000381668 -0.000212371 0.000214906
1.74066e+09 0.000538869 0.00430818 0.000431381 1 -0.000360204 -2.75074e-06 -0.000186686
1.74066e+09 0.000329254 0.00321394 0.000639145 1 -0.000152997 -2.46847e-05 2.51487e-05
1.74066e+09 0.000212165 0.00418995 0.00121958 1 -0.000293102 -7.51577e-05 -4.44141e-05
1.74066e+09 0.000225938 0.00334131 0.000451098 1 -0.000347238 -1.08728e-05 0.000114938
1.74066e+09 0.000780527 0.00636871 0.000413127 1 -0.000255389 -9.457e-05 5.88626e-05
1.74066e+09 -0.00128442 0.00364217 0.00167462 1 -0.000175897 3.8242e-05 -9.05623e-05
1.74066e+09 -0.00128884 0.00619968 0.000303824 1 -0.000264711 -4.69286e-05 0.000171663
1.74066e+09 -0.000579985 0.00606975 0.000377489 1 -0.000410001 -0.000240894 0.000102251
1.74066e+09 -0.000396036 0.00605738 -0.000541619 1 -0.000228617 -0.000256976 -0.000156076
1.74066e+09 -0.000660849 0.00600491 0.000654324 1 -0.000194087 4.72274e-05 7.97343e-05
1.74066e+09 4.54611e-07 0.00348227 0.000998587 1 -0.000392399 -0.000229708 7.89607e-05
1.74066e+09 -0.00167577 0.00417052 0.00160357 1 -0.000166184 0.000112026 0.000221537
1.74066e+09 -0.000889067 0.00479389 0.00142434 1 -0.000105536 -5.46795e-05 9.35395e-05
1.74066e+09 0.00043094 0.00521678 0.000261516 1 -0.000428256 -0.000116231 0.000270471
1.74066e+09 0.00117549 0.0067079 -0.000420079 1 -0.000325289 -9.99552e-05 7.19187e-05
1.74066e+09 0.000231912 0.00469378 -0.000639299 1 -0.000340668 -7.77254e-05 3.43493e-05
1.74066e+09 0.000108233 0.00304948 0.00053335 1 -0.000241904 0.000107888 9.47908e-05
1.74066e+09 0.000986967 0.00251833 0.000362099 1 -0.00036961 -9.56297e-05 0.000147216
1.74066e+09 -0.000525918 0.00476298 0.0015951 1 -0.000319237 -2.31049e-05 -6.93322e-05
1.74066e+09 0.000134189 0.00549893 0.00116081 1 -0.000389754 -0.000125978 -9.51089e-05
1.74066e+09 0.000606618 0.00345698 0.000875424 1 -0.000451137 3.09045e-05 0.000444119
1.74066e+09 -0.000998416 0.00179414 0.00161085 1 -5.4838e-05 4.29178e-05 -0.000120902
1.74066e+09 -0.00164079 0.00287886 0.00282403 1 -0.00025134 -0.000103172 -2.32278e-05
1.74066e+09 -0.00059793 0.00223969 0.00127988 1 -0.000227175 -9.21665e-05 -0.000208259
1.74066e+09 -6.9407e-05 0.00428013 0.00104273 1 -0.000400744 -0.000211184 -0.000139883
1.74066e+09 -0.000957558 0.00493628 0.00128623 1 -0.000147532 -3.63708e-05 -0.000266454
1.74066e+09 -0.00123075 0.00553876 -0.000241478 1 -0.000243611 -0.000157013 -0.000149685
1.74066e+09 -0.00100474 0.00735366 -0.00060727 1 -8.56383e-05 -0.000245904 1.45986e-05
1.74066e+09 -0.000437872 0.00906005 -0.00115628 1 -0.000123379 -9.16019e-05 -0.000173862
1.74066e+09 0.000955145 0.0103872 -0.000705144 1 -9.28651e-05 -7.81356e-05 6.23921e-05
1.74066e+09 0.00143509 0.00938689 -0.000607263 1 -0.000194067 -2.53767e-05 6.67683e-05
1.74066e+09 0.000515286 0.0068517 -0.000577348 1 -0.000252888 -2.68104e-05 -5.17904e-06
1.74066e+09 0.000446699 0.0047792 -0.000666913 1 -0.000303119 -0.000271952 0.000281799
1.74066e+09 -0.000530931 0.00526264 0.000998011 1 -0.000457818 -2.1867e-05 6.8454e-05
1.74066e+09 0.000378862 0.00304157 0.00159919 1 -0.000349862 -0.000124849 -2.33235e-05
1.74066e+09 -0.000153506 0.00374331 0.00241554 1 -0.000286201 3.51712e-05 0.000266392
1.74066e+09 -0.000789066 0.00522559 0.00187629 1 -0.000476156 -0.000182001 0.000186613
1.74066e+09 0.000320865 0.00423713 0.00108296 1 -0.000148128 -3.48382e-05 -0.000130209
1.74066e+09 0.000777621 0.00349687 0.00115428 1 -4.95148e-05 -3.28661e-05 -5.00568e-05
1.74066e+09 0.000987374 0.00470921 -0.000234674 1 -0.000454982 -0.000124691 7.22426e-05
1.74066e+09 0.000353858 0.00545667 -0.00130268 1 -0.000372551 -0.000120438 -1.98477e-05
1.74066e+09 8.21749e-05 0.00647535 -0.00154534 1 -0.000155209 -0.000297203 8.10404e-05
1.74066e+09 0.000233637 0.00676981 -0.000743134 1 -0.000170545 -6.79115e-05 -8.59158e-05
1.74066e+09 0.000564108 0.00788947 -0.000459952 1 -0.000206071 -0.000132841 0.000130759
1.74066e+09 0.00197085 0.00663427 -0.00120583 1 -0.000267274 -0.000192068 -0.000103896
1.74066e+09 0.00263834 0.00553714 -0.000881912 1 -0.000443442 -0.00028344 0.00015057
1.74066e+09 0.00218089 0.00508115 -0.000539384 1 -0.000171004 -0.000107498 0.000207724
1.74066e+09 0.00188545 0.00378394 0.000268637 1 -0.000388515 -0.00013122 0.000222246
1.74066e+09 0.00124813 0.00183211 -0.000502727 1 -1.40267e-05 -5.53933e-05 -0.000136823
1.74066e+09 0.00018873 0.00170958 -4.77501e-05 1 -0.000178848 3.78164e-05 -6.55257e-06
1.74066e+09 0.000265618 0.00409508 -6.04433e-05 1 -0.00049144 -3.92066e-05 -0.000125835
1.74066e+09 -1.14985e-05 0.00383494 -0.000238509 1 -0.000324335 3.35493e-05 0.000108337
1.74066e+09 0.00168892 0.00291407 -0.00046816 1 -0.000275449 -9.76715e-05 3.09279e-05
1.74066e+09 0.00255558 0.00161168 0.000157547 1 -0.000316067 -6.57392e-05 0.000171587
1.74066e+09 0.00245493 0.00395739 0.000190638 1 -0.000246438 -2.36706e-05 0.000182814
1.74066e+09 -0.000908093 0.00261401 0.00112934 1 -5.82291e-05 -1.04043e-05 -1.2222e-05
1.74066e+09 -0.000974849 0.00581473 -0.000244664 1 6.51562e-05 -2.33637e-05 -3.05537e-05
1.74066e+09 -0.000943703 0.00385328 0.000774996 1 -0.000261912 -4.70487e-05 0.000128314
1.74066e+09 0.000432876 0.00418426 -0.000633542 1 -0.000243865 -0.000156237 -2.38948e-05
1.74066e+09 0.00139644 0.00428725 -0.000438542 1 -0.000365179 -0.000249115 0.000148112
1.74066e+09 0.00169288 0.00374243 0.00049576 1 -5.06459e-05 -0.000143608 9.25937e-05
1.74066e+09 0.00179176 0.0051435 2.59153e-05 1 -0.000114595 -7.85323e-06 -0.000203116
1.74066e+09 0.0023309 0.00668013 0.000148837 1 -0.000292445 -7.89072e-05 0.000186626
1.74066e+09 0.00157136 0.00517233 0.000681896 1 -0.000480776 -0.000176657 4.02401e-06
1.74066e+09 0.00177055 0.00496884 -0.000763453 1 -0.000255203 -0.000178413 0.000254371
1.74066e+09 -0.00106204 0.00606475 -0.000501523 1 -0.000262113 -3.94824e-05 0.000172186
1.74066e+09 -0.00113247 0.00487761 0.000210049 1 -0.000288706 -4.16142e-06 1.92043e-05
1.74066e+09 -0.000301378 0.00443571 -0.00105209 1 -0.000216538 5.54333e-05 0.000114605
1.74066e+09 -7.89642e-05 0.00498382 0.00015187 1 -0.000264837 -5.70555e-05 0.000144005
1.74066e+09 0.00179227 0.00514341 -0.000807219 1 -0.00034249 -0.000141155 8.16932e-06
1.74066e+09 0.00149762 0.00344132 0.00110965 1 -0.000347398 -2.98639e-05 3.55301e-05
1.74066e+09 0.00133895 0.00348206 -0.00032797 1 -0.0002898 -4.99104e-05 1.56605e-05
1.74066e+09 0.000763137 0.00347453 0.0013975 1 -0.000291436 8.5507e-05 -5.80715e-05
1.74066e+09 0.00139321 0.00302068 0.00050207 1 -0.000160517 -0.000148278 9.59446e-05
1.74066e+09 0.00130963 0.0034821 0.00076481 1 -0.000281021 -0.00014659 0.00013983
1.74066e+09 0.000947027 0.00501467 0.000613378 1 -0.000322065 -0.000201718 2.56097e-05
1.74066e+09 0.000114635 0.00563541 0.000611358 1 -0.000234711 -0.000259568 -9.60496e-05
1.74066e+09 -0.000307754 0.00787149 -0.000303899 1 -0.000187255 -4.42436e-05 -1.29892e-06
1.74066e+09 0.000313753 0.00810533 -0.000497715 1 -0.000199181 -9.44365e-05 3.68314e-05
1.74066e+09 0.00188846 0.00861535 -0.000833727 1 -0.000244001 -0.000355827 -0.000200487
1.74066e+09 0.00139458 0.00843184 -0.000490792 1 -0.000192873 -0.000145588 -7.80698e-05
1.74066e+09 -2.77016e-06 0.00633445 0.000189684 1 -0.000316624 -0.000131914 0.000220014
1.74066e+09 -0.000632382 0.00447172 -2.3175e-05 1 -0.000230651 -4.10863e-05 6.59129e-05
1.74066e+09 0.000331806 0.00168325 -3.8296e-05 1 -0.000218214 -0.000287092 0.000328282
1.74066e+09 0.00166044 0.00186656 -0.000812498 1 -0.000302187 -0.000111036 0.000336424
1.74066e+09 0.00200168 0.00244211 -0.000732254 1 -0.000400565 -0.000221411 2.27215e-05
1.74066e+09 0.00198401 0.00348624 0.000232432 1 -0.000288963 -7.50444e-05 0.000307474
1.74066e+09 0.00107442 0.00471435 0.00208414 1 -0.000123641 -9.71136e-05 -9.09901e-05
1.74066e+09 0.00106108 0.00407716 0.00244259 1 -0.000233902 3.40506e-06 0.000216011
1.74066e+09 0.0013391 0.0037591 0.00250977 1 -0.00016996 -0.000258004 0.000354268
1.74066e+09 0.00150312 0.0027958 0.000325297 1 -0.000137257 -0.000188023 -9.4599e-05
1.74066e+09 0.00171527 0.00322869 -0.00067419 1 -0.000416875 -0.000271812 0.000177952
1.74066e+09 0.000548146 0.0044627 0.000193175 1 -0.000229976 -9.94448e-05 -3.51559e-05
1.74066e+09 0.000128112 0.00662139 -0.000692934 1 -0.000242576 -0.000135895 0.000182445
1.74066e+09 0.000309989 0.00646932 -0.00155874 1 -0.000159756 -8.06331e-05 -0.000132585
1.74066e+09 0.00113779 0.0082612 -0.00157437 1 -0.000273201 -5.18744e-05 7.85809e-05
1.74066e+09 0.002359 0.00643473 -0.000987334 1 -0.000236933 -0.000239354 -3.29825e-05
1.74066e+09 0.00228241 0.00689527 0.000159443 1 -0.000352625 -5.90453e-05 0.000190098
1.74066e+09 0.00146681 0.00339658 -0.000828246 1 -0.000370608 -0.000218294 0.000156915
1.74066e+09 0.000678315 0.00570517 0.000307227 1 -0.000263744 -6.4849e-05 0.000186017
1.74066e+09 0.0013824 0.00637453 -0.0010143 1 -0.000236328 -0.000252655 -4.63696e-05
1.74066e+09 0.00111478 0.00528155 0.000590902 1 -0.000311307 -0.000194445 -2.11286e-05
1.74066e+09 0.00163676 0.00659845 0.000477135 1 -0.000391791 -0.000101776 0.000153686
1.74066e+09 0.000643576 0.0026654 0.00157937 1 -0.000265168 -1.92358e-05 -0.000232974
1.74066e+09 0.000995568 0.00614242 0.0019531 1 -0.000142331 -0.000167248 0.000276654
1.74066e+09 -0.0014238 0.00439238 0.0022273 1 -0.000154134 1.56936e-05 -4.99319e-05
1.74066e+09 -0.000157446 0.00481149 -0.000214008 1 -9.11146e-05 -0.000187614 1.49615e-05
1.74066e+09 4.64902e-05 0.00430468 0.000402116 1 2.68698e-05 0.000156163 -0.00024603
1.74066e+09 0.0011852 0.00544339 -0.000366515 1 -0.000282893 -0.000172412 1.02745e-05
1.74066e+09 0.00199665 0.00459627 0.00045957 1 -0.000129421 -0.000162936 -3.67366e-05
1.74066e+09 0.0019245 0.00419467 0.00147148 1 -0.000128709 -0.000245953 0.000108181
1.74066e+09 0.00155124 0.00221211 0.000749334 1 -0.000340821 -0.000126456 0.000241994
1.74066e+09 0.000712429 0.00142627 0.000765541 1 -0.000255318 8.35669e-05 0.000269932
1.74066e+09 1.106e-05 0.00323253 -5.91913e-05 1 -0.000447753 -2.59576e-05 0.000265252
1.74066e+09 -0.00142415 0.00498092 -0.000310682 1 -0.000281663 -0.000101378 -9.01109e-05
1.74066e+09 -0.000131732 0.00585588 0.000156207 1 -0.000332047 -0.000118987 0.000260421
1.74066e+09 -0.00137412 0.00626199 0.000803325 1 -0.000337973 -4.78612e-05 1.52664e-05
1.74066e+09 -0.00193111 0.0057637 0.000107788 1 -0.000316467 -3.09387e-05 1.4357e-05
1.74066e+09 -0.000762771 0.00380204 0.00101708 1 -0.000272956 3.28534e-06 -0.00027785
1.74066e+09 0.000762044 0.00372504 -0.000316324 1 -0.000374181 -0.000255337 7.63441e-05
1.74066e+09 0.000182799 0.00533818 0.0022143 1 -0.000158935 5.99792e-05 -0.000186348
1.74066e+09 -0.00069185 0.00519105 0.00153197 1 -0.000138092 -0.000121867 -0.000191739
1.74066e+09 0.00035323 0.00424533 0.00210155 1 -0.00026296 -3.6336e-06 6.23029e-05
1.74066e+09 0.00210466 0.00286391 0.000928357 1 -0.000232804 -0.000230038 -8.78073e-05
1.74066e+09 0.00249503 0.00515068 0.00160473 1 -0.000453263 -0.000340312 0.000163348
1.74066e+09 0.000502868 0.00509797 0.0014124 1 -6.45432e-05 -2.78239e-05 -8.04814e-05
1.74066e+09 0.00109216 0.00612928 0.000657626 1 -0.000374749 -6.54362e-05 0.000488128
1.74066e+09 0.000902299 0.00630849 0.000143819 1 -0.000230759 -0.000214974 8.35769e-05
1.74066e+09 0.00170665 0.00519958 -0.000880072 1 -0.000318345 -0.000100857 1.23185e-05
1.74066e+09 0.00088658 0.00632965 -0.000991466 1 -0.000177475 -0.000372641 -9.57409e-05
1.74066e+09 0.000815321 0.0055775 -0.000434235 1 -0.00036089 -0.000163941 -8.56759e-06
1.74066e+09 -0.0013421 0.00527918 0.000665114 1 -4.01328e-05 0.000135892 -0.000218627
1.74066e+09 -0.00110321 0.00517023 0.00110787 1 -0.000325322 1.51391e-05 0.00017362
1.74066e+09 9.02552e-05 0.00335062 0.00109709 1 -0.000142475 -5.05895e-05 -7.42845e-05
1.74066e+09 0.0003607 0.00275627 0.00113411 1 -0.000203636 -0.000157256 7.08245e-05
1.74066e+09 0.00122224 0.00225661 0.00144192 1 -0.000222831 -3.86568e-05 0.000111323
1.74066e+09 0.00197362 0.00548143 0.00141704 1 -0.000200601 3.49381e-05 0.000204939
1.74066e+09 0.00120478 0.00456632 0.00157778 1 -0.000260806 4.23573e-06 2.09931e-05
1.74066e+09 -0.000296211 0.00445282 0.00234779 1 -4.08219e-05 1.60014e-05 7.80075e-05
1.74066e+09 0.000732153 0.00591656 0.00200885 1 -0.000196238 -0.000157866 0.000269578
1.74066e+09 0.00104951 0.00543394 0.000832196 1 -0.000255801 -5.15335e-05 0.000249681
1.74066e+09 0.00061002 0.00526469 0.00024553 1 -0.000429214 -0.000289476 0.000168282
1.74066e+09 -0.000101933 0.00680131 0.000391996 1 -0.000251576 -8.23522e-05 -4.64075e-05
1.74066e+09 3.99473e-05 0.00716214 -0.000803036 1 -0.000103195 -0.000214252 0.000171581
1.74066e+09 -9.84093e-05 0.00389282 -0.000689238 1 -0.00017327 -0.00012484 -0.000170706
1.74066e+09 0.000186919 0.00559761 -0.00123375 1 -0.000204586 -9.27408e-05 -1.89316e-05
1.74066e+09 0.000751345 0.00316903 -0.00207503 1 -0.000437364 -0.000280515 -0.000214787
1.74066e+09 0.00072627 0.0041686 -0.00059517 1 -0.000365497 -7.43935e-05 0.00010813
1.74066e+09 0.000941816 0.00399823 -0.000940753 1 -0.000200587 -0.000159363 6.55815e-05
1.74066e+09 0.000689978 0.00372937 0.000842089 1 -0.000167863 -1.37413e-05 9.67709e-05
1.74066e+09 0.000645113 0.00423119 0.00113511 1 -0.000169554 -6.68166e-05 0.000247163
1.74066e+09 0.000259362 0.00683059 0.00164137 1 -0.000225044 -5.14711e-05 4.71555e-05
1.74066e+09 0.00144171 0.00578794 6.43525e-05 1 -0.000400041 -0.000233248 0.000171227
1.74066e+09 0.000715688 0.00599567 0.000752757 1 -0.000285311 7.94376e-05 0.000285565
1.74066e+09 0.000673984 0.00708584 0.000927565 1 -0.000354664 -0.000160367 -0.000130011
1.74066e+09 0.000286206 0.00549487 0.00113516 1 -0.000111235 6.44911e-05 8.81346e-05
1.74066e+09 8.23602e-05 0.00440321 2.38465e-05 1 -0.000252254 -3.48877e-05 0.000386695
1.74066e+09 -0.0025048 0.00403632 0.00120839 1 -0.000132767 6.12827e-05 0.000118921
1.74066e+09 -0.0022819 0.00477208 0.000306598 1 -0.000218321 -2.03797e-05 0.000236813
1.74066e+09 -0.000202 0.00483202 -0.000155152 1 -0.000447098 -0.000132017 0.000229018
1.74066e+09 0.00114197 0.00338245 -4.33924e-05 1 -0.000130753 -0.000217145 -0.000177418
1.74066e+09 0.00118654 0.00468163 0.00031635 1 -0.000466904 -0.000142186 7.13878e-05
1.74066e+09 0.00183194 0.00441038 0.000457872 1 -0.000434743 -0.000282772 0.000131432
1.74066e+09 0.000839949 0.00436203 0.000595261 1 -0.00035432 -6.09981e-05 0.000101499
1.74066e+09 0.00128251 0.00655715 0.000469418 1 -0.000369512 -0.000273186 7.26294e-05
1.74066e+09 0.000696447 0.00386091 -0.000175829 1 -0.000291019 -0.000150615 9.51573e-05
1.74066e+09 -0.00250741 0.0055725 0.00108698 1 -0.000180207 0.000105093 2.56591e-05
1.74066e+09 -0.00182168 0.00387598 0.00109938 1 -0.000227441 -3.83974e-05 -7.90684e-05
1.74066e+09 -0.000496801 0.00478728 0.0011854 1 -0.000255579 3.64204e-05 2.38953e-05
1.74066e+09 -0.00045598 0.0048216 0.00126862 1 -0.000263788 -0.000156622 7.7662e-05
1.74066e+09 -0.000507884 0.00225591 0.00150761 1 -0.000378338 -0.000265322 -1.61568e-05
1.74066e+09 -0.000239758 0.00295031 0.000264392 1 -0.00040846 -3.6531e-06 -0.000107954
1.74066e+09 -0.000685569 0.00498089 0.00223548 1 -0.000156454 0.000270779 7.51773e-05
1.74066e+09 0.000343154 0.00460834 0.00101361 1 -0.000172812 4.26756e-05 -6.28755e-05
1.74066e+09 -0.000521251 0.00566175 0.00301067 1 -0.000278534 -0.000232649 -6.92516e-05
1.74066e+09 -0.000311697 0.00730014 0.00227996 1 -0.000226501 4.08649e-05 7.98657e-05
1.74066e+09 0.00121637 0.00623831 0.000816535 1 -0.000232366 -0.000274994 0.000161402
1.74066e+09 0.000513786 0.00305723 -0.000774035 1 -0.00037476 -7.07371e-05 -0.000117194
1.74066e+09 0.000799307 0.00325839 -0.00108863 1 -0.000213953 -0.000101611 -3.33468e-05
1.74066e+09 0.000844122 0.00489618 -0.00035652 1 -0.000341621 -0.000355296 0.000140269
1.74066e+09 0.000433593 0.00550452 -0.000823411 1 -0.00044125 -0.000143673 0.000282503
1.74066e+09 0.000899198 0.0053251 -0.00151262 1 -0.000372998 -0.000247194 0.000122568
1.74066e+09 0.000640789 0.00364704 -0.00200678 1 -0.000265158 -0.00011918 0.000352711
1.74066e+09 -0.000177563 0.00449802 -0.00099718 1 -0.000199987 -8.43569e-05 -0.000270368
1.74066e+09 0.000360674 0.00294868 0.000199968 1 -0.000248941 -0.000125992 -7.2949e-05
1.74066e+09 0.000521283 0.0034059 0.00095464 1 -0.000139608 -1.86035e-05 -4.66053e-06
1.74066e+09 0.000531978 0.0027167 0.000800182 1 -0.00023427 -8.18948e-05 -0.000185718
1.74066e+09 0.000316728 0.00346237 0.00197561 1 -0.000209648 8.7528e-05 0.000262935
1.74066e+09 0.000598111 0.00311391 0.00108626 1 -0.000397538 -0.000126197 5.44771e-05
1.74066e+09 0.000137538 0.00456885 0.00196443 1 -0.000396646 2.41559e-05 0.000168548
1.74066e+09 -0.000824058 0.00360991 0.000655336 1 -6.10491e-05 -3.99352e-05 -0.000190365
1.74066e+09 0.000340732 0.00531365 4.87129e-05 1 -0.000432144 -0.000342039 7.55443e-05
1.74066e+09 5.32468e-05 0.00485078 0.00118378 1 -9.22248e-05 0.000109566 -9.82782e-05
1.74066e+09 0.000909699 0.00499662 0.000229929 1 -0.000229779 4.14372e-05 0.00016888
1.74066e+09 0.0013191 0.00530105 -0.000436892 1 -7.34632e-05 -0.000211389 -7.11044e-05
1.74066e+09 0.00162809 0.00698549 -0.00060224 1 -0.000276949 -0.00024974 0.000224427
1.74066e+09 0.00129294 0.00532552 -0.00113581 1 -0.000275862 -0.000114807 0.000109455
1.74066e+09 0.000170498 0.00433736 -0.00103114 1 -0.000312557 -0.000142435 -4.75022e-05
1.74066e+09 -0.000126624 0.00430259 -0.000486513 1 -0.000361135 -0.000104816 -1.14153e-06
1.74066e+09 0.000259747 0.00326182 0.000250345 1 -0.000287182 -0.000191338 0.000114988
1.74066e+09 0.000480591 0.00261708 -0.000335764 1 -0.000344971 -8.32363e-05 -8.87657e-05
1.74066e+09 0.000145232 0.00156486 0.000593817 1 -0.000372722 -0.000181795 8.06309e-05
1.74066e+09 0.00089965 0.00393339 0.00012146 1 -0.000295858 -0.000110699 -0.00017421
1.74066e+09 0.000302428 0.0053379 0.00161139 1 -0.000220942 7.03797e-05 5.6938e-05
1.74066e+09 0.000815275 0.00733847 0.00104106 1 -0.000255421 -5.86858e-06 0.000160254
1.74066e+09 -0.000399224 0.00771609 0.00209628 1 -0.000181201 -7.34921e-07 0.000137241
1.74066e+09 -0.00093644 0.0058576 0.00104389 1 -6.39495e-05 3.88844e-06 -1.35877e-05
1.74066e+09 -0.00028797 0.00461811 0.00152219 1 -0.000387291 -9.36133e-06 0.000230136
1.74066e+09 0.000202137 0.00434592 0.000303785 1 -0.000125458 4.12161e-05 -3.00537e-05
1.74066e+09 0.0010577 0.00554402 2.08772e-05 1 -0.000305172 -0.000115131 0.000205975
1.74066e+09 0.000634784 0.00382141 -2.00229e-05 1 -0.000284289 -5.95069e-05 3.87543e-05
1.74066e+09 0.00031784 0.00226937 -0.000199883 1 -0.000345852 -0.000249787 -6.91314e-05
1.74066e+09 -0.000268167 0.00409661 0.000280234 1 -0.000349769 -0.000153518 -0.000143566
1.74066e+09 4.88708e-05 0.0046037 0.00043857 1 -0.000501587 -9.80251e-05 0.000177887
1.74066e+09 0.00151548 0.00675276 0.000653322 1 -0.00030233 -0.000219215 7.5463e-05
1.74066e+09 0.000678869 0.0066258 0.000482742 1 -0.000316119 -0.000202976 -2.45427e-05
1.74066e+09 9.56703e-05 0.00463871 0.000458528 1 -0.000325411 -0.000112258 -8.33762e-05
1.74066e+09 0.000108338 0.00492513 -0.00110061 1 -0.000319417 -0.00028671 0.000137792
1.74066e+09 -0.000149097 0.00333715 -5.59133e-05 1 -0.00030236 5.33841e-05 -7.23019e-05
1.74066e+09 4.25773e-05 0.00216724 -0.00120622 1 -0.000228149 -0.000267579 -0.000167095
1.74066e+09 0.000346663 0.00287953 0.000151935 1 -0.000266198 -0.000103255 0.000123506
1.74066e+09 0.000387114 0.00330366 -0.000565399 1 -0.000221891 -0.000134273 3.43613e-05
1.74066e+09 -0.000294612 0.00481032 0.00183178 1 -0.000162642 2.30847e-06 8.03049e-05
1.74066e+09 0.00106056 0.00518648 0.0008999 1 -0.000253382 -0.000112597 -3.54578e-05
1.74066e+09 0.00058157 0.00646068 0.00315544 1 -0.000207189 -7.06732e-05 0.00017045
1.74066e+09 0.000161758 0.00436355 0.00232064 1 -0.000130289 -4.11719e-06 4.80632e-05
1.74066e+09 0.000695019 0.00524259 0.00144893 1 -0.000299822 -0.000305699 1.75397e-06
1.74066e+09 -0.000527139 0.0049365 0.000830951 1 -0.000157128 -5.45165e-05 2.85942e-05
1.74066e+09 -0.000724728 0.0054783 0.000321621 1 -0.000279171 -9.74052e-05 -1.00193e-06
1.74066e+09 -0.00128602 0.0071363 -0.000722996 1 -7.46044e-05 -0.000165051 -9.43419e-06
1.74066e+09 3.97483e-05 0.00669432 -0.000667214 1 -0.000270639 -0.000145041 0.000211931
1.74066e+09 0.000334738 0.0068079 -0.000344177 1 -0.000260396 -0.000301576 -7.53325e-05
1.74066e+09 0.000833132 0.00568606 -7.76577e-05 1 -0.000257856 -5.49514e-05 0.000115556
1.74066e+09 0.000836099 0.00515387 4.31231e-05 1 -0.000321856 -4.83983e-05 8.53451e-05
1.74066e+09 0.0011899 0.00557515 0.000692751 1 -0.000169567 2.7811e-05 5.22374e-05
1.74066e+09 -0.000153837 0.00535442 0.00148759 1 -0.000410941 3.58601e-05 7.04462e-05
1.74066e+09 -0.00044819 0.00404315 0.000834695 1 -0.000235484 -1.13462e-05 -3.32952e-05
1.74066e+09 -0.00040289 0.00396347 0.000601044 1 -0.000245924 2.68183e-05 5.60126e-05
1.74066e+09 -0.000454908 0.00432385 0.000812235 1 -0.000253769 6.64959e-05 9.10557e-05
1.74066e+09 8.45963e-05 0.00465279 0.00143031 1 -0.000143589 0.00010633 5.7298e-05
1.74066e+09 0.000749722 0.003798 0.000345415 1 -0.000211019 -0.000171407 0.000116821
1.74066e+09 0.00109752 0.00595583 0.000575646 1 -0.000299774 -0.000271153 0.000259252
1.74066e+09 -0.000252057 0.00658961 0.000683862 1 -0.000212285 0.000181154 -0.000119482
1.74066e+09 7.22476e-05 0.00583787 7.61494e-05 1 -0.000417822 -0.000222598 -7.54371e-05
1.74066e+09 0.000710985 0.00198484 -0.000685691 1 -0.000237344 -0.000145419 5.27514e-06
1.74066e+09 0.00061553 0.00333697 -0.000471647 1 -0.000270823 -7.01546e-05 5.55026e-05
1.74066e+09 0.0012488 0.00292685 -0.000319992 1 -0.000306326 -0.000224656 -0.000195469
1.74066e+09 0.00111288 0.00197799 0.000182515 1 -0.000349282 -9.08137e-06 0.00011244
1.74066e+09 0.000687154 0.00556971 0.000610914 1 -0.000323292 -0.000140112 -4.66254e-05
1.74066e+09 0.000909646 0.00565328 0.000985821 1 -0.000220744 -0.000160646 0.000137445
1.74066e+09 0.000995732 0.00619275 -9.24603e-05 1 -0.000173641 -0.000170372 0.000155716
1.74066e+09 0.000783926 0.00516696 0.00106322 1 -0.000317689 -0.000194423 -9.44144e-06
1.74066e+09 0.00133243 0.00338448 -0.0012755 1 -0.000214134 2.07941e-06 0.000167096
1.74066e+09 0.000631949 0.0041467 -0.000491831 1 -0.000360132 -0.000193961 0.000186565
1.74066e+09 0.00105516 0.00144161 0.000498135 1 -0.000361929 -0.000108972 -5.70931e-05
1.74066e+09 -0.000942672 0.00185801 0.00129443 1 -0.000459296 -0.000286217 0.00010578
1.74066e+09 0.000136798 0.00161569 0.000765211 1 -0.000276078 4.32239e-05 4.6019e-05
1.74066e+09 -0.00141924 0.00460002 0.00230035 1 -0.000336606 3.24598e-05 9.03412e-05
1.74066e+09 -0.000655012 0.0042382 0.000165217 1 -0.000224124 -0.000144045 -1.96721e-05
1.74066e+09 0.000474384 0.00163751 0.000793245 1 -0.000383727 -0.000147292 0.000209412
1.74066e+09 0.000524 0.00245231 -0.000626784 1 -0.000425685 -0.000208818 -8.49289e-05
1.74066e+09 -0.00133505 0.00409428 -0.00086665 1 -0.000264835 -0.000103745 -7.90792e-05
1.74066e+09 -0.00117356 0.00706588 -0.000411501 1 -0.000407199 -0.000162144 0.00024004
1.74066e+09 -0.00263448 0.00981901 0.000760198 1 -9.03789e-05 1.16206e-05 8.43415e-05
1.74066e+09 -0.00161709 0.0107684 -0.000425063 1 -0.000328784 -2.74251e-05 -2.11003e-05
1.74066e+09 0.000164289 0.00719654 -0.000515048 1 -0.000324035 2.99225e-05 -4.84005e-05
1.74066e+09 0.000715087 0.00553712 9.62211e-05 1 -0.000250858 -2.05423e-05 3.38829e-05
1.74066e+09 -0.000332959 0.00361619 0.000504753 1 -0.000413019 -0.000147497 2.6583e-06
1.74066e+09 -0.000270627 0.00480368 0.000534963 1 -0.000214867 -2.36662e-05 0.000182349
1.74066e+09 0.000810027 0.00641786 -0.000455411 1 -0.000291228 -0.0002244 8.12654e-05
1.74066e+09 0.000495105 0.00751843 0.00196232 1 -0.00022214 0.000193668 0.000138555
1.74066e+09 0.00151627 0.00595822 0.00132233 1 -0.000322334 -0.00024046 -5.22258e-05
1.74066e+09 0.000203936 0.00419635 0.00184232 1 -0.000240926 -0.000108508 -7.2963e-05
1.74066e+09 -0.00118415 0.00351378 0.000998129 1 -0.000142028 -8.74726e-05 -0.000232791
1.74066e+09 -0.00148769 0.00512598 0.00286276 1 -0.000157917 0.000109557 0.000143115
1.74066e+09 -0.0019426 0.00688224 0.00313185 1 -0.000212625 6.73386e-05 -0.000208642
1.74066e+09 0.000455023 0.00646758 0.00127353 1 -0.000420948 -0.000295045 0.00020967
1.74066e+09 0.00106212 0.00683747 0.000686414 1 -0.000502955 2.01542e-05 -5.14571e-05
1.74066e+09 0.00108798 0.00704156 0.000306417 1 -0.000321044 -0.000131014 0.000115358
1.74066e+09 0.00172755 0.00719488 -0.0008004 1 -0.000309661 -0.000109404 8.92778e-05
1.74066e+09 0.000820413 0.00799756 -0.000948726 1 -7.82127e-05 4.23285e-05 0.000107031
1.74066e+09 0.000236695 0.00730314 -0.000619395 1 -0.000281388 -0.000162735 9.25933e-05
1.74066e+09 0.000150456 0.00382091 -0.000209275 1 -0.000234521 -3.25309e-05 9.68688e-05
1.74066e+09 5.67082e-05 0.0051572 0.000201928 1 -0.000119581 -3.53997e-05 -0.000126755
1.74066e+09 0.000754285 0.00507035 0.0011964 1 -0.000140134 7.54387e-05 0.000273554
1.74066e+09 0.00119654 0.00516673 0.00154576 1 -0.000428338 -7.21473e-05 0.000231613
1.74066e+09 0.0003796 0.00475568 0.00105963 1 -0.000465047 -0.000236037 -5.72392e-05
1.74066e+09 -0.000276594 0.00279903 0.00137744 1 -0.000556304 -7.17521e-05 7.73537e-05
1.74066e+09 -7.8618e-05 0.00115801 0.000831885 1 -0.000307251 -4.50109e-05 8.12509e-05
1.74066e+09 0.000156197 0.00170764 0.000632301 1 -0.000311054 3.45734e-05 -0.000226826
1.74066e+09 0.000629867 0.00180442 0.000544714 1 -0.000106392 -6.09099e-06 6.81556e-05
1.74066e+09 0.00146628 0.00397903 0.000427921 1 -0.000334023 -0.000237006 0.000237786
1.74066e+09 0.000811679 0.00641352 0.00104209 1 -0.00025827 3.0455e-05 -9.44448e-05
1.74066e+09 0.00041318 0.00598287 -3.96406e-05 1 -0.000340262 -0.000236904 1.74725e-05
1.74066e+09 0.000364301 0.00790785 -0.000598356 1 -0.000414486 -1.75758e-05 0.000133476
1.74066e+09 0.00042287 0.00667678 -0.0006383 1 -0.000297282 -0.00021432 0.000139223
1.74066e+09 0.000738811 0.00524404 -0.000946656 1 -0.000243455 -0.000277393 0.000237615
1.74066e+09 0.000418409 0.00592524 -0.000482762 1 -0.000338093 -4.20132e-05 -1.02095e-05
1.74066e+09 0.000593557 0.00590163 -0.000429359 1 -0.000331603 -0.000123673 0.000218069
1.74066e+09 0.000562577 0.00502211 -0.000198797 1 -0.000243008 -6.74409e-05 0.000370374
1.74066e+09 9.29246e-05 0.00593496 -0.000368563 1 -0.000201501 1.653e-05 0.000251071
1.74066e+09 0.000741482 0.00568282 6.43819e-05 1 -0.000213619 -0.000101093 0.000162151
1.74066e+09 0.000626191 0.0062156 -6.36227e-05 1 -0.000231902 6.01416e-05 0.000127995
1.74066e+09 0.000473072 0.00528725 0.00145185 1 -0.000304739 -0.000135563 0.000100832
1.74066e+09 0.00152861 0.00455077 0.00103163 1 -0.000257577 -7.43978e-05 0.000178015
1.74066e+09 -0.000200626 0.00418716 0.00155367 1 -5.82257e-05 3.08858e-05 4.38917e-05
1.74066e+09 8.74011e-05 0.002514 0.000830471 1 -0.0001874 4.44976e-05 -2.02268e-06
1.74066e+09 -0.000585258 0.00400008 0.00243284 1 -0.000401874 -9.96875e-05 0.000102872
1.74066e+09 -0.00109453 0.00730037 0.000761221 1 -0.000100728 -6.96183e-05 9.61372e-06
1.74066e+09 -3.1871e-05 0.00481085 0.000265884 1 -0.000523866 -2.29696e-06 -2.54629e-05
1.74066e+09 0.00101699 0.00571127 -0.000497078 1 -0.000347141 -0.000184558 -6.50328e-05
1.74066e+09 -0.00145601 0.00676339 0.000493944 1 -0.000218091 -5.02398e-05 -0.000111692
1.74066e+09 -0.000739682 0.00596609 5.00189e-05 1 -0.000133586 0.000121554 -4.56846e-05
1.74066e+09 -0.000794032 0.00618669 0.000878233 1 -0.000278806 -3.15051e-05 -3.30559e-05
1.74066e+09 0.000429399 0.00389225 0.000800674 1 -0.000289937 3.46009e-05 0.000143675
1.74066e+09 0.00025526 0.0047403 0.000832437 1 -0.000134175 5.15579e-06 0.000150945
1.74066e+09 -0.00137971 0.00400522 0.00124248 1 -0.000313869 -6.77005e-05 0.000125586
1.74066e+09 -0.000332191 0.00538449 0.000722299 1 -0.000347226 -3.51199e-05 0.000212929
1.74066e+09 0.000245807 0.00379119 0.00101235 1 -0.000391911 -0.000123606 -3.03217e-05
1.74066e+09 0.0009099 0.00260716 0.000233779 1 -0.000352451 -0.000272414 0.000153122
1.74066e+09 0.0011637 0.00449476 0.000881212 1 -0.000450189 -6.55475e-05 0.000227366
1.74066e+09 0.000698371 0.0035601 -9.1078e-05 1 -0.000399107 -0.000154829 -8.56684e-05
1.74066e+09 0.000698142 0.002022 0.000940563 1 -0.000434052 -6.59565e-05 -7.92371e-05
1.74066e+09 0.00107889 0.00232469 0.000180084 1 -0.000307699 -0.000182236 -2.51157e-05
1.74066e+09 0.000213929 0.00439934 0.00240285 1 -0.00027281 -7.00263e-06 0.000197638
1.74066e+09 -0.000394803 0.0046199 0.00248684 1 -0.000193933 3.18193e-05 -0.000341305
1.74066e+09 0.0004493 0.00722506 0.000908882 1 -0.000284842 -0.000298936 0.000170064
1.74066e+09 0.000884992 0.00689337 0.000204849 1 -0.000139479 -9.43592e-05 -0.000182346
1.74066e+09 0.000715033 0.00628608 -1.03464e-05 1 -0.000284241 -0.000222906 0.000135114
1.74066e+09 0.000635156 0.0055545 -0.00067898 1 -6.82933e-05 -9.41964e-06 0.000102935
1.74066e+09 -0.000426052 0.00192611 0.000211164 1 -0.000430797 -8.82726e-05 0.00012449
1.74066e+09 -0.000536646 0.0015025 -0.000270582 1 3.18926e-05 4.8681e-05 7.43574e-05
1.74066e+09 0.000250609 0.00235445 -0.000120039 1 -0.000172587 1.06355e-05 9.44445e-05
1.74066e+09 2.32871e-05 0.00102626 0.000139581 1 -0.000281403 -0.000309349 2.73111e-05
1.74066e+09 0.000777658 0.000676772 0.0015872 1 -0.000429805 -0.000100692 -5.42212e-05
1.74066e+09 0.000746642 0.00310406 0.00175416 1 -0.000189184 4.32873e-06 -0.000247441
1.74066e+09 0.000575549 0.00183659 0.000314703 1 -0.000408295 -0.000152616 2.34545e-05
1.74066e+09 1.9e-05 0.00326139 0.000399181 1 -0.000190806 -1.59223e-05 8.75618e-05
1.74066e+09 0.000560924 0.00404259 0.00111107 1 -0.00037312 -9.69201e-05 -0.000263727
1.74066e+09 0.000391135 0.00462589 0.00147956 1 -0.000393408 -2.28811e-06 8.29804e-05
1.74066e+09 0.000156489 0.00399895 0.00169433 1 -6.95309e-05 4.70224e-05 4.36897e-05
1.74066e+09 0.00171826 0.00572266 0.000960455 1 -0.000156975 -0.000216904 7.79513e-05
1.74066e+09 0.00205852 0.00600815 0.00111076 1 -0.00014131 -2.24315e-05 7.00465e-06
1.74066e+09 0.00233605 0.00824389 -0.000607206 1 -0.00031489 -0.000238857 0.000220851
1.74066e+09 0.00108253 0.00834484 -0.000154657 1 -0.000167579 6.28595e-05 5.4673e-05
1.74066e+09 0.000963501 0.00535654 -0.000385605 1 -0.000338783 -0.000206848 -1.00554e-06
1.74066e+09 0.00111398 0.00266971 -0.000360525 1 -0.000249012 -0.000286954 -0.000142645
1.74066e+09 0.00107917 0.00220703 0.000307512 1 -0.000142284 -7.01112e-06 0.000104085
1.74066e+09 0.00138316 0.00250552 0.000142307 1 -0.000407829 -0.000177686 6.71032e-05
1.74066e+09 0.00102004 0.00298104 0.000648991 1 -0.000305296 6.92224e-05 0.000225062
1.74066e+09 0.00125578 0.00600323 6.0164e-05 1 -0.000401676 -0.000120506 0.000307522
1.74066e+09 0.000910737 0.00557574 0.000592095 1 -0.000267674 7.1327e-05 0.000204799
1.74066e+09 0.00167437 0.00698666 9.49254e-05 1 -0.000181141 -0.000232266 4.98075e-05
1.74066e+09 0.00175525 0.00368958 0.000276924 1 -0.00035679 -0.000331596 0.00020761
1.74066e+09 0.00138466 0.00258024 0.000461368 1 -0.000427681 -0.000140612 8.95159e-06
1.74066e+09 0.000144041 0.00307322 0.000676343 1 -0.000371834 -2.96857e-05 0.000212523
1.74066e+09 0.000669324 0.00532975 -6.31897e-05 1 -0.000287541 -0.000128403 -4.94357e-05
1.74066e+09 -0.000137845 0.00500436 0.00152454 1 -0.000581333 -0.000115408 -7.29613e-05
1.74066e+09 -0.000396161 0.00500279 0.00120176 1 -0.000136055 1.29346e-05 1.63404e-05
1.74066e+09 -0.00140173 0.00707794 0.00202307 1 -0.000371851 -7.91517e-05 0.000114127
1.74066e+09 0.000787928 0.00750767 0.000643085 1 -5.13744e-05 -0.000140197 9.8173e-05
1.74066e+09 0.00145878 0.00706342 0.000857167 1 -0.000331842 -0.000193008 1.31754e-05
1.74066e+09 0.00122907 0.00534574 2.24877e-05 1 -0.000329455 -0.000183156 -8.79916e-05
1.74066e+09 0.0010462 0.00577611 0.000928641 1 -0.000224344 -9.8684e-05 -6.41618e-07
1.74066e+09 4.73311e-05 0.00233648 0.00104779 1 -9.24939e-05 -0.000163078 6.17548e-05
1.74066e+09 0.000434578 0.00336955 0.00104666 1 -0.000348901 -3.73482e-05 0.000129495
1.74066e+09 0.00127661 0.00315466 0.000876751 1 -0.000583537 -0.000414064 0.00012685
1.74066e+09 0.000108447 0.00230893 0.000602545 1 -0.000278583 -0.000231238 2.20274e-06
1.74066e+09 -0.000815073 0.00192076 0.00155334 1 -0.000269828 -0.000148558 0.000120081
1.74066e+09 0.000859962 0.00381288 0.000397114 1 -0.000217773 -0.000180971 2.84343e-05
1.74066e+09 0.00125645 0.00562234 0.00124195 1 -0.000288578 6.27659e-05 0.000136813
1.74066e+09 0.00165938 0.0059834 0.000683429 1 -0.000321144 -0.000210273 9.59432e-05
1.74066e+09 0.00177276 0.0068482 0.0020402 1 -0.000251481 -5.34891e-05 0.000122738
1.74066e+09 0.00148344 0.00691104 0.00130008 1 -0.000247959 -0.000136912 0.000158278
1.74066e+09 0.000720963 0.00769766 0.00289216 1 -0.000212315 -0.000129372 0.000224264
1.74066e+09 -0.000121001 0.00585658 0.0022553 1 -0.000172209 -0.000184717 2.00663e-05
1.74066e+09 0.000947833 0.00466337 0.000172102 1 -0.000327652 -0.000331801 0.000226165
1.74066e+09 0.00206013 0.0048323 -0.00096815 1 -0.000159707 -8.20011e-05 -6.83015e-05
1.74066e+09 0.00253417 0.00284665 -0.0016296 1 -0.000194828 -0.000416982 -1.66831e-05
1.74066e+09 0.00130988 0.00337481 -0.000749782 1 -0.000257924 -0.000132598 1.58013e-05
1.74066e+09 0.00100539 0.00396001 5.01892e-05 1 -0.000349771 -7.70759e-05 0.00036655
1.74066e+09 0.00160115 0.00278672 -0.000286824 1 -0.000305009 -0.000221673 9.27145e-05
1.74066e+09 0.00156022 0.00262242 0.00015981 1 -0.000274562 -0.0001366 -2.82381e-05
1.74066e+09 0.000925427 0.00567373 0.000720547 1 -0.000368501 -0.000129419 0.000125027
1.74066e+09 0.0017657 0.00652555 0.000317403 1 -0.000438334 -0.000128364 8.90524e-05
1.74066e+09 0.0019586 0.00735779 -0.000160643 1 -0.000316753 -0.000395705 -0.000187666
1.74066e+09 0.00170097 0.00416711 -0.000591971 1 -0.000364795 -0.000337407 -7.25088e-05
1.74066e+09 0.000904771 0.00386046 0.000104187 1 -0.000154125 -4.03495e-05 -4.69537e-05
1.74066e+09 0.000849276 0.00414571 0.000117532 1 -0.000179831 -9.05595e-05 -0.000142207
1.74066e+09 0.000829547 0.00544922 0.00129313 1 -0.000320993 -8.69245e-05 -5.15939e-05
1.74066e+09 0.00113033 0.00398746 0.0011199 1 -0.000216212 -0.000163246 -0.000128033
1.74066e+09 0.000540143 0.00304363 0.00101977 1 -0.000229597 -0.000169268 0.000105988
1.74066e+09 0.00148324 0.00207446 0.00171731 1 -0.000188399 -7.44251e-05 6.56907e-05
1.74066e+09 0.00198598 0.00222865 -0.000399531 1 -0.000299643 -0.000426731 0.000171627
1.74066e+09 0.00126976 0.0033311 -0.000180428 1 -0.000229388 -4.76103e-05 -3.56239e-06
1.74066e+09 0.000986058 0.00431826 -0.000479939 1 -0.000254794 -0.0002391 0.000172678
1.74066e+09 0.00172947 0.00223285 -0.00132934 1 -0.000137866 -0.0001392 -7.41864e-05
1.74066e+09 0.000828124 0.00319209 -0.000827483 1 -0.000278554 5.61483e-05 0.000106627
1.74066e+09 0.00138428 0.00570147 -0.000488372 1 -0.000266848 -0.00020841 -0.000115119
1.74066e+09 0.00108939 0.00399817 -0.000506621 1 -0.000411178 -7.73133e-05 9.23372e-05
1.74066e+09 0.00147536 0.00473757 -0.000973136 1 -0.000254809 -0.000249189 -0.000115497
1.74066e+09 0.0012642 0.00209756 4.42998e-05 1 -0.000214131 -5.78227e-05 -0.000204454
1.74066e+09 0.00192996 0.00275936 9.43477e-05 1 -0.000123327 -8.43453e-05 9.69792e-05
1.74066e+09 0.000938032 0.00392304 0.000732138 1 -0.000426668 -9.96013e-05 0.000138575
1.74066e+09 0.00105748 0.00580459 0.000589335 1 -0.000237325 -5.95011e-05 -1.73728e-05
1.74066e+09 -0.000985275 0.00529147 0.0016308 1 -0.000383403 9.75853e-05 0.000264251
1.74066e+09 -0.000110472 0.00553494 -0.00073979 1 -0.000212518 -2.21779e-05 -3.04991e-05
1.74066e+09 -0.00112245 0.00573 0.00108432 1 -0.000393118 1.55558e-05 7.15915e-05
1.74066e+09 -0.000372029 0.00659865 0.00088042 1 -0.0001762 -8.08867e-05 -2.86305e-05
1.74066e+09 -0.0011004 0.0042216 0.00226933 1 -0.000311586 7.68465e-05 7.03113e-05
1.74066e+09 0.000692066 0.00378726 0.000757004 1 -0.000330385 -0.000246903 -8.58573e-05
1.74066e+09 0.000933515 0.00482804 0.000893288 1 -0.000187337 -1.0988e-05 8.86098e-05
1.74066e+09 0.00206796 0.00260895 -0.000355364 1 -0.000288594 -0.000146717 -4.29425e-05
1.74066e+09 -0.000249727 0.00448254 0.00121361 1 -0.000238402 -7.1709e-05 -2.56591e-05
1.74066e+09 -0.00101051 0.00428345 0.000516954 1 -0.000243599 -0.000181829 0.000116699
1.74066e+09 0.000108486 0.00550192 -3.9421e-06 1 -0.000387811 -4.83943e-05 0.00035452
1.74066e+09 0.00046893 0.00845838 -0.000571744 1 -0.00031146 -0.000247348 -4.53716e-06
1.74066e+09 0.00127499 0.00721965 -3.84481e-05 1 -0.000127666 -0.000149352 -0.000117291
1.74066e+09 -0.000355186 0.00604765 0.00146814 1 -0.000203218 -0.000147052 -2.4172e-05
1.74066e+09 0.000537355 0.0027659 0.000620904 1 -0.000309092 -0.000150524 0.000119304
1.74066e+09 0.00176834 0.00474603 0.000781719 1 -0.000306664 -0.000105752 -7.47327e-06
1.74066e+09 0.00169534 0.00187497 0.00053368 1 -0.000367965 -0.000388637 0.000130164
1.74066e+09 -0.000199336 0.00194297 0.00257141 1 -0.00015377 7.77094e-05 -5.73015e-05
1.74066e+09 0.000736879 0.00291411 0.00142626 1 -0.000396853 -0.000315384 -0.000188055
1.74066e+09 0.00111229 0.00468696 0.00324727 1 -0.000301343 -5.35865e-05 -3.96377e-05
1.74066e+09 0.00221776 0.00380184 0.00159556 1 -7.84209e-05 -8.21605e-05 -0.00015049
1.74066e+09 0.00138213 0.00454121 0.00164477 1 -0.000250639 -0.000269358 -9.85831e-06
1.74066e+09 0.000216338 0.00460262 0.000912097 1 -0.000204475 -0.000107573 8.95877e-05
1.74066e+09 -0.000215951 0.00456789 0.000603308 1 -0.000204161 -0.000303724 4.56156e-05
1.74066e+09 0.000207124 0.00320438 -0.000623329 1 -0.000227649 -0.000152572 6.15607e-05
1.74066e+09 0.000992869 0.00316163 -0.000588881 1 -0.000430007 -7.1926e-05 0.000121433
1.74066e+09 0.00209086 0.00382289 -0.000830103 1 -0.000302896 -0.000266591 1.03536e-06
1.74066e+09 0.00166241 0.00222839 -0.000614243 1 -0.000244873 -0.000139137 3.72043e-06
1.74066e+09 0.00122581 0.00434893 0.000298612 1 -0.000387823 -4.29327e-05 0.000162457
1.74066e+09 0.00149528 0.00578521 -0.000782693 1 -0.000412566 -0.00019301 0.000234432
1.74066e+09 0.000530208 0.00402821 0.000835471 1 -0.000198191 0.000167069 -0.000158834
1.74066e+09 0.00188644 0.00433325 0.000199936 1 -0.000457751 -0.000289773 0.000207459
1.74066e+09 0.000918031 0.00730095 0.00148226 1 -0.000204334 -7.59333e-06 0.000179984
1.74066e+09 0.00133051 0.00695449 0.00128254 1 -0.00038372 -0.000215986 5.29361e-05
1.74066e+09 0.000598172 0.00675827 0.00164992 1 -0.000279981 -3.68324e-06 -5.04379e-05
1.74066e+09 0.00132627 0.0038728 0.000769052 1 -0.00010877 -0.000177403 -0.000105675
1.74066e+09 0.000695023 0.0019354 0.00107201 1 -0.000288441 -0.000199624 8.73901e-05
1.74066e+09 0.000592304 0.00149334 0.000729723 1 -0.000257386 -3.58354e-06 4.67393e-05
1.74066e+09 0.00187471 0.00346479 -0.000157695 1 -0.00059037 -0.000585248 -6.17838e-05
1.74066e+09 0.000850307 0.00317126 0.000359103 1 -0.000186499 -0.000127538 3.3619e-05
1.74066e+09 0.00149654 0.00473841 5.20377e-05 1 -0.000395498 -0.000412349 0.000162656
1.74066e+09 0.00165917 0.000836881 -0.000397103 1 -0.000195002 -0.000141211 5.13088e-06
1.74066e+09 0.000745436 0.00368631 -0.000406947 1 -0.000241358 8.67752e-06 6.67345e-06
1.74066e+09 0.00115391 0.00459579 -0.000627193 1 -0.000210018 -0.000189417 0.000144551
1.74066e+09 0.000872214 0.00377807 -0.000182493 1 -0.000288959 -5.43324e-06 0.000284314
1.74066e+09 0.000542145 0.00484303 -0.000202957 1 -3.53529e-06 0.000201187 -0.000158817
1.74066e+09 0.00159418 0.00182304 0.000544697 1 -0.000396233 -0.000278269 0.000336908
1.74066e+09 0.0020021 0.00226882 0.00107656 1 -0.000409763 1.39044e-06 9.57878e-05
1.74066e+09 0.00194519 0.00260127 0.000171714 1 -0.000300651 -0.000221051 0.000111701
1.74066e+09 0.000994021 0.00247805 0.00044989 1 -0.00034305 -0.00014789 -2.24363e-05
1.74066e+09 0.000104071 0.00284499 0.000971712 1 -0.000373059 -0.000259119 3.30669e-05
1.74066e+09 -1.22146e-05 0.00348472 -0.000659707 1 -1.73647e-05 2.47756e-05 -8.76338e-05
1.74066e+09 -0.00104565 0.00442331 0.0016366 1 -0.000750002 -0.000314002 -8.73282e-05
1.74066e+09 -0.000377729 0.00451561 0.000288396 1 -0.000273764 -0.00010764 0.00016047
1.74066e+09 -0.00107236 0.00385197 0.00243461 1 -0.000366683 -7.3787e-05 0.000140698
1.74066e+09 -0.000122043 0.0043713 0.000896517 1 -0.000200377 -0.000255748 -7.56345e-06
1.74066e+09 0.000870394 0.00459862 0.000980589 1 -0.000245818 5.28552e-05 -0.00016763
1.74066e+09 0.00120508 0.00408638 7.38369e-06 1 -0.000368184 -0.000146702 6.31879e-05
1.74066e+09 -3.66321e-05 0.00343272 0.00067646 1 -0.000231897 -6.06556e-05 -0.00013074
1.74066e+09 3.24879e-05 0.00168804 2.21556e-05 1 -0.000332851 -0.000289011 -0.000241936
1.74066e+09 0.000622334 0.0046154 0.000394446 1 -0.000390375 -2.16447e-05 0.000197174
1.74066e+09 0.000587185 0.00641501 0.000386931 1 -0.000256949 -0.000200769 0.000106834
1.74066e+09 -0.000240104 0.00616423 -5.53757e-05 1 -0.000225156 -8.54344e-05 -4.43826e-05
1.74066e+09 -0.00204243 0.00709819 0.00058754 1 -0.000368226 8.05452e-05 0.000214272
1.74066e+09 -0.000950854 0.00691112 6.38023e-05 1 -0.000328285 -0.000194859 8.78018e-05
1.74066e+09 9.03623e-05 0.00534643 0.00114019 1 -0.000357534 6.54144e-05 -0.000115906
1.74066e+09 0.00160631 0.00302875 -0.00064205 1 -0.000208308 -0.000216806 -0.000117654
1.74066e+09 0.00182262 0.00299543 0.000826521 1 -0.000376899 -7.16607e-05 0.000102092
1.74066e+09 0.00152046 0.00159977 0.0002526 1 -0.000269767 -9.61482e-05 -0.000150169
1.74066e+09 0.000532844 0.00310183 0.00122676 1 -0.000300809 -0.000156083 0.000114571
1.74066e+09 -0.000793015 0.00186572 0.0014503 1 -0.000227715 1.9869e-06 -8.47893e-05
1.74066e+09 6.94824e-06 0.00200998 0.00167673 1 -0.000270467 -6.75347e-05 -3.31896e-05
1.74066e+09 0.00133858 0.000634135 0.000532197 1 -0.000217848 2.01459e-05 8.30748e-05
1.74066e+09 0.00106516 0.00339344 0.00104972 1 -0.000373662 -0.000331972 3.7661e-05
1.74066e+09 0.00180388 0.0013471 0.000294675 1 -0.000425227 -0.000160455 -5.1178e-05
1.74066e+09 0.000366607 0.00373317 0.00211822 1 -0.000332628 -0.000109099 -0.000130106
1.74066e+09 -0.00053166 0.00473764 0.00140355 1 -0.000170755 -4.50622e-05 0.000201143
1.74066e+09 -0.0012023 0.00415419 0.000513981 1 -0.000251057 -0.000114025 -0.000104698
1.74066e+09 -0.000124797 0.00498435 -8.92668e-05 1 -0.000380037 -5.82491e-05 0.0001369
1.74066e+09 0.000271354 0.00285244 -0.000558861 1 -0.000292483 -0.00021208 0.000236286
1.74066e+09 0.000178062 0.0034929 5.65006e-05 1 -0.000250464 -0.000166158 0.000248092
1.74066e+09 0.000884662 0.00402263 -0.000192381 1 -0.000422856 -0.000388281 1.47465e-05
1.74066e+09 0.00160446 0.00614328 0.00189198 1 -0.000415087 -1.8229e-05 9.20715e-05
1.74066e+09 0.00179644 0.00429522 0.000932437 1 -0.000276138 -0.000113024 -5.19815e-05
1.74066e+09 0.000345319 0.0030546 0.000839412 1 -0.000286526 -6.9763e-05 -1.3391e-05
1.74066e+09 0.000577127 0.00323807 0.000801217 1 -0.000157621 -0.000131424 -7.00269e-05
1.74066e+09 0.00071268 0.00461537 0.00199471 1 -0.000173272 4.86216e-05 5.20488e-06
1.74066e+09 0.000125139 0.00322463 0.00225535 1 -0.000213736 -0.000151465 7.75716e-05
1.74066e+09 0.00111831 0.00303303 0.000271643 1 -0.000518767 -0.000307961 0.000338944
1.74066e+09 0.00111866 -0.000545131 0.000931434 1 -8.65585e-05 0.000172585 -2.48637e-05
1.74066e+09 0.00128534 0.0030636 0.00018133 1 -0.000205866 -0.000179425 -4.23872e-05
1.74066e+09 0.00114572 0.00545103 0.00062315 1 -0.000245011 -6.51629e-05 0.000220276
1.74066e+09 0.000675937 0.0053079 5.80241e-05 1 -0.000353 -0.000132437 0.000165827
1.74066e+09 0.00116292 0.00478143 -6.82753e-05 1 -0.000261556 -0.000125378 -3.50811e-05
1.74066e+09 0.000409237 0.00378134 -0.000504762 1 -0.000262809 -7.45999e-05 -0.000196785
1.74066e+09 0.000687008 0.00348735 -0.000696617 1 -0.000314565 -0.000118922 3.49534e-05
1.74066e+09 0.000867793 0.00549376 0.000304503 1 -0.000395599 -0.000175636 0.000242981
1.74066e+09 0.000465257 0.00502716 0.000247236 1 -0.000347911 -8.73298e-05 8.28252e-05
1.74066e+09 0.00125169 0.0036631 0.000284256 1 -0.000210674 -0.000124404 9.40677e-05
1.74066e+09 0.00144131 0.00138972 -0.000601112 1 -0.000357559 -7.90681e-05 3.20133e-06
1.74066e+09 -0.00100755 0.00237667 0.000960885 1 -0.000370481 -0.00024745 -0.000124831
1.74066e+09 -0.00053535 0.0015509 -0.00113052 1 -0.000190996 5.10082e-05 2.56142e-05
1.74066e+09 -0.000938826 0.00338342 0.00144377 1 -0.000492745 -0.000291169 -1.25922e-05
1.74066e+09 0.000752519 0.0048944 0.00144748 1 -0.000236208 -8.57201e-05 0.000100454
1.74066e+09 0.00198694 0.00421365 0.00270697 1 -0.000174104 -0.000199748 -0.000138381
1.74066e+09 0.00273207 0.00277276 0.00137256 1 -0.000156534 -0.000316971 -2.24981e-05
1.74066e+09 0.00205682 0.00379891 0.00184195 1 -0.00014397 -6.64844e-05 -4.07705e-07
1.74066e+09 0.000868442 0.00414557 0.000139598 1 -0.000271636 -0.00023431 3.78853e-05
1.74066e+09 -0.00105657 0.00724626 0.00081552 1 -0.000439538 -0.00025466 6.10334e-05
1.74066e+09 -0.00256198 0.0063149 0.00107876 1 -0.000121294 0.000117241 8.82183e-05
1.74066e+09 -0.00320823 0.00509933 0.00176471 1 -0.000286515 7.61338e-05 -8.37295e-05
1.74066e+09 -0.000419663 0.00503343 0.0016298 1 -0.000388689 -4.49594e-05 4.54875e-05
1.74066e+09 0.00184277 0.00690747 0.000201416 1 -0.000371698 -3.78845e-05 7.44299e-05
1.74066e+09 0.00104916 0.00723153 0.00108776 1 -0.000294751 -5.24539e-05 9.05864e-05
1.74066e+09 0.00140342 0.00515389 0.000304953 1 -0.000272052 -0.000289307 -7.72885e-05
1.74066e+09 0.00125764 0.00286104 0.000194358 1 -0.000335662 -0.000207893 6.66988e-05
1.74066e+09 0.00101007 0.00276055 4.86781e-05 1 -0.000319249 -0.000242554 -2.76191e-05
1.74066e+09 0.00105301 0.00412914 0.00140479 1 -0.000241568 6.60746e-06 9.80903e-05
1.74066e+09 0.000845362 0.0038028 0.000576183 1 -0.000292659 -0.000103432 -6.28418e-05
1.74066e+09 -1.3489e-05 0.0046723 0.00189111 1 -0.000384528 8.21864e-05 -3.48223e-05
1.74066e+09 -0.000553966 0.0045873 0.00235773 1 -0.000219189 -9.67774e-05 8.25915e-05
1.74066e+09 -0.000285259 0.00596994 0.00156642 1 -0.000246266 4.83075e-05 0.000182415
1.74066e+09 -0.000488896 0.00609979 0.00038586 1 -0.00022403 -0.000155291 7.83698e-06
1.74066e+09 -0.000297754 0.00673942 0.000562842 1 -0.000235852 -0.000271091 -8.07959e-05
1.74066e+09 0.000483921 0.00280776 1.12701e-05 1 -0.000302439 -2.06767e-05 -2.26563e-05
1.74066e+09 0.0015988 0.00360411 5.01356e-05 1 -0.000324215 -0.000211228 0.000175219
1.74066e+09 0.00129103 0.00509089 -0.000297782 1 -0.0002122 -0.000252443 3.7924e-05
1.74066e+09 7.52202e-05 0.00710099 -9.68586e-05 1 -0.000258737 -5.26176e-05 1.71343e-05
1.74066e+09 -0.000884854 0.00749109 -1.42954e-06 1 -9.62425e-05 -8.14193e-05 -6.12314e-05
1.74066e+09 -0.00213438 0.00673749 -0.000157775 1 -0.000259796 0.000148434 2.17136e-05
1.74066e+09 -0.00115692 0.00762711 0.00121753 1 -0.000283679 -7.84647e-05 5.65299e-05
1.74066e+09 0.000841829 0.00592118 0.00089613 1 -0.000352962 -0.000220973 -7.26498e-05
1.74066e+09 0.00158047 0.00562505 0.00154951 1 -0.000316546 4.70353e-05 2.89223e-05
1.74066e+09 0.00233164 0.00224317 2.15861e-05 1 -0.00037312 -0.000112817 8.42213e-05
1.74066e+09 0.00222654 0.00284622 0.000467117 1 -0.000307233 -0.000133324 -7.28671e-05
1.74066e+09 0.00153442 0.00253757 0.000597863 1 -0.000317202 -0.000220995 7.393e-06
1.74066e+09 0.00127243 0.00267628 -0.000169276 1 -0.000337369 -0.000271558 -3.03101e-05
1.74066e+09 0.000527681 0.00332461 0.00121164 1 -0.000228916 -0.000101668 -0.000187603
1.74066e+09 0.000815345 0.00369896 0.000310209 1 -0.000438367 -0.000163152 2.03898e-05
1.74066e+09 0.00139364 0.00112302 0.00122508 1 -0.000235409 -2.36849e-05 1.20078e-05
1.74066e+09 0.00204287 0.00439754 8.96199e-05 1 -0.000344377 -0.00029608 0.000126137
1.74066e+09 0.00203471 0.00566036 0.000578317 1 -0.000211822 -0.00013585 -7.24155e-05
1.74066e+09 0.00181969 0.00810037 0.00032627 1 -0.000240625 -0.000247721 4.63718e-05
1.74066e+09 0.0020869 0.00573107 -7.61654e-05 1 -4.6148e-05 -0.000289322 -0.000164389
1.74066e+09 0.00198452 0.00768135 8.35348e-05 1 -0.000128892 -0.000194365 5.62179e-05
1.74066e+09 0.00118567 0.00670912 -0.000619679 1 -0.000143481 -4.59623e-05 0.00016812
1.74066e+09 0.00162949 0.00424077 -0.00036228 1 -0.000320105 -0.000208491 -3.49142e-05
1.74066e+09 0.00111063 0.00546288 -0.000374641 1 -0.000326201 -1.87694e-05 -6.41544e-05
1.74066e+09 0.000277483 0.00206449 0.000956542 1 -0.000328304 -7.85677e-05 -1.73341e-05
1.74066e+09 0.0007675 0.00180725 0.000244022 1 -0.00017184 0.000174608 -4.85583e-06
1.74066e+09 -0.000232043 0.00281807 0.00163617 1 -0.000209823 -8.36587e-05 0.000116678
1.74066e+09 0.000726637 0.0013545 -0.000352906 1 -0.000209982 9.39558e-05 -6.60525e-05
1.74066e+09 -0.000253164 0.00218775 0.00261673 1 -0.000453966 -7.30303e-05 -3.53848e-05
1.74066e+09 0.000661953 0.0035102 0.00202099 1 5.01986e-05 0.000263951 0.000193239
1.74066e+09 -0.000672538 0.0053384 0.00376325 1 -0.000263371 4.06039e-05 4.56484e-05
1.74066e+09 0.000482458 0.00616458 0.00298992 1 -0.000184187 -0.000395944 0.000128663
1.74066e+09 -0.000528755 0.00571043 0.00320321 1 -0.000139672 -0.000100883 0.000206332
1.74066e+09 0.00106038 0.00417707 0.000693533 1 -0.000298603 -0.000340079 0.000105479
1.74066e+09 0.00262131 0.00578633 -0.000468892 1 -0.000341999 -0.000133771 0.000152344
1.74066e+09 0.00097271 0.00309889 -0.000433237 1 -0.000273864 -0.000179729 -0.000204864
1.74066e+09 -0.000807305 0.00516351 0.000308872 1 -0.000235753 -0.000203453 8.59555e-05
1.74066e+09 0.000339611 0.00609379 0.000409031 1 -0.000170509 -0.000247484 -0.000163817
1.74066e+09 0.00202475 0.00721687 -0.000417936 1 -0.000275334 -0.000236361 2.96341e-05
1.74066e+09 0.00186843 0.00818065 0.000333185 1 -0.000320688 -0.00023587 0.000334638
1.74066e+09 0.00228632 0.00702914 0.000558192 1 -0.00024782 -0.000198628 3.79856e-05
1.74066e+09 0.00101057 0.00389802 0.00139571 1 -0.000220312 -0.000120101 -1.95421e-05
1.74066e+09 0.000102155 0.00360802 0.000828213 1 -0.000318008 -0.000293094 1.86247e-05
1.74066e+09 -0.000859246 0.00115397 0.00224235 1 -0.000177467 -8.85245e-05 -0.00010073
1.74066e+09 0.000923422 -0.00082504 0.000125399 1 -0.000614958 -0.000304331 0.000136623
1.74066e+09 -0.000277545 0.00139414 0.00184763 1 -0.000497866 8.84446e-05 8.90948e-05
1.74066e+09 0.000509063 0.00234251 0.00166838 1 -0.000334428 -3.24557e-05 2.56106e-05
1.74066e+09 0.00178978 0.00529961 0.00215694 1 -0.000259771 -0.000123645 0.000137183
1.74066e+09 0.00209924 0.00498625 0.00110404 1 -5.85207e-05 -0.000327739 -0.000141351
1.74066e+09 0.00253393 0.00400053 0.000828791 1 -0.000277514 -0.000281469 0.00016779
1.74066e+09 0.00228076 0.00300546 0.00106909 1 -0.000169521 1.20286e-05 -5.87839e-05
1.74066e+09 0.00112671 0.00650749 0.000727432 1 -0.000174885 6.70165e-05 0.000312689
1.74066e+09 -4.95409e-05 0.00486519 0.00045828 1 -0.000282915 -3.93309e-05 -1.42313e-05
1.74066e+09 0.000648103 0.00784406 0.000834794 1 -9.66943e-06 -2.36569e-05 -1.7015e-05
1.74066e+09 0.000893134 0.00751087 0.00036039 1 -0.00039602 -0.000200297 4.69448e-05
1.74066e+09 0.000363991 0.00912734 -0.000492438 1 -0.000150571 8.51656e-05 -0.000199506
1.74066e+09 0.000858182 0.00816647 0.000189134 1 -0.000218235 -0.000138212 0.000149514
1.74066e+09 0.000909151 0.00515121 -0.000302895 1 -0.000179638 -3.55917e-05 3.19875e-05
1.74066e+09 0.00179792 0.00479002 0.000887547 1 -8.90332e-05 -8.07434e-05 0.000141724
1.74066e+09 0.00244239 0.000692828 0.000563708 1 -0.000341239 -0.000257126 -1.74831e-05
1.74066e+09 0.00215693 0.000663981 0.000785349 1 -0.000452551 -0.000129008 -6.97173e-05
1.74066e+09 0.00112609 0.00122005 6.4965e-05 1 -0.000277202 -0.000116986 0.000156902
1.74066e+09 0.0018225 0.00284535 0.0017912 1 -0.000248039 -0.000200004 -0.000267603
1.74066e+09 0.00187627 0.00326706 0.0023109 1 -0.000124875 -0.000147024 8.27462e-05
1.74066e+09 0.0013665 0.00609777 0.00153024 1 -0.000337211 -0.000185944 2.04682e-05
1.74066e+09 0.00104494 0.00630407 0.0011567 1 -3.06229e-05 -0.000108662 9.8961e-05
1.74066e+09 0.00204099 0.00726005 -2.68389e-05 1 -0.000147949 -0.000263986 -0.000167693
1.74066e+09 0.00231817 0.00384257 4.88232e-05 1 -0.000176849 -0.000127861 1.99834e-05
1.74066e+09 0.00223996 0.00473494 -0.000255396 1 -0.000244962 -0.000246969 8.08583e-05
1.74066e+09 0.00197382 0.0026241 -0.000656583 1 -0.000179736 -0.00017355 -4.42101e-05
1.74066e+09 0.00140905 0.00405143 -0.000169893 1 -0.000417695 -0.0001826 0.000106097
1.74066e+09 0.00134484 0.00247052 -0.00119366 1 -0.000270494 -0.000289635 5.32969e-05
1.74066e+09 0.000652885 0.00374115 -0.0008644 1 -0.000399438 -0.000104925 -5.69163e-05
1.74066e+09 0.001177 0.00388314 -0.000876645 1 -0.000241525 -0.000199541 -3.92883e-05
1.74066e+09 0.0016774 0.00296721 -0.00016008 1 -0.000315056 -0.000150867 -0.00024701
1.74066e+09 0.00192087 0.00120818 3.32506e-05 1 -0.00033978 1.13126e-05 5.22562e-05
1.74066e+09 0.000185899 0.00395843 0.00122845 1 -0.00035246 -0.000197002 8.21466e-05
1.74066e+09 0.000738672 0.00434136 0.000196249 1 -7.61004e-05 0.000108959 0.00020631
1.74066e+09 -0.000370455 0.00553401 0.00323359 1 -0.000433826 -0.000121652 -7.19959e-05
1.74066e+09 0.000733064 0.00510886 0.00128026 1 -0.00025761 -7.17624e-05 -4.43252e-05
1.74066e+09 0.000559142 0.00546022 0.00301609 1 -0.000407567 -6.07161e-05 0.000341872
1.74066e+09 0.00040391 0.00624342 0.00150656 1 2.66183e-05 -0.000202201 0.000182417
1.74066e+09 -0.000242572 0.00616557 0.00249454 1 -0.000247127 -0.000207858 1.5695e-05
1.74066e+09 0.00170807 0.00592193 0.000867751 1 -0.000108386 -0.000105421 -6.50269e-05
1.74066e+09 0.000618815 0.00710616 0.00107343 1 -0.000224324 -0.000245988 -2.27598e-05
1.74066e+09 0.00100238 0.00732923 0.000508706 1 -0.000590069 -0.000313543 3.12842e-05
1.74066e+09 -0.000232479 0.00555765 0.00104178 1 -4.15149e-05 -0.000167665 -0.000188557
1.74066e+09 -0.00116742 0.0026871 0.000552676 1 -8.22543e-05 -0.000113447 0.000133552
1.74066e+09 -0.0013575 0.00394094 0.000500437 1 -0.000272517 0.0001214 0.000190702
1.74066e+09 0.000797783 0.00480798 0.00118963 1 -0.000331828 -0.000223118 0.000258767
1.74066e+09 0.00185486 0.00557831 0.000917997 1 -0.000316711 -0.000158731 0.000123207
1.74066e+09 0.00170556 0.00497955 0.0013831 1 -0.000183236 -0.000160065 -0.000146489
1.74066e+09 0.00238168 0.00247702 -6.58327e-05 1 -0.000518398 -0.000269417 0.000183204
1.74066e+09 0.00155962 0.00231626 0.00160547 1 -0.000241739 -3.84633e-05 3.83362e-05
1.74066e+09 0.00103489 0.00299008 0.000217967 1 -0.000209123 -8.93265e-05 -2.34194e-05
1.74066e+09 -0.000450514 0.00387458 0.00332073 1 -0.000137039 6.62234e-05 0.000103438
1.74066e+09 -0.000157116 0.00383547 0.00204754 1 -0.000228476 1.41464e-05 -0.00020106
1.74066e+09 8.11365e-05 0.0046912 0.00293619 1 -0.000147897 -2.50636e-05 -1.4839e-05
1.74066e+09 0.00072153 0.00351891 0.00150226 1 5.5486e-05 -0.000155203 -0.000132458
1.74066e+09 0.000882209 0.00305479 0.00161648 1 -0.00021486 -0.000401955 4.02913e-05
1.74066e+09 0.00130175 0.00290233 0.000686252 1 -0.000178264 -0.000242932 0.000171998
1.74066e+09 0.00147161 0.00408202 -6.09337e-06 1 -0.000238947 -0.000371713 0.000161174
1.74066e+09 0.00177191 0.00384596 -0.000876925 1 -0.000226272 -0.000243579 -0.00016609
1.74066e+09 0.00062622 0.00512512 0.000373344 1 -0.000348504 1.59687e-05 -0.000102181
1.74066e+09 0.000287586 0.00746047 0.000551292 1 -0.000212166 -0.000302445 3.06939e-05
1.74066e+09 0.000477515 0.00809366 -0.000117755 1 -0.000366505 -0.000228982 0.000226126
1.74066e+09 0.000505559 0.00612291 -0.00130022 1 -0.000275239 1.695e-05 5.75053e-05
1.74066e+09 0.00213082 0.00323162 -0.000986243 1 -0.000131098 -0.000187658 6.82626e-05
1.74066e+09 0.00217603 0.00428234 0.00106297 1 -0.00026907 -0.000180085 4.10072e-05
1.74066e+09 0.00194032 0.00241788 0.00101697 1 -0.000294686 -0.000140589 -5.97455e-06
1.74066e+09 0.000731236 0.00430297 0.00107039 1 -0.000203067 -5.78486e-05 1.0525e-05
1.74066e+09 0.00147438 0.00113697 0.000501226 1 -0.00032115 -0.000216624 1.6099e-05
1.74066e+09 8.94814e-05 0.00237248 0.00125729 1 -0.000436545 0.000155641 2.49263e-05
1.74066e+09 -0.00078341 0.00552644 0.00192724 1 -0.00011893 0.000116147 0.000152756
1.74066e+09 -0.000150519 0.00522275 0.00125035 1 -0.000224505 -0.000101881 0.000333489
1.74066e+09 -0.000427132 0.00580975 0.000819894 1 -0.000178727 1.73234e-05 -8.50756e-05
1.74066e+09 0.000323584 0.00705662 -8.4523e-05 1 -0.000344438 -0.000329206 -6.37156e-05
1.74066e+09 0.000694735 0.00456929 0.000820602 1 -0.000228122 5.44231e-06 0.000134278
1.74066e+09 0.00115912 0.00509367 0.000574081 1 -0.000230514 -0.00012805 4.26855e-05
1.74066e+09 0.00134182 0.00380474 0.000357116 1 -0.000254734 -0.000190227 -0.000115256
1.74066e+09 0.000585601 0.00418254 0.000317768 1 -0.000239586 3.41146e-05 6.61512e-05
1.74066e+09 1.90739e-05 0.00362927 -0.000672698 1 -0.000330319 -0.000289562 -9.165e-05
1.74066e+09 -0.000686732 0.00504193 -0.000640826 1 -0.000194095 3.13523e-05 -0.000188223
1.74066e+09 -0.000544063 0.00563566 -0.000862746 1 -0.000112351 3.42698e-05 -0.000146621
1.74066e+09 -0.000610536 0.0040776 0.000321898 1 -0.000272374 3.21566e-05 0.000209504
1.74066e+09 0.000953012 0.00373982 0.000928448 1 -0.000326013 -0.000215184 2.97165e-05
1.74066e+09 0.0010105 0.00180768 0.00149095 1 -0.000371781 -0.00020225 1.35489e-05
1.74066e+09 0.000572957 0.00102589 0.00034657 1 -0.000368546 -0.000127886 2.84086e-05
1.74066e+09 -0.00134582 0.00329733 0.00305602 1 -0.000330144 7.02682e-06 0.000353906
1.74066e+09 -0.000351175 0.00476365 0.00190203 1 -0.000302681 -8.14629e-05 6.032e-05
1.74066e+09 -0.000150325 0.00636812 0.00262756 1 -0.000543324 -7.11788e-05 0.000165155
1.74066e+09 0.000217653 0.00681444 0.00155059 1 -0.000229642 -0.000173598 0.000183984
1.74066e+09 0.000936999 0.00693381 0.00165625 1 -0.000343014 -0.00021666 1.28957e-05
1.74066e+09 0.0010174 0.00777799 0.000130803 1 -0.000151261 -0.00023877 0.000426741
1.74066e+09 -0.000920393 0.00815893 0.000666609 1 -0.00041006 -0.000131061 1.96667e-05
1.74066e+09 -0.00102891 0.00392047 0.00014729 1 -0.000252345 -0.00012235 -0.000170824
1.74066e+09 -0.00208755 0.00618428 0.00109557 1 -0.000226516 -3.02497e-06 -5.06343e-05
1.74066e+09 -0.00244944 0.00572124 0.0017314 1 -0.000305136 -4.76055e-05 -0.000153941
1.74066e+09 -0.000975591 0.00795835 0.001284 1 -0.000129429 0.000154218 0.000306351
1.74066e+09 0.000586601 0.00876042 0.000424163 1 -0.00027214 -6.53712e-05 0.000114104
1.74066e+09 0.000901944 0.00496775 0.000317292 1 -0.000157281 -0.000233498 -7.47403e-05
1.74066e+09 -0.000282543 0.00358428 0.0010109 1 -0.000247924 -8.38359e-05 -7.02879e-05
1.74066e+09 0.00123113 0.00209163 -0.000186986 1 -0.000490668 -0.000344925 0.000161912
1.74066e+09 0.00185235 0.00198119 0.000823673 1 -0.000187981 -3.73002e-05 0.000206343
1.74066e+09 0.000646483 0.00256211 0.00094393 1 -3.79925e-05 0.00013062 0.000185514
1.74066e+09 -0.000973574 0.00396744 0.00374326 1 -0.000171508 0.000254765 1.81707e-05
1.74066e+09 -0.00145932 0.00584855 0.00422972 1 -0.000233764 0.000108981 0.000128844
1.74066e+09 -0.00196592 0.00738319 0.0042063 1 -0.000230031 5.45649e-05 -1.71212e-05
1.74066e+09 -0.00119085 0.00718967 0.00275155 1 -0.000181216 7.37442e-06 -8.19305e-05
1.74066e+09 -0.000912371 0.00952518 0.00245585 1 -0.000190191 -0.000182532 0.000180131
1.74066e+09 -0.000961397 0.00917998 0.00083927 1 -0.00023785 0.000112851 -0.000101297
1.74066e+09 -0.000350321 0.0061119 0.000279112 1 -0.000258943 -0.000143308 -5.74213e-05
1.74066e+09 0.000534194 0.00394777 -0.000153864 1 -0.000272536 -8.62935e-05 -0.000267676
1.74066e+09 0.00115514 0.00320148 -0.000205013 1 -0.000259167 -7.84038e-05 0.000117531
1.74066e+09 0.00117049 0.00418122 0.000564922 1 -0.000348445 -0.000237441 -1.40592e-06
1.74066e+09 0.00116015 0.00595546 -0.000179332 1 -0.000218847 2.65202e-05 0.000211295
1.74066e+09 -0.000225989 0.00672687 -0.000723879 1 -0.000315427 -6.79026e-05 1.98784e-05
1.74066e+09 -0.00070781 0.00633143 -0.000696456 1 -0.000294337 -3.6482e-05 9.27382e-07
1.74066e+09 -0.000963567 0.00666931 0.000867054 1 -0.000180612 2.1899e-05 -0.000240932
1.74066e+09 -0.000175094 0.00659899 0.00126787 1 -0.000204544 -0.000132736 -1.96888e-05
1.74066e+09 -0.000429351 0.00558374 0.00248793 1 -0.000229854 0.00016675 7.27875e-05
1.74066e+09 -0.000989193 0.00493782 0.00117755 1 -0.000463651 -5.46487e-05 -4.76137e-05
1.74066e+09 -0.000154786 0.00527347 0.00258601 1 -0.000177874 -1.10824e-05 -0.000181814
1.74066e+09 -8.22621e-05 0.00431955 0.00191938 1 -8.84092e-05 8.78928e-05 -6.72614e-05
1.74066e+09 0.000276731 0.00640656 0.000898844 1 -0.000201871 -5.11311e-05 9.74684e-05
1.74066e+09 -8.77306e-06 0.00627389 0.000377917 1 -0.000271045 -2.15286e-06 0.000119114
1.74066e+09 0.000636539 0.00791765 -0.000213784 1 -0.000391738 -0.00033785 5.43614e-05
1.74066e+09 -9.18636e-05 0.00818746 0.000610884 1 -0.000182054 -8.62546e-05 3.82217e-06
1.74066e+09 0.000787837 0.00859695 -3.74799e-05 1 -0.000319613 -0.000326427 5.38933e-05
1.74066e+09 0.000613523 0.00833976 0.000352626 1 -0.000263147 -0.000158297 -0.000265995
1.74066e+09 5.23523e-05 0.007932 0.000323261 1 -0.00025285 -0.000122723 -3.59747e-05
1.74066e+09 -0.000602633 0.0078233 -0.000535304 1 -0.000278293 -8.32915e-05 0.000233846
1.74066e+09 -0.000440359 0.00703872 -0.000273953 1 -0.000322441 -3.73121e-05 -0.000213268
1.74066e+09 7.84032e-05 0.00540944 2.28666e-05 1 -0.000129657 -0.00017124 -0.000147735
1.74066e+09 -0.000229499 0.00498335 0.000117617 1 -0.000325654 -4.83486e-05 -7.51191e-05
1.74066e+09 -3.10178e-05 0.00249244 -0.000466681 1 -0.000470754 -0.000155629 0.000154728
1.74066e+09 -3.02014e-05 0.00278053 0.00192009 1 -0.000461547 -0.000174478 0.000306991
1.74066e+09 0.000237271 0.00414048 0.00108002 1 -0.000275607 1.9236e-05 1.97213e-05
1.74066e+09 0.00132952 0.00479337 0.00155474 1 -0.000538251 -0.000208525 2.45888e-05
1.74066e+09 0.00164432 0.00479429 0.000324661 1 -0.000218235 -0.000159848 -2.97738e-06
1.74066e+09 -0.000967844 0.0056071 0.00295537 1 -0.000447482 -7.66749e-05 -3.76894e-05
1.74066e+09 -0.000466088 0.0073221 0.00184076 1 -0.000329006 -0.000146921 0.000182009
1.74066e+09 -0.000910593 0.00619554 0.00247774 1 -0.000210221 2.70766e-05 1.62686e-05
1.74066e+09 -0.000187497 0.00207159 0.00118838 1 -0.000118169 -0.000141991 3.09437e-05
1.74066e+09 -0.00120456 0.00172905 0.00156042 1 -0.000314746 -0.0001551 0.000154425
1.74066e+09 -0.00182058 -0.000241753 0.000330221 1 -0.000359178 -0.000145367 0.000126189
1.74066e+09 -0.000416391 0.00203546 0.000311873 1 -0.000433854 -5.20699e-05 -9.22829e-05
1.74066e+09 0.000297593 0.00189643 -0.000529599 1 -0.000335211 -0.000151582 0.000225724
1.74066e+09 -0.000565503 0.0036923 -0.000187362 1 -0.000523474 -0.000141278 -7.47512e-05
1.74066e+09 -0.00124048 0.00524484 0.000597348 1 -0.000192474 -0.000174984 -0.000235542
1.74066e+09 -0.00142882 0.00613943 0.00117028 1 -0.000481535 -0.000334912 0.000214217
1.74066e+09 -0.000735836 0.00849026 0.00222076 1 -0.000210811 8.29868e-05 -3.18386e-05
1.74066e+09 -0.000176018 0.00571351 0.00190818 1 -0.000344572 -0.000361421 0.000186671
1.74066e+09 -1.30424e-05 0.00695323 0.00227344 1 -0.000144661 -5.79041e-05 0.000237892
1.74066e+09 0.000915828 0.00355709 0.000465633 1 -0.000276461 -9.58621e-05 7.97631e-05
1.74066e+09 0.000665245 0.00252904 0.00145469 1 -0.000124573 -4.30907e-06 0.000221954
1.74066e+09 0.000827555 0.00415917 0.000935526 1 -0.000154251 -6.96279e-06 -0.000255318
1.74066e+09 0.000788406 0.0081005 0.00102316 1 -0.000169743 -7.38113e-05 -3.30147e-05
1.74066e+09 -0.000437733 0.00929948 0.000889422 1 -0.000179503 -6.58147e-05 9.0392e-05
1.74066e+09 0.000597569 0.00931433 0.000956376 1 -0.000194225 -0.000369514 0.000122125
1.74066e+09 -0.000964193 0.0101926 -0.000269582 1 -0.000260437 -0.00012548 0.000241478
1.74066e+09 -0.00150442 0.0104913 -0.000158537 1 -0.000203577 -0.000137504 8.96118e-05
1.74066e+09 -0.000754235 0.00886194 2.11324e-05 1 -0.000415076 -0.000161523 -0.00018739
1.74066e+09 0.000134695 0.0074464 0.000124925 1 -0.000340847 -0.000109595 8.83511e-05
1.74066e+09 0.000732489 0.00847893 -6.17206e-05 1 -0.00023969 -0.000198432 -4.83903e-05
1.74066e+09 -0.000152467 0.00847553 0.00137171 1 -0.00017129 -2.88723e-05 0.000135417
1.74066e+09 -0.000555273 0.00934392 0.000594294 1 -0.000182019 4.1494e-05 -6.11383e-05
1.74066e+09 0.000448861 0.00635015 -3.15222e-05 1 -0.000338971 -0.000260875 0.000177267
1.74066e+09 0.000198757 0.0106306 0.000985258 1 -0.000302795 -2.84333e-05 0.000159333
1.74066e+09 -1.36463e-05 0.00651477 0.00115839 1 -0.000317509 -0.000198638 0.000250244
1.74066e+09 -0.00110231 0.00966194 0.00161344 1 -0.000284682 0.000167191 0.000153585
1.74066e+09 -0.000595532 0.0126776 0.00103184 1 -0.000222499 -9.46341e-05 0.00021935
1.74066e+09 -1.18825e-05 0.00899888 0.00131766 1 -0.000248405 -7.99389e-05 8.03489e-05
1.74066e+09 0.00122606 0.00784749 0.00143983 1 -0.000241602 1.44828e-05 6.68883e-05
1.74066e+09 0.00126559 0.00939151 0.000672289 1 -0.000284885 -0.000141702 -0.000168855
1.74066e+09 0.00134698 0.00624271 0.000684726 1 -6.30083e-05 -1.27404e-05 9.55237e-05
1.74066e+09 0.00168132 0.00861312 -0.000447262 1 -0.000177719 -0.000263823 7.87309e-05
1.74066e+09 0.000830501 0.00777214 0.000479397 1 -0.000249026 1.93776e-05 -0.000236279
1.74066e+09 0.000610459 0.00836369 -0.00125324 1 -0.000344631 -0.00021399 0.000108227
1.74066e+09 0.000600681 0.0090809 -0.000552978 1 -9.90487e-05 2.05396e-05 7.16576e-05
1.74066e+09 8.02628e-05 0.0111134 -0.000838926 1 -0.00021272 -6.24656e-05 2.44768e-05
1.74066e+09 0.000330077 0.0116552 -0.000767361 1 -0.000191191 -9.31525e-05 5.96163e-05
1.74066e+09 0.000602441 0.0121544 -0.000305497 1 -7.51639e-05 7.31349e-05 0.000166719
1.74066e+09 0.000379493 0.0139205 -0.000386267 1 -0.0002153 -6.59425e-05 -3.24623e-05
1.74066e+09 -0.000573451 0.0168069 0.000500687 1 -0.000161603 -3.22079e-06 1.08354e-05
1.74066e+09 0.000205672 0.01374 0.000497219 1 -0.000360706 -6.93333e-07 -3.65664e-05
1.74066e+09 -0.000592595 0.015634 0.00107318 1 -0.00029826 -0.000140868 -6.53707e-05
1.74066e+09 -0.000329276 0.0147965 0.000522614 1 -2.95263e-05 0.000273805 0.000340064
1.74066e+09 -0.00111796 0.0126338 0.00227137 1 -0.000409523 -0.000109324 8.54983e-05
1.74066e+09 0.000310507 0.00873993 0.0013106 1 1.18934e-05 5.76962e-05 0.000118539
1.74066e+09 -0.000642832 0.00843931 0.00362126 1 -0.000514854 -0.000198213 9.95946e-05
1.74066e+09 0.000168564 0.0118984 0.00182378 1 5.76473e-05 3.37392e-05 -1.03262e-05
1.74066e+09 0.000171889 0.0128506 4.09299e-05 1 -0.000402915 2.54186e-05 8.36205e-05
1.74066e+09 0.000379095 0.0144683 -0.00149524 1 -0.000184938 -0.000268029 2.71181e-05
1.74066e+09 -0.00164657 0.0125252 0.000418116 1 -0.000244577 -0.000104235 0.000199572
1.74066e+09 -0.00182379 0.0129644 0.000463381 1 -0.000163572 -8.5614e-05 -2.5129e-05
1.74066e+09 -0.0012919 0.0174461 0.00108383 1 -0.000244456 -4.36886e-07 0.000292926
1.74066e+09 -0.000298296 0.0165687 0.000288677 1 -0.00010778 -0.000128319 -0.000123068
1.74066e+09 0.000980297 0.0167542 -0.000486985 1 -0.000299088 -0.000174979 -0.000353163
1.74066e+09 0.00144399 0.0179651 -0.000511582 1 -8.91166e-05 9.45599e-05 7.02475e-05
1.74066e+09 0.0012669 0.0174198 -0.00122248 1 -0.000297507 -0.00016676 0.000223024
1.74066e+09 0.000244178 0.0162438 -0.00031298 1 -0.000128162 -1.58406e-05 -0.000187974
1.74066e+09 0.000491253 0.0192848 -0.000175533 1 -0.000211233 -0.000150687 8.76834e-05
1.74066e+09 -2.43597e-05 0.0178537 0.00204551 1 -0.000178475 -3.02501e-05 0.00013043
1.74066e+09 0.00136369 0.0183264 0.0013667 1 -0.000266848 -0.00029358 0.000280274
1.74066e+09 -0.000269738 0.0176196 0.00287466 1 -0.000378985 0.000129811 0.000114384
1.74066e+09 -0.00196045 0.0130793 0.00348564 1 -0.000251936 1.22612e-05 -0.000134962
1.74066e+09 -0.00142029 0.0110806 0.00395567 1 -0.000177183 -1.6948e-05 2.1628e-05
1.74066e+09 -0.00253705 0.0097719 0.0028458 1 -4.43996e-05 0.000190261 0.000101845
1.74066e+09 -0.00212554 0.0109896 0.00180339 1 3.26046e-05 0.000213033 2.08466e-06
1.74066e+09 -0.000463618 0.0154277 -5.75363e-05 1 -0.00029661 -0.000139597 7.38266e-05
1.74066e+09 0.00151434 0.0164859 -0.00085463 1 -8.73308e-05 -0.000131796 0.000337217
1.74066e+09 0.00119148 0.0168529 -0.00119977 1 -5.91567e-05 -9.65952e-05 -0.000202172
1.74066e+09 0.0012725 0.0148624 -0.00185404 1 -0.000426795 -0.000301404 0.000213125
1.74066e+09 0.000213567 0.0146971 -0.00110978 1 -0.000123679 -0.00025528 -4.08164e-05
1.74066e+09 -0.00186528 0.0139619 0.000306795 1 -0.000109771 0.000156801 8.37112e-05
1.74066e+09 -0.000243885 0.0108902 0.000875901 1 -0.000159661 -0.000128418 3.23953e-05
1.74066e+09 0.00146848 0.0071067 -0.000107754 1 -0.000318926 -6.51159e-05 0.000158389
1.74066e+09 0.000750705 0.00582363 3.07932e-05 1 -0.000172642 -4.07584e-05 -0.000212566
1.74066e+09 0.000918635 0.00848882 -7.00386e-05 1 -0.000393578 -0.000420707 -5.26199e-05
1.74066e+09 0.000789809 0.0102539 0.00167867 1 -0.000298973 8.49825e-05 -0.000130763
1.74066e+09 0.00173535 0.0114274 0.00202898 1 -0.00034017 -0.000287242 -0.00022411
1.74066e+09 0.00120314 0.0124061 0.0029045 1 -0.000280211 0.000199251 -2.19269e-05
1.74066e+09 0.00106633 0.0102964 0.00159901 1 -0.000403496 -0.000124842 -0.00013527
1.74066e+09 0.00107402 0.00958001 0.000682251 1 -0.000303101 -8.89971e-05 -0.000151412
1.74066e+09 0.000607388 0.00762584 0.000893467 1 -7.77748e-05 2.11919e-05 -0.000122375
1.74066e+09 0.000589774 0.0109749 -5.9614e-05 1 -0.000306342 -0.00018541 4.98861e-05
1.74066e+09 0.000926159 0.00872692 0.000413377 1 -9.76038e-05 -5.02333e-05 -0.000129519
1.74066e+09 0.00225978 0.00820272 -6.06211e-05 1 -0.000328993 -0.000499537 -3.54673e-05
1.74066e+09 0.00152078 0.00723751 9.16134e-05 1 -0.000221568 -0.000238924 3.3205e-06
1.74066e+09 0.0013059 0.00789554 -0.000415227 1 -0.000317092 -0.000127919 0.000112715
1.74066e+09 0.00139053 0.00873184 -0.00102635 1 -0.000211991 1.60922e-06 0.000151989
1.74066e+09 0.00180341 0.00772231 -0.000843013 1 -0.000440075 -0.000209479 0.000123126
1.74066e+09 0.00144632 0.00763739 0.000382061 1 -0.000183974 -0.000164219 4.29262e-05
1.74066e+09 0.00191367 0.00502373 0.00117876 1 -0.000400864 -0.000131463 0.000222696
1.74066e+09 0.00137469 0.00353743 -0.000479175 1 -0.000393514 -0.000203607 7.8227e-05
1.74066e+09 -0.00138915 0.0025006 0.00145396 1 -0.000405167 -4.63424e-05 2.97619e-05
1.74066e+09 0.000276418 0.00391574 -0.000295272 1 -0.000327998 -6.49958e-05 4.70028e-05
1.74066e+09 0.000163284 0.00437182 0.00173233 1 -0.000371593 -3.03278e-05 9.4287e-05
1.74066e+09 0.00112441 0.00559712 0.00167293 1 -0.000257546 2.95761e-05 0.000175906
1.74066e+09 0.00109973 0.00624367 0.00234395 1 -0.000494163 8.68585e-08 1.25996e-05
1.74066e+09 -0.000346283 0.00618365 0.00201801 1 -0.00014394 -0.000326711 0.000122026
1.74066e+09 -0.0018705 0.00446667 0.00300433 1 -0.000270519 8.96829e-05 -9.16044e-05
1.74066e+09 6.98667e-05 0.00201304 0.000940538 1 -0.000206624 -0.000191743 -0.000165037
1.74066e+09 0.00141261 0.00300636 0.000853238 1 -0.000525129 -0.000176406 0.000245884
1.74066e+09 0.00205474 0.00488072 -0.000394945 1 -0.000283894 -0.000154946 4.14188e-05
1.74066e+09 -0.000640457 0.00883974 0.000429781 0.999998 -0.000385647 -0.00185239 0.000136771
1.74066e+09 0.0143271 0.0108729 0.00181662 0.999994 0.00010914 -0.00311006 0.00139126
1.74066e+09 0.0499343 0.0149708 0.00391155 0.999998 -0.00119045 -0.00134531 -3.95353e-05
1.74066e+09 0.0827041 0.0158189 0.00644775 0.999999 0.000471185 -9.98159e-05 0.00101142
1.74066e+09 0.113596 0.0189609 0.00330111 0.999999 -0.000389757 -0.00140456 -0.000355104
1.74066e+09 0.143841 0.0169392 0.00562741 0.999999 0.00049201 -0.00112484 0.00121732
1.74066e+09 0.173371 0.022057 0.00779906 0.999999 -0.000696115 0.000957059 0.000473389
1.74066e+09 0.202438 0.0188949 0.00682059 0.999999 0.000115031 -0.00162142 0.000183911
1.74066e+09 0.237658 0.0176609 0.0115226 0.999999 0.000833851 0.000306293 0.000530812
1.74066e+09 0.266709 0.0196355 0.0123226 1 -0.00060497 -0.000240736 -0.00015472
1.74066e+09 0.298151 0.0128024 0.0156407 0.999996 -0.000486135 -0.00160615 0.00212583
1.74066e+09 0.334308 0.0239433 0.018094 0.999999 -0.000270584 0.00068785 0.000993586
1.74066e+09 0.366917 0.0270125 0.0143301 0.999998 -0.000645014 -0.00155497 0.00112992
1.74066e+09 0.396078 0.0261563 0.0180308 0.999996 0.00160484 -0.0013568 0.00191783
1.74066e+09 0.431543 0.0305633 0.0134642 0.999998 -0.00163437 -2.83119e-05 0.00109452
1.74066e+09 0.464844 0.0297623 0.014348 0.999996 0.0014174 -0.00166085 0.00194861
1.74066e+09 0.499017 0.0351444 0.0215393 0.999999 0.000435035 0.000535761 0.00152181
1.74066e+09 0.531466 0.0349826 0.0195934 0.999999 -5.01426e-06 -0.00025974 0.0013112
1.74066e+09 0.566333 0.0346815 0.0261554 0.999993 0.00251453 -0.00149944 0.00226564
1.74066e+09 0.601821 0.0417957 0.0280163 0.999999 -0.000339252 0.00066721 0.00131932
1.74066e+09 0.634293 0.0404823 0.0261951 0.999998 -0.000384161 0.00032378 0.00211583
1.74066e+09 0.66612 0.0423887 0.0290906 0.999996 0.00121334 -0.00103636 0.00219455
1.74066e+09 0.70008 0.0458123 0.0292502 0.999997 0.000634488 0.00143728 0.00174973
1.74066e+09 0.731557 0.0494292 0.0277138 0.999995 7.89843e-05 -4.40922e-05 0.00300099
1.74066e+09 0.765925 0.0547464 0.0337767 0.999996 0.00144799 0.000592508 0.00232357
1.74066e+09 0.799556 0.0585064 0.0349959 0.999997 0.000745844 0.00151217 0.00199706
1.74066e+09 0.836541 0.0614047 0.0331678 0.999996 0.000445288 0.000224932 0.00279679
1.74066e+09 0.872099 0.062588 0.0370682 0.999995 0.00137531 -3.35789e-05 0.00286192
1.74066e+09 0.906026 0.0598741 0.0376966 0.999998 0.000665747 0.00053912 0.00150831
1.74066e+09 0.93947 0.0603111 0.0358665 0.999997 0.0006633 1.83687e-05 0.00248286
1.74066e+09 0.974042 0.0683319 0.0420142 0.999997 0.00132881 0.00153924 0.00160256
1.74066e+09 0.999868 0.0736366 0.0401536 0.999998 0.000999479 0.000389851 0.00150666
1.74066e+09 1.02966 0.0727658 0.037528 0.999996 0.000259603 -0.00170982 0.00228362
1.74066e+09 1.06287 0.0725193 0.0439122 0.999996 0.00225422 0.00120382 0.00107391
1.74066e+09 1.09242 0.0751512 0.0411528 0.999998 0.00107342 0.000467922 0.00144821
1.74066e+09 1.12342 0.0780739 0.0465482 0.999999 0.00137677 0.00012157 0.00081712
1.74066e+09 1.15424 0.073286 0.0499735 0.999997 0.000993899 0.00186489 0.000875422
1.74066e+09 1.18218 0.0721187 0.0471941 0.999996 0.00130649 -0.00246844 0.000304318
1.74066e+09 1.21518 0.0748073 0.0514225 0.999994 0.00319305 0.00129353 0.000464033
1.74066e+09 1.24274 0.0826916 0.0489456 0.999998 0.00175942 -0.000833037 0.000984135
1.74066e+09 1.27381 0.0735562 0.0555509 0.999995 0.00217571 0.00216364 0.00111881
1.74066e+09 1.29152 0.0823603 0.0516969 0.999999 0.000803014 -0.000506156 0.0010416
1.74066e+09 1.30457 0.0783072 0.0525633 0.999997 0.00203907 -0.000325707 0.00161302
1.74066e+09 1.31712 0.0787428 0.0509421 0.999997 0.00136523 -0.00172588 0.000894391
1.74066e+09 1.33174 0.0826383 0.0517303 0.999998 0.000603333 -0.00186257 0.000470113
1.74066e+09 1.34997 0.0836977 0.0548476 0.999996 0.00213436 0.000276815 0.00161308
1.74066e+09 1.36132 0.0843932 0.0558882 0.999998 0.00120285 -0.00167433 0.000488799
1.74066e+09 1.37695 0.0828997 0.05442 0.999997 0.00139291 -0.00178915 0.000841991
1.74066e+09 1.39468 0.0837681 0.0565465 0.999999 0.00133598 5.99394e-05 0.00098032
1.74066e+09 1.40979 0.0820866 0.0558814 0.999998 0.00208059 0.000126406 0.000684687
1.74066e+09 1.42006 0.0880787 0.0567121 0.999992 0.00216665 0.00331449 0.000273711
1.74066e+09 1.4174 0.0882182 0.0541976 0.999999 0.00126516 0.000824672 0.000187161
1.74066e+09 1.4093 0.0866173 0.054393 0.999998 0.00168843 -9.7202e-05 0.000589222
1.74066e+09 1.40622 0.0818528 0.0556591 0.999999 0.00135884 0.00018583 0.000881716
1.74066e+09 1.40115 0.0773168 0.0572628 0.999999 0.00143831 -2.50713e-05 0.000930884
1.74066e+09 1.39951 0.0746027 0.0592899 0.999999 0.00118081 -0.000161374 0.00108481
1.74066e+09 1.39992 0.0739858 0.0586346 0.999998 0.0016596 -8.46951e-05 0.000948302
1.74066e+09 1.40021 0.0734482 0.0585964 0.999999 0.00147542 -6.66532e-05 0.000898856
1.74066e+09 1.39935 0.0726116 0.0583633 0.999998 0.00149518 -3.18346e-05 0.000935194
1.74066e+09 1.39838 0.07513 0.0584917 0.999999 0.00130806 1.12148e-05 0.00105115
1.74066e+09 1.39754 0.0766261 0.0558906 0.999999 0.00139351 -0.000170583 0.000689672
1.74066e+09 1.39745 0.0806704 0.0552344 0.999999 0.00125568 1.50727e-05 0.00114655
1.74066e+09 1.39792 0.0766556 0.0546256 0.999998 0.00164084 0.000107408 0.00108558
1.74066e+09 1.39937 0.0795088 0.0554237 0.999998 0.00147554 -0.000148057 0.0011859
1.74066e+09 1.40075 0.0771126 0.0545889 0.999998 0.00161216 -0.000237107 0.00124771
1.74066e+09 1.40008 0.0770972 0.0553492 0.999999 0.00141578 -8.47718e-05 0.000948298
1.74066e+09 1.40112 0.0733414 0.0553444 0.999998 0.00134222 -0.000244326 0.00115589
1.74066e+09 1.4011 0.0737665 0.0547705 0.999998 0.00143449 -0.000398811 0.00104427
1.74066e+09 1.40131 0.0706898 0.0563504 0.999998 0.00149253 -0.000315195 0.00114199
1.74066e+09 1.40085 0.0723588 0.0563556 0.999998 0.00145668 -0.000226959 0.00124385
1.74066e+09 1.40218 0.0717648 0.0561383 0.999999 0.00141748 -0.000338108 0.000915377
1.74066e+09 1.40202 0.0692303 0.0560477 0.999998 0.00145048 8.59623e-05 0.00111986
1.74066e+09 1.40233 0.069595 0.0565367 0.999998 0.00166261 -6.42623e-05 0.000811658
1.74066e+09 1.40077 0.0709136 0.0560985 0.999998 0.001556 -9.10564e-05 0.000915286
1.74066e+09 1.40064 0.0707777 0.0568778 0.999999 0.00149239 3.22331e-06 0.000871842
1.74066e+09 1.39974 0.0703895 0.0563152 0.999998 0.00149223 -0.000229241 0.00088636
1.74066e+09 1.40003 0.0726076 0.0560863 0.999999 0.00131918 -0.000311004 0.000647961
1.74066e+09 1.40028 0.0691096 0.0564842 0.999999 0.00148817 -0.00021607 0.000677721
1.74066e+09 1.40049 0.0692081 0.0561305 0.999999 0.0013054 -0.000314328 0.000701436
1.74066e+09 1.40057 0.0709695 0.0573435 0.999999 0.00140102 -0.000262263 0.000899039
1.74066e+09 1.40145 0.0723426 0.054842 0.999999 0.00145722 -0.000521034 0.00065139
1.74066e+09 1.40069 0.0727417 0.0546528 0.999999 0.00118277 -0.00055636 0.000909613
1.74066e+09 1.40155 0.0734323 0.0537341 0.999998 0.00134318 -0.000553541 0.00108482
1.74066e+09 1.40103 0.0709959 0.0552613 0.999998 0.00148829 -0.000558873 0.000850118
1.74066e+09 1.40193 0.0721379 0.0545477 0.999998 0.00139436 -0.000546821 0.00116768
1.74066e+09 1.4005 0.0731827 0.0557889 0.999998 0.00125431 -0.000534325 0.00135593
1.74066e+09 1.39998 0.0735312 0.0548532 0.999998 0.00122911 -0.000592509 0.00156717
1.74066e+09 1.39859 0.0749876 0.0555277 0.999998 0.00135915 -0.000311173 0.00144382
1.74066e+09 1.39841 0.0787606 0.055069 0.999998 0.00128074 -0.000405977 0.00146434
1.74066e+09 1.40002 0.0805842 0.0549214 0.999998 0.00120353 -0.000446066 0.00130155
1.74066e+09 1.39837 0.0814681 0.0549489 0.999998 0.0013543 -0.000280543 0.00132821
1.74066e+09 1.39847 0.0774004 0.0540739 0.999998 0.0013411 -0.000454006 0.00119708
1.74066e+09 1.39642 0.0771109 0.0553822 0.999998 0.00125024 -0.000311812 0.00119201
1.74066e+09 1.39556 0.0763726 0.0548811 0.999998 0.00141991 0.000103244 0.00120918
1.74066e+09 1.39735 0.0748215 0.0579461 0.999998 0.00138886 0.000300484 0.00114618
1.74066e+09 1.39892 0.0713169 0.0566816 0.999998 0.00152406 -0.000112106 0.0012057
1.74066e+09 1.39718 0.0719548 0.0580303 0.999998 0.00151681 0.000178743 0.00116091
1.74066e+09 1.40071 0.0689249 0.0556278 0.999997 0.00161746 0.0001504 0.00154502
1.74066e+09 1.40168 0.0707917 0.0565422 0.999998 0.00150612 0.00013243 0.00118957
1.74066e+09 1.40316 0.0718091 0.0541686 0.999998 0.00151114 -7.35758e-05 0.0014257
1.74066e+09 1.40205 0.0713836 0.0539589 0.999998 0.00164014 0.000130352 0.00129271
1.74066e+09 1.40098 0.0721955 0.0524853 0.999998 0.00145159 -0.000127759 0.00125134
1.74066e+09 1.39861 0.0739713 0.0537611 0.999998 0.0015265 0.000161379 0.001471
1.74066e+09 1.39839 0.0756137 0.0546333 0.999998 0.00153489 -0.000241464 0.00136041
1.74066e+09 1.39925 0.0771464 0.0557845 0.999998 0.00153714 0.000124232 0.00136214
1.74066e+09 1.39996 0.0760069 0.0560916 0.999998 0.00166032 0.000259743 0.00118303
1.74066e+09 1.39995 0.0765512 0.0558643 0.999998 0.00166343 0.000198158 0.00139798
1.74066e+09 1.4004 0.0771406 0.0552469 0.999998 0.00152808 0.0002437 0.00128559
1.74066e+09 1.40129 0.0763073 0.0545395 0.999998 0.00161816 0.000156624 0.00124924
1.74066e+09 1.40114 0.0741938 0.0544504 0.999998 0.00129235 -0.000139444 0.00130738
1.74066e+09 1.39991 0.074245 0.0551726 0.999998 0.00126968 -0.000160639 0.0014794
1.74066e+09 1.39807 0.0742337 0.0557998 0.999998 0.00143051 -3.89776e-05 0.0011923
1.74066e+09 1.39751 0.0748169 0.0552006 0.999998 0.00137191 -0.000344949 0.00124607
1.74066e+09 1.39764 0.0776913 0.0553138 0.999998 0.00127645 -0.000181782 0.00132595
1.74066e+09 1.3979 0.0769872 0.0549951 0.999998 0.0014292 -0.000306035 0.00127725
1.74066e+09 1.40043 0.0758774 0.0554399 0.999998 0.00138229 -0.000445989 0.00137763
1.74066e+09 1.40043 0.072085 0.0549088 0.999998 0.00150588 -0.000222203 0.00124796
1.74066e+09 1.40095 0.0700966 0.05494 0.999998 0.00157248 -0.000410427 0.00129003
1.74066e+09 1.39897 0.0709461 0.055454 0.999999 0.00127064 -0.000354899 0.00103499
1.74066e+09 1.39916 0.07445 0.0552283 0.999998 0.00167866 -8.55956e-06 0.001311
1.74066e+09 1.39888 0.0739325 0.0547026 0.999998 0.00133812 -0.000389661 0.00122954
1.74066e+09 1.3997 0.0740277 0.0548866 0.999999 0.00122033 -0.000228302 0.00109764
1.74066e+09 1.40077 0.0768631 0.0538333 0.999998 0.00137283 -0.000465284 0.0013651
1.74066e+09 1.40167 0.0766816 0.0537279 0.999998 0.0014456 -0.0004708 0.001399
1.74066e+09 1.40231 0.0782873 0.0538176 0.999998 0.00165658 -0.000298039 0.000930993
1.74066e+09 1.40176 0.0766241 0.054153 0.999999 0.00143758 3.16787e-05 0.000823989
1.74066e+09 1.39974 0.0775797 0.0558043 0.999999 0.0012164 -9.772e-05 0.00117284
1.74066e+09 1.39905 0.0782274 0.0553259 0.999998 0.001539 -0.000141512 0.00113364
1.74066e+09 1.40047 0.0731464 0.0552291 0.999998 0.00136723 -0.000327769 0.00115673
1.74066e+09 1.39988 0.078664 0.0561662 0.999998 0.00144176 -0.000154774 0.00144861
1.74066e+09 1.40171 0.0751202 0.0548767 0.999998 0.0012705 -0.000438679 0.00123445
1.74066e+09 1.40008 0.0736727 0.0566987 0.999999 0.00135937 -9.24511e-05 0.00100038
1.74066e+09 1.40064 0.0753267 0.0553267 0.999999 0.00113197 -0.000375848 0.00110345
1.74066e+09 1.40078 0.071339 0.0561679 0.999998 0.00131765 -0.000282619 0.00137163
1.74066e+09 1.40108 0.0703098 0.0550106 0.999998 0.00126933 -0.000397261 0.00132909
1.74066e+09 1.40068 0.0699499 0.0560572 0.999998 0.00150194 -0.000277763 0.00129483
1.74066e+09 1.39923 0.072185 0.0543511 0.999998 0.00143507 -0.000236522 0.00123985
1.74066e+09 1.39872 0.072461 0.0566594 0.999998 0.00133931 -0.000162708 0.00114813
1.74066e+09 1.39731 0.0770865 0.0563792 0.999998 0.00143366 -0.000198512 0.00129595
1.74066e+09 1.39766 0.0789176 0.055336 0.999998 0.00120729 -0.000367531 0.001395
1.74066e+09 1.39695 0.0800584 0.0559901 0.999998 0.00127327 -0.000231309 0.00122841
1.74066e+09 1.39629 0.0831844 0.0567273 0.999998 0.00137663 -0.00032173 0.00124337
1.74066e+09 1.39697 0.0846058 0.0565123 0.999998 0.00143961 -0.000137391 0.00145932
1.74066e+09 1.39733 0.0804472 0.0586724 0.999998 0.00122597 -0.000155456 0.00133572
1.74066e+09 1.39792 0.0771067 0.0597077 0.999998 0.0013368 4.6918e-06 0.00137934
1.74066e+09 1.39981 0.0726974 0.0588734 0.999998 0.00132919 -0.000246527 0.00117738
1.74066e+09 1.40133 0.0708544 0.0587027 0.999998 0.00120469 -0.000318445 0.00142269
1.74066e+09 1.4014 0.0696184 0.0571913 0.999998 0.00132285 -0.000216838 0.00163062
1.74066e+09 1.4011 0.0699448 0.0577296 0.999998 0.0011347 -0.000265007 0.00133419
1.74066e+09 1.39927 0.0691205 0.0569496 0.999996 0.00127585 -0.00209906 0.00131408
1.74066e+09 1.41441 0.0733159 0.0560294 0.999986 0.00202153 -0.00466134 0.00115296
1.74066e+09 1.45947 0.0779233 0.0589644 0.999999 0.00112605 -0.00049176 0.000783458
1.74066e+09 1.50149 0.0820258 0.0590979 0.999998 0.00134007 -0.000430193 0.00155907
1.74066e+09 1.53962 0.0849888 0.0635843 0.999997 0.00231865 -0.000367285 0.000507401
1.74066e+09 1.57893 0.0928111 0.0644812 0.999997 0.00161033 0.00120203 0.00117826
1.74066e+09 1.62091 0.0966817 0.0658052 0.999994 0.00245347 0.000942174 0.00242005
1.74066e+09 1.66587 0.0988187 0.0676863 0.999998 0.00155233 0.00137159 0.000761377
1.74066e+09 1.70728 0.0944046 0.0690236 0.999997 0.00240083 -0.000365761 0.000800046
1.74066e+09 1.74757 0.0934715 0.0709805 0.999998 0.00189486 -7.06932e-05 0.000748746
1.74066e+09 1.79191 0.0918148 0.0724336 0.999996 0.00220716 0.00117812 0.00132516
1.74066e+09 1.8366 0.0898772 0.0740864 0.999996 0.00175948 0.00156586 0.0014424
1.74066e+09 1.878 0.091319 0.0734635 0.999996 0.00152719 0.00138015 0.00166944
1.74066e+09 1.91661 0.0883172 0.0754108 0.999998 0.00161216 0.000788726 0.000893089
1.74066e+09 1.95612 0.091429 0.077084 0.999996 0.00214038 0.00204747 0.000297874
1.74066e+09 1.99578 0.0954884 0.0778215 0.999993 0.00200992 0.00293998 0.000944922
1.74066e+09 2.03585 0.0987427 0.0782821 0.999994 0.00232007 0.00225414 0.00153716
1.74066e+09 2.07825 0.101685 0.0817416 0.999994 0.00231387 0.00207231 0.00123361
1.74066e+09 2.11906 0.10308 0.0853208 0.999993 0.00257008 0.00252563 -0.000213836
1.74066e+09 2.16043 0.106703 0.0870818 0.999994 0.00243226 0.00240874 -0.000942364
1.74066e+09 2.20194 0.112245 0.0866334 0.999993 0.00277748 0.00253157 -0.00012637
1.74066e+09 2.24264 0.117852 0.0857325 0.999991 0.00204879 0.00374236 0.000598026
1.74066e+09 2.28389 0.119828 0.0868292 0.999993 0.00245512 0.00291811 -0.000284255
1.74066e+09 2.3204 0.124239 0.0887188 0.999995 0.00177292 0.00137983 -0.00228979
1.74066e+09 2.35858 0.119176 0.0905239 0.999992 0.00274179 0.00180612 -0.00206853
1.74066e+09 2.39633 0.118657 0.0919785 0.999989 0.00305154 0.00354889 -0.000949417
1.74066e+09 2.43499 0.121645 0.0915569 0.999997 0.00206319 0.00110958 -0.00114751
1.74066e+09 2.47326 0.123054 0.0946201 0.99999 0.00284978 0.00231689 -0.00260155
1.74066e+09 2.51321 0.124401 0.0965361 0.999985 0.0030358 0.00376126 -0.00266323
1.74066e+09 2.55062 0.123741 0.096139 0.99999 0.00309854 0.00258479 -0.00192883
1.74066e+09 2.58783 0.127797 0.0954559 0.999994 0.00224724 0.00121728 -0.0023807
1.74066e+09 2.62672 0.129664 0.100621 0.999985 0.00219672 0.0029026 -0.00411148
1.74066e+09 2.66567 0.13081 0.10045 0.999985 0.00313216 0.00275931 -0.00361626
1.74066e+09 2.70163 0.136856 0.100363 0.999991 0.00269558 0.00128891 -0.00286328
1.74066e+09 2.74014 0.138889 0.101752 0.999982 0.00265233 0.00285192 -0.00450818
1.74066e+09 2.77542 0.140431 0.104362 0.999978 0.00256704 0.00262172 -0.00560609
1.74066e+09 2.81443 0.140781 0.103084 0.999984 0.00388074 0.00122993 -0.00391949
1.74066e+09 2.81484 0.140264 0.103101 0.999984 0.00387598 0.00121198 -0.00391416
1.74066e+09 2.88978 0.124044 0.104994 0.999977 0.00224415 0.0028211 -0.00577644
1.74066e+09 2.93366 0.13055 0.116378 0.999974 0.00264667 0.00242431 -0.00622501
1.74066e+09 2.97297 0.131051 0.12012 0.999984 0.00257099 0.000658825 -0.00495196
1.74066e+09 3.01223 0.137954 0.118194 0.999982 0.00275665 0.000662926 -0.00527313
1.74066e+09 3.05366 0.145028 0.118151 0.99997 0.00294315 0.00268096 -0.00662628
1.74066e+09 3.08812 0.149067 0.11419 0.999973 0.00236961 0.00217968 -0.00659749
1.74066e+09 3.12733 0.151823 0.112444 0.999975 0.00310821 0.000487027 -0.00626995
1.74066e+09 3.17196 0.156027 0.114165 0.999974 0.00305353 0.000314639 -0.00654447
1.74066e+09 3.21662 0.152004 0.118634 0.99997 0.00377204 0.000417916 -0.00680532
1.74066e+09 3.25941 0.160053 0.122222 0.999963 0.00303667 0.000326728 -0.00801166
1.74066e+09 3.30091 0.162816 0.126488 0.999966 0.00341601 0.000361582 -0.00752431
1.74066e+09 3.34322 0.164677 0.128175 0.999965 0.00246778 -0.000717491 -0.00800038
1.74066e+09 3.38269 0.169002 0.127183 0.999963 0.00336965 -0.00166027 -0.00777436
1.74066e+09 3.42194 0.170737 0.124895 0.999964 0.00310925 -0.00169727 -0.00775242
1.74066e+09 3.46148 0.172644 0.124734 0.999958 0.00296012 -0.00079877 -0.00858522
1.74066e+09 3.50237 0.173987 0.125845 0.999955 0.00365309 -0.000779513 -0.00869662
1.74066e+09 3.54131 0.173678 0.129636 0.999961 0.00288336 -0.00197905 -0.00812945
1.74066e+09 3.57735 0.173588 0.136214 0.999952 0.00374775 -0.00330669 -0.00844753
1.74066e+09 3.61583 0.171911 0.137201 0.99996 0.00306758 -0.00177807 -0.00822089
1.74066e+09 3.65911 0.166513 0.138382 0.999957 0.0036411 0.000303766 -0.00846906
1.74066e+09 3.70553 0.163322 0.138818 0.999955 0.00320312 0.000304144 -0.00887967
1.74066e+09 3.7472 0.162362 0.139307 0.999958 0.00299997 -0.00184102 -0.00848684
1.74066e+09 3.78425 0.163782 0.1421 0.999955 0.00373987 -0.00341311 -0.00800466
1.74066e+09 3.82601 0.172368 0.139904 0.999909 0.00363926 -0.00936938 -0.0089632
1.74066e+09 3.90829 0.175968 0.144752 0.999941 0.00360311 -0.00381527 -0.00952289
1.74066e+09 4.00535 0.18213 0.14936 0.999948 0.00361496 -0.000686415 -0.00953757
1.74066e+09 4.08606 0.189444 0.152235 0.999957 0.00403009 -0.000375035 -0.00835375
1.74066e+09 4.15812 0.194209 0.152375 0.999947 0.00415433 -0.00132884 -0.00937333
1.74066e+09 4.24542 0.200602 0.153664 0.999954 0.00329288 -0.000140677 -0.00904854
1.74066e+09 4.32894 0.202756 0.157794 0.999951 0.00353078 0.000902688 -0.00921293
1.74066e+09 4.41888 0.203547 0.159388 0.999944 0.00433027 0.000625831 -0.00965082
1.74066e+09 4.50504 0.200774 0.166109 0.999943 0.00451871 -0.000402918 -0.00969431
1.74066e+09 4.60185 0.201335 0.17092 0.999944 0.00473279 0.00250308 -0.00915584
1.74066e+09 4.68815 0.201662 0.178831 0.999952 0.00377336 0.00350908 -0.00837351
1.74066e+09 4.76977 0.194502 0.183087 0.99995 0.00483735 0.00184976 -0.00853507
1.74066e+09 4.84399 0.192384 0.185535 0.999953 0.00443648 -0.000313637 -0.00857538
1.74066e+09 4.91798 0.195479 0.187395 0.99996 0.00514894 0.00181551 -0.00706601
1.74066e+09 4.99181 0.202524 0.187922 0.999958 0.00436149 0.000920829 -0.00807015
1.74066e+09 5.06472 0.208378 0.188175 0.999957 0.00474118 0.00106994 -0.00793969
1.74066e+09 5.14275 0.218926 0.189187 0.999955 0.00489131 0.000399446 -0.00811419
1.74066e+09 5.21587 0.221732 0.183266 0.999957 0.00475366 0.00275542 -0.00743557
1.74066e+09 5.29043 0.228402 0.185642 0.999964 0.00423871 0.00139797 -0.00726605
1.74066e+09 5.36858 0.239493 0.191427 0.999954 0.00521355 0.00269563 -0.00761009
1.74066e+09 5.44716 0.244351 0.197858 0.999958 0.00451202 0.00259873 -0.00753898
1.74066e+09 5.52731 0.242568 0.205023 0.999945 0.00558792 0.00260568 -0.00850346
1.74066e+09 5.60826 0.239635 0.207072 0.999951 0.00490283 0.00263959 -0.00819048
1.74066e+09 5.69522 0.234336 0.210624 0.999949 0.00541512 0.00237098 -0.00819167
1.74066e+09 5.77854 0.234239 0.214188 0.99995 0.00562532 0.002879 -0.00776415
1.74066e+09 5.85815 0.2309 0.213222 0.999956 0.00513703 0.00293196 -0.00724635
1.74066e+09 5.94717 0.226199 0.222281 0.99995 0.00633456 0.00253062 -0.00727994
1.74066e+09 6.02929 0.235557 0.22414 0.999955 0.0050971 0.00285846 -0.00741192
1.74066e+09 6.10671 0.240201 0.223969 0.999951 0.00593129 0.00344749 -0.00709971
1.74066e+09 6.1791 0.246548 0.218023 0.999947 0.00572784 0.00388601 -0.00767554
1.74066e+09 6.25419 0.252883 0.218474 0.999918 0.0067068 0.00482586 -0.00977162
1.74066e+09 6.33241 0.261444 0.215546 0.999874 0.00697989 0.00436828 -0.0135382
1.74066e+09 6.41287 0.268731 0.221263 0.999821 0.00611183 0.00295345 -0.0176513
1.74066e+09 6.49166 0.27003 0.233723 0.999709 0.00561567 0.00497724 -0.0229244
1.74066e+09 6.56152 0.269213 0.240623 0.999562 0.00688701 0.00293868 -0.0286374
1.74066e+09 6.63144 0.274764 0.245649 0.999343 0.00808565 0.00450634 -0.0350414
1.74066e+09 6.69913 0.277925 0.24834 0.999106 0.00710552 0.00307424 -0.0415707
1.74066e+09 6.77188 0.282022 0.247486 0.998752 0.00722315 0.00526523 -0.0491283
1.74066e+09 6.84142 0.278573 0.247215 0.998451 0.00896749 0.00110638 -0.0548908
1.74066e+09 6.91309 0.268624 0.248257 0.998167 0.0087957 0.0029955 -0.0597991
1.74066e+09 6.98502 0.264024 0.248981 0.997724 0.00682309 0.00112034 -0.067075
1.74066e+09 7.05774 0.246817 0.250958 0.997834 0.00743454 -0.000986889 -0.0653533
1.74066e+09 7.14808 0.236793 0.254836 0.997878 0.00681076 0.00392195 -0.0646319
1.74066e+09 7.23188 0.230555 0.256754 0.997964 0.00732112 0.00440865 -0.0632015
1.74066e+09 7.33217 0.2328 0.254742 0.997992 0.00627219 0.00298418 -0.0629547
1.74066e+09 7.41578 0.232141 0.254426 0.997955 0.00633403 0.00208292 -0.0635716
1.74066e+09 7.50185 0.228219 0.262253 0.998053 0.00766877 0.00319478 -0.0618227
1.74066e+09 7.57611 0.223757 0.267015 0.998091 0.00747425 0.00351692 -0.061213
1.74066e+09 7.64417 0.220142 0.271159 0.997943 0.00774767 0.00229325 -0.0635954
1.74066e+09 7.73497 0.211752 0.276571 0.997991 0.00732091 0.00293866 -0.0628612
1.74066e+09 7.8294 0.214534 0.278623 0.997903 0.00694449 0.00499452 -0.0641669
1.74066e+09 7.90711 0.216096 0.279546 0.997954 0.00676511 0.00211315 -0.0635455
1.74066e+09 7.98093 0.206463 0.280487 0.997947 0.0084574 0.000322412 -0.0634807
1.74066e+09 8.03889 0.200426 0.269513 0.998091 0.00613571 0.00264485 -0.0613936
1.74066e+09 8.12681 0.186551 0.274136 0.998105 0.00690192 0.00294226 -0.0610789
1.74066e+09 8.21128 0.177818 0.280529 0.998062 0.00647369 0.00347696 -0.0617956
1.74066e+09 8.29425 0.161281 0.288817 0.998121 0.00650286 0.00369922 -0.0608183
1.74066e+09 8.37338 0.152976 0.294014 0.998074 0.00643508 0.00252973 -0.0616542
1.74066e+09 8.45528 0.140096 0.294559 0.998094 0.0060968 0.00297012 -0.0613434
1.74066e+09 8.53199 0.13086 0.29465 0.998134 0.0069659 0.000939528 -0.0606502
1.74066e+09 8.62089 0.125387 0.298048 0.998153 0.0065683 0.00112688 -0.0603858
1.74066e+09 8.72443 0.11892 0.304585 0.998224 0.00624924 0.00577759 -0.0589535
1.74066e+09 8.82877 0.112151 0.313095 0.998121 0.00721659 0.00509754 -0.0606279
1.74066e+09 8.92618 0.103695 0.313196 0.998136 0.00713234 0.00188836 -0.060583
1.74066e+09 9.02688 0.0949884 0.314466 0.998084 0.00754465 0.00217621 -0.0613777
1.74066e+09 9.13046 0.0823694 0.317673 0.998171 0.00766927 0.00411228 -0.0598296
1.74066e+09 9.22899 0.0764173 0.318392 0.998274 0.00771461 0.00196415 -0.0581911
1.74066e+09 9.32781 0.0668409 0.32248 0.998318 0.00719218 0.00303684 -0.0574518
1.74066e+09 9.42787 0.0645095 0.325261 0.998222 0.00702232 0.00301259 -0.0591065
1.74066e+09 9.53192 0.0676029 0.326814 0.998275 0.0089366 0.00256375 -0.0579688
1.74066e+09 9.63861 0.0614695 0.330513 0.998285 0.00734379 0.00199394 -0.0580438
1.74066e+09 9.76108 0.0454645 0.334454 0.998348 0.00754859 0.00383079 -0.0568335
1.74066e+09 9.88746 0.0340592 0.340265 0.998203 0.00820789 0.00483597 -0.0591559
1.74066e+09 10.0061 0.0296439 0.342699 0.998268 0.00802707 0.00382599 -0.0581506
1.74066e+09 10.1284 0.0212321 0.346743 0.998308 0.00788612 0.00420364 -0.0574574
1.74066e+09 10.246 0.00621795 0.35148 0.998353 0.00784614 0.0051671 -0.056597
1.74066e+09 10.3542 -0.000526011 0.349503 0.99837 0.00836444 0.0021913 -0.0564157
1.74066e+09 10.4829 -0.0096598 0.351523 0.998405 0.00824832 0.00181848 -0.0558181
1.74066e+09 10.6134 -0.017224 0.35835 0.998396 0.00819552 0.00287596 -0.0559476
1.74066e+09 10.7442 -0.0254013 0.361445 0.998473 0.00751737 0.00232111 -0.0546771
1.74066e+09 10.8705 -0.0309506 0.365883 0.998529 0.00820644 0.00437345 -0.0534144
1.74066e+09 10.9846 -0.0427814 0.370902 0.998448 0.00782972 0.00517379 -0.0548872
1.74066e+09 11.095 -0.0541951 0.372929 0.998516 0.00837098 0.00223423 -0.0537708
1.74066e+09 11.2109 -0.0625508 0.376164 0.99845 0.00747318 0.00159793 -0.0551375
1.74066e+09 11.3301 -0.0739807 0.381135 0.998565 0.00813357 0.00330776 -0.0528353
1.74066e+09 11.4455 -0.0786009 0.385321 0.998614 0.0075207 0.00311761 -0.0520034
1.74066e+09 11.5563 -0.0856082 0.391169 0.99855 0.00795742 0.00259007 -0.0531833
1.74066e+09 11.6719 -0.0940158 0.39496 0.998608 0.0078845 0.00159776 -0.0521275
1.74066e+09 11.7968 -0.100469 0.401107 0.998616 0.00823535 0.00313864 -0.0518438
1.74066e+09 11.9098 -0.10436 0.403191 0.998586 0.00754766 0.00257593 -0.0525617
1.74066e+09 12.0285 -0.109877 0.408136 0.9986 0.00833544 0.00696507 -0.0517773
1.74066e+09 12.1562 -0.107775 0.423349 0.998647 0.00839829 0.00464832 -0.0511035
1.74066e+09 12.2597 -0.103847 0.427489 0.998698 0.00792351 0.00370112 -0.0502498
1.74066e+09 12.3529 -0.108088 0.426066 0.998729 0.00858957 0.0027451 -0.0495873
1.74066e+09 12.4464 -0.116601 0.424348 0.998796 0.00903215 0.00240542 -0.0481616
1.74066e+09 12.5402 -0.121332 0.42464 0.998748 0.00887879 0.00346364 -0.0491169
1.74066e+09 12.6307 -0.127273 0.42261 0.998829 0.00869 0.0034353 -0.0474628
1.74066e+09 12.7204 -0.142697 0.422154 0.99879 0.00880968 0.00336603 -0.0482557
1.74066e+09 12.8124 -0.158908 0.426919 0.998868 0.00962566 0.00356331 -0.0464466
1.74066e+09 12.9074 -0.164053 0.432653 0.99885 0.00830458 0.00337712 -0.0471066
1.74066e+09 13.006 -0.170971 0.433891 0.998803 0.00816459 0.00210808 -0.0481737
1.74066e+09 13.1188 -0.179118 0.438304 0.998877 0.00845046 0.00392463 -0.0464451
1.74066e+09 13.2195 -0.180395 0.4421 0.998924 0.00831034 0.00456332 -0.045408
1.74066e+09 13.3116 -0.181797 0.443569 0.998867 0.00844727 0.00211679 -0.0467878
1.74066e+09 13.4169 -0.1871 0.447465 0.998852 0.00812279 0.00297091 -0.0471251
1.74066e+09 13.5211 -0.189719 0.452816 0.998894 0.00814712 0.00365626 -0.0461551
1.74066e+09 13.6269 -0.191805 0.455955 0.998879 0.00887783 0.0044896 -0.0462848
1.74066e+09 13.7266 -0.196278 0.457172 0.999004 0.00879661 0.00162639 -0.0437238
1.74066e+09 13.8349 -0.202309 0.458967 0.998956 0.00808827 0.00323111 -0.0448394
1.74066e+09 13.9349 -0.210999 0.461938 0.999073 0.00868133 0.00209073 -0.0421028
1.74066e+09 14.0363 -0.214192 0.464338 0.999161 0.00797009 0.00235302 -0.0400993
1.74066e+09 14.1336 -0.219557 0.464277 0.999476 0.00776208 0.00237602 -0.0313455
1.74066e+09 14.2334 -0.225846 0.468471 0.999719 0.00776702 0.00199825 -0.0222901
1.74066e+09 14.3353 -0.228445 0.472241 0.999891 0.00608403 0.00258534 -0.0132011
1.74066e+09 14.4377 -0.233339 0.477178 0.999964 0.00655963 0.00216293 -0.00483943
1.74066e+09 14.5349 -0.234546 0.479447 0.999971 0.0056522 0.00274508 0.00433345
1.74066e+09 14.6283 -0.238949 0.483763 0.999874 0.0063554 0.0018194 0.0144455
1.74066e+09 14.7202 -0.223143 0.486438 0.999702 0.00448844 0.00313049 0.0237745
1.74066e+09 14.8135 -0.225135 0.491517 0.999411 0.00591758 0.00337326 0.0336419
1.74066e+09 14.9065 -0.213581 0.493598 0.998971 0.00571526 0.00290643 0.044909
1.74066e+09 14.9952 -0.202909 0.498747 0.998711 0.00610499 0.00330001 0.0502822
1.74066e+09 15.0912 -0.187875 0.501337 0.998854 0.00658241 0.00346743 0.0472774
1.74066e+09 15.1799 -0.181522 0.50299 0.999145 0.00676106 0.00392639 0.0405966
1.74066e+09 15.2694 -0.172472 0.504725 0.99935 0.00741922 0.00245639 0.0351819
1.74066e+09 15.3563 -0.168564 0.505248 0.999516 0.00720484 0.00264531 0.0301636
1.74066e+09 15.4393 -0.164093 0.504862 0.999734 0.00740169 0.0050679 0.0212575
1.74066e+09 15.5161 -0.151557 0.50552 0.999877 0.00763576 0.00270156 0.0134166
1.74066e+09 15.5956 -0.14497 0.500292 0.999945 0.00718858 0.00516984 0.0057074
1.74066e+09 15.6652 -0.116402 0.514236 0.99995 0.00906585 0.00412911 -0.000220811
1.74066e+09 15.7585 -0.108774 0.518851 0.999881 0.00927339 0.00250536 -0.012104
1.74066e+09 15.8541 -0.099112 0.52425 0.999735 0.0107168 0.00496939 -0.0197725
1.74066e+09 15.9482 -0.0875784 0.527242 0.999782 0.00942304 -2.11239e-05 -0.0186077
1.74066e+09 16.0523 -0.0835886 0.531833 0.999803 0.00912546 0.00246014 -0.0174781
1.74066e+09 16.153 -0.0855767 0.534412 0.999825 0.00877896 0.00134515 -0.0164882
1.74066e+09 16.2574 -0.0974821 0.539965 0.999813 0.010095 0.00237996 -0.0163215
1.74066e+09 16.3602 -0.103402 0.54217 0.999821 0.0109964 0.0023036 -0.0152496
1.74066e+09 16.4628 -0.103672 0.543551 0.999833 0.00949986 0.00214537 -0.0154617
1.74066e+09 16.563 -0.105508 0.546506 0.999862 0.00987498 0.00232921 -0.0131188
1.74066e+09 16.6578 -0.100829 0.547378 0.999849 0.0102348 0.00099682 -0.0140276
1.74066e+09 16.752 -0.100715 0.552499 0.999848 0.00977718 0.000819787 -0.0144427
1.74066e+09 16.851 -0.0998491 0.555754 0.999841 0.0100693 0.001663 -0.0146248
1.74066e+09 16.9531 -0.0955795 0.55966 0.999841 0.00979243 0.00184184 -0.0147704
1.74066e+09 17.0537 -0.0919266 0.566407 0.999858 0.00960874 0.00226413 -0.0136388
1.74066e+09 17.1529 -0.0920579 0.568629 0.999869 0.00971784 0.000594839 -0.0129144
1.74066e+09 17.2528 -0.0884849 0.574882 0.999864 0.0100232 0.00202873 -0.0129229
1.74066e+09 17.3577 -0.0866644 0.577171 0.999885 0.009482 0.00211123 -0.0116199
1.74066e+09 17.4662 -0.0681014 0.580164 0.999858 0.00974032 0.00342572 -0.0132881
1.74066e+09 17.5659 -0.0659523 0.581671 0.999878 0.0100412 0.00222629 -0.0117925
1.74066e+09 17.6654 -0.0720036 0.583882 0.999894 0.00945658 0.00154652 -0.0109396
1.74066e+09 17.7706 -0.0778927 0.591272 0.999878 0.0100075 0.00338516 -0.011466
1.74066e+09 17.8708 -0.0834659 0.598533 0.999885 0.0099084 0.00319198 -0.0110319
1.74066e+09 17.9655 -0.0783528 0.600963 0.999897 0.00927816 -0.00026595 -0.0109707
1.74066e+09 18.0587 -0.0743017 0.605736 0.999885 0.00908665 0.000197088 -0.012172
1.74066e+09 18.1513 -0.0730503 0.606094 0.999897 0.00963235 0.00215244 -0.0104632
1.74066e+09 18.2444 -0.0715588 0.607698 0.999923 0.00889141 0.00191544 -0.00849386
1.74066e+09 18.3402 -0.068171 0.609198 0.999924 0.00853853 0.00205883 -0.0086472
1.74066e+09 18.4307 -0.067155 0.611907 0.999928 0.00869489 0.00102863 -0.0081845
1.74066e+09 18.5165 -0.0677915 0.614948 0.999917 0.00906113 0.00103786 -0.00914699
1.74066e+09 18.6085 -0.0656268 0.620469 0.9999 0.0108073 0.000288351 -0.00909202
1.74066e+09 18.7024 -0.0718063 0.621624 0.999913 0.00970974 0.00100175 -0.00890767
1.74066e+09 18.8024 -0.0775843 0.623317 0.999928 0.0089862 0.00240601 -0.0076398
1.74066e+09 18.902 -0.0792485 0.628327 0.999934 0.00861321 0.00140513 -0.00753093
1.74066e+09 19.0014 -0.0667968 0.631849 0.999914 0.0101905 0.000495991 -0.00821263
1.74066e+09 19.1026 -0.052106 0.641737 0.999927 0.00959436 0.000589337 -0.00737525
1.74066e+09 19.1951 -0.0461665 0.646543 0.99992 0.0097379 0.000144709 -0.0080346
1.74066e+09 19.2907 -0.0442453 0.647469 0.999928 0.00999424 0.00101504 -0.00658774
1.74066e+09 19.3819 -0.0437853 0.65123 0.999932 0.00907037 0.00264935 -0.00682266
1.74066e+09 19.4735 -0.0321964 0.652811 0.99994 0.0095491 -0.000375899 -0.00532554
1.74066e+09 19.5708 -0.0284297 0.655449 0.999943 0.00910101 0.000394703 -0.00554911
1.74066e+09 19.6675 -0.0239349 0.657579 0.999948 0.00907782 -0.00026327 -0.00474246
1.74066e+09 19.7607 -0.0226781 0.659125 0.999936 0.00962718 -6.53289e-05 -0.00594753
1.74066e+09 19.854 -0.025084 0.661065 0.999938 0.0100412 -0.000831627 -0.00477194
1.74066e+09 19.9451 -0.0241652 0.666573 0.999943 0.00980988 7.80848e-05 -0.00417238
1.74066e+09 20.0458 -0.016904 0.669295 0.999954 0.00860348 0.00164111 -0.00380753
1.74066e+09 20.1336 -0.0111671 0.672984 0.99995 0.00938662 -0.000210772 -0.00356857
1.74066e+09 20.2167 -0.00312878 0.671696 0.999953 0.008817 -0.000640931 -0.0039444
1.74066e+09 20.3105 0.00542765 0.680413 0.999953 0.00827331 0.00148331 -0.00483398
1.74066e+09 20.4151 -0.000878589 0.688351 0.999949 0.00920635 0.000991994 -0.00403258
1.74066e+09 20.5122 0.000894993 0.693831 0.999959 0.00889383 8.75646e-05 -0.00174311
1.74066e+09 20.6086 -0.00760795 0.697847 0.999956 0.00875511 0.00143464 -0.0031947
1.74066e+09 20.702 2.15616e-05 0.695404 0.999945 0.00940359 0.00129351 -0.00435769
1.74066e+09 20.7847 0.00705464 0.699735 0.999895 0.0102032 0.000531719 -0.0103198
1.74066e+09 20.867 0.0187783 0.689716 0.999808 0.00960751 0.00190299 -0.0169848
1.74066e+09 20.9543 0.0306829 0.686639 0.99967 0.00977687 0.000901838 -0.0237251
1.74066e+09 21.0493 0.0343919 0.697033 0.999445 0.0105173 0.0038389 -0.0313612
1.74066e+09 21.1357 0.0340965 0.697556 0.999102 0.0106651 0.00244635 -0.0409331
1.74066e+09 21.2253 0.0377123 0.703384 0.998698 0.0107728 0.000952026 -0.0498552
1.74066e+09 21.3157 0.0464298 0.713879 0.998232 0.0110392 0.00221222 -0.0583647
1.74066e+09 21.4116 0.0426055 0.722399 0.997753 0.0116088 0.000637086 -0.0659804
1.74066e+09 21.5063 0.031345 0.729433 0.997141 0.0108638 0.00229875 -0.0747408
1.74066e+09 21.5974 0.0234154 0.736926 0.996791 0.0101999 0.00375217 -0.0793087
1.74066e+09 21.6829 0.00564456 0.738719 0.9972 0.0115378 -0.00107801 -0.0738778
1.74066e+09 21.7772 -0.00932213 0.738161 0.997274 0.0111973 0.00166051 -0.0729076
1.74066e+09 21.866 -0.0295827 0.730281 0.997333 0.0106945 -0.000755235 -0.0721961
1.74066e+09 21.9622 -0.0376513 0.733481 0.997267 0.0108634 -2.88917e-05 -0.0730797
1.74066e+09 22.0597 -0.0471631 0.737914 0.997284 0.0091218 0.00139804 -0.0730726
1.74066e+09 22.1624 -0.0516313 0.749044 0.997303 0.009754 0.000126398 -0.0727401
1.74066e+09 22.2533 -0.0504618 0.757948 0.997352 0.00907962 0.00473027 -0.072008
1.74066e+09 22.3311 -0.0502472 0.756303 0.997321 0.0109443 0.00060745 -0.0723199
1.74066e+09 22.4235 -0.0703113 0.755704 0.997392 0.0110498 -0.000746298 -0.0713182
1.74066e+09 22.516 -0.0770597 0.753937 0.997331 0.00948211 0.000598642 -0.0723874
1.74066e+09 22.615 -0.0944499 0.757978 0.9974 0.0101448 0.00242926 -0.071299
1.74066e+09 22.7123 -0.105335 0.764982 0.997367 0.0100926 0.0014786 -0.0718012
1.74066e+09 22.8025 -0.120598 0.772422 0.997511 0.0109772 0.00289123 -0.0695961
1.74066e+09 22.8921 -0.130282 0.772336 0.997514 0.0078101 0.00399021 -0.0699166
1.74066e+09 22.9813 -0.144588 0.775841 0.997579 0.0102817 0.00256174 -0.068732
1.74066e+09 23.0679 -0.146591 0.776909 0.997554 0.00912154 0.00138176 -0.0692891
1.74066e+09 23.157 -0.15151 0.780658 0.997598 0.0101087 0.00300607 -0.0684688
1.74066e+09 23.2405 -0.149666 0.785668 0.997605 0.0091532 0.00509924 -0.0683698
1.74066e+09 23.328 -0.156092 0.788556 0.997659 0.00969618 0.00320099 -0.0676167
1.74066e+09 23.4233 -0.168815 0.787734 0.997598 0.00935361 -0.00152865 -0.0686172
1.74066e+09 23.5332 -0.180962 0.791204 0.997604 0.00841306 0.00329552 -0.0685881
1.74066e+09 23.6403 -0.198927 0.795807 0.997536 0.00834105 0.00588047 -0.0694104
1.74066e+09 23.736 -0.207833 0.796711 0.997598 0.00999863 0.00216035 -0.0685061
1.74066e+09 23.8455 -0.21726 0.801837 0.99754 0.00889766 0.00244985 -0.0694858
1.74066e+09 23.9536 -0.227343 0.806706 0.997614 0.00909896 0.00191264 -0.0684053
1.74066e+09 24.0668 -0.240751 0.811851 0.997728 0.00867673 0.00277894 -0.0667587
1.74066e+09 24.1698 -0.244907 0.813364 0.997676 0.00815258 0.000843392 -0.0676385
1.74066e+09 24.2775 -0.259712 0.818716 0.997791 0.00827192 0.00134206 -0.0659001
1.74066e+09 24.3922 -0.266981 0.821263 0.997697 0.00849035 0.00307862 -0.0672182
1.74066e+09 24.499 -0.276745 0.82491 0.997738 0.00874921 0.00676167 -0.0663021
1.74066e+09 24.5961 -0.285781 0.823503 0.997743 0.00789539 0.00381154 -0.0665797
1.74066e+09 24.6925 -0.290415 0.828297 0.997747 0.008026 0.00384346 -0.0664963
1.74066e+09 24.7873 -0.300523 0.83205 0.997777 0.00784422 0.00320612 -0.0661009
1.74066e+09 24.8645 -0.311062 0.836061 0.997746 0.00860805 0.00159933 -0.0665261
1.74066e+09 24.9473 -0.322236 0.841265 0.997834 0.00825947 0.0024034 -0.065215
1.74066e+09 25.031 -0.32757 0.844552 0.997816 0.00759667 0.00141651 -0.0655974
1.74066e+09 25.1092 -0.329311 0.84855 0.997886 0.00750391 0.00254245 -0.0645103
1.74066e+09 25.1846 -0.325421 0.846696 0.997933 0.00651983 0.00104766 -0.0639231
1.74066e+09 25.2646 -0.328081 0.848608 0.997943 0.00729615 -0.0003788 -0.0636843
1.74066e+09 25.352 -0.334321 0.85163 0.997868 0.00733985 0.00176738 -0.0648293
1.74066e+09 25.4426 -0.338042 0.855361 0.997889 0.0076924 0.00177429 -0.0644568
1.74066e+09 25.5309 -0.34571 0.857674 0.997901 0.00670245 0.00113673 -0.0644016
1.74066e+09 25.6187 -0.357373 0.858722 0.997856 0.00663411 0.00203235 -0.0650747
1.74066e+09 25.7058 -0.368669 0.859803 0.997947 0.00646262 0.00134028 -0.0637003
1.74066e+09 25.7918 -0.376484 0.862431 0.997938 0.00637592 0.00173746 -0.0638424
1.74066e+09 25.8818 -0.391065 0.867316 0.997875 0.00630687 0.00133109 -0.0648435
1.74066e+09 25.9725 -0.402582 0.871771 0.997887 0.00646159 0.00206653 -0.0646217
1.74066e+09 26.0598 -0.407856 0.877277 0.997881 0.00615723 0.00164034 -0.0647538
1.74066e+09 26.1484 -0.413519 0.879488 0.997953 0.00579028 -0.000118241 -0.0636857
1.74066e+09 26.2469 -0.417135 0.883722 0.997911 0.00578413 0.000104829 -0.064349
1.74066e+09 26.3536 -0.426197 0.88488 0.997948 0.00493014 0.00127344 -0.0638284
1.74066e+09 26.4596 -0.435405 0.890528 0.997911 0.00649859 0.00155406 -0.0642602
1.74066e+09 26.5588 -0.441671 0.891363 0.998038 0.00627862 0.00226213 -0.06226
1.74066e+09 26.6485 -0.448909 0.893885 0.997989 0.005429 0.000986705 -0.0631467
1.74066e+09 26.7499 -0.453442 0.894291 0.998025 0.0055573 0.00256759 -0.0625144
1.74066e+09 26.8473 -0.463726 0.900291 0.998014 0.00554417 0.00243868 -0.0626978
1.74066e+09 26.9435 -0.474521 0.905851 0.998046 0.00532291 0.00206003 -0.0622229
1.74066e+09 27.0382 -0.482929 0.911771 0.998001 0.00611715 0.00216517 -0.062868
1.74066e+09 27.1369 -0.490614 0.913413 0.998065 0.00544922 0.00185454 -0.0619134
1.74066e+09 27.235 -0.498583 0.915827 0.998029 0.00500741 -0.00116692 -0.0625448
1.74066e+09 27.356 -0.512178 0.920332 0.998128 0.00516161 0.00178792 -0.0609104
1.74066e+09 27.4744 -0.5238 0.926626 0.998126 0.00566417 0.00138423 -0.0609129
1.74066e+09 27.5951 -0.531082 0.932195 0.998331 0.00495911 0.00105717 -0.0575298
1.74066e+09 27.7201 -0.540816 0.936906 0.998227 0.00436289 0.00287804 -0.0592903
1.74066e+09 27.8283 -0.550001 0.940895 0.998387 0.0057673 0.0016059 -0.056463
1.74066e+09 27.9479 -0.561343 0.941469 0.9983 0.0033106 0.00290794 -0.0581255
1.74066e+09 28.058 -0.569264 0.946526 0.998381 0.00386171 0.00155792 -0.0567345
1.74066e+09 28.1676 -0.572705 0.949393 0.998277 0.00452396 0.00316457 -0.0584209
1.74066e+09 28.2764 -0.580319 0.951628 0.998372 0.00409795 0.000518793 -0.0568868
1.74066e+09 28.395 -0.586423 0.955981 0.99838 0.00220791 0.00232451 -0.0568126
1.74066e+09 28.5107 -0.602614 0.961099 0.998377 0.00387888 0.000979295 -0.0568041
1.74066e+09 28.6365 -0.607014 0.966635 0.998418 0.00302192 0.00215658 -0.0561113
1.74066e+09 28.7515 -0.613894 0.970907 0.998403 0.00389567 0.00176537 -0.0563365
1.74066e+09 28.8662 -0.623462 0.972459 0.998444 0.00317979 0.00124991 -0.0556642
1.74066e+09 28.9821 -0.626462 0.977902 0.998535 0.00245474 0.00217459 -0.0540155
1.74066e+09 29.0935 -0.633605 0.980944 0.998556 0.00265563 0.00164489 -0.0536338
1.74066e+09 29.208 -0.637876 0.98271 0.99853 0.00246092 0.00167665 -0.0541182
1.74066e+09 29.3207 -0.646198 0.987014 0.998467 0.00330278 0.003434 -0.0551435
1.74066e+09 29.4361 -0.657642 0.990296 0.998596 0.00257975 0.00251701 -0.0528509
1.74066e+09 29.55 -0.661195 0.994665 0.998554 0.00187284 0.00153479 -0.0537025
1.74066e+09 29.6629 -0.667566 0.999799 0.998674 0.00213793 0.00141573 -0.0514173
1.74066e+09 29.7737 -0.673005 1.00409 0.99866 0.00219817 0.000444955 -0.0517028
1.74066e+09 29.8828 -0.682584 1.01026 0.998756 0.00159159 0.00243618 -0.0497848
1.74066e+09 30.006 -0.68889 1.01307 0.998733 0.00105671 0.00117937 -0.050307
1.74066e+09 30.1226 -0.68991 1.01579 0.998756 0.00170165 0.00152133 -0.0498216
1.74066e+09 30.2388 -0.694089 1.02068 0.998822 0.00129748 0.00260194 -0.0484309
1.74066e+09 30.3611 -0.702836 1.02487 0.998735 0.00132852 0.00259472 -0.0501989
1.74066e+09 30.4858 -0.706707 1.02784 0.998811 5.81384e-05 0.00268906 -0.0486723
1.74066e+09 30.6001 -0.715325 1.02931 0.99883 0.000296203 0.00345844 -0.048245
1.74066e+09 30.7057 -0.714333 1.03133 0.998792 0.000496239 0.000853597 -0.0491324
1.74066e+09 30.8174 -0.717639 1.03503 0.998851 0.000260081 0.00196174 -0.047886
1.74066e+09 30.93 -0.724908 1.03943 0.998883 -0.000163115 0.00139248 -0.0472379
1.74066e+09 31.0403 -0.732201 1.04415 0.998903 0.000433804 0.000554193 -0.0468172
1.74066e+09 31.1591 -0.736879 1.05218 0.998922 -0.000624928 0.0023979 -0.0463497
1.74066e+09 31.2764 -0.746179 1.05664 0.998944 -0.000145336 0.00240285 -0.0458834
1.74066e+09 31.3949 -0.753477 1.05877 0.998951 -0.000225011 0.00245124 -0.0457292
1.74066e+09 31.5144 -0.758114 1.06688 0.998954 -0.000351773 0.0022911 -0.0456785
1.74066e+09 31.6235 -0.759984 1.07269 0.998911 -0.000332481 0.00294859 -0.0465513
1.74066e+09 31.7312 -0.761977 1.07506 0.998962 0.000278298 0.00286157 -0.0454518
1.74066e+09 31.8397 -0.763922 1.07995 0.999049 -0.000740878 0.00353512 -0.0434416
1.74066e+09 31.9408 -0.77594 1.08083 0.999262 1.81647e-05 -0.000454992 -0.0384028
1.74066e+09 32.0465 -0.773446 1.08293 0.999341 0.000310032 -0.0016066 -0.0362498
1.74066e+09 32.1521 -0.77401 1.08931 0.999514 -0.000743479 0.000813964 -0.0311613
1.74066e+09 32.246 -0.780403 1.09089 0.999713 -0.000498878 -0.000280147 -0.0239556
1.74066e+09 32.3396 -0.782125 1.09354 0.999898 -0.00136022 0.000865364 -0.0142226
1.74066e+09 32.4435 -0.785842 1.09818 0.999983 -0.00231609 0.0034999 -0.00409074
1.74066e+09 32.5489 -0.790951 1.1009 0.999923 -0.00215719 0.00729579 0.00978434
1.74066e+09 32.6508 -0.790432 1.10397 0.999683 -0.00338771 0.0101691 0.0227792
1.74066e+09 32.7449 -0.790522 1.10785 0.999284 -0.00229418 0.0108143 0.036192
1.74066e+09 32.8472 -0.787776 1.11209 0.998809 -0.0024627 0.0105177 0.047581
1.74066e+09 32.9553 -0.773107 1.11406 0.998834 -0.0043247 0.0102676 0.0469719
1.74066e+09 33.0598 -0.754835 1.11367 0.998823 -0.00290524 0.00950117 0.0474797
1.74066e+09 33.161 -0.744558 1.11591 0.998771 -0.00239328 0.00705236 0.0489934
1.74066e+09 33.2666 -0.734366 1.12189 0.998892 -0.00254388 0.00423262 0.0468043
1.74066e+09 33.3771 -0.711326 1.12261 0.9989 -0.00245365 0.00440493 0.0466279
1.74066e+09 33.4852 -0.692105 1.12215 0.998741 -0.000868789 -0.000980312 0.0501426
1.74066e+09 33.5922 -0.677268 1.12777 0.998781 -0.00121773 0.000232749 0.0493457
1.74066e+09 33.705 -0.662688 1.13062 0.99872 -0.00136216 0.0016562 0.0505341
1.74066e+09 33.8142 -0.641602 1.13721 0.998801 -0.00171128 0.00577436 0.0485733
1.74066e+09 33.9229 -0.624595 1.14129 0.998903 -0.00192137 0.00561677 0.0464461
1.74066e+09 34.0265 -0.610183 1.14515 0.999009 -0.000958449 0.00492813 0.0442331
1.74066e+09 34.1318 -0.595489 1.14892 0.999115 -0.00106662 0.00512173 0.0417242
1.74066e+09 34.2287 -0.582183 1.15074 0.999326 -0.00135578 0.00441658 0.0364234
1.74066e+09 34.3288 -0.569818 1.15461 0.999495 -0.000545442 0.00351374 0.0315908
1.74066e+09 34.4247 -0.561405 1.15453 0.999667 -0.000298138 0.00327806 0.0255836
1.74066e+09 34.5226 -0.550422 1.15727 0.999857 0.00100912 0.00397336 0.0163992
1.74066e+09 34.6105 -0.538288 1.1591 0.999947 0.000205761 0.00342592 0.00967941
1.74066e+09 34.7039 -0.531114 1.16114 0.99999 8.80483e-05 0.00450656 0.000313184
1.74066e+09 34.7971 -0.521903 1.16145 0.999955 0.000327387 0.00371169 -0.00877028
1.74066e+09 34.8922 -0.510925 1.1657 0.999883 0.000761221 0.00183338 -0.0151943
1.74066e+09 35.0006 -0.507935 1.16803 0.999901 0.000208717 0.00468656 -0.0132746
1.74066e+09 35.1128 -0.506269 1.17502 0.999901 -0.000716601 0.00817006 -0.0114316
1.74066e+09 35.2095 -0.507536 1.17632 0.999915 0.000125056 0.00557227 -0.0118191
1.74066e+09 35.3138 -0.50855 1.18149 0.999931 0.000300901 0.00370955 -0.0111441
1.74066e+09 35.4306 -0.50103 1.18645 0.999918 -0.00011816 0.00725947 -0.0105048
1.74066e+09 35.5401 -0.504886 1.1905 0.999921 -0.000501895 0.00881075 -0.00899905
1.74066e+09 35.6485 -0.500985 1.19078 0.999935 -0.00140543 0.00750782 -0.00846776
1.74066e+09 35.7681 -0.496885 1.19405 0.999924 -0.00199861 0.00889913 -0.00834775
1.74066e+09 35.8778 -0.484915 1.19402 0.999941 -0.00115633 0.00640147 -0.00867762
1.74066e+09 35.9987 -0.472468 1.1973 0.999956 -0.00145353 0.00479688 -0.00786896
1.74066e+09 36.1331 -0.473793 1.20163 0.999938 -0.00152617 0.0066097 -0.00880079
1.74066e+09 36.2614 -0.469605 1.20535 0.999946 -0.00147283 0.00701978 -0.00753664
1.74066e+09 36.3924 -0.468001 1.20775 0.999944 -0.00182219 0.00746408 -0.00734406
1.74066e+09 36.5127 -0.463834 1.21003 0.999974 -0.000987772 0.00467567 -0.00536202
1.74066e+09 36.6472 -0.461253 1.21408 0.999954 -0.00101251 0.00771555 -0.00568533
1.74066e+09 36.7755 -0.46376 1.2177 0.999971 -0.000800016 0.00702 -0.00282228
1.74066e+09 36.9009 -0.459576 1.22051 0.999958 -0.00181694 0.00742288 -0.0049821
1.74066e+09 37.0294 -0.453602 1.22149 0.999965 -0.00160006 0.00728711 -0.0036628
1.74066e+09 37.1664 -0.446222 1.22773 0.999938 -0.00159198 0.009703 -0.00514104
1.74066e+09 37.2901 -0.437569 1.22995 0.99999 -0.0010452 0.0021589 -0.00387018
1.74066e+09 37.4487 -0.427991 1.23509 0.999982 -0.00122763 0.00527951 -0.00255574
1.74066e+09 37.6015 -0.4259 1.24011 0.999981 -0.000914605 0.00584037 -0.00194259
1.74066e+09 37.7578 -0.419577 1.24334 0.999965 -0.00117181 0.00828678 -0.000627876
1.74066e+09 37.9194 -0.416252 1.24664 0.999979 -0.00028615 0.00615709 0.00178203
1.74066e+09 38.0797 -0.406406 1.2465 0.99997 -0.000848003 0.0076455 -0.000507623
1.74066e+09 38.2334 -0.402901 1.24957 0.999959 0.00121939 0.00791981 0.00432886
1.74066e+09 38.3946 -0.392409 1.25353 0.999959 -0.000112304 0.00861285 0.00295807
1.74066e+09 38.5466 -0.388813 1.25771 0.999971 0.000540191 0.00565222 0.00509698
1.74066e+09 38.6981 -0.375884 1.26052 0.999985 0.000224381 0.00336331 0.00442141
1.74066e+09 38.8725 -0.372887 1.26862 0.99985 0.000144412 0.0132911 0.0111137
1.74066e+09 39.0265 -0.357575 1.27224 0.999858 -0.000957022 0.0146045 0.00831196
1.74066e+09 39.1559 -0.350384 1.2732 0.999959 -0.0015211 0.00634244 0.00632546
1.74066e+09 39.2949 -0.344764 1.27626 0.999959 0.00130218 0.00470938 0.00761881
1.74066e+09 39.449 -0.336904 1.27947 0.999936 0.000820138 0.00735282 0.00853167
1.74066e+09 39.5973 -0.333572 1.28566 0.999867 0.000973725 0.0144383 0.00749417
1.74066e+09 39.747 -0.32569 1.285 0.999934 0.000530607 0.00795759 0.00832912
1.74066e+09 39.8797 -0.31877 1.28779 0.99996 -0.000311649 0.00635298 0.00629609
1.74066e+09 40.0311 -0.31047 1.29023 0.999947 0.000137291 0.00683929 0.007663
1.74066e+09 40.1746 -0.303134 1.29542 0.999935 -0.000137224 0.00783612 0.00829981
1.74066e+09 40.3118 -0.292619 1.29731 0.999966 0.000736894 0.00343648 0.00746364
1.74066e+09 40.4626 -0.284764 1.3011 0.999912 3.0464e-05 0.00902383 0.00967784
1.74066e+09 40.6036 -0.264999 1.30501 0.999911 -0.00107714 0.0107724 0.0077614
1.74066e+09 40.7363 -0.253978 1.30526 0.999961 -0.000216936 0.00410804 0.00776288
1.74066e+09 40.8759 -0.243323 1.31087 0.999966 0.000136562 0.00326348 0.00753918
1.74066e+09 41.0162 -0.239583 1.31889 0.999905 2.19666e-05 0.00645151 0.0122089
1.74066e+09 41.1478 -0.230942 1.3228 0.999943 0.000632095 0.00656543 0.00838464
1.74066e+09 41.2891 -0.218022 1.32726 0.999911 0.000395367 0.00817984 0.0105107
1.74066e+09 41.4318 -0.208095 1.32795 0.999912 -0.000124805 0.00982128 0.00896318
1.74066e+09 41.5637 -0.199942 1.32951 0.999929 0.000597732 0.00512053 0.0107169
1.74066e+09 41.7061 -0.188681 1.3316 0.999938 0.00149342 0.00564684 0.00951484
1.74066e+09 41.8416 -0.178671 1.33465 0.999942 0.000822297 0.00490296 0.00951591
1.74066e+09 41.9794 -0.173862 1.33775 0.999911 0.00121102 0.00944213 0.00934465
1.74066e+09 42.112 -0.169282 1.34125 0.999913 0.00101361 0.00862652 0.00993493
1.74066e+09 42.2505 -0.157064 1.34433 0.999945 0.00113715 0.00491234 0.00915365
1.74066e+09 42.3911 -0.140153 1.34618 0.99996 0.000227597 0.00248564 0.00860403
1.74066e+09 42.5239 -0.131791 1.34867 0.999921 0.00213184 0.00164643 0.0123011
1.74066e+09 42.6573 -0.113791 1.35106 0.999924 0.000176126 0.00477299 0.01138
1.74066e+09 42.7923 -0.107927 1.35864 0.999919 0.00174673 0.00777373 0.00989689
1.74066e+09 42.9336 -0.0997996 1.36622 0.999927 0.00145314 0.00662776 0.00996417
1.74066e+09 43.0669 -0.0987012 1.37318 0.999918 0.00224236 0.004245 0.0119137
1.74066e+09 43.2039 -0.0914369 1.37726 0.999931 0.00187825 0.00223611 0.0113861
1.74066e+09 43.3322 -0.0891737 1.37919 0.999873 0.00199275 0.00693474 0.0141896
1.74066e+09 43.4494 -0.0789775 1.38405 0.999896 0.00177342 0.00687616 0.0125515
1.74066e+09 43.573 -0.0708348 1.38299 0.999892 0.001783 0.00526906 0.0135702
1.74066e+09 43.6944 -0.0551688 1.38326 0.999883 0.00245973 0.00409143 0.0145395
1.74066e+09 43.8158 -0.0507315 1.386 0.999884 0.00191328 0.00428784 0.0145093
1.74066e+09 43.9467 -0.0423516 1.39122 0.999889 0.00232601 0.00625908 0.0133202
1.74066e+09 44.0646 -0.0283975 1.39502 0.999895 0.00211408 0.00564023 0.0131552
1.74066e+09 44.1752 -0.0153178 1.39852 0.999888 0.00276611 0.00381565 0.014239
1.74066e+09 44.3007 0.00264263 1.40154 0.999874 0.00214292 0.00376484 0.0152679
1.74066e+09 44.4301 0.0118965 1.40697 0.99987 0.00310969 0.0051166 0.0149529
1.74066e+09 44.5601 0.0195683 1.40929 0.999875 0.00281186 0.00520101 0.0146873
1.74066e+09 44.6792 0.020957 1.41473 0.999852 0.00312903 0.00470305 0.0162233
1.74066e+09 44.7978 0.0283872 1.41545 0.99987 0.00269277 0.00453578 0.0152532
1.74066e+09 44.9177 0.0355704 1.42021 0.999856 0.00301905 0.00438591 0.0161134
1.74066e+09 45.042 0.0420922 1.42276 0.999857 0.00248248 0.00364273 0.0163119
1.74066e+09 45.1591 0.0556531 1.42785 0.99986 0.00274782 0.0038612 0.0160783
1.74066e+09 45.2763 0.0660423 1.43423 0.999858 0.00358839 0.00316775 0.0161556
1.74066e+09 45.3978 0.0806426 1.43742 0.999839 0.00267631 0.00383322 0.0173519
1.74066e+09 45.5221 0.0891331 1.44312 0.999887 0.00279852 0.00660403 0.013212
1.74066e+09 45.6385 0.0993744 1.44742 0.999941 0.00369619 0.00529816 0.0086761
1.74066e+09 45.7539 0.10822 1.44934 0.999984 0.00308746 0.00428227 0.00224499
1.74066e+09 45.8577 0.115792 1.45042 0.999976 0.00381382 0.0050465 -0.00282059
1.74066e+09 45.971 0.119125 1.44873 0.999943 0.00399474 0.00304 -0.00945779
1.74066e+09 46.0858 0.12436 1.45168 0.999858 0.00468349 0.00411298 -0.015646
1.74066e+09 46.2098 0.130798 1.45812 0.99967 0.00513932 0.00453622 -0.0247599
1.74066e+09 46.3137 0.140467 1.45813 0.999403 0.00450823 0.00178049 -0.0342095
1.74066e+09 46.4227 0.136448 1.46485 0.999098 0.00661076 0.00329294 -0.0418208
1.74066e+09 46.525 0.140282 1.46774 0.998723 0.00632012 0.000756949 -0.0501213
1.74066e+09 46.6343 0.137924 1.4726 0.998342 0.00582063 0.00060439 -0.0572691
1.74066e+09 46.7452 0.126847 1.47526 0.998485 0.00628222 0.00121683 -0.0546554
1.74066e+09 46.8708 0.121838 1.48111 0.998541 0.00650854 0.00306533 -0.0535263
1.74066e+09 46.9866 0.119921 1.48312 0.998555 0.00655766 -0.000329437 -0.0533314
1.74066e+09 47.1104 0.111145 1.4859 0.99864 0.0051577 -0.000554246 -0.0518767
1.74066e+09 47.2414 0.10084 1.4902 0.998607 0.00515684 0.00362097 -0.0523793
1.74066e+09 47.3724 0.0899317 1.49509 0.998618 0.00422738 0.0046135 -0.0521724
1.74066e+09 47.4873 0.08522 1.49804 0.998649 0.0059193 -0.00156579 -0.0516056
1.74066e+09 47.6088 0.0831674 1.50349 0.998604 0.0041606 -0.00158605 -0.0526354
1.74066e+09 47.7387 0.0764585 1.51035 0.99866 0.00560937 0.0038102 -0.0513115
1.74066e+09 47.858 0.0648657 1.51796 0.998699 0.00622045 0.00550283 -0.0503121
1.74066e+09 47.9713 0.0613423 1.51999 0.998717 0.00451596 0.00272253 -0.0503571
1.74066e+09 48.084 0.0520506 1.52728 0.998795 0.00540883 0.00282915 -0.0487007
1.74066e+09 48.2046 0.0451555 1.53054 0.998842 0.00476492 0.00439654 -0.0476825
1.74066e+09 48.3236 0.0385405 1.53038 0.9989 0.00491132 0.00169401 -0.0466086
1.74066e+09 48.4441 0.0349978 1.53599 0.998852 0.00417452 0.00188913 -0.0476753
1.74066e+09 48.5646 0.0272921 1.54129 0.998954 0.00562712 -0.00047478 -0.045375
1.74066e+09 48.6782 0.0319367 1.54949 0.998879 0.00497907 0.00035974 -0.0470766
1.74066e+09 48.7933 0.0207664 1.54858 0.998986 0.00548681 0.000384749 -0.0446768
1.74066e+09 48.9023 0.0201981 1.55266 0.998996 0.00430071 0.00240197 -0.0445269
1.74066e+09 49.0157 0.0177592 1.55666 0.998919 0.00528285 0.000694015 -0.0461818
1.74066e+09 49.1303 0.0167255 1.56198 0.99896 0.00530159 0.000259885 -0.0452745
1.74066e+09 49.249 0.00646414 1.56598 0.998998 0.00520709 0.000710179 -0.0444379
1.74066e+09 49.3596 -0.00050653 1.56752 0.999028 0.00405404 0.000321541 -0.0438863
1.74066e+09 49.476 -0.0112961 1.56945 0.999041 0.00392939 0.000777844 -0.0435918
1.74066e+09 49.5888 -0.0153094 1.57358 0.99905 0.00500307 0.000540135 -0.0432785
1.74066e+09 49.7079 -0.0237444 1.57855 0.999066 0.00423322 0.00294577 -0.0428902
1.74066e+09 49.8166 -0.0305862 1.58226 0.999132 0.00425003 0.00178254 -0.0413965
1.74066e+09 49.9406 -0.0326278 1.5891 0.999091 0.0043944 0.00190774 -0.0423527
1.74066e+09 50.0619 -0.0354336 1.59288 0.999053 0.00395518 0.00193022 -0.0432756
1.74066e+09 50.1803 -0.0434033 1.59676 0.999165 0.00455337 0.000933708 -0.0405967
1.74066e+09 50.2946 -0.0407257 1.59899 0.999182 0.00406727 0.00173082 -0.0401997
1.74066e+09 50.4117 -0.044418 1.60056 0.999253 0.00319207 0.00201938 -0.0384493
1.74066e+09 50.5227 -0.049967 1.60617 0.999176 0.00399751 0.00168492 -0.0403498
1.74066e+09 50.6344 -0.0499073 1.61051 0.99921 0.00428728 0.00229174 -0.0394491
1.74066e+09 50.7491 -0.0547533 1.61461 0.999276 0.00417831 0.00126683 -0.0377838
1.74066e+09 50.8546 -0.0564026 1.61709 0.999214 0.00364474 0.000644035 -0.0394668
1.74066e+09 50.9758 -0.0608667 1.62425 0.999229 0.00376893 0.00167728 -0.0390321
1.74066e+09 51.0913 -0.0670208 1.62919 0.999202 0.00392948 0.00145194 -0.0397177
1.74066e+09 51.2015 -0.07176 1.6349 0.99926 0.00380293 0.00194205 -0.0382215
1.74066e+09 51.3152 -0.0771104 1.63729 0.999265 0.00397481 0.00473715 -0.0378248
1.74066e+09 51.4183 -0.0806817 1.63872 0.99935 0.00429982 0.00243261 -0.035723
1.74066e+09 51.5313 -0.0783521 1.64135 0.999283 0.00246166 -0.000356684 -0.0377754
1.74066e+09 51.6423 -0.0814373 1.6462 0.99933 0.00307115 0.00256063 -0.0363938
1.74066e+09 51.7491 -0.0872999 1.65036 0.999316 0.00347395 0.00177851 -0.0367843
1.74066e+09 51.8546 -0.0926463 1.65298 0.999375 0.00335027 0.00173268 -0.0351343
1.74066e+09 51.9602 -0.0983818 1.65462 0.999327 0.00298265 0.0036694 -0.0363627
1.74066e+09 52.0559 -0.0999362 1.65693 0.999444 0.00303141 0.00307327 -0.0330707
1.74066e+09 52.1555 -0.100424 1.66192 0.999383 0.00238768 0.00219173 -0.0349656
1.74066e+09 52.2617 -0.0974609 1.66601 0.999437 0.00384742 0.000450374 -0.0333162
1.74066e+09 52.3769 -0.0951523 1.67023 0.999448 0.00301624 0.00189074 -0.0330408
1.74066e+09 52.4868 -0.0949134 1.67401 0.99945 0.00486088 0.00152474 -0.0327562
1.74066e+09 52.5933 -0.0985955 1.67499 0.999447 0.00319784 0.00307348 -0.0329596
1.74066e+09 52.7013 -0.101271 1.67579 0.999437 0.00325431 0.00121576 -0.0333694
1.74066e+09 52.8167 -0.105998 1.68021 0.999436 0.00392324 0.00369947 -0.0331343
1.74066e+09 52.9264 -0.107443 1.68357 0.999453 0.00238715 0.00263271 -0.0328658
1.74066e+09 53.0367 -0.11448 1.69246 0.999545 0.00280739 0.00437724 -0.0297026
1.74066e+09 53.1409 -0.113474 1.69551 0.999485 0.0027682 0.00303604 -0.0318307
1.74066e+09 53.2435 -0.115513 1.7009 0.999516 0.00276111 0.00390304 -0.0307344
1.74066e+09 53.3453 -0.117236 1.70363 0.999456 0.00308359 0.00349839 -0.0326558
1.74066e+09 53.4569 -0.119914 1.7059 0.999508 0.00176451 0.00456955 -0.0309955
1.74066e+09 53.5552 -0.118793 1.70765 0.999517 0.00312137 0.00211075 -0.03084
1.74066e+09 53.6607 -0.119926 1.71115 0.999543 0.00259852 0.0031627 -0.029944
1.74066e+09 53.7667 -0.121854 1.71164 0.999561 0.00312671 0.0027974 -0.0293344
1.74066e+09 53.8708 -0.12616 1.71461 0.999577 0.00201092 0.00322227 -0.0288269
1.74066e+09 53.9748 -0.127453 1.71975 0.999565 0.00195428 0.00232376 -0.0293447
1.74066e+09 54.0847 -0.124163 1.72591 0.999571 0.00213672 0.00302259 -0.0290436
1.74066e+09 54.2007 -0.126282 1.72944 0.9996 0.00156063 0.00458286 -0.0278782
1.74066e+09 54.3068 -0.124791 1.73378 0.999622 0.00168024 0.00570982 -0.0268517
1.74066e+09 54.4035 -0.116621 1.73368 0.999655 0.00215031 0.00299288 -0.0260068
1.74066e+09 54.5044 -0.112988 1.73331 0.999686 0.000680081 0.00457316 -0.0246368
1.74066e+09 54.6048 -0.117703 1.73574 0.999673 0.00122252 0.00618935 -0.024777
1.74066e+09 54.6976 -0.115897 1.73816 0.999721 0.00129204 0.00421795 -0.0232157
1.74066e+09 54.8027 -0.115551 1.74087 0.999707 0.000328754 0.00692856 -0.0231954
1.74066e+09 54.9071 -0.119644 1.74549 0.999741 0.000842149 0.00636931 -0.0218435
1.74066e+09 55.0072 -0.124696 1.74766 0.999715 0.000734165 0.0038856 -0.0235544
1.74066e+09 55.1107 -0.132566 1.74898 0.99972 0.00128802 0.00556919 -0.0229645
1.74066e+09 55.2118 -0.136556 1.75335 0.999715 0.000753285 0.00607918 -0.0230558
1.74066e+09 55.3128 -0.133002 1.75397 0.999749 0.000500091 0.00534995 -0.0217294
1.74066e+09 55.4121 -0.135224 1.76087 0.999739 0.00138053 0.00600145 -0.0219995
1.74066e+09 55.5086 -0.127738 1.76356 0.999755 0.00069554 0.00340186 -0.0218597
1.74066e+09 55.6078 -0.129464 1.76597 0.999756 0.00142172 0.00384609 -0.0217202
1.74066e+09 55.7084 -0.128434 1.77129 0.999759 0.00104263 0.00607795 -0.0210686
1.74066e+09 55.8104 -0.124041 1.7727 0.999779 0.000555165 0.00564167 -0.0202596
1.74066e+09 55.9152 -0.121513 1.77326 0.999781 0.000161897 0.00554519 -0.0201882
1.74066e+09 56.0131 -0.125948 1.77482 0.999769 0.000380716 0.0064008 -0.0205343
1.74066e+09 56.1176 -0.12538 1.77592 0.999777 0.000124995 0.00580983 -0.020324
1.74066e+09 56.2147 -0.126162 1.77925 0.999771 0.000465044 0.00784024 -0.0198982
1.74066e+09 56.3128 -0.127196 1.784 0.999782 -0.000256445 0.00770005 -0.0194297
1.74066e+09 56.4107 -0.129841 1.78754 0.999794 0.000507891 0.00728192 -0.0189261
1.74066e+09 56.51 -0.126669 1.79165 0.999757 -0.000238715 0.00971405 -0.019781
1.74066e+09 56.5968 -0.123989 1.79107 0.99983 0.000503362 0.00553838 -0.0175964
1.74066e+09 56.6915 -0.116564 1.79291 0.999798 0.000105468 0.00640385 -0.0190378
1.74066e+09 56.7765 -0.117887 1.79372 0.999829 0.00056026 0.00728318 -0.0169639
1.74066e+09 56.8746 -0.11633 1.79362 0.999803 0.000563428 0.00899415 -0.0176625
1.74066e+09 56.9571 -0.112458 1.79548 0.999839 0.000832357 0.00690047 -0.0165671
1.74066e+09 57.0483 -0.114135 1.79934 0.999819 0.000294892 0.00829842 -0.0171
1.74066e+09 57.1486 -0.108067 1.80454 0.999852 0.000534835 0.00639534 -0.0159594
1.74066e+09 57.234 -0.106395 1.80906 0.99987 -0.000476459 0.00615838 -0.0149132
1.74066e+09 57.3258 -0.108288 1.81258 0.999851 -0.000420694 0.0070715 -0.0157586
1.74066e+09 57.4174 -0.108691 1.81494 0.999859 0.000294297 0.00467865 -0.0161224
1.74066e+09 57.526 -0.106887 1.81391 0.999854 -0.000168349 0.00456718 -0.0164895
1.74066e+09 57.6251 -0.106056 1.81795 0.999874 -0.00139553 0.00662285 -0.0143846
1.74066e+09 57.7214 -0.102236 1.81943 0.999876 -0.000816535 0.00536169 -0.0147833
1.74066e+09 57.8204 -0.0971849 1.81867 0.999877 0.000400735 0.00609047 -0.0144475
1.74066e+09 57.9266 -0.103119 1.82474 0.999846 -0.000439059 0.00894759 -0.0151193
1.74066e+09 58.0301 -0.101258 1.82873 0.999859 -0.00178564 0.00662823 -0.0153453
1.74066e+09 58.1364 -0.10151 1.82868 0.999882 -0.00137376 0.0053221 -0.014321
1.74066e+09 58.2381 -0.0964024 1.8335 0.999861 -0.00101944 0.00851719 -0.0142871
1.74066e+09 58.3385 -0.0904369 1.83218 0.999876 -0.00149455 0.0065297 -0.0142306
1.74066e+09 58.4377 -0.0905488 1.84148 0.99988 -0.00154779 0.00819681 -0.0130706
1.74066e+09 58.54 -0.0838572 1.84319 0.999888 -0.00124033 0.00805394 -0.0125632
1.74066e+09 58.6423 -0.0777596 1.84433 0.99989 -0.00102136 0.00791693 -0.0125276
1.74066e+09 58.7442 -0.076199 1.84697 0.999882 -0.000395107 0.00812853 -0.0130177
1.74066e+09 58.8475 -0.0748792 1.84801 0.999892 -0.00125874 0.00892918 -0.0116414
1.74066e+09 58.9416 -0.0728341 1.85137 0.999883 -0.00175692 0.00880332 -0.0123825
1.74066e+09 59.0408 -0.0741611 1.8518 0.999923 -0.000828693 0.00689966 -0.0102496
1.74066e+09 59.1401 -0.0682706 1.85267 0.99993 -9.44405e-05 0.00635867 -0.00999715
1.74066e+09 59.2336 -0.0734368 1.85589 0.999938 -0.000751252 0.0059839 -0.00938124
1.74066e+09 59.3325 -0.0700663 1.85857 0.999935 -0.00178731 0.00694651 -0.00889701
1.74066e+09 59.4306 -0.0619809 1.86364 0.999934 -0.00163086 0.00845142 -0.00766623
1.74066e+09 59.5255 -0.0600265 1.86612 0.999941 -0.00156808 0.00728146 -0.00791207
1.74066e+09 59.6217 -0.0536201 1.86831 0.999938 -0.00154081 0.0074714 -0.00811602
1.74066e+09 59.7242 -0.0489073 1.86752 0.999941 -0.00213811 0.00681124 -0.00819068
1.74066e+09 59.8253 -0.0470839 1.87078 0.999942 -0.00183065 0.00669181 -0.00821599
1.74066e+09 59.9249 -0.0487798 1.87179 0.999947 -0.0018609 0.00720653 -0.00715595
1.74066e+09 60.0239 -0.0465478 1.87391 0.999954 -0.00164775 0.0058824 -0.00733906
1.74066e+09 60.1208 -0.0449421 1.87482 0.999963 -0.00241043 0.00567554 -0.00607428
1.74066e+09 60.2215 -0.0411786 1.87981 0.999949 -0.00167294 0.00703631 -0.00698711
1.74066e+09 60.3163 -0.0356765 1.87732 0.999961 -0.00203904 0.0057657 -0.00639417
1.74066e+09 60.418 -0.0305605 1.8817 0.999948 -0.00247819 0.0080636 -0.00577925
1.74066e+09 60.5116 -0.0280385 1.88248 0.999967 -0.00267342 0.00545887 -0.00536993
1.74066e+09 60.6031 -0.0219563 1.88622 0.999968 -0.0026449 0.00482215 -0.00583836
1.74066e+09 60.6993 -0.0200502 1.89306 0.999968 -0.00312414 0.00500407 -0.00546528
1.74066e+09 60.7901 -0.0184959 1.89717 0.999963 -0.00252774 0.00677644 -0.00458475
1.74066e+09 60.889 -0.0158449 1.90012 0.999958 -0.00255896 0.00751415 -0.00462462
1.74066e+09 60.9822 -0.0137496 1.90097 0.999944 -0.00339172 0.00904649 -0.00435295
1.74066e+09 61.0742 -0.00931779 1.90246 0.999951 -0.00247798 0.00870469 -0.00407479
1.74066e+09 61.1638 -0.0031893 1.90608 0.999971 -0.00217375 0.00591476 -0.00422226
1.74066e+09 61.2626 0.00213799 1.90753 0.999959 -0.00300693 0.00780289 -0.00337225
1.74066e+09 61.3529 0.0050637 1.9093 0.999954 -0.0032274 0.00851465 -0.00304851
1.74066e+09 61.4444 0.00996554 1.90919 0.999956 -0.00305236 0.00826266 -0.00329327
1.74066e+09 61.5373 0.0100245 1.90919 0.999957 -0.00313445 0.00850584 -0.0017362
1.74066e+09 61.6274 0.0215083 1.90873 0.999966 -0.00296234 0.00742866 -0.00186143
1.74066e+09 61.7106 0.0229012 1.91105 0.999975 -0.00286173 0.0063901 -0.00095298
1.74066e+09 61.7997 0.0247907 1.90837 0.999964 -0.00274912 0.00787809 -0.00148809
1.74066e+09 61.8996 0.0285583 1.91052 0.999963 -0.00250204 0.00805537 -0.00148101
1.74066e+09 61.9899 0.0323911 1.91103 0.999961 -0.00250028 0.00834389 -0.00135053
1.74066e+09 62.0868 0.0380954 1.91654 0.999957 -0.00223635 0.00881757 -0.00165592
1.74066e+09 62.1812 0.0439048 1.91986 0.999946 -0.00244116 0.0101362 5.75285e-05
1.74066e+09 62.27 0.047342 1.92297 0.999928 -0.00229771 0.0117957 -0.000157654
1.74066e+09 62.3556 0.049484 1.92577 0.999952 -0.00213389 0.00954053 0.000300178
1.74066e+09 62.4456 0.055159 1.9275 0.999961 -0.00177136 0.00864888 0.000536045
1.74066e+09 62.5361 0.062726 1.92877 0.999985 -0.0023028 0.00469288 0.00143255
1.74066e+09 62.6266 0.0618924 1.93027 0.999979 -0.00247794 0.00599644 0.000693653
1.74066e+09 62.7166 0.0624873 1.93245 0.999976 -0.00169073 0.00647936 0.00180485
1.74066e+09 62.809 0.0740231 1.93215 0.999976 -0.00164326 0.0066142 0.00151804
1.74066e+09 62.8972 0.0800127 1.93426 0.999968 -0.00173277 0.0077834 0.000659306
1.74066e+09 62.9828 0.0849396 1.93212 0.999979 -0.00269034 0.00560993 0.0017478
1.74066e+09 63.0684 0.0834093 1.93604 0.99996 -0.00307806 0.00826941 0.00112844
1.74066e+09 63.1521 0.0906531 1.93906 0.999946 -0.0039088 0.00960356 0.00104913
1.74066e+09 63.2294 0.091264 1.94356 0.999956 -0.00437089 0.0081621 0.00174062
1.74066e+09 63.3012 0.0953804 1.94551 0.999951 -0.00281651 0.00948252 -0.000268852
1.74066e+09 63.3625 0.0974919 1.94663 0.99995 -0.00457523 0.00891731 -0.000286598
1.74066e+09 63.4139 0.100297 1.94881 0.999954 -0.00555214 0.00775418 0.000619266
1.74066e+09 63.4741 0.100398 1.95206 0.999956 -0.00529825 0.00773863 -0.000265071
1.74066e+09 63.4771 0.0993968 1.95171 0.999956 -0.00525298 0.00775294 -0.000186196
1.74066e+09 63.591 0.153521 1.96108 0.999967 -0.00403748 0.0068765 0.00158882
1.74066e+09 63.6435 0.153032 1.95732 0.999957 -0.00454288 0.00779383 0.00233039
1.74066e+09 63.6999 0.1393 1.95273 0.999952 -0.00507255 0.0079844 0.00235933
1.74066e+09 63.7557 0.131856 1.95364 0.999932 -0.0059415 0.00959143 0.00290203
1.74066e+09 63.8116 0.125565 1.95745 0.999827 -0.00686427 0.0165101 0.00521505
1.74066e+09 63.8297 0.1138 1.96671 0.999648 -0.00437246 0.024469 0.00928705
1.74066e+09 63.8015 0.112066 1.95509 0.999963 -0.00545247 0.003635 0.00564891
1.74066e+09 63.8031 0.110148 1.955 0.999898 -0.00400323 0.0121639 0.00638453
1.74066e+09 63.7976 0.109616 1.95306 0.999926 -0.00521683 0.00934196 0.0057712
1.74066e+09 63.7957 0.113354 1.95761 0.999932 -0.00404062 0.00958428 0.00519887
1.74066e+09 63.7935 0.114998 1.95774 0.999928 -0.00489898 0.00950369 0.00541616
1.74066e+09 63.796 0.116848 1.95529 0.999934 -0.00444924 0.00917075 0.0052323
1.74066e+09 63.7967 0.114766 1.95465 0.999926 -0.00470993 0.00973105 0.00549668
1.74066e+09 63.8001 0.114603 1.95358 0.999927 -0.00478171 0.00953102 0.00562207
1.74066e+09 63.8022 0.115741 1.95468 0.999933 -0.00468665 0.00897802 0.00553591
1.74066e+09 63.7993 0.120947 1.95539 0.999931 -0.00481462 0.00929143 0.00532552
1.74066e+09 63.7984 0.120385 1.95547 0.99993 -0.00461688 0.00944868 0.00547895
1.74066e+09 63.8039 0.121443 1.95644 0.999927 -0.00497534 0.00951896 0.0056233
1.74066e+09 63.8067 0.122693 1.95645 0.999929 -0.00458975 0.00949942 0.00554459
1.74066e+09 63.8078 0.125545 1.9569 0.999929 -0.00484234 0.00934647 0.00565597
1.74066e+09 63.8088 0.12483 1.95431 0.999932 -0.00427087 0.00936383 0.00553675
1.74066e+09 63.8066 0.122922 1.95616 0.999931 -0.00433167 0.00942438 0.00547838
1.74066e+09 63.8071 0.118899 1.95873 0.999932 -0.00448197 0.00910807 0.0056534
1.74066e+09 63.8019 0.115462 1.95929 0.999929 -0.0046747 0.00937415 0.00561352
1.74066e+09 63.8022 0.115402 1.96041 0.99993 -0.00444306 0.00950087 0.00538967
1.74066e+09 63.7988 0.110285 1.95978 0.999927 -0.00450416 0.00992606 0.00514564
1.74066e+09 63.7996 0.110925 1.95871 0.999934 -0.00449128 0.00905027 0.00544747
1.74066e+09 63.8027 0.115333 1.95889 0.999926 -0.00480724 0.00958252 0.00568613
1.74066e+09 63.8076 0.119183 1.95629 0.999936 -0.00440929 0.00884219 0.00552444
1.74066e+09 63.8061 0.12048 1.95393 0.999938 -0.00452122 0.00860666 0.00550026
1.74066e+09 63.8009 0.121617 1.95521 0.999927 -0.00510299 0.00947376 0.00556895
1.74066e+09 63.803 0.121004 1.95796 0.99993 -0.00490568 0.00916256 0.00572167
1.74066e+09 63.8048 0.12021 1.95436 0.999925 -0.0047237 0.00981757 0.00553992
1.74066e+09 63.8017 0.121349 1.95165 0.999929 -0.00468763 0.00959059 0.00536838
1.74066e+09 63.8019 0.117594 1.95203 0.99993 -0.00454372 0.009495 0.00532502
1.74066e+09 63.804 0.117857 1.95135 0.999924 -0.0049903 0.00971701 0.00569121
1.74066e+09 63.8086 0.116243 1.95487 0.999928 -0.00481856 0.00944659 0.00564499
1.74066e+09 63.8097 0.119143 1.9524 0.999928 -0.00453657 0.00960648 0.0055688
1.74066e+09 63.8053 0.122656 1.95099 0.999929 -0.00477878 0.00940228 0.00550168
1.74066e+09 63.8047 0.120526 1.95473 0.999934 -0.00426359 0.00905274 0.00559876
1.74066e+09 63.8018 0.120906 1.95782 0.999931 -0.00509957 0.00909974 0.00542128
1.74066e+09 63.8044 0.122981 1.95911 0.99993 -0.00430519 0.00941828 0.00575136
1.74066e+09 63.8004 0.122741 1.95681 0.999932 -0.00481956 0.00931495 0.00505824
1.74066e+09 63.7995 0.122534 1.95576 0.999941 -0.00432041 0.00853645 0.00516417
1.74066e+09 63.8005 0.118707 1.95383 0.999936 -0.00465259 0.00877178 0.00541709
1.74066e+09 63.8037 0.118658 1.95336 0.999927 -0.00456268 0.00967358 0.00560681
1.74066e+09 63.8021 0.117389 1.9532 0.999935 -0.0044147 0.00892814 0.00561477
1.74066e+09 63.8036 0.118187 1.95433 0.999925 -0.00487133 0.00956505 0.00584366
1.74066e+09 63.807 0.12082 1.95433 0.999927 -0.00482667 0.00939593 0.00582949
1.74066e+09 63.8079 0.123014 1.95391 0.999932 -0.00470403 0.00904486 0.00558126
1.74066e+09 63.8078 0.122056 1.95483 0.999927 -0.00455444 0.00967078 0.00567746
1.74066e+09 63.8086 0.123204 1.9567 0.99993 -0.00452784 0.00942615 0.0055908
1.74066e+09 63.8097 0.120579 1.95415 0.999933 -0.00484443 0.0089254 0.005569
1.74066e+09 63.8075 0.119089 1.95702 0.999929 -0.00467961 0.00941146 0.00556752
1.74066e+09 63.8064 0.116038 1.95718 0.999937 -0.0045292 0.00874432 0.00534015
1.74066e+09 63.806 0.119774 1.95674 0.999935 -0.00453015 0.00897986 0.00528783
1.74066e+09 63.8054 0.120077 1.95882 0.999923 -0.00501857 0.00973933 0.00579285
1.74066e+09 63.8031 0.119362 1.95708 0.99993 -0.00517037 0.00912004 0.00545565
1.74066e+09 63.805 0.116907 1.95563 0.999934 -0.00461745 0.00898492 0.00546304
1.74066e+09 63.8032 0.120687 1.95555 0.999934 -0.00452683 0.00906563 0.00549445
1.74066e+09 63.8 0.117113 1.95361 0.999934 -0.00488902 0.00881204 0.00545156
1.74066e+09 63.8022 0.117796 1.95235 0.999933 -0.00441804 0.00931453 0.00528513
1.74066e+09 63.8065 0.118076 1.95451 0.999932 -0.00441658 0.00931919 0.00543882
1.74066e+09 63.8066 0.121123 1.9531 0.999929 -0.00450018 0.00964948 0.00543644
1.74066e+09 63.8072 0.118555 1.95528 0.999932 -0.00477454 0.00892772 0.00571348
1.74066e+09 63.8093 0.121442 1.95218 0.999934 -0.0047204 0.00877735 0.00579521
1.74066e+09 63.8105 0.122141 1.95461 0.999931 -0.00443665 0.00932995 0.0056536
1.74066e+09 63.8083 0.126159 1.95408 0.999926 -0.0049828 0.00950232 0.00576884
1.74066e+09 63.801 0.126493 1.95321 0.999922 -0.00469511 0.0101627 0.00562213
1.74066e+09 63.8002 0.123168 1.95176 0.999935 -0.00451118 0.0088404 0.00553652
1.74066e+09 63.7978 0.120536 1.95391 0.999934 -0.00452535 0.0090628 0.00540833
1.74066e+09 63.7999 0.119746 1.95476 0.999929 -0.00488165 0.0094486 0.00528199
1.74066e+09 63.8051 0.119836 1.95717 0.999926 -0.00501779 0.00958534 0.00555167
1.74066e+09 63.804 0.117507 1.96012 0.999925 -0.00503959 0.00976826 0.00547207
1.74066e+09 63.8068 0.118698 1.95947 0.999935 -0.00439587 0.00889359 0.00556231
1.74066e+09 63.8094 0.120104 1.95601 0.999932 -0.00465075 0.0091687 0.00543973
1.74066e+09 63.8073 0.121893 1.95199 0.999933 -0.00463507 0.00903902 0.00558281
1.74066e+09 63.8042 0.119814 1.95325 0.999938 -0.0041588 0.00890197 0.00529311
1.74066e+09 63.8078 0.121787 1.95368 0.999931 -0.00433497 0.00929678 0.00565176
1.74066e+09 63.8101 0.120221 1.95439 0.999926 -0.00519042 0.00938657 0.00567032
1.74066e+09 63.8084 0.117516 1.95236 0.999931 -0.00459076 0.00937518 0.00540959
1.74066e+09 63.8101 0.116819 1.95567 0.999932 -0.00442501 0.00934706 0.00542573
1.74066e+09 63.8095 0.120211 1.95533 0.999931 -0.00478499 0.00922606 0.00541181
1.74066e+09 63.8084 0.122122 1.95583 0.999927 -0.00489561 0.00941823 0.00572059
1.74066e+09 63.8037 0.121647 1.95648 0.999929 -0.00457492 0.0096286 0.00536239
1.74066e+09 63.8052 0.121838 1.95664 0.999931 -0.00452776 0.00946457 0.00537325
1.74066e+09 63.8045 0.119568 1.95482 0.99993 -0.00476522 0.00932054 0.00551477
1.74066e+09 63.8068 0.122867 1.9522 0.999934 -0.00455323 0.00888505 0.00568352
1.74066e+09 63.8073 0.123317 1.95375 0.999927 -0.00475787 0.00951844 0.00568954
1.74066e+09 63.8051 0.125229 1.95177 0.999931 -0.00441487 0.00947051 0.00538145
1.74066e+09 63.8063 0.12773 1.95526 0.999928 -0.00493147 0.00932086 0.0057473
1.74066e+09 63.8035 0.125876 1.95562 0.999933 -0.00480253 0.00903434 0.00548424
1.74066e+09 63.8015 0.123142 1.95359 0.999931 -0.0047871 0.00907889 0.00565612
1.74066e+09 63.8061 0.121418 1.95111 0.999938 -0.00469253 0.00844524 0.00558744
1.74066e+09 63.8063 0.119536 1.95531 0.999932 -0.00440681 0.00935095 0.00533174
1.74066e+09 63.808 0.123209 1.95427 0.999928 -0.00458613 0.00959658 0.00559268
1.74066e+09 63.8104 0.121059 1.95646 0.999928 -0.00480093 0.00943897 0.00560129
1.74066e+09 63.8125 0.120673 1.95758 0.999929 -0.00480331 0.00931184 0.005682
1.74066e+09 63.8168 0.121463 1.95628 0.999929 -0.00544189 0.00877459 0.00600972
1.74066e+09 63.8127 0.120468 1.95584 0.99993 -0.00507423 0.00926686 0.00530957
1.74066e+09 63.8093 0.123808 1.95486 0.999932 -0.00449711 0.00914631 0.00558535
1.74066e+09 63.8043 0.121749 1.95462 0.999931 -0.00444476 0.00961978 0.0051621
1.74066e+09 63.802 0.122245 1.95248 0.99993 -0.00453535 0.009429 0.00547435
1.74066e+09 63.7982 0.119735 1.9513 0.999935 -0.00468381 0.00892028 0.00530354
1.74066e+09 63.8034 0.119514 1.9478 0.999927 -0.00492026 0.00940037 0.00573243
1.74066e+09 63.8019 0.118685 1.94578 0.999932 -0.00483158 0.00920484 0.00530047
1.74066e+09 63.804 0.118564 1.94784 0.999937 -0.00435613 0.00885082 0.00541146
1.74066e+09 63.8059 0.120333 1.9495 0.999938 -0.00429133 0.00891055 0.00515475
1.74066e+09 63.8076 0.119254 1.95263 0.999929 -0.00494802 0.00948163 0.00516944
1.74066e+09 63.806 0.121715 1.95562 0.999932 -0.0046891 0.00904158 0.00573856
1.74066e+09 63.8059 0.120228 1.96081 0.999935 -0.00454458 0.00893559 0.00551807
1.74066e+09 63.8036 0.119446 1.95833 0.999936 -0.0043545 0.00894569 0.00534472
1.74066e+09 63.8023 0.119956 1.95715 0.999934 -0.00467334 0.00897399 0.00549561
1.74066e+09 63.8029 0.120415 1.95574 0.999933 -0.00462582 0.00909147 0.00550075
1.74066e+09 63.8017 0.119649 1.95526 0.999936 -0.00422019 0.00897315 0.0054912
1.74066e+09 63.8029 0.121491 1.95307 0.999933 -0.00449578 0.00912863 0.00550514
1.74066e+09 63.8021 0.121875 1.95385 0.999933 -0.00455818 0.00904873 0.00553437
1.74066e+09 63.8047 0.120512 1.95601 0.999933 -0.00454458 0.00911136 0.00551653
1.74066e+09 63.8 0.122186 1.95166 0.999929 -0.0046157 0.00948708 0.00559499
1.74066e+09 63.8018 0.12151 1.94971 0.999933 -0.00473457 0.00895444 0.00557164
1.74066e+09 63.8011 0.121739 1.95058 0.999934 -0.00453619 0.00909589 0.00535769
1.74066e+09 63.8024 0.120743 1.95098 0.999933 -0.00459582 0.00909557 0.0054817
1.74066e+09 63.8043 0.119016 1.95257 0.999932 -0.0046983 0.00927578 0.00535529
1.74066e+09 63.8039 0.119285 1.95266 0.999935 -0.00492421 0.00881955 0.00530488
1.74066e+09 63.8011 0.118348 1.95268 0.999929 -0.0046571 0.00953796 0.005324
1.74066e+09 63.8033 0.120883 1.95853 0.999931 -0.00492322 0.00917798 0.00550314
1.74066e+09 63.8056 0.124072 1.95353 0.999936 -0.00470463 0.00864971 0.00554308
1.74066e+09 63.8038 0.121838 1.95392 0.999934 -0.00438011 0.00917944 0.00528916
1.74066e+09 63.8036 0.121261 1.95412 0.999927 -0.00482652 0.00954423 0.00561646
1.74066e+09 63.8021 0.117593 1.95461 0.999938 -0.00457904 0.00861041 0.00530361
1.74066e+09 63.8054 0.122725 1.95233 0.999933 -0.00447082 0.00908999 0.00552435
1.74066e+09 63.8073 0.121204 1.95582 0.999935 -0.00470228 0.0089423 0.00530997
1.74066e+09 63.8067 0.122989 1.95413 0.999934 -0.00456856 0.0090504 0.00542616
1.74066e+09 63.8066 0.123301 1.95743 0.999937 -0.00440155 0.00888542 0.00531432
1.74066e+09 63.8036 0.12128 1.9556 0.999936 -0.00442345 0.00896025 0.00521355
1.74066e+09 63.8028 0.122801 1.95311 0.999934 -0.00450794 0.00921582 0.005129
1.74066e+09 63.8003 0.12002 1.95453 0.999928 -0.00476899 0.00955736 0.00538254
1.74066e+09 63.8064 0.123113 1.95624 0.999934 -0.00420335 0.00929521 0.00531074
1.74066e+09 63.8015 0.117098 1.95719 0.999928 -0.00453566 0.00969993 0.00546672
1.74066e+09 63.8032 0.120983 1.95369 0.999933 -0.00476659 0.00919446 0.0052328
1.74066e+09 63.8075 0.120152 1.9537 0.999929 -0.00494317 0.00916814 0.00573238
1.74066e+09 63.8056 0.12223 1.95357 0.99993 -0.00475324 0.0093985 0.00532668
1.74066e+09 63.804 0.121241 1.95471 0.999935 -0.00478421 0.00880276 0.00547614
1.74066e+09 63.8049 0.123019 1.95544 0.999937 -0.00449766 0.00872242 0.00547022
1.74066e+09 63.8046 0.122704 1.95895 0.99993 -0.00452332 0.00942972 0.00554431
1.74066e+09 63.8032 0.123923 1.95515 0.999929 -0.00460237 0.00935338 0.0057065
1.74066e+09 63.8018 0.11901 1.95637 0.99993 -0.00473842 0.00929022 0.00563761
1.74066e+09 63.8017 0.120289 1.95421 0.999931 -0.00452032 0.00929972 0.00551229
1.74066e+09 63.7987 0.120684 1.9516 0.999936 -0.00440484 0.00901968 0.00527435
1.74066e+09 63.8045 0.119482 1.95127 0.999933 -0.00449877 0.00903341 0.00564747
1.74066e+09 63.8062 0.120407 1.95156 0.999931 -0.00470309 0.00922023 0.00550574
1.74066e+09 63.8035 0.119327 1.95281 0.999931 -0.00471147 0.00926471 0.00543864
1.74066e+09 63.8044 0.121927 1.9524 0.999934 -0.00479886 0.00877978 0.00560209
1.74066e+09 63.8018 0.118854 1.95377 0.999931 -0.00457701 0.00931177 0.00553448
1.74066e+09 63.7983 0.119792 1.95137 0.999936 -0.00485977 0.00855469 0.00559974
1.74066e+09 63.8014 0.119318 1.95395 0.999933 -0.00504559 0.00876169 0.00557691
1.74066e+09 63.8004 0.121651 1.95655 0.999932 -0.00444865 0.00940678 0.00521024
1.74066e+09 63.7999 0.122726 1.96028 0.999931 -0.00460651 0.00940863 0.00524284
1.74066e+09 63.7976 0.123094 1.95926 0.999934 -0.00467561 0.00910249 0.00520549
1.74066e+09 63.7989 0.122913 1.95875 0.999935 -0.00466808 0.00886409 0.00547146
1.74066e+09 63.7985 0.122008 1.95805 0.999934 -0.0045764 0.00910664 0.00527287
1.74066e+09 63.799 0.121373 1.95362 0.999931 -0.00481962 0.00935999 0.00527476
1.74066e+09 63.8006 0.119392 1.95243 0.999935 -0.00448451 0.00894838 0.00545559
1.74066e+09 63.8056 0.118905 1.95474 0.999934 -0.0045311 0.00908228 0.00541772
1.74066e+09 63.8036 0.118889 1.95436 0.999934 -0.00484351 0.0089838 0.00525653
1.74066e+09 63.8054 0.119432 1.95758 0.999938 -0.00491745 0.00846918 0.00537016
1.74066e+09 63.8046 0.120152 1.95705 0.999936 -0.0047199 0.00890803 0.00522905
1.74066e+09 63.8012 0.122099 1.95401 0.999929 -0.00485444 0.0095936 0.00509752
1.74066e+09 63.8027 0.126314 1.95483 0.999936 -0.0045665 0.0087249 0.00557803
1.74066e+09 63.7938 0.124557 1.95419 0.99993 -0.00479737 0.00946393 0.00520827
1.74066e+09 63.7967 0.124293 1.95649 0.999936 -0.00453623 0.00880615 0.00540813
1.74066e+09 63.797 0.123627 1.95342 0.999929 -0.00498866 0.0094154 0.00533486
1.74066e+09 63.7975 0.121095 1.95363 0.999934 -0.00463083 0.00907987 0.00535764
1.74066e+09 63.7973 0.121098 1.95516 0.999935 -0.00500169 0.00884701 0.00516928
1.74066e+09 63.7978 0.120818 1.95521 0.999936 -0.00429693 0.00925032 0.00496396
1.74066e+09 63.7979 0.122152 1.95461 0.999932 -0.00478909 0.00915056 0.00546914
1.74066e+09 63.7982 0.120375 1.95292 0.999933 -0.00470755 0.00910571 0.00542999
1.74066e+09 63.7983 0.117217 1.95447 0.999938 -0.00418818 0.00889696 0.00520386
1.74066e+09 63.7925 0.116499 1.9534 0.99993 -0.00489256 0.00922741 0.00557579
1.74066e+09 63.7974 0.119305 1.95383 0.99993 -0.00441026 0.00940853 0.00564796
1.74066e+09 63.7931 0.119703 1.9519 0.999932 -0.00441967 0.00939114 0.00525024
1.74066e+09 63.7957 0.11741 1.95399 0.999938 -0.00447538 0.00872965 0.00527018
1.74066e+09 63.7992 0.122496 1.95375 0.999936 -0.00459278 0.00875937 0.0054034
1.74066e+09 63.7999 0.124157 1.95525 0.999934 -0.00473235 0.00910619 0.00519474
1.74066e+09 63.8007 0.125578 1.9551 0.999929 -0.00471901 0.00947276 0.00547423
1.74066e+09 63.8063 0.126804 1.95293 0.999933 -0.00446021 0.00919077 0.00542816
1.74066e+09 63.8036 0.127862 1.95146 0.999933 -0.00425326 0.00932223 0.00539947
1.74066e+09 63.7998 0.127601 1.94864 0.999935 -0.00441582 0.00896443 0.00554367
1.74066e+09 63.7991 0.122351 1.95059 0.999933 -0.00479927 0.00908916 0.00541583
1.74066e+09 63.7939 0.121781 1.9499 0.999932 -0.00463339 0.0091573 0.00552368
1.74066e+09 63.7962 0.120978 1.95172 0.99993 -0.00466404 0.00933366 0.00561521
1.74066e+09 63.793 0.123195 1.95322 0.999936 -0.00420891 0.00911664 0.00512437
1.74066e+09 63.7923 0.124431 1.95452 0.999935 -0.00436534 0.0090562 0.00537857
1.74066e+09 63.7924 0.124265 1.95511 0.999933 -0.00495031 0.00902726 0.00526131
1.74066e+09 63.7923 0.121417 1.95681 0.999931 -0.00468556 0.00935084 0.00527006
1.74066e+09 63.7878 0.122401 1.9524 0.999934 -0.00415408 0.00918903 0.00544543
1.74066e+09 63.7892 0.120862 1.95131 0.999935 -0.00451577 0.00907959 0.00520658
1.74066e+09 63.7909 0.115525 1.9512 0.999936 -0.00464273 0.0089041 0.0051236
1.74066e+09 63.7917 0.113707 1.95002 0.999932 -0.00472057 0.00935451 0.00520568
1.74066e+09 63.7922 0.116713 1.95203 0.999939 -0.00445533 0.00878346 0.0050316
1.74066e+09 63.7973 0.121047 1.95217 0.999931 -0.00430575 0.00957285 0.00536554
1.74066e+09 63.797 0.123244 1.95204 0.999933 -0.0044849 0.00936695 0.00502798
1.74066e+09 63.7978 0.11863 1.95014 0.999932 -0.00458835 0.00917543 0.00559776
1.74066e+09 63.7997 0.122102 1.95271 0.999931 -0.00450898 0.00942115 0.00534835
1.74066e+09 63.8006 0.123084 1.95297 0.999936 -0.00443959 0.00894945 0.00535396
1.74066e+09 63.8002 0.119858 1.95375 0.999926 -0.00509954 0.0095424 0.00559296
1.74066e+09 63.7968 0.122048 1.95617 0.999928 -0.00459135 0.00965809 0.00542894
1.74066e+09 63.7917 0.121921 1.95543 0.999934 -0.00472902 0.00901841 0.00525068
1.74066e+09 63.7913 0.123415 1.9562 0.999936 -0.0047511 0.00895193 0.00508994
1.74066e+09 63.7918 0.12087 1.95512 0.999933 -0.00428867 0.00941166 0.00528803
1.74066e+09 63.7903 0.115154 1.95486 0.999933 -0.00489924 0.0092072 0.004956
1.74066e+09 63.786 0.11859 1.95291 0.999938 -0.00455531 0.008792 0.00510569
1.74066e+09 63.7865 0.116887 1.95219 0.999932 -0.0045607 0.00927912 0.00537401
1.74066e+09 63.7917 0.119178 1.95429 0.999935 -0.00451141 0.00894436 0.00546511
1.74066e+09 63.7924 0.118082 1.95343 0.999937 -0.00475717 0.00870872 0.00521955
1.74066e+09 63.7934 0.116543 1.95384 0.999933 -0.00439971 0.00936693 0.00514501
1.74066e+09 63.7972 0.120321 1.95317 0.99993 -0.0047403 0.009381 0.00538146
1.74066e+09 63.7903 0.117469 1.95225 0.999933 -0.00483717 0.00921441 0.00506576
1.74066e+09 63.7914 0.119266 1.95257 0.99993 -0.00467845 0.00945696 0.0053426
1.74066e+09 63.7908 0.125965 1.95097 0.999933 -0.00454256 0.00913877 0.00550595
1.74066e+09 63.7937 0.12526 1.95144 0.99993 -0.004698 0.00948239 0.0053109
1.74066e+09 63.7886 0.12184 1.94955 0.999931 -0.0046662 0.00942922 0.00522242
1.74066e+09 63.7874 0.118853 1.94972 0.999934 -0.00446051 0.0092999 0.00502504
1.74066e+09 63.7863 0.118557 1.95191 0.99993 -0.00499603 0.00943933 0.00503542
1.74066e+09 63.788 0.122586 1.94954 0.999932 -0.00484699 0.00923926 0.00526615
1.74066e+09 63.7909 0.123322 1.95458 0.999931 -0.00485291 0.00924776 0.00530867
1.74066e+09 63.7885 0.122765 1.95422 0.999931 -0.00481286 0.00940293 0.0052116
1.74066e+09 63.7806 0.118396 1.95177 0.999929 -0.00511433 0.00932504 0.00528214
1.74066e+09 63.7784 0.119305 1.95088 0.999933 -0.00450016 0.00911348 0.00552816
1.74066e+09 63.7836 0.117344 1.94973 0.999937 -0.00450146 0.00901119 0.00502834
1.74066e+09 63.7833 0.117219 1.94763 0.999929 -0.00490014 0.00944367 0.00539146
1.74066e+09 63.7866 0.115713 1.95126 0.999938 -0.00439104 0.00892914 0.00505323
1.74066e+09 63.7866 0.116721 1.95035 0.999935 -0.00489479 0.008869 0.00527296
1.74066e+09 63.7905 0.114285 1.95344 0.999932 -0.00491878 0.00921018 0.00509816
1.74066e+09 63.7904 0.119071 1.952 0.99993 -0.00464141 0.00935669 0.00553335
1.74066e+09 63.7872 0.120387 1.95235 0.999928 -0.00489536 0.00958723 0.00537928
1.74066e+09 63.7815 0.122657 1.9481 0.999931 -0.0045091 0.0094384 0.0052985
1.74066e+09 63.7793 0.122311 1.95036 0.999932 -0.00468323 0.009365 0.00515028
1.74066e+09 63.7772 0.125619 1.95422 0.999931 -0.00464981 0.00946347 0.00508343
1.74066e+09 63.7809 0.124643 1.9523 0.999933 -0.0049054 0.00911948 0.00522898
1.74066e+09 63.7835 0.126973 1.95257 0.999933 -0.00437192 0.00934514 0.00517383
1.74066e+09 63.779 0.124988 1.95182 0.999934 -0.00494334 0.00917276 0.0049341
1.74066e+09 63.7752 0.118914 1.95227 0.999938 -0.00427599 0.0089351 0.00499477
1.74066e+09 63.7805 0.12063 1.95004 0.999934 -0.00449453 0.00914663 0.00536506
1.74066e+09 63.7821 0.117998 1.95476 0.999932 -0.00414475 0.0096013 0.00506837
1.74066e+09 63.7829 0.121883 1.95269 0.999935 -0.00432616 0.00912909 0.00520127
1.74066e+09 63.7818 0.119256 1.95453 0.99993 -0.00447854 0.00949445 0.00544068
1.74066e+09 63.7838 0.119574 1.95218 0.999931 -0.00462484 0.00933121 0.00538472
1.74066e+09 63.7872 0.120833 1.9524 0.999931 -0.00448614 0.00933838 0.00547518
1.74066e+09 63.7886 0.121477 1.95256 0.999931 -0.00457176 0.00946367 0.00519771
1.74066e+09 63.7904 0.124053 1.95442 0.999927 -0.00423587 0.00986186 0.00561189
1.74066e+09 63.7881 0.121346 1.95491 0.999929 -0.00464243 0.00958159 0.00526673
1.74066e+09 63.7924 0.123571 1.95247 0.999935 -0.00453742 0.00888969 0.00545354
1.74066e+09 63.7881 0.123684 1.95615 0.999932 -0.00469737 0.00932855 0.00518105
1.74066e+09 63.7849 0.121529 1.95853 0.99993 -0.00472937 0.00944817 0.00537741
1.74066e+09 63.7886 0.117907 1.96004 0.999933 -0.00459591 0.00912942 0.00537663
1.74066e+09 63.7901 0.113966 1.96006 0.999931 -0.00447175 0.00932084 0.00562899
1.74066e+09 63.7937 0.114793 1.95898 0.999938 -0.00460701 0.00861244 0.00525652
1.74066e+09 63.7943 0.11464 1.95837 0.999932 -0.0050394 0.0091246 0.00519446
1.74066e+09 63.796 0.114745 1.95765 0.999929 -0.00484935 0.00926433 0.00567032
1.74066e+09 63.7971 0.116766 1.95609 0.999935 -0.00478454 0.00899949 0.00517023
1.74066e+09 63.7974 0.115697 1.95636 0.999929 -0.00478332 0.00926372 0.00569818
1.74066e+09 63.7956 0.113498 1.95579 0.999932 -0.00456593 0.00932487 0.00529518
1.74066e+09 63.7996 0.117996 1.95391 0.999929 -0.00484642 0.00921609 0.0058056
1.74066e+09 63.7997 0.117532 1.95293 0.999929 -0.00495412 0.00938534 0.00545676
1.74066e+09 63.8013 0.119222 1.95336 0.999931 -0.00483708 0.00903042 0.00571386
1.74066e+09 63.8013 0.119284 1.95444 0.999933 -0.00448044 0.00924464 0.00536373
1.74066e+09 63.7993 0.119504 1.95289 0.999929 -0.00454114 0.00958586 0.00542037
1.74066e+09 63.7975 0.121349 1.95614 0.999937 -0.00408202 0.00903485 0.00519515
1.74066e+09 63.7984 0.121817 1.95597 0.999933 -0.00449332 0.00930037 0.00527992
1.74066e+09 63.7945 0.118176 1.95526 0.999928 -0.00479708 0.00965995 0.00528692
1.74066e+09 63.8007 0.115738 1.95623 0.999933 -0.00440189 0.00916952 0.00558279
1.74066e+09 63.8016 0.116372 1.95738 0.999932 -0.00472605 0.0092003 0.00543069
1.74066e+09 63.8007 0.117712 1.95656 0.999925 -0.00523574 0.00970437 0.00535853
1.74066e+09 63.8025 0.118802 1.95696 0.999933 -0.00485189 0.00913478 0.00518416
1.74066e+09 63.8055 0.12356 1.95687 0.99993 -0.00497384 0.00921591 0.00554051
1.74066e+09 63.8057 0.125483 1.95427 0.999934 -0.00462884 0.0090497 0.00543279
1.74066e+09 63.7984 0.123122 1.95045 0.999933 -0.00478756 0.00908539 0.0053715
1.74066e+09 63.7985 0.120376 1.94815 0.999934 -0.00453261 0.00910759 0.00538106
1.74066e+09 63.7988 0.122184 1.95224 0.99993 -0.00497229 0.00932562 0.00534835
1.74066e+09 63.801 0.124367 1.95184 0.999933 -0.00473976 0.00907765 0.00548422
1.74066e+09 63.8041 0.120606 1.9569 0.999933 -0.00452027 0.00907222 0.00559521
1.74066e+09 63.8034 0.120747 1.95726 0.999933 -0.00463285 0.00922219 0.0052944
1.74066e+09 63.8045 0.121323 1.95856 0.999932 -0.00461702 0.00910931 0.00560504
1.74066e+09 63.8064 0.121821 1.95726 0.99993 -0.00457992 0.00945184 0.0055174
1.74066e+09 63.8036 0.120976 1.95717 0.999936 -0.0045428 0.00890661 0.00532106
1.74066e+09 63.8058 0.120737 1.95525 0.999935 -0.00433944 0.00900694 0.00542904
1.74066e+09 63.8048 0.122799 1.9555 0.999929 -0.00481604 0.0093159 0.00560162
1.74066e+09 63.8057 0.124596 1.95663 0.999935 -0.00466737 0.00890357 0.00546873
1.74066e+09 63.8033 0.122042 1.95463 0.999931 -0.00482595 0.00922558 0.00544785
1.74066e+09 63.7999 0.122335 1.95416 0.99993 -0.00504668 0.00923772 0.00541346
1.74066e+09 63.8008 0.118878 1.95742 0.999934 -0.00450596 0.00917869 0.0053311
1.74066e+09 63.8021 0.118009 1.95892 0.99993 -0.00496427 0.00937714 0.00515219
1.74066e+09 63.8002 0.11898 1.95525 0.999932 -0.00455961 0.00931129 0.00541185
1.74066e+09 63.8011 0.118581 1.95656 0.999933 -0.00454661 0.00923228 0.00538545
1.74066e+09 63.8041 0.119554 1.952 0.999935 -0.0046138 0.00894071 0.00541462
1.74066e+09 63.8012 0.117615 1.95237 0.99993 -0.0048064 0.0093294 0.00549601
1.74066e+09 63.7995 0.118042 1.95059 0.999936 -0.00450516 0.00897799 0.00524468
1.74066e+09 63.8053 0.121363 1.95452 0.999928 -0.00488903 0.009276 0.00582513
1.74066e+09 63.8043 0.114813 1.95357 0.999933 -0.0046852 0.00907705 0.00543234
1.74066e+09 63.8045 0.115299 1.95659 0.999931 -0.00502617 0.00917179 0.00532306
1.74066e+09 63.8037 0.11142 1.95764 0.999935 -0.00470969 0.00896651 0.00528409
1.74066e+09 63.8012 0.112779 1.95639 0.999935 -0.00446318 0.00904474 0.00540072
1.74066e+09 63.7977 0.118207 1.95758 0.99993 -0.00485349 0.00937661 0.00534726
1.74066e+09 63.7981 0.121319 1.95704 0.999933 -0.00504448 0.00903866 0.0051396
1.74066e+09 63.7961 0.121027 1.95756 0.999928 -0.00501168 0.0093395 0.00561327
1.74066e+09 63.7953 0.12113 1.9571 0.999933 -0.00506504 0.00891982 0.00532237
1.74066e+09 63.7986 0.12024 1.9559 0.99993 -0.0044168 0.00956298 0.00544451
1.74066e+09 63.7998 0.120549 1.95719 0.999926 -0.00515142 0.00946647 0.00563041
1.74066e+09 63.8045 0.118399 1.95872 0.999933 -0.00466959 0.00908952 0.00550838
1.74066e+09 63.8025 0.117476 1.95871 0.999932 -0.00492501 0.00918167 0.00524942
1.74066e+09 63.8039 0.120269 1.95605 0.999929 -0.00424664 0.009659 0.00553464
1.74066e+09 63.8081 0.118957 1.95465 0.999935 -0.00470217 0.0089543 0.00526299
1.74066e+09 63.8068 0.121954 1.9518 0.999933 -0.00435215 0.00925497 0.00544407
1.74066e+09 63.8063 0.124171 1.95251 0.999936 -0.00446983 0.00878815 0.00558862
1.74066e+09 63.8018 0.124268 1.95137 0.999931 -0.00455159 0.00920746 0.00566215
1.74066e+09 63.7989 0.11946 1.95308 0.999931 -0.00458405 0.00947766 0.00525513
1.74066e+09 63.7941 0.117411 1.95419 0.999929 -0.00456787 0.00958285 0.00534884
1.74066e+09 63.7921 0.116394 1.95694 0.999929 -0.00491525 0.00927162 0.00556436
1.74066e+09 63.7963 0.120016 1.956 0.999931 -0.00467657 0.00918557 0.00557454
1.74066e+09 63.8001 0.121719 1.95887 0.999932 -0.0046686 0.00933043 0.00519405
1.74066e+09 63.8006 0.123364 1.95539 0.999931 -0.0047117 0.00939049 0.00521709
1.74066e+09 63.8036 0.122248 1.95567 0.999932 -0.00456229 0.00919241 0.00556616
1.74066e+09 63.8033 0.121274 1.95572 0.999927 -0.00509394 0.00947539 0.00556801
1.74066e+09 63.8028 0.117156 1.9583 0.999931 -0.00468171 0.00929052 0.00542689
1.74066e+09 63.8007 0.115906 1.95811 0.99993 -0.00502163 0.00930204 0.00532811
1.74066e+09 63.799 0.114672 1.95768 0.999936 -0.00486652 0.00884699 0.00517063
1.74066e+09 63.8005 0.117022 1.95759 0.999931 -0.00480274 0.00923638 0.00540967
1.74066e+09 63.7992 0.118434 1.95649 0.999935 -0.00465397 0.00885374 0.00543875
1.74066e+09 63.7995 0.118232 1.95532 0.999932 -0.00450329 0.00928 0.00538134
1.74066e+09 63.8019 0.12019 1.95632 0.999935 -0.00417016 0.00915965 0.00527777
1.74066e+09 63.7996 0.115591 1.95555 0.999934 -0.00479388 0.0090432 0.00530694
1.74066e+09 63.8004 0.115512 1.95321 0.999937 -0.00422511 0.00900535 0.00513362
1.74066e+09 63.7989 0.112676 1.95564 0.999934 -0.0045089 0.00914649 0.00527464
1.74066e+09 63.8 0.115353 1.95562 0.999934 -0.00455368 0.00905137 0.00533714
1.74066e+09 63.7972 0.114854 1.95361 0.999927 -0.00463153 0.00963234 0.00558178
1.74066e+09 63.7985 0.120748 1.95453 0.999937 -0.00452433 0.00873904 0.00538246
1.74066e+09 63.8007 0.120974 1.95675 0.999935 -0.004441 0.00901269 0.00537126
1.74066e+09 63.8027 0.123558 1.95427 0.999931 -0.00490433 0.00922231 0.00534777
1.74066e+09 63.8014 0.118967 1.95462 0.999934 -0.00442805 0.00905174 0.00547298
1.74066e+09 63.8036 0.119496 1.95694 0.99993 -0.00505595 0.00911227 0.00551396
1.74066e+09 63.8018 0.116696 1.95754 0.999933 -0.00476199 0.00918572 0.00525718
1.74066e+09 63.802 0.116463 1.95747 0.999928 -0.00503921 0.00930709 0.00563353
1.74066e+09 63.8016 0.117893 1.95613 0.999934 -0.00442197 0.00915472 0.00535859
1.74066e+09 63.8018 0.117603 1.95653 0.999934 -0.00449685 0.00914686 0.00534859
1.74066e+09 63.8041 0.121561 1.95509 0.999934 -0.00437562 0.00917324 0.00534372
1.74066e+09 63.8027 0.120349 1.95479 0.999934 -0.00425446 0.00925902 0.00537401
1.74066e+09 63.8023 0.122245 1.95463 0.999928 -0.00461416 0.00960636 0.00552062
1.74066e+09 63.8061 0.12221 1.95639 0.999934 -0.00473954 0.00873944 0.00571627
1.74066e+09 63.804 0.119162 1.95445 0.999938 -0.00439942 0.00884094 0.00522755
1.74066e+09 63.8037 0.12145 1.95643 0.999933 -0.00432477 0.0091947 0.00547076
1.74066e+09 63.8018 0.116142 1.95542 0.999931 -0.0047725 0.00931327 0.00530474
1.74066e+09 63.8006 0.121046 1.9561 0.999934 -0.00448501 0.00920812 0.00528505
1.74066e+09 63.7964 0.119989 1.95849 0.999931 -0.00473588 0.0093902 0.00526473
1.74066e+09 63.7971 0.121188 1.95647 0.999933 -0.00505887 0.00896644 0.00531253
1.74066e+09 63.7949 0.117693 1.95419 0.999934 -0.0047848 0.00895406 0.00541015
1.74066e+09 63.7948 0.117616 1.954 0.999929 -0.00493423 0.00934937 0.00552822
1.74066e+09 63.8 0.116729 1.95319 0.999927 -0.00534421 0.00934204 0.00553487
1.74066e+09 63.8034 0.117107 1.9548 0.999931 -0.00511362 0.0091507 0.00532117
1.74066e+09 63.8078 0.119653 1.95509 0.999931 -0.0048289 0.00917996 0.00557342
1.74066e+09 63.807 0.121472 1.95668 0.999928 -0.00473236 0.00949547 0.00568569
1.74066e+09 63.8052 0.12233 1.95438 0.999931 -0.00466847 0.00922954 0.00548949
1.74066e+09 63.802 0.118982 1.95649 0.999934 -0.00441709 0.00921991 0.00531194
1.74066e+09 63.8042 0.118816 1.95864 0.999934 -0.00444175 0.00893067 0.00565347
1.74066e+09 63.801 0.116054 1.95802 0.999935 -0.00449333 0.00896078 0.0054047
1.74066e+09 63.7986 0.115274 1.95499 0.999935 -0.00474048 0.00898192 0.00510262
1.74066e+09 63.7978 0.115651 1.9565 0.999935 -0.00461907 0.0090291 0.00528721
1.74066e+09 63.7965 0.116551 1.95317 0.999935 -0.00477819 0.009061 0.00493059
1.74066e+09 63.798 0.11532 1.95421 0.999931 -0.00480496 0.00928118 0.00533127
1.74066e+09 63.7998 0.117202 1.95447 0.999931 -0.00491956 0.00912075 0.00551513
1.74066e+09 63.8001 0.116335 1.9555 0.999938 -0.00450741 0.00875328 0.00524392
1.74066e+09 63.8003 0.120622 1.95567 0.999932 -0.0044348 0.00928773 0.00556529
1.74066e+09 63.8022 0.118786 1.95652 0.999931 -0.00487751 0.00913571 0.00557085
1.74066e+09 63.8068 0.122425 1.95674 0.999933 -0.00464236 0.00913707 0.00535112
1.74066e+09 63.8022 0.120389 1.95422 0.999931 -0.00476675 0.00931378 0.00536684
1.74066e+09 63.7989 0.11964 1.95555 0.999929 -0.00479015 0.00936835 0.00557311
1.74066e+09 63.7975 0.121457 1.95588 0.999932 -0.00449034 0.00925707 0.00541294
1.74066e+09 63.7987 0.11923 1.95663 0.999929 -0.00479197 0.00932187 0.00561643
1.74066e+09 63.7989 0.119128 1.9564 0.99993 -0.00464859 0.00942782 0.00536011
1.74066e+09 63.7971 0.117405 1.95459 0.999934 -0.00425234 0.00920929 0.00540601
1.74066e+09 63.7963 0.118514 1.95446 0.999935 -0.0044252 0.00918473 0.00501914
1.74066e+09 63.797 0.116923 1.95342 0.999933 -0.00456123 0.00917405 0.00529911
1.74066e+09 63.7995 0.115067 1.95501 0.999933 -0.00442947 0.00936873 0.00520571
1.74066e+09 63.8009 0.112327 1.9572 0.999933 -0.00434207 0.0093938 0.00520718
1.74066e+09 63.8025 0.115307 1.95575 0.999935 -0.00437921 0.00914666 0.00516788
1.74066e+09 63.8017 0.117212 1.95838 0.999934 -0.00442891 0.00921823 0.00523874
1.74066e+09 63.8 0.120476 1.95607 0.999929 -0.00468272 0.0094656 0.00560735
1.74066e+09 63.7935 0.117044 1.95606 0.999931 -0.00485751 0.00939444 0.00520814
1.74066e+09 63.7962 0.119274 1.95307 0.999933 -0.00470799 0.00922004 0.00515108
1.74066e+09 63.7928 0.117731 1.95195 0.999932 -0.00463554 0.00919056 0.00555834
1.74066e+09 63.7934 0.11562 1.95292 0.999933 -0.00486376 0.00896856 0.00543207
1.74066e+09 63.7955 0.116921 1.95214 0.999938 -0.00429256 0.00887606 0.00526927
1.74066e+09 63.7981 0.117925 1.95481 0.999933 -0.00461889 0.0091966 0.00536934
1.74066e+09 63.7997 0.120896 1.95581 0.999936 -0.00447673 0.00892175 0.00536666
1.74066e+09 63.8015 0.118898 1.95637 0.999934 -0.00451629 0.00904715 0.00541505
1.74066e+09 63.7999 0.118874 1.95747 0.999931 -0.00495364 0.00915512 0.00552521
1.74066e+09 63.7997 0.114214 1.95858 0.99993 -0.00429673 0.00954186 0.0054486
1.74066e+09 63.8013 0.114293 1.9562 0.999933 -0.00436042 0.00938944 0.00521091
1.74066e+09 63.8017 0.117463 1.95656 0.999936 -0.00442504 0.00911653 0.00503863
1.74066e+09 63.8009 0.116327 1.95427 0.999937 -0.00459109 0.00878267 0.00522734
1.74066e+09 63.8004 0.118 1.95559 0.999935 -0.00425954 0.00910822 0.00534961
1.74066e+09 63.7977 0.118057 1.95697 0.999934 -0.00439281 0.00917263 0.0053478
1.74066e+09 63.7996 0.115525 1.95478 0.999935 -0.00458002 0.00912789 0.00516539
1.74066e+09 63.8032 0.112965 1.95826 0.99993 -0.00479814 0.00925705 0.0055325
1.74066e+09 63.8043 0.11308 1.95633 0.999937 -0.00483762 0.00870581 0.00527169
1.74066e+09 63.8022 0.116013 1.95505 0.999928 -0.0051336 0.00926663 0.0056963
1.74066e+09 63.801 0.11968 1.95587 0.999932 -0.00485876 0.00902232 0.00558732
1.74066e+09 63.8036 0.120718 1.95522 0.999932 -0.00484327 0.00907714 0.00554784
1.74066e+09 63.8004 0.12074 1.95297 0.999932 -0.00488135 0.00895751 0.00560398
1.74066e+09 63.7976 0.11862 1.94946 0.999929 -0.00481992 0.00949608 0.00534859
1.74066e+09 63.7987 0.118862 1.95171 0.999927 -0.0050702 0.00934329 0.00566985
1.74066e+09 63.8003 0.122715 1.95206 0.999929 -0.00495685 0.00945784 0.00529348
1.74066e+09 63.8004 0.120949 1.95568 0.999933 -0.0045226 0.00925075 0.00533182
1.74066e+09 63.8037 0.123489 1.9583 0.999929 -0.00454912 0.00945282 0.00570396
1.74066e+09 63.8046 0.124587 1.959 0.999931 -0.00437409 0.00931529 0.00559762
1.74066e+09 63.8054 0.12311 1.95722 0.999931 -0.00427409 0.00949277 0.00547215
1.74066e+09 63.803 0.120186 1.9602 0.999935 -0.00453637 0.00901213 0.00536128
1.74066e+09 63.8052 0.118029 1.95924 0.999932 -0.00463429 0.00923335 0.0053752
1.74066e+09 63.8032 0.114905 1.96057 0.999936 -0.00451926 0.00896453 0.00529227
1.74066e+09 63.8014 0.114557 1.95789 0.999933 -0.00455835 0.00917579 0.00537903
1.74066e+09 63.7968 0.116359 1.95443 0.999933 -0.00457456 0.009261 0.00531455
1.74066e+09 63.7945 0.114722 1.95336 0.999933 -0.00462738 0.00923893 0.0051429
1.74066e+09 63.7926 0.117747 1.95137 0.999931 -0.00473652 0.00920241 0.00554273
1.74066e+09 63.795 0.119122 1.95382 0.99993 -0.00459606 0.0095183 0.0053919
1.74066e+09 63.7936 0.120594 1.9511 0.999933 -0.00477359 0.00918487 0.00516484
1.74066e+09 63.7903 0.123124 1.95001 0.999929 -0.00503112 0.00941471 0.00535551
1.74066e+09 63.7848 0.126401 1.94932 0.999937 -0.0045454 0.00895894 0.00508305
1.74066e+09 63.7839 0.123943 1.95001 0.999934 -0.00491692 0.00886544 0.00536876
1.74066e+09 63.7822 0.125058 1.95224 0.99993 -0.00460611 0.0095874 0.00521049
1.74066e+09 63.7829 0.128575 1.95342 0.999934 -0.00455487 0.0089973 0.00551156
1.74066e+09 63.7857 0.128493 1.95518 0.999939 -0.00421267 0.00879719 0.00526441
1.74066e+09 63.7878 0.125525 1.95491 0.99994 -0.00397322 0.00863477 0.00542729
1.74066e+09 63.794 0.123524 1.9552 0.999932 -0.00439242 0.00931094 0.00556457
1.74066e+09 63.7935 0.118686 1.95545 0.999932 -0.00470724 0.00911994 0.00560251
1.74066e+09 63.7957 0.11545 1.95254 0.999931 -0.00460332 0.00947271 0.00525165
1.74066e+09 63.7956 0.114006 1.95502 0.999933 -0.0046138 0.00918625 0.00523053
1.74066e+09 63.7957 0.117985 1.95279 0.999935 -0.00476535 0.00887738 0.00532006
1.74066e+09 63.7972 0.115884 1.95435 0.999931 -0.00490649 0.00923009 0.00538629
1.74066e+09 63.7983 0.121787 1.95374 0.99993 -0.00486935 0.00932344 0.00543636
1.74066e+09 63.7973 0.127129 1.95157 0.999928 -0.00479005 0.00941311 0.00565925
1.74066e+09 63.7931 0.129651 1.95161 0.999927 -0.00481431 0.0095656 0.00552752
1.74066e+09 63.7925 0.130701 1.95143 0.999936 -0.00459741 0.00882483 0.0054386
1.74066e+09 63.7929 0.128466 1.95375 0.999934 -0.00433614 0.00912452 0.00543015
1.74066e+09 63.7942 0.127759 1.95194 0.999933 -0.00483805 0.00908304 0.00528041
1.74066e+09 63.7958 0.123771 1.95432 0.999935 -0.00459968 0.00891975 0.00536359
1.74066e+09 63.7963 0.126428 1.95843 0.999932 -0.00454758 0.0092883 0.0053636
1.74066e+09 63.7957 0.125018 1.95851 0.999932 -0.00441353 0.00923515 0.0055428
1.74066e+09 63.7932 0.127452 1.95635 0.999931 -0.00448419 0.00933185 0.00549032
1.74066e+09 63.7928 0.130347 1.95844 0.999931 -0.00446297 0.00936388 0.00553781
1.74066e+09 63.7952 0.129088 1.95426 0.999932 -0.0047672 0.00921554 0.00523574
1.74066e+09 63.796 0.127281 1.95385 0.999933 -0.00451956 0.00914907 0.00553387
1.74066e+09 63.7932 0.120275 1.95476 0.999931 -0.00467434 0.00934774 0.00542926
1.74066e+09 63.7949 0.117999 1.95404 0.999935 -0.00434203 0.00917962 0.00523999
1.74066e+09 63.7964 0.117556 1.95337 0.99993 -0.00462578 0.00935053 0.00550865
1.74066e+09 63.7987 0.118827 1.95284 0.999932 -0.00458951 0.00927269 0.00541745
1.74066e+09 63.8 0.120828 1.95074 0.99993 -0.00475089 0.00942802 0.00538688
1.74066e+09 63.8038 0.119068 1.95347 0.99993 -0.00507898 0.00925518 0.00538173
1.74066e+09 63.8055 0.11926 1.95442 0.999928 -0.00453198 0.00961129 0.00549025
1.74066e+09 63.8072 0.119788 1.95559 0.999933 -0.0049146 0.00889226 0.00555189
1.74066e+09 63.8078 0.117793 1.95463 0.999935 -0.00462064 0.00908427 0.005083
1.74066e+09 63.8075 0.120505 1.95619 0.99993 -0.00486709 0.00929092 0.00546243
1.74066e+09 63.8082 0.124662 1.95484 0.999934 -0.00472855 0.00891709 0.00543942
1.74066e+09 63.8029 0.123102 1.96011 0.999923 -0.00445406 0.0102295 0.00540828
1.74066e+09 63.8054 0.125113 1.95974 0.99993 -0.00482068 0.00930405 0.00551443
1.74066e+09 63.8081 0.123099 1.96113 0.999931 -0.00477928 0.00912366 0.00561881
1.74066e+09 63.803 0.121865 1.96198 0.99993 -0.00483743 0.00930453 0.00546879
1.74066e+09 63.8043 0.118145 1.96144 0.999928 -0.00482221 0.0094963 0.00556113
1.74066e+09 63.8063 0.116454 1.95825 0.999933 -0.00432518 0.00922053 0.00545817
1.74066e+09 63.8053 0.116738 1.95611 0.999933 -0.00468865 0.0090033 0.00559558
1.74066e+09 63.8038 0.119076 1.9531 0.999935 -0.00477915 0.008768 0.00546182
1.74066e+09 63.7986 0.123559 1.95253 0.999929 -0.00469838 0.00942232 0.0055264
1.74066e+09 63.7958 0.125295 1.95274 0.999932 -0.00459086 0.00928931 0.00530203
1.74066e+09 63.796 0.126668 1.95482 0.99993 -0.00463301 0.00945969 0.00546697
1.74066e+09 63.7972 0.126601 1.95445 0.999929 -0.00498133 0.0093563 0.00542097
1.74066e+09 63.7994 0.126371 1.95277 0.999935 -0.00445949 0.00893316 0.00547201
1.74066e+09 63.7987 0.123758 1.95383 0.999932 -0.00456744 0.00935011 0.00533368
1.74066e+09 63.8026 0.122449 1.95281 0.999934 -0.00465516 0.00904014 0.00530814
1.74066e+09 63.8014 0.121289 1.95269 0.999932 -0.00473957 0.00908852 0.00553953
1.74066e+09 63.8046 0.120217 1.95502 0.999931 -0.00459214 0.00918812 0.00577808
1.74066e+09 63.8037 0.117165 1.95687 0.999939 -0.00420245 0.0088372 0.00505372
1.74066e+09 63.8055 0.121054 1.95851 0.999937 -0.00479098 0.00868785 0.00531582
1.74066e+09 63.8092 0.120003 1.95719 0.999928 -0.00487845 0.00933611 0.00571861
1.74066e+09 63.8074 0.12037 1.95755 0.999945 -0.00422891 0.0081766 0.00509501
1.74066e+09 63.8133 0.117816 1.9544 0.999952 -0.00516195 0.00546862 0.00620668
1.74066e+09 63.8331 0.120415 1.95762 0.999937 -0.00507001 0.00822805 0.00577594
1.74066e+09 63.8501 0.12294 1.95669 0.999941 -0.00499826 0.00824374 0.0049529
1.74066e+09 63.8658 0.127547 1.95419 0.999947 -0.00531432 0.00719504 0.00503046
1.74066e+09 63.8862 0.12707 1.95553 0.999926 -0.00491547 0.00947918 0.0057607
1.74066e+09 63.9013 0.1286 1.95656 0.999944 -0.0048368 0.00813362 0.0047763
1.74066e+09 63.9169 0.130488 1.95623 0.999953 -0.00540218 0.00648865 0.00486863
1.74066e+09 63.9373 0.134406 1.95954 0.999931 -0.00462268 0.00919733 0.00570212
1.74066e+09 63.9521 0.134846 1.95939 0.99994 -0.00534458 0.00869744 0.00407255
1.74066e+09 63.9757 0.136167 1.95913 0.999945 -0.00587416 0.00745419 0.00441119
1.74066e+09 64.0038 0.135135 1.95996 0.999942 -0.0046821 0.00821074 0.00507401
1.74066e+09 64.03 0.135263 1.95929 0.999945 -0.00621419 0.00742847 0.00411137
1.74066e+09 64.0603 0.133613 1.96411 0.999937 -0.004024 0.00937925 0.00467682
1.74066e+09 64.0896 0.141817 1.96469 0.999948 -0.00572702 0.00737109 0.00402649
1.74066e+09 64.1139 0.137964 1.96906 0.999937 -0.00353014 0.00961294 0.00462049
1.74066e+09 64.1409 0.147615 1.96465 0.99994 -0.0051961 0.00833812 0.00483446
1.74066e+09 64.1666 0.143229 1.96648 0.999929 -0.00368451 0.0102679 0.00473127
1.74066e+09 64.1929 0.149944 1.96401 0.999933 -0.00509542 0.00914492 0.00492395
1.74066e+09 64.2171 0.143721 1.96578 0.999928 -0.00406787 0.0102727 0.00467731
1.74066e+09 64.2432 0.148545 1.96243 0.999925 -0.00574434 0.00976431 0.00469389
1.74066e+09 64.2715 0.143718 1.96711 0.999914 -0.0042865 0.0116386 0.0041571
1.74066e+09 64.296 0.14961 1.96463 0.999863 -0.00609689 0.0146433 0.00471314
1.74066e+09 64.2957 0.142178 1.96741 0.999885 -0.00428234 0.0122441 0.00782678
1.74066e+09 64.2954 0.145223 1.9693 0.999915 -0.00498149 0.0105703 0.00586193
1.74066e+09 64.2899 0.143335 1.96842 0.999922 -0.00506703 0.00956662 0.00621964
1.74066e+09 64.2913 0.147068 1.9674 0.999927 -0.00454283 0.00925661 0.00624239
1.74066e+09 64.2911 0.149104 1.9675 0.999922 -0.00477322 0.00972863 0.00620932
1.74066e+09 64.2868 0.146764 1.9668 0.999922 -0.00512446 0.00967826 0.00601017
1.74066e+09 64.2871 0.148304 1.96609 0.999921 -0.00506781 0.00953291 0.00636612
1.74066e+09 64.2908 0.148433 1.96578 0.999918 -0.00526215 0.00984492 0.00635358
1.74066e+09 64.2904 0.150304 1.96205 0.999944 -0.00497611 0.00656144 0.00662651
1.74066e+09 64.314 0.149533 1.9675 0.999942 -0.00472323 0.00778211 0.00575935
1.74066e+09 64.3515 0.154141 1.96883 0.999915 -0.00536919 0.0100493 0.00627949
1.74066e+09 64.3889 0.153259 1.97658 0.999908 -0.00483852 0.0117008 0.0048441
1.74066e+09 64.4252 0.157211 1.97025 0.999905 -0.00520225 0.0108751 0.00662937
1.74066e+09 64.4516 0.159436 1.97085 0.99992 -0.00602197 0.0100061 0.00485592
1.74066e+09 64.4806 0.160661 1.97322 0.999909 -0.00426013 0.0115838 0.00548989
1.74066e+09 64.5103 0.164948 1.96952 0.999922 -0.00578068 0.00931552 0.00595678
1.74066e+09 64.5376 0.161673 1.9745 0.999911 -0.00490573 0.0112709 0.00514464
1.74066e+09 64.5673 0.165541 1.97461 0.999901 -0.00561745 0.0108189 0.00697559
1.74066e+09 64.5991 0.17011 1.97608 0.999916 -0.00713103 0.009619 0.00501831
1.74066e+09 64.6373 0.165603 1.97851 0.999915 -0.00368948 0.0111051 0.00568942
1.74066e+09 64.6739 0.174149 1.97215 0.999913 -0.00698091 0.009956 0.00506309
1.74066e+09 64.7109 0.173899 1.97444 0.99992 -0.00493085 0.011112 0.00355571
1.74066e+09 64.7374 0.172949 1.97797 0.999918 -0.00533426 0.0107467 0.00445029
1.74066e+09 64.7706 0.174267 1.97589 0.999925 -0.00587633 0.00971663 0.00458522
1.74066e+09 64.8051 0.178248 1.98206 0.999922 -0.0056329 0.0109527 0.00219361
1.74066e+09 64.8387 0.179836 1.98267 0.99994 -0.00478347 0.00925045 0.0034614
1.74066e+09 64.8758 0.182664 1.98435 0.999923 -0.00603074 0.0102254 0.00372457
1.74066e+09 64.9117 0.184545 1.98331 0.999922 -0.00654835 0.0105421 0.00125152
1.74066e+09 64.9537 0.184521 1.98282 0.999952 -0.00544088 0.00798098 0.00185415
1.74066e+09 64.9977 0.190759 1.97984 0.999948 -0.00508398 0.00844057 0.00268949
1.74066e+09 65.0395 0.194587 1.98514 0.999945 -0.00537733 0.00856499 0.00269574
1.74066e+09 65.0877 0.201532 1.98529 0.999927 -0.00607417 0.0100824 0.00270965
1.74066e+09 65.131 0.202895 1.98445 0.999915 -0.00671737 0.0111011 0.00121042
1.74066e+09 65.1769 0.207134 1.98243 0.999928 -0.00637131 0.0100646 0.00162904
1.74066e+09 65.2151 0.207639 1.98436 0.999942 -0.00579614 0.00889292 0.00156706
1.74066e+09 65.2527 0.21015 1.98469 0.99996 -0.00504556 0.00712977 0.00188705
1.74066e+09 65.2938 0.210261 1.98374 0.999948 -0.00574699 0.0083405 0.000867855
1.74066e+09 65.3352 0.208878 1.98277 0.999923 -0.00648875 0.0105543 0.000557522
1.74066e+09 65.3731 0.20934 1.98294 0.999913 -0.00645434 0.0115087 -0.000363092
1.74066e+09 65.4115 0.209708 1.98382 0.999942 -0.00685286 0.00831476 -0.000589289
1.74066e+09 65.4533 0.214117 1.98578 0.999955 -0.0061145 0.00731062 0.000349054
1.74066e+09 65.498 0.215608 1.98933 0.999919 -0.0060087 0.0112582 0.000107773
1.74066e+09 65.5362 0.217144 1.98965 0.999905 -0.00644169 0.0121393 -0.000951697
1.74066e+09 65.5709 0.220369 1.98989 0.999943 -0.00636247 0.00848058 -0.00126947
1.74066e+09 65.6114 0.221137 1.99119 0.999953 -0.00525341 0.00809157 -4.5123e-05
1.74066e+09 65.6512 0.225464 1.98715 0.99995 -0.00548184 0.00833295 -0.000226366
1.74066e+09 65.6919 0.227372 1.9854 0.999924 -0.00700029 0.0100368 -0.0012445
1.74066e+09 65.7267 0.22564 1.98517 0.999936 -0.00674046 0.00886093 -0.00187405
1.74066e+09 65.766 0.224957 1.99428 0.999955 -0.00587785 0.00737769 -0.00106798
1.74066e+09 65.808 0.230725 1.99351 0.999935 -0.00675269 0.009067 -0.00135105
1.74066e+09 65.8453 0.235412 1.99542 0.999929 -0.00709792 0.00940671 -0.00151619
1.74066e+09 65.8866 0.239125 1.99155 0.999942 -0.00655308 0.00848869 -0.00129511
1.74066e+09 65.9253 0.244042 1.99257 0.999953 -0.00625649 0.00726832 -0.00110514
1.74066e+09 65.9669 0.247208 1.99162 0.999926 -0.00678823 0.0100071 -0.0010599
1.74066e+09 66.0032 0.247047 1.99149 0.999931 -0.00639362 0.00974828 -0.00128623
1.74066e+09 66.0434 0.253443 1.9906 0.99993 -0.00709199 0.00930874 -0.00169461
1.74066e+09 66.0851 0.256221 1.99397 0.999941 -0.00661792 0.00842073 -0.00165405
1.74066e+09 66.1232 0.254554 1.99695 0.999933 -0.00699074 0.0091781 -0.000957819
1.74066e+09 66.1674 0.254724 2.00022 0.999932 -0.00688623 0.00934813 -0.00144687
1.74066e+09 66.2106 0.253972 2.00153 0.999934 -0.00688608 0.00907558 -0.0011671
1.74066e+09 66.2548 0.255607 2.00361 0.999919 -0.00791839 0.00983653 -0.00155334
1.74066e+09 66.3 0.253846 2.0049 0.999931 -0.00768085 0.00872676 -0.001696
1.74066e+09 66.3483 0.253807 2.0025 0.999938 -0.00727957 0.0083393 -0.00135276
1.74066e+09 66.3895 0.254951 2.00436 0.999937 -0.00742569 0.00803741 -0.00229332
1.74066e+09 66.4355 0.256568 2.00723 0.999915 -0.00702144 0.0106743 -0.00260614
1.74066e+09 66.4797 0.260896 2.00943 0.999903 -0.00725685 0.0116713 -0.00223992
1.74066e+09 66.5277 0.265174 2.00659 0.999904 -0.0071019 0.0117282 -0.00178032
1.74066e+09 66.5726 0.270924 2.00725 0.999899 -0.00807571 0.0114229 -0.00252554
1.74066e+09 66.6199 0.276289 2.00664 0.999916 -0.00803001 0.0098121 -0.002575
1.74066e+09 66.6607 0.274492 2.00549 0.999924 -0.00793198 0.00906955 -0.0027884
1.74066e+09 66.7024 0.275063 2.00782 0.999931 -0.00748471 0.00874371 -0.00228413
1.74066e+09 66.7475 0.279111 2.01121 0.999909 -0.00854714 0.0100742 -0.00283852
1.74066e+09 66.7934 0.280532 2.01542 0.999908 -0.00808881 0.0104645 -0.00293563
1.74066e+09 66.8387 0.284372 2.01422 0.999907 -0.00821782 0.0107475 -0.00186786
1.74066e+09 66.8919 0.291944 2.01708 0.999909 -0.00762743 0.0110758 -0.000795688
1.74066e+09 66.9406 0.293992 2.01496 0.999913 -0.00793239 0.0103877 -0.00180522
1.74066e+09 66.9827 0.296614 2.01609 0.999922 -0.00867864 0.00884276 -0.00130058
1.74066e+09 67.0254 0.296902 2.01649 0.999921 -0.00841568 0.00909184 -0.00207564
1.74066e+09 67.0672 0.293281 2.01437 0.999933 -0.00836954 0.00740676 -0.0030372
1.74066e+09 67.1324 0.296001 2.01481 0.999889 -0.00899541 0.0114463 -0.00306549
1.74066e+09 67.2006 0.295542 2.01737 0.999902 -0.00781921 0.0112611 -0.00282807
1.74066e+09 67.259 0.300005 2.01985 0.999903 -0.00942337 0.0101156 -0.00136816
1.74066e+09 67.3205 0.304834 2.01898 0.999901 -0.0105363 0.00934448 -0.000411368
1.74066e+09 67.3877 0.30859 2.02252 0.999922 -0.00828963 0.00931871 -0.00013625
1.74066e+09 67.4562 0.30702 2.02257 0.999913 -0.00749368 0.0108611 0.000533564
1.74066e+09 67.5254 0.313327 2.02327 0.9999 -0.0094961 0.0104236 0.000776994
1.74066e+09 67.5907 0.315425 2.025 0.999896 -0.0111193 0.00904649 0.00175471
1.74066e+09 67.6505 0.321841 2.02621 0.999917 -0.00894905 0.00908103 0.00207824
1.74066e+09 67.7117 0.320866 2.02885 0.99994 -0.0081163 0.00675497 0.0029614
1.74066e+09 67.769 0.323347 2.02984 0.999916 -0.0102114 0.00686656 0.00415234
1.74066e+09 67.8249 0.326161 2.0305 0.999914 -0.0107441 0.00567543 0.00503164
1.74066e+09 67.8868 0.332669 2.02819 0.999924 -0.0102077 0.00440771 0.00532086
1.74066e+09 67.9398 0.335141 2.03034 0.999944 -0.00921199 0.00263 0.00457341
1.74066e+09 67.9941 0.336164 2.03009 0.999942 -0.00769481 2.53923e-06 0.00755468
1.74066e+09 67.9949 0.336809 2.02979 0.999942 -0.00774102 5.32042e-05 0.00753502
1.74066e+09 68.1027 0.357515 2.04127 0.999841 -0.00490713 -0.0132281 0.0109267
1.74066e+09 68.1466 0.385847 2.04313 0.99982 -0.00205738 -0.0151831 0.0112252
1.74066e+09 68.198 0.378006 2.04338 0.999826 -0.00120571 -0.0152345 0.0107095
1.74066e+09 68.2717 0.366319 2.0479 0.999922 -0.00275373 -0.00855022 0.00864535
1.74066e+09 68.3491 0.351385 2.05665 0.999878 0.00275186 0.00500735 0.014554
1.74066e+09 68.4333 0.342915 2.06421 0.999752 0.00570107 0.0120474 0.0178491
1.74066e+09 68.5131 0.334732 2.07065 0.999622 0.0102793 0.0138056 0.0214575
1.74066e+09 68.5894 0.332528 2.0703 0.999723 0.00759702 0.00892055 0.0204119
1.74066e+09 68.6818 0.361989 2.0629 0.999659 -0.00836996 0.0157805 0.0190732
1.74066e+09 68.7715 0.378706 2.06481 0.999505 -0.0119654 0.0230479 0.0177621
1.74066e+09 68.8508 0.379418 2.07009 0.999492 -0.00915114 0.0226817 0.0204294
1.74066e+09 68.9194 0.38822 2.07187 0.999578 -0.0105228 0.0200566 0.0181954
1.74066e+09 68.9966 0.40735 2.06508 0.99964 -0.00827653 0.0159912 0.0198773
1.74066e+09 69.0744 0.424967 2.05605 0.999684 -0.0100946 0.0115368 0.0199094
1.74066e+09 69.1558 0.432264 2.05469 0.999717 -0.0105393 0.00842886 0.0196142
1.74066e+09 69.2447 0.443191 2.05634 0.999699 -0.00916404 0.0104613 0.0202199
1.74066e+09 69.3306 0.449471 2.05788 0.999685 -0.00963527 0.0109591 0.0204193
1.74066e+09 69.4128 0.456055 2.06111 0.999732 -0.00857872 0.00845556 0.0197845
1.74066e+09 69.4976 0.458119 2.06434 0.999715 -0.00818968 0.010365 0.0198945
1.74066e+09 69.5853 0.459918 2.06466 0.999699 -0.00880475 0.0106791 0.0202531
1.74066e+09 69.6707 0.461372 2.06812 0.99969 -0.0077911 0.0102851 0.0212937
1.74066e+09 69.7591 0.468136 2.06896 0.99967 -0.00754569 0.0117815 0.0215662
1.74066e+09 69.8468 0.474923 2.07319 0.999648 -0.00746154 0.0129872 0.0218971
1.74066e+09 69.9303 0.487829 2.07422 0.999533 -0.00790534 0.0125999 0.0267029
1.74066e+09 70.0122 0.494898 2.07462 0.999282 -0.00801637 0.0118926 0.0350783
1.74066e+09 70.0927 0.501085 2.07745 0.999009 -0.00853822 0.0126279 0.0418172
1.74066e+09 70.1725 0.509328 2.07762 0.99861 -0.00754592 0.0110597 0.0509797
1.74066e+09 70.2505 0.518831 2.07912 0.998115 -0.00821546 0.0116949 0.0596847
1.74066e+09 70.3205 0.530785 2.08511 0.997709 -0.00841321 0.01162 0.0661096
1.74066e+09 70.4002 0.543483 2.08062 0.997076 -0.00876472 0.00983421 0.0752689
1.74066e+09 70.4813 0.559611 2.07884 0.996288 -0.0091567 0.00998743 0.0850043
1.74066e+09 70.5668 0.579238 2.07546 0.99558 -0.00951217 0.0104645 0.0928471
1.74066e+09 70.6577 0.599134 2.07835 0.99442 -0.00981689 0.00991513 0.10457
1.74066e+09 70.7413 0.622287 2.07966 0.992937 -0.0108053 0.00979342 0.117746
1.74066e+09 70.8337 0.638923 2.08499 0.990674 -0.00940327 0.011237 0.13546
1.74066e+09 70.9209 0.654611 2.08563 0.987637 -0.0125745 0.0118044 0.15581
1.74066e+09 71.0127 0.675054 2.08709 0.983906 -0.0123767 0.0126777 0.177804
1.74066e+09 71.0956 0.697048 2.08945 0.980368 -0.0126483 0.0128259 0.196352
1.74066e+09 71.1788 0.72568 2.08558 0.976035 -0.0146557 0.0147084 0.216622
1.74066e+09 71.2548 0.755639 2.08475 0.971345 -0.014049 0.0154198 0.236756
1.74066e+09 71.3288 0.794259 2.08618 0.966552 -0.0141211 0.0166874 0.255537
1.74066e+09 71.4087 0.839911 2.08816 0.961332 -0.0154386 0.0178899 0.274377
1.74066e+09 71.4878 0.891341 2.08793 0.955972 -0.0149025 0.0181637 0.292517
1.74066e+09 71.5592 0.94599 2.08844 0.950775 -0.0152211 0.0175486 0.309009
1.74066e+09 71.6357 1.00762 2.08889 0.949557 -0.0150548 0.0161886 0.312814
1.74066e+09 71.7238 1.07289 2.08422 0.949269 -0.01519 0.0182958 0.313565
1.74066e+09 71.8142 1.14701 2.07988 0.949238 -0.0161465 0.0170996 0.313679
1.74066e+09 71.9019 1.22024 2.08228 0.94855 -0.0163577 0.0173168 0.315731
1.74066e+09 71.9908 1.29223 2.07769 0.948802 -0.0183392 0.0186696 0.314787
1.74066e+09 72.076 1.37274 2.08145 0.947592 -0.0194218 0.0210963 0.318192
1.74066e+09 72.1518 1.44432 2.07958 0.948307 -0.0191633 0.0190329 0.316205
1.74066e+09 72.2282 1.51012 2.07434 0.948025 -0.0199455 0.0198652 0.316947
1.74066e+09 72.3106 1.5903 2.07267 0.947677 -0.0200417 0.0192523 0.318019
1.74066e+09 72.3936 1.65587 2.07524 0.945924 -0.0208984 0.0202402 0.32308
1.74066e+09 72.4776 1.70601 2.07325 0.943589 -0.0209136 0.0192027 0.3299
1.74066e+09 72.5613 1.77152 2.0707 0.941139 -0.0203897 0.0188592 0.336876
1.74066e+09 72.645 1.84221 2.06526 0.93796 -0.0195693 0.0194632 0.345643
1.74066e+09 72.7201 1.90928 2.0629 0.93478 -0.0202722 0.0193876 0.354119
1.74066e+09 72.7998 1.98735 2.06303 0.931191 -0.0209159 0.018039 0.363483
1.74066e+09 72.8729 2.05757 2.06549 0.92775 -0.0209588 0.0177343 0.37219
1.74066e+09 72.9416 2.1253 2.06089 0.923012 -0.0210773 0.0189616 0.383725
1.74066e+09 73.008 2.18769 2.05675 0.918298 -0.020971 0.0187552 0.394889
1.74066e+09 73.0701 2.25674 2.05403 0.913161 -0.0222329 0.0189067 0.406552
1.74066e+09 73.1338 2.32934 2.05151 0.907138 -0.0210638 0.0183846 0.419904
1.74066e+09 73.1928 2.39978 2.05345 0.901362 -0.0237565 0.018396 0.432023
1.74066e+09 73.2489 2.47489 2.05319 0.896103 -0.0231452 0.0182207 0.442867
1.74066e+09 73.3081 2.5559 2.05481 0.889816 -0.0255816 0.0191497 0.455199
1.74066e+09 73.3668 2.62486 2.05395 0.883999 -0.0249847 0.017794 0.466481
1.74066e+09 73.4193 2.70542 2.05059 0.877704 -0.0257114 0.018225 0.478167
1.74066e+09 73.4718 2.78313 2.04461 0.870957 -0.0272391 0.0186051 0.49025
1.74066e+09 73.5163 2.86262 2.0431 0.864758 -0.0265959 0.0190733 0.501122
1.74066e+09 73.5589 2.93621 2.03951 0.858547 -0.0261317 0.0184223 0.511738
1.74066e+09 73.6036 3.0162 2.03995 0.852331 -0.0275326 0.0194484 0.521915
1.74066e+09 73.6496 3.10005 2.03844 0.843799 -0.0271315 0.0188093 0.535643
1.74066e+09 73.6883 3.18291 2.03857 0.834567 -0.0277776 0.0202023 0.549834
1.74066e+09 73.7262 3.27599 2.03628 0.82516 -0.0277691 0.0215012 0.563806
1.74066e+09 73.7621 3.36037 2.03443 0.81476 -0.0267407 0.0201132 0.578832
1.74066e+09 73.795 3.44724 2.03328 0.805628 -0.0273405 0.0199198 0.591456
1.74066e+09 73.8228 3.53473 2.02947 0.794569 -0.0296205 0.0207081 0.606097
1.74066e+09 73.8491 3.62867 2.02626 0.782967 -0.0294458 0.0219395 0.620978
1.74066e+09 73.8702 3.71595 2.02162 0.772293 -0.0291978 0.0222658 0.634205
1.74066e+09 73.8919 3.80841 2.02232 0.761438 -0.0293002 0.0216847 0.647213
1.74066e+09 73.905 3.89982 2.01587 0.750605 -0.0297299 0.0218178 0.659721
1.74066e+09 73.912 3.98988 2.01107 0.741325 -0.029524 0.0212014 0.670161
1.74066e+09 73.921 4.08882 2.00761 0.739295 -0.0282803 0.0195859 0.672502
1.74066e+09 73.933 4.20956 2.00237 0.739411 -0.0294243 0.0221974 0.672245
1.74066e+09 73.9425 4.32438 1.9951 0.738942 -0.0305065 0.0226933 0.672695
1.74066e+09 73.9471 4.4321 1.98892 0.737839 -0.0285427 0.0212472 0.674038
1.74066e+09 73.9458 4.54024 1.98694 0.738881 -0.030489 0.0214567 0.672804
1.74066e+09 73.9476 4.65511 1.98534 0.737575 -0.03113 0.0217425 0.674197
1.74066e+09 73.9537 4.76853 1.98022 0.73694 -0.0320362 0.0237754 0.67478
1.74066e+09 73.9622 4.87829 1.97246 0.737403 -0.029352 0.0220619 0.674454
1.74066e+09 73.9626 4.97938 1.96701 0.736579 -0.0300041 0.0224532 0.675313
1.74066e+09 73.9648 5.0936 1.96338 0.736537 -0.0317278 0.0237042 0.675237
1.74066e+09 73.9739 5.20125 1.96072 0.734823 -0.030244 0.0234521 0.677179
1.74066e+09 73.9788 5.30642 1.95785 0.735025 -0.0303065 0.0226764 0.676983
1.74066e+09 73.9819 5.412 1.95038 0.734167 -0.0305711 0.0227719 0.677898
1.74066e+09 73.9855 5.5175 1.94601 0.734759 -0.0302983 0.0226366 0.677273
1.74066e+09 73.988 5.62286 1.94364 0.733764 -0.0305133 0.0223159 0.678351
1.74066e+09 73.9971 5.73179 1.9417 0.734302 -0.0304406 0.0219167 0.677785
1.74066e+09 74.0024 5.8439 1.93718 0.733349 -0.0328159 0.0241358 0.678631
1.74066e+09 74.0054 5.95119 1.9286 0.733199 -0.0324575 0.0242844 0.678805
1.74066e+09 74.0051 6.05056 1.92279 0.734115 -0.0315457 0.022564 0.677917
1.74066e+09 74.0095 6.1486 1.92076 0.732675 -0.0329498 0.0242315 0.679348
1.74066e+09 74.0065 6.24827 1.91503 0.732794 -0.0324178 0.0225507 0.679303
1.74066e+09 74.0064 6.34939 1.90955 0.732178 -0.0312948 0.0217213 0.680047
1.74066e+09 74.0049 6.45261 1.90766 0.731619 -0.0315585 0.0221677 0.680622
1.74066e+09 74.0086 6.55731 1.90284 0.732042 -0.0313381 0.0212314 0.680207
1.74066e+09 74.0174 6.67281 1.89705 0.731145 -0.0317569 0.02229 0.681118
1.74066e+09 74.0201 6.77517 1.89332 0.731317 -0.0309837 0.0222936 0.680969
1.74066e+09 74.0207 6.87718 1.88669 0.730831 -0.0315969 0.0223522 0.681461
1.74066e+09 74.0234 6.99067 1.88202 0.73046 -0.0317104 0.0219003 0.681868
1.74066e+09 74.0245 7.09867 1.87732 0.730124 -0.0331715 0.0227223 0.682131
1.74066e+09 74.0326 7.21242 1.86695 0.733034 -0.0319402 0.0224712 0.67907
1.74066e+09 74.0326 7.31826 1.86071 0.737711 -0.0320787 0.0224185 0.673982
1.74066e+09 74.032 7.42496 1.85373 0.74229 -0.032176 0.0218768 0.668948
1.74066e+09 74.0317 7.53116 1.85371 0.746326 -0.0323845 0.0223965 0.664414
1.74066e+09 74.0355 7.63735 1.85087 0.752154 -0.0323306 0.0225306 0.657808
1.74066e+09 74.0366 7.74799 1.84963 0.758338 -0.0310972 0.0216194 0.65076
1.74066e+09 74.0488 7.85503 1.84661 0.764634 -0.0311096 0.0216677 0.643348
1.74066e+09 74.0572 7.95465 1.84049 0.771318 -0.0314408 0.0229421 0.635259
1.74066e+09 74.0695 8.06214 1.83174 0.778552 -0.0302744 0.0215198 0.62648
1.74066e+09 74.074 8.1604 1.8234 0.785524 -0.0301134 0.0220418 0.617704
1.74066e+09 74.0891 8.25907 1.81822 0.792224 -0.0296967 0.0209047 0.609149
1.74066e+09 74.1095 8.35164 1.81547 0.791222 -0.0270687 0.0172867 0.610684
1.74066e+09 74.1391 8.46674 1.80727 0.790374 -0.0305027 0.0186733 0.61158
1.74066e+09 74.1686 8.57699 1.8078 0.791072 -0.0283979 0.0192539 0.610761
1.74066e+09 74.1882 8.68786 1.80461 0.789752 -0.0292512 0.0193852 0.612422
1.74066e+09 74.214 8.79779 1.80209 0.789061 -0.031162 0.0208719 0.613169
1.74066e+09 74.2301 8.90464 1.79467 0.78941 -0.0281231 0.0183187 0.612948
1.74066e+09 74.255 9.02063 1.78824 0.78896 -0.0294717 0.0192448 0.613435
1.74066e+09 74.2783 9.14345 1.78113 0.78944 -0.0305685 0.0187229 0.61278
1.74066e+09 74.3077 9.26733 1.7766 0.787608 -0.0296208 0.018847 0.615175
1.74066e+09 74.3283 9.38476 1.77732 0.788331 -0.0296714 0.0189825 0.614242
1.74066e+09 74.3563 9.50443 1.77616 0.788673 -0.0289931 0.0197844 0.61381
1.74066e+09 74.373 9.62204 1.76916 0.787934 -0.0268908 0.0159647 0.614965
1.74066e+09 74.4018 9.7453 1.76503 0.787894 -0.0296703 0.0188838 0.614806
1.74066e+09 74.4269 9.86422 1.76482 0.787097 -0.0290548 0.018755 0.615859
1.74066e+09 74.4488 9.97808 1.76237 0.786625 -0.0286576 0.01824 0.616495
1.74066e+09 74.4729 10.0922 1.75888 0.786504 -0.0286812 0.0187174 0.616634
1.74066e+09 74.4953 10.2113 1.75109 0.786254 -0.028529 0.0177055 0.616991
1.74066e+09 74.515 10.3311 1.74728 0.786205 -0.0294612 0.019088 0.616968
1.74066e+09 74.5354 10.4433 1.74083 0.785624 -0.0292506 0.0180509 0.617749
1.74066e+09 74.5558 10.5612 1.73782 0.788096 -0.029925 0.0205015 0.614482
1.74066e+09 74.5771 10.6719 1.73046 0.790248 -0.0288959 0.0184164 0.611829
1.74066e+09 74.596 10.7747 1.72591 0.793709 -0.0288428 0.0196073 0.607297
1.74066e+09 74.6149 10.8765 1.72229 0.797892 -0.0292928 0.0192318 0.601781
1.74066e+09 74.6385 10.9853 1.72184 0.801423 -0.0292461 0.0199419 0.59705
1.74066e+09 74.6563 11.0908 1.71573 0.805726 -0.0285052 0.0190527 0.591295
1.74066e+09 74.6711 11.2007 1.70939 0.8106 -0.0290776 0.0185486 0.584583
1.74066e+09 74.6931 11.3048 1.70751 0.816749 -0.0279537 0.0189497 0.576005
1.74066e+09 74.72 11.4094 1.70414 0.82236 -0.0269107 0.0181769 0.568041
1.74066e+09 74.7542 11.511 1.69854 0.827793 -0.0262444 0.0179453 0.560132
1.74066e+09 74.7828 11.606 1.68888 0.831859 -0.0242639 0.0117765 0.554331
1.74066e+09 74.8256 11.7142 1.6956 0.830332 -0.026511 0.0155558 0.556421
1.74066e+09 74.8673 11.8279 1.70182 0.830433 -0.0267152 0.0169948 0.556217
1.74066e+09 74.9063 11.9418 1.69654 0.830372 -0.0249851 0.0149222 0.556449
1.74066e+09 74.9515 12.0543 1.70168 0.829695 -0.0262962 0.01621 0.557362
1.74066e+09 74.9945 12.1685 1.69339 0.828892 -0.0267553 0.0163001 0.558531
1.74066e+09 75.04 12.2819 1.68855 0.828937 -0.0253276 0.0150984 0.558565
1.74066e+09 75.0777 12.3994 1.68256 0.828146 -0.0258797 0.0145073 0.559726
1.74066e+09 75.1238 12.5137 1.67953 0.828212 -0.0265642 0.0165555 0.55954
1.74066e+09 75.1613 12.6162 1.67601 0.827014 -0.0266417 0.0152403 0.561342
1.74066e+09 75.2021 12.729 1.67343 0.82739 -0.028146 0.015648 0.560704
1.74066e+09 75.2412 12.8373 1.67189 0.827017 -0.0288843 0.017354 0.561166
1.74066e+09 75.2796 12.9516 1.669 0.826942 -0.0288026 0.0170888 0.561289
1.74066e+09 75.3088 13.0654 1.66413 0.828071 -0.0281997 0.01587 0.559689
1.74066e+09 75.3435 13.1808 1.66328 0.826948 -0.0282702 0.0158579 0.561344
1.74066e+09 75.3823 13.3082 1.66102 0.826935 -0.0295964 0.018736 0.561205
1.74066e+09 75.4266 13.4295 1.65538 0.827319 -0.0291645 0.0185463 0.560668
1.74066e+09 75.4667 13.5471 1.65398 0.826181 -0.0285659 0.0165293 0.562437
1.74066e+09 75.5036 13.6585 1.64591 0.825667 -0.0298946 0.0186764 0.563056
1.74066e+09 75.5501 13.7731 1.63969 0.825744 -0.027838 0.0174235 0.563088
1.74066e+09 75.5915 13.8948 1.63618 0.824542 -0.0275262 0.016766 0.564883
1.74066e+09 75.6267 13.9931 1.63607 0.824843 -0.0267167 0.0159673 0.564504
1.74066e+09 75.6626 14.1008 1.63577 0.823788 -0.0285163 0.0169714 0.565926
1.74066e+09 75.6945 14.2182 1.63765 0.824884 -0.0293676 0.0183287 0.564241
1.74066e+09 75.7294 14.3253 1.62583 0.823166 -0.0288606 0.0180826 0.566778
1.74066e+09 75.7616 14.4256 1.61944 0.822931 -0.0274312 0.0157201 0.567261
1.74066e+09 75.7961 14.5389 1.61436 0.82255 -0.027871 0.0165295 0.567769
1.74066e+09 75.8364 14.6521 1.61185 0.821973 -0.027383 0.0172147 0.568608
1.74066e+09 75.8767 14.7573 1.61633 0.822155 -0.0279456 0.0173641 0.568313
1.74066e+09 75.9168 14.8777 1.61273 0.820852 -0.0297011 0.0178456 0.570089
1.74066e+09 75.9478 14.9935 1.60951 0.821998 -0.0288253 0.0174105 0.568494
1.74066e+09 75.9863 15.0948 1.60446 0.82076 -0.0280416 0.0155812 0.570372
1.74066e+09 76.0176 15.2082 1.59861 0.821792 -0.0304839 0.017333 0.568708
1.74066e+09 76.049 15.311 1.59538 0.820404 -0.0302726 0.0178812 0.570702
1.74066e+09 76.0843 15.4316 1.59056 0.820143 -0.0326604 0.0185151 0.570925
1.74066e+09 76.1194 15.5474 1.58285 0.820079 -0.0297854 0.0165349 0.571235
1.74066e+09 76.1528 15.6558 1.58015 0.820532 -0.0320993 0.0186216 0.570395
1.74066e+09 76.1915 15.773 1.58129 0.82007 -0.0319147 0.0184263 0.571075
1.74066e+09 76.2229 15.8917 1.57786 0.818862 -0.0321216 0.0180853 0.572805
1.74066e+09 76.2553 16.0005 1.57324 0.818276 -0.0316079 0.0180713 0.573671
1.74066e+09 76.2897 16.1115 1.5686 0.818579 -0.0310157 0.0170939 0.573301
1.74066e+09 76.3273 16.2302 1.56289 0.818487 -0.0309831 0.0172776 0.573428
1.74066e+09 76.3653 16.345 1.55817 0.817827 -0.0309426 0.0167907 0.574386
1.74066e+09 76.4015 16.4562 1.5474 0.817553 -0.0316013 0.0170218 0.574733
1.74066e+09 76.4373 16.5741 1.54449 0.816653 -0.0334791 0.0193296 0.575833
1.74066e+09 76.4725 16.6884 1.54109 0.81652 -0.0320603 0.0170229 0.576175
1.74066e+09 76.5084 16.8096 1.54122 0.81642 -0.0327577 0.0181841 0.576242
1.74066e+09 76.5439 16.9128 1.53538 0.814982 -0.0316206 0.0165671 0.578386
1.74066e+09 76.5711 17.0242 1.53304 0.815676 -0.0328365 0.0182729 0.577287
1.74066e+09 76.6066 17.1365 1.52928 0.814999 -0.0321628 0.017682 0.5783
1.74066e+09 76.6368 17.2399 1.52577 0.815827 -0.0327084 0.0174374 0.577107
1.74066e+09 76.6715 17.3459 1.52232 0.814735 -0.0324985 0.017369 0.578662
1.74066e+09 76.7019 17.4582 1.51592 0.814717 -0.0310881 0.0142138 0.57885
1.74066e+09 76.7376 17.5656 1.51325 0.81475 -0.0318689 0.0174523 0.578673
1.74066e+09 76.7716 17.6778 1.51272 0.813623 -0.0325416 0.0165213 0.580247
1.74066e+09 76.8031 17.798 1.51019 0.813402 -0.0325839 0.0164266 0.580556
1.74066e+09 76.8387 17.912 1.50404 0.813433 -0.0316646 0.0150163 0.580602
1.74066e+09 76.8722 18.0331 1.4962 0.812078 -0.0324068 0.0157913 0.582434
1.74066e+09 76.9012 18.1472 1.49148 0.812566 -0.0323822 0.0157202 0.581757
1.74066e+09 76.9294 18.2621 1.48492 0.811784 -0.032578 0.0146397 0.582864
1.74066e+09 76.9582 18.3782 1.48178 0.812466 -0.0342604 0.0159842 0.581782
1.74066e+09 76.9874 18.477 1.47321 0.809496 -0.0318316 0.0144609 0.586084
1.74066e+09 77.0218 18.5901 1.4749 0.807464 -0.0334367 0.0149328 0.588779
1.74066e+09 77.0491 18.6862 1.47513 0.802763 -0.0339076 0.0149374 0.595146
1.74066e+09 77.0828 18.7778 1.478 0.799376 -0.0338965 0.0146477 0.599695
1.74066e+09 77.1078 18.8793 1.47452 0.794373 -0.0348772 0.0157646 0.606223
1.74066e+09 77.1319 18.9643 1.47172 0.788579 -0.0342238 0.0153159 0.613789
1.74066e+09 77.1541 19.0558 1.46757 0.781896 -0.0345692 0.0165205 0.62223
1.74066e+09 77.173 19.1472 1.46011 0.773911 -0.0343634 0.0148086 0.632188
1.74066e+09 77.1907 19.2468 1.45746 0.767424 -0.036674 0.0168694 0.639868
1.74066e+09 77.2054 19.336 1.45672 0.763231 -0.0372081 0.0180925 0.644799
1.74066e+09 77.2144 19.4092 1.45258 0.761416 -0.0351732 0.0158806 0.647114
1.74066e+09 77.2198 19.4814 1.4509 0.76028 -0.0362681 0.0170151 0.648359
1.74066e+09 77.2288 19.5493 1.44391 0.760293 -0.0357923 0.0170652 0.648369
1.74066e+09 77.2361 19.6152 1.44213 0.75974 -0.0367899 0.0171976 0.648957
1.74066e+09 77.2387 19.6704 1.44271 0.759139 -0.0382451 0.0157996 0.649611
1.74066e+09 77.2427 19.7133 1.44569 0.759102 -0.0374455 0.0158606 0.6497
1.74066e+09 77.2477 19.7495 1.44542 0.759336 -0.0371294 0.0168169 0.649421
1.74066e+09 77.2506 19.7844 1.44588 0.759049 -0.035673 0.0170758 0.649832
1.74066e+09 77.2495 19.813 1.44478 0.759438 -0.037337 0.0160881 0.649308
1.74066e+09 77.2563 19.8462 1.44119 0.760039 -0.0378083 0.0156681 0.648587
1.74066e+09 77.2604 19.8693 1.44229 0.759335 -0.0410924 0.0198255 0.649098
1.74066e+09 77.2609 19.8774 1.43224 0.758312 -0.0371677 0.0174395 0.650597
1.74066e+09 77.2643 19.8703 1.43443 0.758531 -0.0362948 0.0167648 0.650409
1.74066e+09 77.2615 19.8634 1.43349 0.758413 -0.0365223 0.0161652 0.650549
1.74066e+09 77.2632 19.8523 1.4336 0.75844 -0.0364622 0.0157643 0.650531
1.74066e+09 77.2645 19.8441 1.4345 0.758929 -0.0357612 0.0161709 0.649989
1.74066e+09 77.2608 19.8459 1.4392 0.758582 -0.0367469 0.0165291 0.650331
1.74066e+09 77.2549 19.8411 1.43937 0.758518 -0.0369678 0.0170912 0.650378
1.74066e+09 77.254 19.835 1.43829 0.758573 -0.0363285 0.0164354 0.650367
1.74066e+09 77.2497 19.844 1.43526 0.758603 -0.0365488 0.0163081 0.650322
1.74066e+09 77.2458 19.846 1.43116 0.758601 -0.0359892 0.0160586 0.650363
1.74066e+09 77.2358 19.8518 1.42907 0.758486 -0.0363907 0.0164482 0.650464
1.74066e+09 77.2237 19.8518 1.42591 0.758359 -0.0361941 0.0160842 0.650633
1.74066e+09 77.2095 19.8525 1.42205 0.758359 -0.0363324 0.0158884 0.65063
1.74066e+09 77.201 19.8565 1.41636 0.758424 -0.0357149 0.016159 0.650581
1.74066e+09 77.1949 19.8434 1.41671 0.758329 -0.0363189 0.0157423 0.650669
1.74066e+09 77.1849 19.8434 1.4141 0.75861 -0.0357115 0.0162397 0.650363
1.74066e+09 77.1837 19.847 1.41751 0.758337 -0.0356794 0.01597 0.650689
1.74066e+09 77.1833 19.8492 1.4234 0.758364 -0.0360778 0.0164323 0.650624
1.74066e+09 77.1878 19.868 1.42849 0.757969 -0.0364206 0.0165392 0.651063
1.74066e+09 77.198 19.8667 1.431 0.758236 -0.0360051 0.0160269 0.650788
1.74066e+09 77.2135 19.8594 1.4368 0.758305 -0.0361585 0.0162742 0.650692
1.74066e+09 77.2359 19.8497 1.44317 0.758345 -0.0361482 0.0163424 0.650645
1.74066e+09 77.2561 19.8392 1.44471 0.758594 -0.0361803 0.0163348 0.650353
1.74066e+09 77.2676 19.8305 1.44528 0.758524 -0.0364156 0.0163152 0.650422
1.74066e+09 77.2796 19.8405 1.44041 0.758645 -0.0367015 0.0161775 0.650268
1.74066e+09 77.2893 19.8491 1.4391 0.758546 -0.0363652 0.0160032 0.650407
1.74066e+09 77.2883 19.8599 1.43546 0.758764 -0.0365444 0.0162942 0.650135
1.74066e+09 77.283 19.8609 1.43437 0.758693 -0.0363747 0.0161572 0.650231
1.74066e+09 77.2775 19.8663 1.42994 0.758638 -0.0363886 0.0164636 0.650287
1.74066e+09 77.2719 19.8672 1.43275 0.758675 -0.0368334 0.0161933 0.650225
1.74066e+09 77.2636 19.8651 1.433 0.758597 -0.0365596 0.0160265 0.650336
1.74066e+09 77.2592 19.8729 1.43854 0.758572 -0.0367212 0.0159406 0.650358
1.74066e+09 77.2705 19.8619 1.43997 0.758987 -0.0364188 0.0163064 0.649882
1.74066e+09 77.2632 19.8651 1.44043 0.758525 -0.0364535 0.0160239 0.650426
1.74066e+09 77.261 19.8646 1.43591 0.758624 -0.0364357 0.0160146 0.650311
1.74066e+09 77.2618 19.8675 1.43421 0.758539 -0.0363488 0.0165452 0.650402
1.74066e+09 77.2602 19.871 1.43251 0.758741 -0.0362548 0.0159737 0.650187
1.74066e+09 77.2613 19.8683 1.43486 0.758588 -0.0355611 0.0151408 0.650423
1.74066e+09 77.2602 19.8843 1.43729 0.758143 -0.0323922 0.0125447 0.651162
1.74066e+09 77.2667 19.9094 1.4339 0.759174 -0.0372959 0.0153894 0.649637
1.74066e+09 77.2774 19.9407 1.43363 0.758045 -0.0340077 0.0162655 0.651112
1.74066e+09 77.2759 19.9751 1.43153 0.75858 -0.0377072 0.015104 0.650313
1.74066e+09 77.2832 20.004 1.43271 0.758405 -0.0350567 0.0151662 0.650663
1.74066e+09 77.285 20.042 1.43233 0.758263 -0.036123 0.0154576 0.650764
1.74066e+09 77.2811 20.0699 1.42947 0.759563 -0.0371468 0.0147129 0.649205
1.74066e+09 77.2908 20.1082 1.42781 0.758715 -0.0339181 0.0155701 0.650353
1.74066e+09 77.2852 20.1489 1.42668 0.758501 -0.0372877 0.0159268 0.650409
1.74066e+09 77.291 20.1792 1.42488 0.758984 -0.0368251 0.0134545 0.649927
1.74066e+09 77.2936 20.2176 1.42521 0.758541 -0.0340844 0.0140735 0.650581
1.74066e+09 77.2941 20.2584 1.41915 0.758962 -0.0362937 0.0160868 0.649924
1.74066e+09 77.2994 20.3023 1.41606 0.759326 -0.0379189 0.0152055 0.649427
1.74066e+09 77.304 20.3406 1.41914 0.760016 -0.0368995 0.0138512 0.648708
1.74066e+09 77.3066 20.3767 1.41746 0.758815 -0.0340262 0.0139004 0.650268
1.74066e+09 77.3106 20.4149 1.4141 0.759123 -0.0359698 0.0147026 0.649786
1.74066e+09 77.3153 20.4571 1.41182 0.759792 -0.0377291 0.0155069 0.648885
1.74066e+09 77.3253 20.4901 1.41277 0.759661 -0.0366414 0.0140093 0.649135
1.74066e+09 77.3261 20.5217 1.41153 0.759179 -0.0348915 0.013621 0.649803
1.74066e+09 77.3303 20.5577 1.40918 0.759753 -0.0363056 0.0155107 0.649012
1.74066e+09 77.3352 20.6009 1.40909 0.757975 -0.0392411 0.0168257 0.650885
1.74066e+09 77.3408 20.6421 1.40835 0.753335 -0.0368616 0.0153072 0.656424
1.74066e+09 77.3477 20.6791 1.4075 0.748356 -0.0380245 0.0164314 0.662003
1.74066e+09 77.3574 20.7139 1.40466 0.7426 -0.0393229 0.0162724 0.668382
1.74066e+09 77.3661 20.7523 1.40093 0.73696 -0.0375233 0.0155984 0.674714
1.74066e+09 77.3617 20.7999 1.39758 0.731096 -0.0394999 0.0177242 0.680899
1.74066e+09 77.3601 20.8339 1.39364 0.72363 -0.0384902 0.0159404 0.68893
1.74066e+09 77.3699 20.8736 1.39165 0.717872 -0.0356202 0.015662 0.695087
1.74066e+09 77.3704 20.9121 1.39274 0.71154 -0.0392008 0.0162141 0.701364
1.74066e+09 77.3768 20.9502 1.39415 0.702429 -0.0388855 0.0172836 0.710481
1.74066e+09 77.3767 20.9942 1.39326 0.696998 -0.037636 0.0153634 0.71592
1.74066e+09 77.3729 21.0431 1.38759 0.69595 -0.0362147 0.0153868 0.717011
1.74066e+09 77.3716 21.11 1.38844 0.696314 -0.0380966 0.0192036 0.716468
1.74066e+09 77.3678 21.1597 1.38383 0.696427 -0.0389212 0.0179542 0.716347
1.74066e+09 77.3625 21.213 1.38137 0.697176 -0.0373383 0.0172206 0.71572
1.74066e+09 77.3543 21.2661 1.3786 0.697057 -0.0376528 0.0155497 0.715858
1.74066e+09 77.3487 21.3402 1.37377 0.697174 -0.0374893 0.0174541 0.715708
1.74066e+09 77.344 21.4042 1.37266 0.697231 -0.0376816 0.0183707 0.71562
1.74066e+09 77.3407 21.4645 1.36824 0.696987 -0.0359419 0.0171837 0.715976
1.74066e+09 77.3391 21.5209 1.36786 0.697205 -0.0367104 0.0172409 0.715723
1.74066e+09 77.3371 21.5761 1.36439 0.696616 -0.0366049 0.0172371 0.716303
1.74066e+09 77.3263 21.6381 1.36178 0.696459 -0.0371061 0.0165387 0.716446
1.74066e+09 77.3252 21.6877 1.35957 0.696834 -0.0359647 0.0151709 0.71617
1.74066e+09 77.3172 21.7416 1.35486 0.696918 -0.0367085 0.0158147 0.716036
1.74066e+09 77.3182 21.7966 1.35426 0.697079 -0.0373925 0.0167518 0.715823
1.74066e+09 77.3117 21.8547 1.34964 0.696806 -0.0363605 0.0168291 0.71614
1.74066e+09 77.3029 21.9153 1.34779 0.696524 -0.037078 0.0168508 0.716376
1.74066e+09 77.2988 21.9849 1.34603 0.695587 -0.0373576 0.0177113 0.717251
1.74066e+09 77.2917 22.0494 1.34504 0.695295 -0.0377934 0.0158993 0.717554
1.74066e+09 77.2871 22.111 1.34316 0.695819 -0.0367337 0.0156965 0.717105
1.74066e+09 77.2823 22.1864 1.33791 0.695589 -0.0348666 0.0156957 0.717422
1.74066e+09 77.2768 22.2687 1.33264 0.695319 -0.0379991 0.0181031 0.717467
1.74066e+09 77.268 22.3632 1.32938 0.694433 -0.03875 0.0179548 0.718289
1.74066e+09 77.2678 22.4491 1.32959 0.693702 -0.0385229 0.0174759 0.719019
1.74066e+09 77.2669 22.5355 1.3253 0.694405 -0.0387743 0.0183656 0.718304
1.74066e+09 77.2609 22.6159 1.32095 0.693497 -0.0400809 0.0195915 0.719077
1.74066e+09 77.2515 22.693 1.31277 0.693208 -0.0374545 0.0176386 0.719547
1.74066e+09 77.2457 22.772 1.30718 0.693735 -0.0388194 0.0182394 0.718952
1.74066e+09 77.2304 22.8557 1.30343 0.692947 -0.0390696 0.0189107 0.719681
1.74066e+09 77.2189 22.9422 1.30188 0.693265 -0.0381648 0.0175438 0.719458
1.74066e+09 77.2156 23.0244 1.29545 0.692469 -0.0388304 0.0199935 0.720124
1.74066e+09 77.2079 23.1136 1.29274 0.692172 -0.0386444 0.0191162 0.720443
1.74066e+09 77.201 23.2078 1.28722 0.692519 -0.0386865 0.0185293 0.720123
1.74066e+09 77.1884 23.2837 1.28177 0.692163 -0.0382416 0.0186053 0.720487
1.74066e+09 77.1785 23.3574 1.27699 0.691623 -0.0374693 0.0192975 0.721027
1.74066e+09 77.1709 23.4357 1.27277 0.692167 -0.0389912 0.0183853 0.720449
1.74066e+09 77.1665 23.5282 1.26783 0.691461 -0.0379533 0.0194806 0.721153
1.74066e+09 77.1548 23.618 1.26466 0.691391 -0.0385951 0.0189936 0.721199
1.74066e+09 77.1488 23.71 1.26198 0.690774 -0.0388569 0.0193233 0.721767
1.74066e+09 77.1402 23.7898 1.25912 0.690819 -0.0388569 0.0195219 0.721719
1.74066e+09 77.1349 23.8682 1.2535 0.690421 -0.0380395 0.0181599 0.722179
1.74066e+09 77.1296 23.9565 1.24932 0.69044 -0.0369878 0.0189359 0.722195
1.74066e+09 77.1208 24.0383 1.24535 0.689613 -0.0386949 0.0195119 0.72288
1.74066e+09 77.112 24.1222 1.23987 0.690331 -0.0382433 0.0190897 0.72223
1.74066e+09 77.1053 24.2169 1.23378 0.690418 -0.0380497 0.0202338 0.722126
1.74066e+09 77.1028 24.3028 1.22499 0.689298 -0.0378984 0.0192033 0.723231
1.74066e+09 77.0948 24.3846 1.22321 0.689857 -0.0381545 0.0190886 0.722687
1.74066e+09 77.0861 24.4741 1.21534 0.689761 -0.0380015 0.0197698 0.722768
1.74066e+09 77.0771 24.5603 1.21629 0.689575 -0.037442 0.0192131 0.72299
1.74066e+09 77.0617 24.6484 1.21214 0.688887 -0.0364955 0.018743 0.723707
1.74066e+09 77.049 24.7352 1.21211 0.689011 -0.0370662 0.0186808 0.723562
1.74066e+09 77.0428 24.8357 1.21066 0.688491 -0.0381302 0.0195124 0.723979
1.74066e+09 77.0354 24.922 1.2056 0.686855 -0.0376058 0.0191354 0.725569
1.74066e+09 77.0278 25.0072 1.19916 0.687759 -0.0360115 0.0182499 0.724816
1.74066e+09 77.0192 25.11 1.19386 0.686976 -0.0379365 0.0199439 0.725415
1.74066e+09 77.0011 25.2124 1.18569 0.687146 -0.0364794 0.0185113 0.725366
1.74066e+09 76.9976 25.3185 1.1789 0.68678 -0.0366795 0.0190857 0.725689
1.74066e+09 76.9839 25.4149 1.17314 0.686133 -0.0361109 0.0190783 0.726329
1.74066e+09 76.9769 25.5123 1.16817 0.685834 -0.0361761 0.0195121 0.726597
1.74066e+09 76.9641 25.6068 1.16609 0.685611 -0.0354758 0.0182868 0.726873
1.74066e+09 76.9582 25.702 1.16776 0.685448 -0.0347515 0.0180139 0.727069
1.74066e+09 76.9443 25.8201 1.15839 0.684845 -0.0362052 0.0195394 0.727526
1.74066e+09 76.9301 25.9316 1.15666 0.685549 -0.0384688 0.0211609 0.726701
1.74066e+09 76.9145 26.0386 1.15184 0.684632 -0.0360889 0.0189402 0.727748
1.74066e+09 76.903 26.1494 1.14494 0.683064 -0.0361434 0.0192551 0.729209
1.74066e+09 76.8889 26.2516 1.13962 0.683901 -0.0352177 0.0185796 0.728487
1.74066e+09 76.8755 26.3589 1.13043 0.682909 -0.0345093 0.0194391 0.729429
1.74066e+09 76.86 26.4867 1.12271 0.683628 -0.03624 0.019753 0.728663
1.74066e+09 76.8529 26.5984 1.11959 0.682519 -0.0384581 0.0208619 0.729557
1.74066e+09 76.8476 26.7033 1.11494 0.683495 -0.0366078 0.0197188 0.72877
1.74066e+09 76.8409 26.8172 1.11053 0.684636 -0.0373048 0.0212057 0.727621
1.74066e+09 76.8322 26.9187 1.10703 0.687626 -0.0357741 0.020477 0.724894
1.74066e+09 76.818 27.0235 1.10035 0.690583 -0.0353997 0.0204862 0.722095
1.74066e+09 76.8046 27.115 1.09473 0.694104 -0.0347273 0.0197401 0.718766
1.74066e+09 76.7936 27.217 1.08821 0.698472 -0.0343985 0.0201117 0.714527
1.74066e+09 76.7846 27.3169 1.08418 0.703473 -0.0346592 0.0197608 0.709601
1.74066e+09 76.7769 27.4174 1.07932 0.709379 -0.0332572 0.0194821 0.703772
1.74066e+09 76.7647 27.509 1.07718 0.7155 -0.0332784 0.019147 0.697557
1.74066e+09 76.7556 27.6141 1.07333 0.721777 -0.0336296 0.0196656 0.691029
1.74066e+09 76.7505 27.7045 1.06962 0.730241 -0.0336997 0.0191067 0.682091
1.74066e+09 76.746 27.8007 1.06534 0.737705 -0.0331883 0.019645 0.674021
1.74066e+09 76.7539 27.9022 1.05908 0.738344 -0.0311283 0.016402 0.673506
1.74066e+09 76.7553 28.0073 1.05589 0.738083 -0.0341001 0.0190877 0.673578
1.74066e+09 76.7612 28.1198 1.05286 0.737651 -0.0356212 0.0204901 0.673931
1.74066e+09 76.7625 28.2169 1.04552 0.73617 -0.0324956 0.0184135 0.675765
1.74066e+09 76.762 28.3265 1.04236 0.736756 -0.0341504 0.0181438 0.675052
1.74066e+09 76.7679 28.4336 1.04106 0.736559 -0.0353875 0.0205392 0.675135
1.74066e+09 76.7688 28.5429 1.03721 0.736159 -0.0354992 0.0201368 0.675577
1.74066e+09 76.775 28.6468 1.03533 0.736412 -0.0338917 0.0176344 0.675453
1.74066e+09 76.7824 28.7536 1.03027 0.735309 -0.0366658 0.0203617 0.676434
1.74066e+09 76.7855 28.8627 1.02239 0.734447 -0.0350967 0.0192131 0.677486
1.74066e+09 76.784 28.9769 1.01888 0.734719 -0.0345306 0.0186425 0.677236
1.74066e+09 76.795 29.0845 1.01115 0.734479 -0.0341824 0.0187857 0.677509
1.74066e+09 76.8006 29.1935 1.00761 0.734576 -0.0344155 0.018312 0.677406
1.74066e+09 76.8012 29.3019 1.00206 0.731926 -0.034766 0.0193112 0.680222
1.74066e+09 76.7987 29.4117 0.996018 0.732843 -0.0353509 0.0186028 0.679224
1.74066e+09 76.7983 29.5209 0.991798 0.731462 -0.0345347 0.0187638 0.680749
1.74066e+09 76.7995 29.6181 0.988588 0.731473 -0.0349221 0.0183578 0.680728
1.74066e+09 76.8081 29.7252 0.986369 0.731173 -0.0345968 0.0191557 0.681045
1.74066e+09 76.8114 29.836 0.980697 0.732002 -0.0359997 0.0201144 0.680053
1.74066e+09 76.8159 29.9429 0.97727 0.729517 -0.0363828 0.021205 0.682665
1.74066e+09 76.8172 30.0422 0.972789 0.729558 -0.0363461 0.0199932 0.68266
1.74066e+09 76.8159 30.1299 0.967863 0.72831 -0.0351114 0.0194772 0.68407
1.74066e+09 76.8211 30.2183 0.963641 0.728336 -0.0350586 0.0197205 0.684038
1.74066e+09 76.8239 30.3106 0.959851 0.728645 -0.035668 0.0199548 0.683671
1.74066e+09 76.8188 30.4038 0.954609 0.727631 -0.0345885 0.0185871 0.684844
1.74066e+09 76.8233 30.4987 0.945953 0.727276 -0.0342596 0.0187647 0.685233
1.74066e+09 76.826 30.5864 0.943824 0.726583 -0.0356393 0.0205756 0.685846
1.74066e+09 76.8302 30.6707 0.942912 0.726342 -0.0357779 0.0179429 0.686167
1.74066e+09 76.8243 30.7625 0.936637 0.726374 -0.0345732 0.0182546 0.686187
1.74066e+09 76.824 30.8547 0.936144 0.726051 -0.0369661 0.0217792 0.686302
1.74066e+09 76.8215 30.9338 0.932963 0.725821 -0.0366384 0.0192252 0.686638
1.74066e+09 76.8185 31.0056 0.930593 0.725261 -0.034529 0.0196928 0.687325
1.74066e+09 76.8224 31.0723 0.926753 0.7244 -0.0362899 0.0187022 0.68817
1.74066e+09 76.8303 31.138 0.92496 0.724639 -0.0350663 0.019216 0.687968
1.74066e+09 76.8269 31.2036 0.920002 0.724645 -0.0353498 0.0189406 0.687954
1.74066e+09 76.8257 31.2772 0.916711 0.724824 -0.0359123 0.0189325 0.687737
1.74066e+09 76.8256 31.352 0.911425 0.7245 -0.034613 0.0189981 0.688143
1.74066e+09 76.8273 31.4321 0.909946 0.723807 -0.0361013 0.0187058 0.688804
1.74066e+09 76.8265 31.5051 0.907335 0.723819 -0.0354621 0.0187657 0.688822
1.74066e+09 76.8283 31.5707 0.902963 0.722722 -0.0371458 0.0211238 0.689817
1.74066e+09 76.826 31.6343 0.899871 0.721577 -0.0361626 0.0204457 0.691087
1.74066e+09 76.8238 31.6872 0.894845 0.719931 -0.0352188 0.0175663 0.692929
1.74066e+09 76.823 31.7453 0.892544 0.71724 -0.0360204 0.018245 0.695655
1.74066e+09 76.8231 31.8059 0.891518 0.713287 -0.0379081 0.0196618 0.699569
1.74066e+09 76.8291 31.8638 0.889401 0.707906 -0.0350252 0.0182119 0.705202
1.74066e+09 76.8288 31.9239 0.890408 0.701873 -0.0355344 0.0183586 0.711179
1.74066e+09 76.8327 31.9723 0.887892 0.695271 -0.0346345 0.0192363 0.717655
1.74066e+09 76.8294 32.0209 0.88661 0.688147 -0.0385478 0.0207001 0.72425
1.74066e+09 76.8316 32.0615 0.883434 0.681162 -0.0375135 0.020415 0.730886
1.74066e+09 76.8304 32.1097 0.883319 0.672109 -0.0356986 0.0185336 0.739359
1.74066e+09 76.8249 32.1547 0.882628 0.658642 -0.0373619 0.0197748 0.751268
1.74066e+09 76.8234 32.207 0.880233 0.64529 -0.0395468 0.0220624 0.762594
1.74066e+09 76.817 32.2577 0.87656 0.631808 -0.0369367 0.0223261 0.773923
1.74066e+09 76.8123 32.3053 0.874069 0.616763 -0.0374848 0.0226462 0.78593
1.74066e+09 76.8024 32.3517 0.868484 0.601392 -0.0390433 0.0218153 0.797702
1.74066e+09 76.7941 32.4028 0.865589 0.585634 -0.0375739 0.0228731 0.809381
1.74066e+09 76.7806 32.4495 0.86391 0.569728 -0.0392246 0.0240921 0.820543
1.74066e+09 76.7691 32.4952 0.860315 0.551747 -0.0396601 0.0233089 0.832742
1.74066e+09 76.7577 32.5304 0.859167 0.536376 -0.037867 0.0247315 0.842766
1.74066e+09 76.7356 32.5793 0.854114 0.519114 -0.0388638 0.0247791 0.853461
1.74066e+09 76.7239 32.6308 0.852012 0.501209 -0.0380828 0.0236923 0.864163
1.74066e+09 76.7013 32.684 0.852264 0.485907 -0.0380466 0.0256036 0.872807
1.74066e+09 76.6783 32.7331 0.845063 0.467701 -0.0400187 0.0260908 0.882595
1.74066e+09 76.6552 32.771 0.842591 0.452663 -0.0354692 0.0253908 0.890614
1.74066e+09 76.6138 32.8069 0.842595 0.435897 -0.0395425 0.0239646 0.898808
1.74066e+09 76.586 32.8505 0.842192 0.420818 -0.0394364 0.0256482 0.905925
1.74066e+09 76.5561 32.8909 0.836874 0.405085 -0.0357942 0.0246185 0.913246
1.74066e+09 76.5256 32.9342 0.835327 0.388676 -0.0385865 0.0264157 0.920187
1.74066e+09 76.4922 32.9769 0.832301 0.373925 -0.0397017 0.0266474 0.926225
1.74066e+09 76.4568 33.0182 0.827071 0.357043 -0.0365516 0.0251585 0.933033
1.74066e+09 76.4202 33.0574 0.823261 0.337316 -0.0384764 0.0270379 0.940216
1.74066e+09 76.3792 33.0893 0.8163 0.320202 -0.0411479 0.027295 0.946062
1.74066e+09 76.3366 33.1142 0.807561 0.300662 -0.0386208 0.0267364 0.952573
1.74066e+09 76.2995 33.1502 0.80521 0.280639 -0.0400219 0.0280351 0.958569
1.74066e+09 76.2572 33.184 0.799347 0.259521 -0.0402873 0.0268894 0.964522
1.74066e+09 76.2195 33.2135 0.799744 0.239983 -0.0392623 0.0279067 0.969581
1.74066e+09 76.174 33.242 0.803746 0.218284 -0.0417689 0.0295431 0.974543
1.74066e+09 76.1298 33.2745 0.799439 0.197911 -0.0414063 0.0280727 0.978943
1.74066e+09 76.0897 33.3027 0.800759 0.180413 -0.0396374 0.0299029 0.982337
1.74066e+09 76.0437 33.3197 0.795297 0.162175 -0.0397233 0.0291572 0.985531
1.74066e+09 75.9883 33.3323 0.788651 0.150198 -0.0398646 0.0295249 0.987411
1.74066e+09 75.9319 33.3585 0.78277 0.138551 -0.0386547 0.0307163 0.989124
1.74066e+09 75.8762 33.3751 0.777021 0.12507 -0.0397844 0.0303821 0.990884
1.74066e+09 75.8174 33.3863 0.77515 0.110629 -0.0386685 0.0302387 0.992649
1.74066e+09 75.7632 33.4075 0.776374 0.0958499 -0.0364332 0.0299949 0.994276
1.74066e+09 75.7069 33.4309 0.774205 0.0813778 -0.0362824 0.0299537 0.995572
1.74066e+09 75.6419 33.4405 0.772662 0.0670601 -0.0355953 0.0310416 0.99663
1.74066e+09 75.5855 33.4566 0.76881 0.0534467 -0.035011 0.0307519 0.997483
1.74066e+09 75.5335 33.4637 0.766946 0.0407415 -0.0358641 0.0306797 0.998054
1.74066e+09 75.4812 33.4722 0.761731 0.0268459 -0.0355894 0.0311463 0.99852
1.74066e+09 75.4202 33.4794 0.75876 0.0111218 -0.0338357 0.0304305 0.998902
1.74066e+09 75.3672 33.4798 0.759498 -0.00616366 -0.0322992 0.0301758 0.999004
1.74066e+09 75.3148 33.4793 0.756017 -0.0239387 -0.031544 0.031315 0.998725
1.74066e+09 75.2622 33.4715 0.753297 -0.041056 -0.0349219 0.0295627 0.998109
1.74066e+09 75.2112 33.4727 0.750437 -0.0588071 -0.0340071 0.0308668 0.997212
1.74066e+09 75.1511 33.467 0.749395 -0.0758927 -0.0325437 0.0303935 0.996121
1.74066e+09 75.0957 33.4531 0.748503 -0.0953889 -0.0326526 0.0309462 0.994423
1.74066e+09 75.0428 33.4493 0.746628 -0.113707 -0.0357371 0.0294464 0.992435
1.74066e+09 74.9922 33.4443 0.744087 -0.132513 -0.0327099 0.0301714 0.990182
1.74066e+09 74.9382 33.4429 0.743773 -0.151481 -0.0310543 0.0308022 0.987492
1.74066e+09 74.8825 33.4324 0.743764 -0.17114 -0.0349756 0.0295618 0.984182
1.74066e+09 74.8369 33.418 0.739817 -0.189539 -0.0326567 0.0283866 0.980919
1.74066e+09 74.7872 33.4052 0.740513 -0.208029 -0.030412 0.0306989 0.977168
1.74066e+09 74.7364 33.3819 0.739302 -0.226799 -0.0347771 0.0288696 0.972892
1.74066e+09 74.6904 33.3601 0.73694 -0.245248 -0.0331642 0.0283535 0.968478
1.74066e+09 74.6442 33.3332 0.735972 -0.266117 -0.0306056 0.0298217 0.962993
1.74066e+09 74.5971 33.3095 0.738127 -0.285526 -0.0334288 0.0279571 0.95738
1.74066e+09 74.5486 33.2879 0.733851 -0.304649 -0.0326808 0.0270105 0.951521
1.74066e+09 74.5052 33.2576 0.73462 -0.322288 -0.0287639 0.0308419 0.945702
1.74066e+09 74.4639 33.2231 0.732807 -0.340744 -0.029221 0.028583 0.939267
1.74066e+09 74.4149 33.1926 0.731783 -0.35675 -0.0309907 0.0257842 0.93333
1.74066e+09 74.3704 33.161 0.731035 -0.372735 -0.0288457 0.0286722 0.927046
1.74066e+09 74.3288 33.1258 0.733951 -0.391395 -0.0296525 0.0292141 0.919281
1.74066e+09 74.2924 33.0899 0.733041 -0.409178 -0.0309469 0.0252687 0.91158
1.74066e+09 74.2506 33.0654 0.7308 -0.427813 -0.0272727 0.0277633 0.903029
1.74066e+09 74.2306 33.024 0.726769 -0.443741 -0.0281218 0.0281124 0.895273
1.74066e+09 74.2053 32.9718 0.721435 -0.460024 -0.0308466 0.0253172 0.887009
1.74066e+09 74.1624 32.9259 0.726127 -0.477769 -0.0302739 0.0264082 0.877567
1.74066e+09 74.1232 32.8798 0.728339 -0.494384 -0.0292089 0.0258422 0.868368
1.74066e+09 74.0874 32.8338 0.732194 -0.507603 -0.0294491 0.0263714 0.860683
1.74066e+09 74.0482 32.777 0.73364 -0.507927 -0.027886 0.0279682 0.860494
1.74066e+09 74.0061 32.6995 0.739933 -0.507622 -0.033564 0.0258413 0.860538
1.74066e+09 73.9646 32.6277 0.741878 -0.508687 -0.0321489 0.0275744 0.859909
1.74066e+09 73.9285 32.557 0.743574 -0.508693 -0.0312084 0.028442 0.859912
1.74066e+09 73.8946 32.491 0.744246 -0.509 -0.0315914 0.0281783 0.859725
1.74066e+09 73.8633 32.4304 0.742449 -0.509067 -0.0311564 0.0284578 0.859692
1.74066e+09 73.8331 32.369 0.737387 -0.508667 -0.03092 0.0298666 0.85989
1.74066e+09 73.8074 32.3059 0.736034 -0.509302 -0.0301809 0.0308274 0.859506
1.74066e+09 73.781 32.2401 0.735864 -0.50935 -0.0297883 0.031123 0.859481
1.74066e+09 73.7452 32.1654 0.735063 -0.510557 -0.0312339 0.0301157 0.858749
1.74066e+09 73.7123 32.1001 0.736495 -0.512544 -0.0300415 0.0316482 0.857552
1.74066e+09 73.6818 32.0405 0.735759 -0.515287 -0.029391 0.031224 0.855944
1.74066e+09 73.6512 31.9876 0.740325 -0.518952 -0.0292109 0.0312577 0.853732
1.74066e+09 73.6265 31.9312 0.742191 -0.525142 -0.0279177 0.031552 0.849971
1.74066e+09 73.6028 31.8841 0.74531 -0.533716 -0.028391 0.0319978 0.844581
1.74066e+09 73.5805 31.8336 0.746948 -0.540314 -0.0270995 0.0321236 0.840413
1.74066e+09 73.5574 31.7831 0.747658 -0.550002 -0.0281007 0.0321731 0.83407
1.74066e+09 73.5333 31.7368 0.7473 -0.560103 -0.0279593 0.0317656 0.827342
1.74066e+09 73.506 31.6913 0.746017 -0.571554 -0.0267389 0.0322829 0.819493
1.74066e+09 73.4856 31.6445 0.745201 -0.581196 -0.0256639 0.0314277 0.812751
1.74066e+09 73.4695 31.5947 0.745579 -0.592216 -0.023847 0.0337217 0.80472
1.74066e+09 73.4497 31.5385 0.748663 -0.603076 -0.024123 0.0308109 0.796723
1.74066e+09 73.4295 31.4925 0.751384 -0.613104 -0.0227848 0.0329555 0.788986
1.74066e+09 73.4153 31.4334 0.754798 -0.623173 -0.0253022 0.0290275 0.781135
1.74066e+09 73.4036 31.3797 0.756552 -0.633801 -0.0241515 0.0312038 0.772489
1.74066e+09 73.3896 31.3313 0.760084 -0.642832 -0.0220239 0.0312199 0.765053
1.74066e+09 73.3831 31.2813 0.761123 -0.654173 -0.0208768 0.0308895 0.755426
1.74066e+09 73.3694 31.2284 0.765234 -0.666172 -0.0220205 0.030117 0.744864
1.74066e+09 73.3607 31.1808 0.766802 -0.676169 -0.0201672 0.0307298 0.735829
1.74066e+09 73.3519 31.1307 0.768454 -0.685073 -0.0207332 0.029173 0.727595
1.74066e+09 73.347 31.0664 0.77153 -0.686037 -0.0204759 0.0332739 0.726517
1.74066e+09 73.3481 30.988 0.773483 -0.68596 -0.0200687 0.0303433 0.72673
1.74066e+09 73.3424 30.9137 0.776113 -0.686034 -0.0211646 0.0289199 0.726687
1.74066e+09 73.3449 30.8394 0.777938 -0.686018 -0.0211579 0.0316653 0.726587
1.74066e+09 73.3485 30.7707 0.783172 -0.68628 -0.0216905 0.0294231 0.726418
1.74066e+09 73.3481 30.6905 0.788575 -0.686781 -0.021363 0.0307622 0.725899
1.74066e+09 73.3494 30.615 0.791952 -0.686715 -0.0205971 0.0285865 0.726072
1.74066e+09 73.35 30.5431 0.795223 -0.68642 -0.0216748 0.029689 0.726276
1.74066e+09 73.3497 30.469 0.793715 -0.686882 -0.0206471 0.0296366 0.72587
1.74066e+09 73.3514 30.3964 0.800834 -0.686203 -0.0229161 0.0296217 0.726445
1.74066e+09 73.3487 30.3223 0.802764 -0.686114 -0.0200528 0.0301159 0.726594
1.74066e+09 73.347 30.2478 0.809347 -0.686329 -0.0224964 0.0287666 0.726374
1.74066e+09 73.3527 30.1702 0.811914 -0.686517 -0.0204396 0.0307949 0.726173
1.74066e+09 73.347 30.0983 0.812267 -0.686602 -0.0215408 0.029511 0.726115
1.74066e+09 73.3445 30.0222 0.814602 -0.68711 -0.0214599 0.0303973 0.7256
1.74066e+09 73.3473 29.951 0.817959 -0.687443 -0.0196445 0.0308515 0.725317
1.74066e+09 73.35 29.8804 0.825704 -0.687228 -0.0213949 0.0303817 0.725491
1.74066e+09 73.3495 29.8139 0.826091 -0.687288 -0.0199414 0.03065 0.725464
1.74066e+09 73.3449 29.7394 0.829317 -0.687524 -0.0205654 0.0292105 0.725282
1.74066e+09 73.3407 29.663 0.83559 -0.687394 -0.0204413 0.0310189 0.725334
1.74066e+09 73.3395 29.5879 0.839586 -0.688037 -0.021123 0.0296927 0.72476
1.74066e+09 73.3382 29.5132 0.843659 -0.687741 -0.0205326 0.0298807 0.72505
1.74066e+09 73.3291 29.4274 0.847822 -0.6882 -0.0206318 0.0297041 0.724619
1.74066e+09 73.329 29.3446 0.853274 -0.688209 -0.0211039 0.0294051 0.724609
1.74066e+09 73.3324 29.2743 0.853481 -0.689039 -0.0197758 0.0298214 0.72384
1.74066e+09 73.3333 29.1973 0.859958 -0.688037 -0.021154 0.0303588 0.724732
1.74066e+09 73.3297 29.1224 0.862534 -0.688583 -0.0199272 0.030037 0.724261
1.74066e+09 73.3324 29.0484 0.861919 -0.688958 -0.0197499 0.0304 0.723894
1.74066e+09 73.3335 28.9737 0.86385 -0.689415 -0.0202544 0.029859 0.723467
1.74066e+09 73.3363 28.8877 0.867113 -0.688592 -0.0206727 0.0299589 0.724235
1.74066e+09 73.3365 28.8198 0.868088 -0.687609 -0.0212649 0.0297108 0.725161
1.74066e+09 73.3358 28.7541 0.873564 -0.684748 -0.0210155 0.0303313 0.727845
1.74066e+09 73.3377 28.687 0.876948 -0.681459 -0.0200719 0.0306313 0.73094
1.74066e+09 73.3375 28.6151 0.881683 -0.6769 -0.0226165 0.0306407 0.735089
1.74066e+09 73.3366 28.5521 0.888415 -0.672876 -0.0218677 0.031609 0.738756
1.74066e+09 73.3369 28.4903 0.889036 -0.667717 -0.0225398 0.0308099 0.743435
1.74066e+09 73.3395 28.4328 0.893501 -0.663012 -0.0230949 0.0315141 0.747589
1.74066e+09 73.3405 28.3711 0.896782 -0.657305 -0.0251132 0.0307949 0.752577
1.74066e+09 73.341 28.3151 0.897869 -0.648652 -0.0228505 0.0317704 0.760078
1.74066e+09 73.3351 28.2612 0.900657 -0.643144 -0.0229433 0.0323342 0.764718
1.74066e+09 73.3289 28.1969 0.902543 -0.644824 -0.0235936 0.0322014 0.763288
1.74066e+09 73.3152 28.1148 0.902637 -0.644558 -0.0227175 0.0306099 0.763605
1.74066e+09 73.3075 28.0371 0.906323 -0.645301 -0.0234829 0.0305613 0.762956
1.74066e+09 73.3015 27.9571 0.911611 -0.645188 -0.0231791 0.0303107 0.76307
1.74066e+09 73.2938 27.8739 0.914079 -0.645471 -0.0231725 0.030659 0.762817
1.74066e+09 73.2833 27.7996 0.918558 -0.646303 -0.0231622 0.0307447 0.762109
1.74066e+09 73.2719 27.7314 0.921319 -0.646798 -0.0228831 0.0300495 0.761725
1.74066e+09 73.2616 27.6631 0.923571 -0.646648 -0.0227542 0.0310012 0.761819
1.74066e+09 73.2529 27.5918 0.925888 -0.647502 -0.0225714 0.029978 0.761139
1.74066e+09 73.2481 27.5197 0.928268 -0.647181 -0.0237328 0.0297607 0.761386
1.74066e+09 73.2441 27.4485 0.931385 -0.647338 -0.023149 0.0294695 0.761281
1.74066e+09 73.232 27.3785 0.935636 -0.647732 -0.0233375 0.0296442 0.760934
1.74066e+09 73.2209 27.3084 0.93727 -0.648613 -0.0235346 0.030241 0.760153
1.74066e+09 73.2171 27.2348 0.942582 -0.648569 -0.0229887 0.0276323 0.760306
1.74066e+09 73.2061 27.1611 0.942846 -0.648866 -0.0235223 0.0305401 0.759926
1.74066e+09 73.1978 27.0912 0.94465 -0.648889 -0.0232941 0.029256 0.759963
1.74066e+09 73.1916 27.0207 0.946773 -0.649285 -0.0236075 0.0286104 0.75964
1.74066e+09 73.1813 26.9488 0.949532 -0.648606 -0.0238528 0.0308533 0.760125
1.74066e+09 73.1732 26.8837 0.950395 -0.648944 -0.0226914 0.0283175 0.759971
1.74066e+09 73.1671 26.8184 0.952502 -0.649362 -0.022171 0.0312329 0.759514
1.74066e+09 73.1608 26.7432 0.954026 -0.649256 -0.0225433 0.0302235 0.759634
1.74066e+09 73.1568 26.6702 0.95637 -0.650425 -0.0225363 0.029178 0.758676
1.74066e+09 73.1485 26.6018 0.96232 -0.650734 -0.0227705 0.0313769 0.758316
1.74066e+09 73.1394 26.5314 0.967125 -0.650786 -0.0220283 0.0296593 0.758362
1.74066e+09 73.1277 26.462 0.975525 -0.649911 -0.0229751 0.0320845 0.758985
1.74066e+09 73.1264 26.4632 0.975546 -0.649897 -0.0229872 0.0320429 0.758999
1.74066e+09 73.1258 26.4639 0.975587 -0.649893 -0.0229899 0.0320288 0.759002
1.74066e+09 73.1693 26.1638 0.983955 -0.646744 -0.0251287 0.0412448 0.761176
1.74066e+09 73.1886 26.1042 0.979517 -0.650604 -0.0221947 0.029473 0.758521
1.74066e+09 73.1441 26.0676 0.980875 -0.650865 -0.0233541 0.0298806 0.758246
1.74066e+09 73.1055 26.0151 0.982864 -0.650315 -0.0232296 0.0293506 0.758742
1.74066e+09 73.0735 25.9482 0.987187 -0.650848 -0.0236229 0.0295008 0.758267
1.74066e+09 73.0511 25.8821 0.988433 -0.650238 -0.0227296 0.0302203 0.758789
1.74066e+09 73.0415 25.8039 0.992345 -0.650187 -0.0235881 0.028207 0.758884
1.74066e+09 73.0318 25.7341 0.996747 -0.650117 -0.0232008 0.0304966 0.758867
1.74066e+09 73.0266 25.6745 0.999235 -0.650691 -0.022456 0.0284484 0.758477
1.74066e+09 73.0216 25.5964 1.00236 -0.651071 -0.0234594 0.0304284 0.758044
1.74066e+09 73.0227 25.5205 1.00211 -0.651212 -0.0219573 0.0297678 0.757994
1.74066e+09 73.0183 25.4462 1.00479 -0.651162 -0.0227657 0.0292065 0.758035
1.74066e+09 73.0131 25.374 1.00635 -0.65124 -0.022031 0.0301203 0.757954
1.74066e+09 73.0093 25.3108 1.00912 -0.651757 -0.0218386 0.0294768 0.75754
1.74066e+09 73.0038 25.2378 1.01155 -0.651532 -0.0217973 0.0304844 0.757695
1.74066e+09 72.9952 25.1673 1.01736 -0.652079 -0.0217845 0.0294721 0.757265
1.74066e+09 72.9941 25.0981 1.02112 -0.652479 -0.0216922 0.0291142 0.756937
1.74066e+09 72.9861 25.0256 1.02692 -0.652458 -0.0228821 0.0297896 0.756893
1.74066e+09 72.9798 24.9556 1.02878 -0.652492 -0.0213555 0.0300662 0.756898
1.74066e+09 72.9717 24.8943 1.0337 -0.65278 -0.021461 0.0300927 0.756646
1.74066e+09 72.9616 24.8233 1.03456 -0.652649 -0.0218928 0.0298084 0.756757
1.74066e+09 72.9538 24.7518 1.03791 -0.652642 -0.0206659 0.0303213 0.756778
1.74066e+09 72.9474 24.6773 1.04064 -0.652855 -0.0217882 0.0298395 0.756581
1.74066e+09 72.9383 24.6086 1.04116 -0.652916 -0.022967 0.0289017 0.75653
1.74066e+09 72.9323 24.543 1.04473 -0.653139 -0.0209604 0.0299324 0.756356
1.74066e+09 72.9221 24.4636 1.04719 -0.654069 -0.0218696 0.0289843 0.755563
1.74066e+09 72.9165 24.3928 1.049 -0.654385 -0.0226557 0.0298398 0.755233
1.74066e+09 72.9148 24.3255 1.0537 -0.654904 -0.0217473 0.0284972 0.754861
1.74066e+09 72.9079 24.2613 1.05819 -0.65499 -0.0221267 0.0298791 0.754723
1.74066e+09 72.9044 24.1907 1.06029 -0.653992 -0.0215141 0.0292273 0.75563
1.74066e+09 72.8977 24.1226 1.0633 -0.654957 -0.0224765 0.0295537 0.754754
1.74066e+09 72.8929 24.0534 1.06557 -0.655003 -0.022067 0.0302708 0.754697
1.74066e+09 72.8854 23.9787 1.06764 -0.655239 -0.0212719 0.029386 0.75455
1.74066e+09 72.8794 23.9051 1.07068 -0.655666 -0.0222486 0.0290283 0.754165
1.74066e+09 72.867 23.8325 1.07415 -0.65603 -0.0204195 0.0310563 0.753819
1.74066e+09 72.8642 23.7592 1.07995 -0.65542 -0.021678 0.0286199 0.754411
1.74066e+09 72.8572 23.6861 1.08277 -0.655527 -0.0212779 0.0318411 0.7542
1.74066e+09 72.8531 23.61 1.08583 -0.655521 -0.0195609 0.030522 0.754307
1.74066e+09 72.8483 23.5374 1.09076 -0.654531 -0.0216205 0.0311435 0.755084
1.74066e+09 72.8406 23.4632 1.09031 -0.654906 -0.0199895 0.0303522 0.754836
1.74066e+09 72.8306 23.3924 1.09371 -0.655022 -0.0219668 0.0290181 0.754733
1.74066e+09 72.8202 23.3242 1.09441 -0.655614 -0.0214336 0.0311395 0.754149
1.74066e+09 72.8145 23.2533 1.09784 -0.656063 -0.0210751 0.0290769 0.753851
1.74066e+09 72.8081 23.182 1.10008 -0.655657 -0.0207307 0.0311494 0.754131
1.74066e+09 72.8019 23.1078 1.10137 -0.656002 -0.0206245 0.0296775 0.753894
1.74066e+09 72.7951 23.0345 1.10677 -0.656295 -0.0229446 0.0284704 0.753617
1.74066e+09 72.7926 22.9623 1.10963 -0.65596 -0.0209046 0.0301206 0.753904
1.74066e+09 72.7829 22.8935 1.10817 -0.657019 -0.0210167 0.0289188 0.753026
1.74066e+09 72.7754 22.8196 1.11352 -0.656617 -0.0215927 0.0304908 0.753299
1.74066e+09 72.7703 22.747 1.11664 -0.656435 -0.0207748 0.0292386 0.753529
1.74066e+09 72.7618 22.6724 1.12031 -0.656292 -0.0212725 0.0294903 0.753631
1.74066e+09 72.7551 22.6005 1.12671 -0.656643 -0.0206228 0.0296319 0.753337
1.74066e+09 72.7492 22.5306 1.13247 -0.65659 -0.021975 0.0289728 0.753371
1.74066e+09 72.7397 22.4721 1.13567 -0.657086 -0.0210175 0.0316475 0.752858
1.74066e+09 72.7407 22.407 1.14046 -0.656948 -0.0200003 0.0307185 0.753044
1.74066e+09 72.7344 22.3394 1.14217 -0.657256 -0.0200319 0.0305772 0.75278
1.74066e+09 72.7331 22.2838 1.14148 -0.657703 -0.0189823 0.0306002 0.752416
1.74066e+09 72.7267 22.221 1.14002 -0.658388 -0.0195234 0.0303625 0.751813
1.74066e+09 72.719 22.1559 1.14583 -0.658742 -0.0214776 0.0294098 0.751487
1.74066e+09 72.7138 22.0976 1.14548 -0.659668 -0.0210233 0.0300474 0.750662
1.74066e+09 72.7087 22.0392 1.14678 -0.659309 -0.0198185 0.0300749 0.751009
1.74066e+09 72.705 21.9791 1.14687 -0.659471 -0.0195856 0.0302671 0.750865
1.74066e+09 72.7006 21.925 1.15064 -0.660107 -0.0198885 0.0301583 0.750302
1.74066e+09 72.6971 21.8723 1.15527 -0.659637 -0.0206089 0.0301833 0.750695
1.74066e+09 72.6916 21.8186 1.15937 -0.660226 -0.0212579 0.0298364 0.750173
1.74066e+09 72.6878 21.7568 1.16442 -0.660424 -0.0208967 0.0292289 0.750033
1.74066e+09 72.6827 21.7034 1.17023 -0.660775 -0.0216276 0.0298288 0.749679
1.74066e+09 72.6781 21.6526 1.17521 -0.661228 -0.0215394 0.0296517 0.749289
1.74066e+09 72.677 21.5906 1.17851 -0.661724 -0.0210639 0.0292522 0.748881
1.74066e+09 72.6714 21.5378 1.17515 -0.661718 -0.0208817 0.0296205 0.748877
1.74066e+09 72.6664 21.4721 1.17798 -0.661744 -0.0214597 0.0292888 0.74885
1.74066e+09 72.6572 21.4142 1.18127 -0.661632 -0.0227676 0.0285889 0.748938
1.74066e+09 72.6503 21.3545 1.18157 -0.661786 -0.0217678 0.0289404 0.748818
1.74066e+09 72.6443 21.2876 1.18368 -0.661881 -0.023098 0.0285081 0.74871
1.74066e+09 72.6381 21.2235 1.18433 -0.662889 -0.0209574 0.0290386 0.747861
1.74066e+09 72.6335 21.1551 1.18935 -0.662784 -0.0211065 0.0289343 0.747953
1.74066e+09 72.6319 21.0934 1.19239 -0.663398 -0.0211194 0.0282421 0.747435
1.74066e+09 72.6324 21.0309 1.19534 -0.663354 -0.0219276 0.0294374 0.747405
1.74066e+09 72.6308 20.9665 1.19789 -0.663341 -0.0216934 0.0292322 0.747432
1.74066e+09 72.6276 20.9086 1.19812 -0.663944 -0.0191101 0.0301679 0.746929
1.74066e+09 72.6219 20.8465 1.20006 -0.663982 -0.0192829 0.0307551 0.746867
1.74066e+09 72.6166 20.7895 1.20376 -0.663665 -0.0205677 0.030521 0.747124
1.74066e+09 72.6093 20.7224 1.21328 -0.66407 -0.0218463 0.0308624 0.746714
1.74066e+09 72.6008 20.6564 1.21442 -0.665043 -0.0205242 0.0312374 0.745869
1.74066e+09 72.599 20.5953 1.2125 -0.665628 -0.0176718 0.0305479 0.745448
1.74066e+09 72.5968 20.5274 1.21519 -0.665191 -0.0201643 0.0294042 0.745821
1.74066e+09 72.5928 20.4584 1.21856 -0.665649 -0.0203588 0.0313198 0.74533
1.74066e+09 72.5908 20.3919 1.22337 -0.666239 -0.0186398 0.03156 0.744837
1.74066e+09 72.5894 20.3223 1.22724 -0.666689 -0.018997 0.0296887 0.744502
1.74066e+09 72.581 20.2535 1.23105 -0.665979 -0.0210792 0.0312022 0.745019
1.74066e+09 72.5768 20.1858 1.23598 -0.666447 -0.0197811 0.0324952 0.744581
1.74066e+09 72.5735 20.1183 1.2394 -0.666456 -0.0172268 0.0309074 0.744704
1.74066e+09 72.5636 20.0506 1.24246 -0.666514 -0.0185318 0.0316078 0.744592
1.74066e+09 72.5534 19.9862 1.24467 -0.666893 -0.0189388 0.0330843 0.744178
1.74066e+09 72.5452 19.9157 1.24547 -0.667695 -0.0189267 0.0303841 0.743574
1.74066e+09 72.5407 19.8416 1.24652 -0.667871 -0.0190248 0.031088 0.743384
1.74066e+09 72.5332 19.7683 1.2492 -0.668036 -0.0178407 0.0317207 0.743239
1.74066e+09 72.5324 19.6931 1.25183 -0.667318 -0.0200604 0.030352 0.743884
1.74066e+09 72.5255 19.6306 1.2534 -0.668087 -0.0187164 0.0315204 0.74318
1.74066e+09 72.5248 19.5615 1.25846 -0.66797 -0.019549 0.0297337 0.743337
1.74066e+09 72.5223 19.4867 1.26403 -0.667684 -0.0204387 0.0303375 0.743545
1.74066e+09 72.5263 19.411 1.2696 -0.668019 -0.0203973 0.0296773 0.743273
1.74066e+09 72.5232 19.3368 1.27694 -0.668732 -0.0212365 0.0289278 0.742637
1.74066e+09 72.5192 19.2655 1.27935 -0.668328 -0.0193662 0.0309737 0.742969
1.74066e+09 72.5153 19.1954 1.28416 -0.669239 -0.0204507 0.0287181 0.74221
1.74066e+09 72.5128 19.119 1.28687 -0.668525 -0.0215217 0.0296062 0.742788
1.74066e+09 72.5058 19.038 1.29244 -0.668954 -0.0202832 0.0306342 0.742396
1.74066e+09 72.4996 18.9573 1.29751 -0.668997 -0.0209605 0.028575 0.742419
1.74066e+09 72.4916 18.8893 1.29802 -0.668974 -0.0207401 0.0307034 0.742362
1.74066e+09 72.492 18.8231 1.29142 -0.669202 -0.0194996 0.0299428 0.742221
1.74066e+09 72.4915 18.7573 1.28807 -0.670573 -0.0208516 0.0289272 0.740986
1.74066e+09 72.4906 18.6934 1.28923 -0.670494 -0.019655 0.0299369 0.74105
1.74066e+09 72.4895 18.6332 1.29346 -0.670324 -0.0195058 0.0294233 0.741229
1.74066e+09 72.4811 18.5624 1.29905 -0.670192 -0.0207453 0.029909 0.741295
1.74066e+09 72.4755 18.4902 1.30825 -0.669712 -0.0199873 0.0291436 0.74178
1.74066e+09 72.4694 18.4174 1.31313 -0.670065 -0.0208149 0.0286757 0.741456
1.74066e+09 72.4635 18.3468 1.31844 -0.670494 -0.0196971 0.0286819 0.741098
1.74066e+09 72.4605 18.2734 1.32145 -0.670952 -0.0204352 0.0285204 0.740671
1.74066e+09 72.4545 18.1976 1.32601 -0.670389 -0.0204585 0.0291061 0.741156
1.74066e+09 72.4541 18.1212 1.32574 -0.670701 -0.0201728 0.0290807 0.740883
1.74066e+09 72.4536 18.0449 1.32789 -0.670567 -0.02081 0.028871 0.740995
1.74066e+09 72.4501 17.965 1.33099 -0.670527 -0.0199951 0.0296845 0.741022
1.74066e+09 72.4488 17.8992 1.33583 -0.671021 -0.0208012 0.0278717 0.740622
1.74066e+09 72.4398 17.8234 1.33935 -0.671088 -0.0213349 0.0292188 0.740494
1.74066e+09 72.4385 17.7589 1.34423 -0.671185 -0.0198864 0.0299633 0.740417
1.74066e+09 72.4342 17.6915 1.3477 -0.6721 -0.0207761 0.0294883 0.739581
1.74066e+09 72.4328 17.6217 1.34887 -0.672175 -0.0207546 0.0286016 0.739549
1.74066e+09 72.4294 17.5596 1.35418 -0.672601 -0.0204683 0.0308467 0.739079
1.74066e+09 72.4305 17.4866 1.35357 -0.672835 -0.0195274 0.0293776 0.738951
1.74066e+09 72.4229 17.4197 1.35727 -0.67287 -0.0213393 0.0288604 0.738889
1.74066e+09 72.4186 17.3563 1.36306 -0.673009 -0.0218084 0.0304621 0.738685
1.74066e+09 72.4129 17.2943 1.36666 -0.673329 -0.020205 0.0307557 0.738427
1.74066e+09 72.4091 17.2319 1.3703 -0.673648 -0.0180657 0.0313758 0.738165
1.74066e+09 72.3998 17.1556 1.37308 -0.673518 -0.0199991 0.0310764 0.738246
1.74066e+09 72.3944 17.0744 1.37226 -0.674418 -0.0185967 0.0310173 0.737464
1.74066e+09 72.389 16.999 1.37763 -0.67411 -0.0198118 0.0313435 0.737699
1.74066e+09 72.382 16.9253 1.38237 -0.674553 -0.0177183 0.0318509 0.737326
1.74066e+09 72.3813 16.8577 1.38444 -0.673817 -0.0178674 0.0323176 0.737974
1.74066e+09 72.3801 16.7899 1.38486 -0.674287 -0.0179428 0.0322873 0.737545
1.74066e+09 72.381 16.7191 1.39271 -0.674031 -0.0191182 0.0323915 0.737745
1.74066e+09 72.3818 16.6395 1.39207 -0.674767 -0.0165659 0.0323064 0.737137
1.74066e+09 72.3757 16.5599 1.39733 -0.674881 -0.0187241 0.032159 0.736988
1.74066e+09 72.3752 16.4848 1.40452 -0.675814 -0.0179404 0.0318389 0.736165
1.74066e+09 72.371 16.4118 1.40561 -0.675294 -0.0186621 0.0324545 0.736598
1.74066e+09 72.3721 16.3381 1.40908 -0.675306 -0.0181354 0.031471 0.736643
1.74066e+09 72.3698 16.2599 1.41132 -0.675602 -0.018939 0.0313764 0.736355
1.74066e+09 72.3694 16.1868 1.41568 -0.675387 -0.0182373 0.032057 0.73654
1.74066e+09 72.3675 16.1113 1.42344 -0.676099 -0.0178495 0.0303474 0.735969
1.74066e+09 72.3535 16.0319 1.43805 -0.676336 -0.0191652 0.0311234 0.735686
1.74066e+09 72.3458 15.9514 1.44729 -0.676472 -0.0185535 0.0303251 0.73561
1.74066e+09 72.3454 15.8789 1.4454 -0.676523 -0.0190797 0.0301153 0.735558
1.74066e+09 72.3445 15.8031 1.44373 -0.67665 -0.0171082 0.0304995 0.735473
1.74066e+09 72.3406 15.7324 1.44072 -0.676521 -0.0176671 0.0309505 0.73556
1.74066e+09 72.342 15.6568 1.44013 -0.676372 -0.0180222 0.0305898 0.735704
1.74066e+09 72.3423 15.5883 1.44249 -0.677094 -0.017531 0.0305528 0.735053
1.74066e+09 72.3432 15.5203 1.44545 -0.677062 -0.0177803 0.030022 0.735098
1.74066e+09 72.341 15.4421 1.45088 -0.677857 -0.0173973 0.0305568 0.734352
1.74066e+09 72.3454 15.3675 1.45262 -0.677481 -0.0184001 0.0299264 0.7347
1.74066e+09 72.3413 15.2959 1.45738 -0.678203 -0.0171165 0.0303219 0.734049
1.74066e+09 72.3413 15.2152 1.46669 -0.678181 -0.0177078 0.0322914 0.733972
1.74066e+09 72.3346 15.1264 1.47643 -0.677869 -0.0182846 0.0303775 0.734327
1.74066e+09 72.3319 15.0464 1.47936 -0.678038 -0.0181959 0.0310186 0.734147
1.74066e+09 72.3298 14.9745 1.48145 -0.677205 -0.0191208 0.0304108 0.734917
1.74066e+09 72.3255 14.909 1.48311 -0.674811 -0.0193231 0.0309523 0.737088
1.74066e+09 72.3205 14.8525 1.48382 -0.672146 -0.0186503 0.0312128 0.739526
1.74066e+09 72.3154 14.7905 1.48585 -0.669597 -0.0197525 0.030023 0.741854
1.74066e+09 72.3161 14.7327 1.48835 -0.66526 -0.0191535 0.0301006 0.745759
1.74066e+09 72.3137 14.6705 1.49293 -0.661582 -0.021316 0.0296132 0.748985
1.74066e+09 72.3185 14.6118 1.49631 -0.655308 -0.0197744 0.0291694 0.754539
1.74066e+09 72.3135 14.5521 1.50264 -0.649322 -0.020396 0.030254 0.759638
1.74066e+09 72.3097 14.4866 1.50746 -0.643941 -0.0216755 0.0302089 0.764171
1.74066e+09 72.3085 14.4278 1.51182 -0.636685 -0.0211192 0.0295704 0.770268
1.74066e+09 72.3052 14.3731 1.51159 -0.628801 -0.0203041 0.0301117 0.776717
1.74066e+09 72.2998 14.3233 1.51436 -0.627044 -0.017088 0.0320352 0.778137
1.74066e+09 72.2871 14.2539 1.51501 -0.628594 -0.0222883 0.0301204 0.776831
1.74066e+09 72.2754 14.1812 1.51812 -0.628933 -0.0206564 0.0299091 0.776609
1.74066e+09 72.2639 14.1078 1.52031 -0.629157 -0.0217683 0.0298492 0.7764
1.74066e+09 72.2576 14.0327 1.5244 -0.628524 -0.0222106 0.0290099 0.776932
1.74066e+09 72.2461 13.964 1.52274 -0.628414 -0.0209579 0.0297978 0.777026
1.74066e+09 72.2354 13.8958 1.52481 -0.628541 -0.022827 0.0284471 0.776921
1.74066e+09 72.2223 13.8316 1.5276 -0.628849 -0.0215866 0.0285132 0.776704
1.74066e+09 72.2113 13.7617 1.5288 -0.628894 -0.0209972 0.0277605 0.776711
1.74066e+09 72.1979 13.6879 1.53206 -0.628273 -0.0232233 0.0284743 0.777125
1.74066e+09 72.1841 13.605 1.537 -0.628673 -0.0234111 0.0271959 0.776841
1.74066e+09 72.1697 13.5308 1.54017 -0.629164 -0.0234973 0.0277887 0.77642
1.74066e+09 72.1603 13.4505 1.54312 -0.628447 -0.0230938 0.0270691 0.777038
1.74066e+09 72.1431 13.3742 1.54607 -0.628769 -0.0233277 0.0277533 0.776746
1.74066e+09 72.1277 13.2992 1.54774 -0.629803 -0.0218358 0.0266112 0.775991
1.74066e+09 72.1138 13.2218 1.54951 -0.628986 -0.0222538 0.028032 0.776592
1.74066e+09 72.1059 13.1472 1.5513 -0.630163 -0.0220085 0.0273356 0.775669
1.74066e+09 72.0926 13.0692 1.55275 -0.630147 -0.0197841 0.0294967 0.775663
1.74066e+09 72.0808 12.9971 1.55252 -0.630641 -0.0207588 0.026669 0.775338
1.74066e+09 72.0705 12.924 1.55716 -0.630707 -0.0198855 0.0282608 0.775252
1.74066e+09 72.0605 12.8458 1.56203 -0.631114 -0.0212288 0.0266164 0.774943
1.74066e+09 72.0506 12.7703 1.56194 -0.63055 -0.0182304 0.0277526 0.775438
1.74066e+09 72.0367 12.6971 1.56427 -0.631216 -0.0193334 0.0260323 0.774929
1.74066e+09 72.0278 12.6304 1.56757 -0.630868 -0.0193487 0.0260182 0.775212
1.74066e+09 72.0159 12.5578 1.57222 -0.63188 -0.0189847 0.026423 0.774383
1.74066e+09 72.0032 12.4731 1.58467 -0.631395 -0.0189894 0.0257024 0.774803
1.74066e+09 71.9943 12.3943 1.58855 -0.631722 -0.0181742 0.0250653 0.774577
1.74066e+09 71.9807 12.3192 1.59295 -0.631551 -0.019568 0.0241438 0.774711
1.74066e+09 71.9712 12.2439 1.59443 -0.632218 -0.0185172 0.0248085 0.774172
1.74066e+09 71.9606 12.1776 1.5959 -0.632089 -0.0215016 0.022962 0.774257
1.74066e+09 71.9501 12.1154 1.59756 -0.631938 -0.0205022 0.023957 0.774377
1.74066e+09 71.9418 12.0585 1.59646 -0.632192 -0.0176898 0.0243322 0.774227
1.74066e+09 71.9324 11.9987 1.5953 -0.632526 -0.0187062 0.0239399 0.773943
1.74066e+09 71.9189 11.9368 1.59333 -0.632982 -0.0191345 0.0242161 0.773551
1.74066e+09 71.9063 11.8762 1.59672 -0.633274 -0.0195421 0.0248103 0.773283
1.74066e+09 71.8932 11.8196 1.60037 -0.633312 -0.0197571 0.0228155 0.773308
1.74066e+09 71.8815 11.7543 1.60348 -0.633864 -0.0194767 0.0229764 0.772858
1.74066e+09 71.8746 11.6952 1.60644 -0.634606 -0.0190301 0.0231135 0.772255
1.74066e+09 71.8705 11.6334 1.61136 -0.634733 -0.0196046 0.0235034 0.772125
1.74066e+09 71.8612 11.571 1.61344 -0.634692 -0.0185194 0.0242627 0.772162
1.74066e+09 71.8576 11.5038 1.61796 -0.635216 -0.0204812 0.0222178 0.771743
1.74066e+09 71.8448 11.4291 1.61819 -0.635887 -0.0208692 0.0220133 0.771186
1.74066e+09 71.8361 11.3551 1.61767 -0.635914 -0.0212837 0.0214373 0.771169
1.74066e+09 71.8226 11.2836 1.6171 -0.635983 -0.0208301 0.0224754 0.771094
1.74066e+09 71.8107 11.2136 1.62165 -0.635994 -0.0221051 0.0225363 0.771048
1.74066e+09 71.8007 11.1439 1.62638 -0.635662 -0.0228841 0.021459 0.77133
1.74066e+09 71.7917 11.0727 1.62746 -0.636021 -0.0222594 0.0220029 0.771037
1.74066e+09 71.7807 10.9991 1.63008 -0.63618 -0.0223081 0.0219992 0.770904
1.74066e+09 71.7693 10.9296 1.6334 -0.636485 -0.0227514 0.0220245 0.770639
1.74066e+09 71.7601 10.8596 1.63274 -0.637248 -0.0215549 0.0222868 0.770035
1.74066e+09 71.7493 10.7849 1.63502 -0.636952 -0.0218119 0.0239654 0.770222
1.74066e+09 71.7416 10.7064 1.63645 -0.636771 -0.0222311 0.0229147 0.770391
1.74066e+09 71.7313 10.6285 1.64065 -0.637099 -0.0215833 0.0247656 0.770082
1.74066e+09 71.7246 10.5464 1.64293 -0.637665 -0.0209491 0.0237552 0.769662
1.74066e+09 71.7118 10.4672 1.64574 -0.63809 -0.0216112 0.0256475 0.769231
1.74066e+09 71.7004 10.3938 1.64869 -0.637932 -0.0209454 0.0248569 0.769406
1.74066e+09 71.6871 10.3183 1.64879 -0.638023 -0.0212619 0.0255579 0.769299
1.74066e+09 71.6771 10.2388 1.65086 -0.638496 -0.0213554 0.0252816 0.768914
1.74066e+09 71.6686 10.1591 1.65346 -0.637768 -0.0200661 0.0261255 0.769524
1.74066e+09 71.6588 10.0738 1.65892 -0.638123 -0.0206551 0.0264015 0.769204
1.74066e+09 71.6458 9.9882 1.66101 -0.638505 -0.0202818 0.0259504 0.768913
1.74066e+09 71.6338 9.90924 1.66526 -0.637787 -0.0212485 0.0256009 0.769494
1.74066e+09 71.6244 9.83137 1.66632 -0.638183 -0.0209708 0.0252054 0.769186
1.74066e+09 71.6091 9.74315 1.66962 -0.638116 -0.020019 0.0265887 0.769221
1.74066e+09 71.5957 9.65767 1.6774 -0.638392 -0.021363 0.0255417 0.768991
1.74066e+09 71.581 9.5718 1.67986 -0.638721 -0.0200843 0.0257278 0.768746
1.74066e+09 71.5757 9.49017 1.68442 -0.637798 -0.0206553 0.0259974 0.769488
1.74066e+09 71.5628 9.41007 1.68571 -0.638344 -0.0205411 0.0269155 0.769006
1.74066e+09 71.5522 9.33077 1.68718 -0.638596 -0.0188274 0.027259 0.768828
1.74066e+09 71.5385 9.24521 1.69201 -0.637972 -0.0181493 0.0283898 0.769322
1.74066e+09 71.527 9.15056 1.69391 -0.638814 -0.0188025 0.0273641 0.768644
1.74066e+09 71.5152 9.0667 1.69787 -0.639296 -0.0178452 0.0279918 0.768244
1.74066e+09 71.5028 8.98109 1.70232 -0.638506 -0.0176389 0.0278801 0.768909
1.74066e+09 71.4889 8.89136 1.70343 -0.638526 -0.0171674 0.0284931 0.768881
1.74066e+09 71.4779 8.81448 1.70957 -0.638473 -0.0167825 0.029264 0.768904
1.74066e+09 71.4772 8.72722 1.71495 -0.639139 -0.017455 0.0267896 0.768426
1.74066e+09 71.4712 8.6549 1.71583 -0.63946 -0.0174831 0.0268101 0.768158
1.74066e+09 71.4545 8.57023 1.71933 -0.639815 -0.0183619 0.0266608 0.767847
1.74066e+09 71.4412 8.47866 1.71845 -0.639789 -0.0164481 0.0264704 0.767919
1.74066e+09 71.425 8.39245 1.72567 -0.639552 -0.017482 0.0258749 0.768113
1.74066e+09 71.4117 8.305 1.72588 -0.639772 -0.0169447 0.0261699 0.767933
1.74066e+09 71.3982 8.21907 1.73153 -0.640219 -0.0173045 0.0263237 0.767546
1.74066e+09 71.3869 8.12737 1.73833 -0.639576 -0.0183748 0.0258751 0.768072
1.74066e+09 71.3736 8.03427 1.74141 -0.639803 -0.0176115 0.0268359 0.767869
1.74066e+09 71.3646 7.94765 1.74405 -0.640158 -0.0165521 0.0269917 0.767591
1.74066e+09 71.3568 7.8586 1.74919 -0.639516 -0.016925 0.0264752 0.768135
1.74066e+09 71.3462 7.77357 1.75333 -0.640134 -0.0185318 0.0272283 0.767557
1.74066e+09 71.3338 7.68966 1.75745 -0.640808 -0.0170569 0.0275504 0.767017
1.74066e+09 71.3227 7.6096 1.7592 -0.640259 -0.0158863 0.0283097 0.767473
1.74066e+09 71.3136 7.52602 1.76318 -0.640779 -0.0153042 0.0287566 0.767034
1.74066e+09 71.3019 7.43575 1.76694 -0.640752 -0.0155334 0.0282417 0.767071
1.74066e+09 71.2874 7.34083 1.77407 -0.641405 -0.0166441 0.0273949 0.766533
1.74066e+09 71.2729 7.24396 1.77853 -0.641123 -0.0161421 0.0265556 0.766809
1.74066e+09 71.2604 7.14778 1.78188 -0.641772 -0.0150055 0.0279698 0.766238
1.74066e+09 71.2495 7.05741 1.78835 -0.641671 -0.0152054 0.0276877 0.766329
1.74066e+09 71.2343 6.95672 1.79256 -0.642206 -0.0157245 0.0269251 0.765898
1.74066e+09 71.2231 6.86072 1.79855 -0.642779 -0.0150195 0.027473 0.765411
1.74066e+09 71.2097 6.76645 1.80278 -0.642734 -0.015012 0.027677 0.765442
1.74066e+09 71.1935 6.66921 1.80571 -0.642937 -0.0149975 0.0264278 0.765316
1.74066e+09 71.1809 6.58017 1.80994 -0.643316 -0.0141856 0.0268541 0.764998
1.74066e+09 71.1683 6.47721 1.81441 -0.643357 -0.0158062 0.0254206 0.764981
1.74066e+09 71.1571 6.38045 1.82095 -0.644143 -0.0160094 0.0251754 0.764323
1.74066e+09 71.1485 6.28218 1.82634 -0.644137 -0.0149979 0.0258348 0.764327
1.74066e+09 71.1355 6.18086 1.829 -0.644377 -0.0147688 0.0255865 0.764137
1.74066e+09 71.1221 6.07523 1.83624 -0.644927 -0.0142264 0.0260401 0.763668
1.74066e+09 71.1148 5.97992 1.84001 -0.64509 -0.0137464 0.0260054 0.76354
1.74066e+09 71.1038 5.87722 1.84605 -0.64497 -0.0128804 0.0263711 0.763644
1.74066e+09 71.0966 5.77043 1.84916 -0.645382 -0.0124613 0.0267283 0.763291
1.74066e+09 71.0904 5.66922 1.85563 -0.645615 -0.0123356 0.0252424 0.763146
1.74066e+09 71.0782 5.57978 1.85731 -0.645266 -0.0132197 0.0243792 0.763455
1.74066e+09 71.0669 5.50152 1.86115 -0.646554 -0.0106127 0.0273974 0.762303
1.74066e+09 71.0506 5.41194 1.86446 -0.645815 -0.0112808 0.0245989 0.763014
1.74066e+09 71.039 5.33027 1.8687 -0.646237 -0.0108081 0.0257626 0.762625
1.74066e+09 71.0239 5.251 1.87202 -0.646633 -0.0113746 0.0249575 0.762308
1.74066e+09 71.0143 5.16934 1.87942 -0.646691 -0.0119452 0.0240018 0.762281
1.74066e+09 71.0061 5.08243 1.88127 -0.646416 -0.0108448 0.0245249 0.762513
1.74066e+09 70.9994 4.9979 1.88982 -0.646851 -0.0116589 0.0239593 0.76215
1.74066e+09 70.9949 4.90416 1.89094 -0.647279 -0.0105474 0.0227655 0.761841
1.74066e+09 70.9895 4.817 1.89589 -0.646994 -0.00978824 0.024058 0.762053
1.74066e+09 70.9833 4.72342 1.90325 -0.647974 -0.0124789 0.0207885 0.761277
1.74066e+09 70.9749 4.65168 1.90341 -0.647526 -0.00962367 0.0222121 0.761659
1.74066e+09 70.9691 4.57529 1.90843 -0.647666 -0.00837221 0.0249042 0.761471
1.74066e+09 70.9626 4.5034 1.90777 -0.647978 -0.00847514 0.0234577 0.761251
1.74066e+09 70.9529 4.42866 1.91039 -0.648141 -0.00897225 0.0234408 0.761106
1.74066e+09 70.9439 4.35937 1.91454 -0.648195 -0.00791152 0.0232739 0.761078
1.74066e+09 70.9248 4.26836 1.92352 -0.64798 -0.00846443 0.023627 0.761243
1.74066e+09 70.9091 4.18734 1.9282 -0.648303 -0.00836998 0.0218252 0.761024
1.74066e+09 70.9045 4.11227 1.93471 -0.648573 -0.00864391 0.0236489 0.760736
1.74066e+09 70.8971 4.03844 1.93845 -0.648651 -0.00891704 0.0223134 0.760706
1.74066e+09 70.8928 3.9625 1.94103 -0.648828 -0.00636436 0.0245912 0.760511
1.74066e+09 70.8867 3.87132 1.94562 -0.64925 -0.00878343 0.0222878 0.760198
1.74066e+09 70.8801 3.77865 1.94692 -0.649665 -0.00903362 0.0212195 0.759871
1.74066e+09 70.8732 3.6872 1.94911 -0.650446 -0.00830852 0.0220612 0.759187
1.74066e+09 70.8647 3.59352 1.95642 -0.650545 -0.00929074 0.0223814 0.759081
1.74066e+09 70.856 3.49655 1.96014 -0.650842 -0.00878668 0.0219941 0.758844
1.74066e+09 70.8486 3.40171 1.96673 -0.650634 -0.00931987 0.0212467 0.759037
1.74066e+09 70.838 3.31448 1.9698 -0.650754 -0.0103483 0.0203711 0.758945
1.74066e+09 70.8283 3.22545 1.97125 -0.651464 -0.00914353 0.0215452 0.758319
1.74066e+09 70.8155 3.135 1.97784 -0.651068 -0.0101469 0.0205992 0.758672
1.74066e+09 70.8055 3.04685 1.98432 -0.649853 -0.0117466 0.0198431 0.75971
1.74066e+09 70.7985 2.95867 1.98845 -0.647485 -0.0115978 0.0204276 0.761716
1.74066e+09 70.7883 2.8755 1.99426 -0.643917 -0.0109036 0.0208699 0.764733
1.74066e+09 70.7782 2.79567 1.99724 -0.639981 -0.0118482 0.0203308 0.768031
1.74066e+09 70.773 2.72323 1.99818 -0.63605 -0.012562 0.0196216 0.771296
1.74066e+09 70.7679 2.65004 1.99926 -0.628904 -0.0120601 0.0207358 0.777113
1.74066e+09 70.7579 2.57414 2.00141 -0.62257 -0.0131828 0.0205828 0.782182
1.74066e+09 70.7472 2.50219 2.00108 -0.615846 -0.0138058 0.0206738 0.787474
1.74066e+09 70.7352 2.43113 2.00675 -0.608207 -0.0146184 0.0206565 0.793375
1.74066e+09 70.7228 2.36326 2.00759 -0.600893 -0.0141061 0.0216931 0.798911
1.74066e+09 70.7062 2.29496 2.00856 -0.592981 -0.0147437 0.0214391 0.804796
1.74066e+09 70.6905 2.22396 2.01398 -0.582849 -0.0145749 0.0218365 0.812156
1.74066e+09 70.6822 2.15626 2.01624 -0.571637 -0.0152594 0.0225421 0.820055
1.74066e+09 70.6683 2.08333 2.02229 -0.561512 -0.0168259 0.0213334 0.827022
1.74066e+09 70.6516 2.0075 2.02683 -0.550494 -0.0166341 0.0209734 0.83441
1.74066e+09 70.6334 1.94212 2.03079 -0.537184 -0.0150621 0.0224174 0.843033
1.74066e+09 70.6119 1.87342 2.03188 -0.524491 -0.0184966 0.0218709 0.850934
1.74066e+09 70.5951 1.81004 2.03305 -0.510324 -0.0174148 0.0215914 0.859535
1.74066e+09 70.567 1.75079 2.03248 -0.495419 -0.0190422 0.0218687 0.86817
1.74066e+09 70.5414 1.68794 2.03467 -0.479708 -0.0205909 0.0205421 0.876946
1.74066e+09 70.513 1.62887 2.03581 -0.463341 -0.018691 0.0213962 0.885725
1.74066e+09 70.4845 1.56702 2.03907 -0.446342 -0.0203036 0.0214457 0.894375
1.74066e+09 70.4506 1.51009 2.03955 -0.429963 -0.0213641 0.0218144 0.90233
1.74066e+09 70.4211 1.45785 2.04368 -0.414075 -0.0213523 0.021909 0.909729
1.74066e+09 70.3865 1.4058 2.04251 -0.397187 -0.0206684 0.0226237 0.917226
1.74066e+09 70.3481 1.35812 2.04627 -0.381218 -0.0205899 0.0234202 0.923959
1.74066e+09 70.313 1.3045 2.04625 -0.363767 -0.0222523 0.0245655 0.9309
1.74066e+09 70.2749 1.25426 2.04695 -0.344731 -0.0228452 0.025261 0.938083
1.74066e+09 70.234 1.20385 2.04665 -0.326584 -0.0249154 0.0262322 0.944475
1.74066e+09 70.1951 1.15654 2.04948 -0.308669 -0.0231553 0.0260988 0.95053
1.74066e+09 70.1487 1.11007 2.05017 -0.291778 -0.0241596 0.0256228 0.955838
1.74066e+09 70.0985 1.06793 2.04675 -0.273647 -0.0228707 0.024198 0.961254
1.74066e+09 70.0513 1.02785 2.04648 -0.259501 -0.0236085 0.0252965 0.965123
1.74066e+09 69.9989 0.985565 2.0463 -0.241563 -0.0239408 0.0257231 0.969749
1.74066e+09 69.9451 0.942268 2.04878 -0.224279 -0.0237683 0.0261473 0.973884
1.74066e+09 69.8868 0.911504 2.0509 -0.208342 -0.0273309 0.0268491 0.977305
1.74066e+09 69.8399 0.878642 2.05339 -0.191005 -0.0249021 0.0280155 0.980873
1.74066e+09 69.7863 0.850859 2.05645 -0.172324 -0.0257982 0.0278291 0.984309
1.74066e+09 69.7297 0.815911 2.05517 -0.151382 -0.0265097 0.0284485 0.98771
1.74066e+09 69.6731 0.786962 2.05587 -0.133286 -0.0255948 0.0291648 0.990318
1.74066e+09 69.6145 0.760705 2.05294 -0.120636 -0.0215734 0.0288289 0.992044
1.74066e+09 69.5283 0.740407 2.05302 -0.122711 -0.0228562 0.0292791 0.991747
1.74066e+09 69.4298 0.709442 2.05097 -0.123211 -0.0255746 0.0286037 0.991638
1.74066e+09 69.3448 0.684012 2.05316 -0.123828 -0.0256797 0.0289401 0.991549
1.74066e+09 69.2652 0.651964 2.0499 -0.122338 -0.0167135 0.0257159 0.992015
1.74066e+09 69.2209 0.625989 2.05176 -0.121184 0.0100001 0.0250332 0.992264
1.74066e+09 69.1376 0.611759 2.04198 -0.12233 0.00500364 0.0332179 0.991921
1.74066e+09 69.0299 0.572998 2.04725 -0.119678 -0.0140692 0.0255164 0.992385
1.74066e+09 68.9192 0.534638 2.05193 -0.114734 -0.0320931 0.0194235 0.992688
1.74066e+09 68.8329 0.484389 2.07551 -0.10528 -0.0331304 0.00488818 0.993879
1.74066e+09 68.7497 0.467888 2.06167 -0.1024 -0.024236 0.0156129 0.994325
1.74066e+09 68.6537 0.473897 2.05109 -0.108094 -0.0280921 0.031436 0.993246
1.74066e+09 68.5559 0.452276 2.04684 -0.110013 -0.0364821 0.0301138 0.992804
1.74066e+09 68.4693 0.426217 2.05366 -0.109923 -0.0424921 0.0266903 0.992673
1.74066e+09 68.3819 0.404265 2.04936 -0.111986 -0.0397729 0.0276437 0.992529
1.74066e+09 68.2928 0.384621 2.04795 -0.11439 -0.03898 0.0295698 0.99223
1.74066e+09 68.2169 0.357654 2.0399 -0.11576 -0.0274771 0.0304694 0.992429
1.74066e+09 68.1377 0.332404 2.03725 -0.114762 -0.0257157 0.0314776 0.992561
1.74066e+09 68.043 0.297388 2.03167 -0.115208 -0.0282064 0.0277108 0.992554
1.74066e+09 67.9532 0.278694 2.028 -0.116028 -0.0253135 0.030049 0.992468
1.74066e+09 67.862 0.252703 2.02984 -0.11572 -0.0283618 0.0282733 0.992474
1.74066e+09 67.7796 0.225357 2.02697 -0.116244 -0.0250428 0.0287946 0.992487
1.74066e+09 67.7019 0.198493 2.02623 -0.116475 -0.0226931 0.0282222 0.992533
1.74066e+09 67.6239 0.176678 2.02638 -0.115858 -0.0246921 0.0283238 0.992555
1.74066e+09 67.5372 0.151689 2.02457 -0.115898 -0.023841 0.0280689 0.992578
1.74066e+09 67.4575 0.129021 2.02505 -0.116142 -0.0241112 0.0283087 0.992536
1.74066e+09 67.3776 0.107302 2.02458 -0.11577 -0.0241139 0.0278615 0.992592
1.74066e+09 67.2958 0.0819145 2.02373 -0.117112 -0.0240072 0.0278395 0.992438
1.74066e+09 67.2108 0.0584573 2.02234 -0.115874 -0.0236348 0.0286218 0.99257
1.74066e+09 67.1244 0.0331424 2.02029 -0.116827 -0.0252711 0.0273329 0.992454
1.74066e+09 67.0445 0.0106708 2.02063 -0.115463 -0.0258924 0.027154 0.992603
1.74066e+09 66.9727 -0.0121784 2.02041 -0.111432 -0.0254861 0.0277428 0.993058
1.74066e+09 66.9032 -0.0350674 2.02193 -0.106759 -0.0246057 0.027586 0.993598
1.74066e+09 66.8266 -0.0559285 2.02029 -0.100011 -0.0258167 0.0279428 0.994259
1.74066e+09 66.7539 -0.0816961 2.02028 -0.0931396 -0.0257947 0.0275062 0.994939
1.74066e+09 66.6782 -0.101233 2.01868 -0.085375 -0.0244596 0.0284715 0.995642
1.74066e+09 66.6057 -0.119989 2.01639 -0.0771681 -0.026965 0.0291037 0.996228
1.74066e+09 66.5406 -0.133518 2.01627 -0.0674703 -0.0268401 0.0292545 0.996931
1.74066e+09 66.4783 -0.152385 2.017 -0.0566252 -0.0261599 0.028387 0.997649
1.74066e+09 66.4142 -0.163372 2.0145 -0.0466991 -0.0278461 0.0276194 0.998139
1.74066e+09 66.349 -0.176499 2.01585 -0.0360656 -0.0269049 0.0273061 0.998614
1.74066e+09 66.2791 -0.188384 2.01392 -0.0351138 -0.0232125 0.0290912 0.99869
1.74066e+09 66.1925 -0.19679 2.01162 -0.035473 -0.027504 0.0272927 0.998619
1.74066e+09 66.0996 -0.207516 2.00978 -0.0362042 -0.0263558 0.0275222 0.998618
1.74066e+09 66.0154 -0.218595 2.00596 -0.037385 -0.0255959 0.0277475 0.998588
1.74066e+09 65.9272 -0.236881 2.00379 -0.0377251 -0.026501 0.0274117 0.998561
1.74066e+09 65.9286 -0.237525 2.00499 -0.0377246 -0.0265505 0.0273868 0.99856
1.74066e+09 65.7451 -0.268984 1.9952 -0.0367972 -0.0261563 0.0275762 0.9986
1.74066e+09 65.666 -0.279813 1.99322 -0.0371331 -0.0249914 0.0279968 0.998605
1.74066e+09 65.5829 -0.2889 1.99493 -0.0375726 -0.0251128 0.0274177 0.998602
1.74066e+09 65.4984 -0.300175 1.99497 -0.0381699 -0.0255662 0.0282065 0.998546
1.74066e+09 65.4131 -0.309917 1.99472 -0.0386447 -0.0259294 0.027357 0.998542
1.74066e+09 65.3368 -0.316997 1.9952 -0.0395062 -0.0249183 0.0279921 0.998516
1.74066e+09 65.2598 -0.323742 1.99555 -0.0395396 -0.025742 0.0276329 0.998504
1.74066e+09 65.1722 -0.334407 1.99551 -0.0393601 -0.0254339 0.0278104 0.998514
1.74066e+09 65.0887 -0.342434 1.99622 -0.0387714 -0.0242585 0.0283297 0.998552
1.74066e+09 65 -0.355378 1.99504 -0.0387474 -0.0250856 0.0266259 0.998579
1.74066e+09 64.9171 -0.362169 1.99235 -0.0388707 -0.0246646 0.026931 0.998577
1.74066e+09 64.8338 -0.375449 1.98825 -0.0401094 -0.0246707 0.0270089 0.998525
1.74066e+09 64.7428 -0.383934 1.98567 -0.0395688 -0.0259842 0.0269001 0.998517
1.74066e+09 64.6542 -0.397946 1.98492 -0.0390787 -0.0245613 0.0267352 0.998576
1.74066e+09 64.5582 -0.415447 1.98707 -0.0395402 -0.0256396 0.0268916 0.998527
1.74066e+09 64.4709 -0.431292 1.98378 -0.0401029 -0.0266682 0.0265003 0.998488
1.74066e+09 64.3824 -0.444025 1.98032 -0.0403256 -0.0285779 0.025731 0.998446
1.74066e+09 64.2943 -0.460073 1.9816 -0.0404156 -0.0284695 0.025513 0.998451
1.74066e+09 64.2115 -0.470444 1.98026 -0.041484 -0.0259906 0.0265435 0.998448
1.74066e+09 64.1243 -0.480616 1.97906 -0.0418253 -0.0275478 0.0256771 0.998415
1.74066e+09 64.04 -0.486392 1.97688 -0.0419867 -0.0280265 0.0250599 0.998411
1.74066e+09 63.9444 -0.494624 1.97404 -0.0412909 -0.0273277 0.0254149 0.99845
1.74066e+09 63.85 -0.508357 1.97166 -0.0414201 -0.0293755 0.0261174 0.998368
1.74066e+09 63.7608 -0.518495 1.96825 -0.040952 -0.0314884 0.02562 0.998336
1.74066e+09 63.6758 -0.531654 1.96533 -0.0378752 -0.0312167 0.0256758 0.998465
1.74066e+09 63.5995 -0.540257 1.96345 -0.0319614 -0.0292261 0.0252906 0.998742
1.74066e+09 63.5159 -0.546624 1.95908 -0.0274505 -0.0300342 0.0255307 0.998846
1.74066e+09 63.4398 -0.559068 1.95755 -0.0203124 -0.0303522 0.0253329 0.999012
1.74066e+09 63.3627 -0.569159 1.95679 -0.0139519 -0.0310257 0.0265151 0.999069
1.74066e+09 63.2935 -0.579024 1.95652 -0.00742471 -0.028899 0.0262102 0.999211
1.74066e+09 63.2207 -0.588492 1.95468 -0.000576996 -0.0302587 0.0261238 0.9992
1.74066e+09 63.1513 -0.592518 1.95323 0.00673353 -0.0291192 0.0263046 0.999207
1.74066e+09 63.0792 -0.596743 1.95294 0.01678 -0.0277056 0.0261793 0.999132
1.74066e+09 63.0046 -0.598253 1.95345 0.0241239 -0.0283185 0.0269462 0.998944
1.74066e+09 62.9263 -0.597229 1.95204 0.023324 -0.0246522 0.025479 0.999099
1.74066e+09 62.8298 -0.601743 1.94766 0.0235833 -0.0272012 0.0262628 0.999007
1.74066e+09 62.7299 -0.604213 1.94491 0.023306 -0.0266701 0.0264295 0.999023
1.74066e+09 62.6434 -0.608951 1.94353 0.0216694 -0.0267113 0.0255219 0.999082
1.74066e+09 62.5503 -0.611828 1.94404 0.0222472 -0.0278974 0.0247213 0.999057
1.74066e+09 62.4613 -0.613437 1.93979 0.0227061 -0.0278047 0.0251505 0.999039
1.74066e+09 62.3729 -0.609 1.93629 0.0229044 -0.0268615 0.0252751 0.999057
1.74066e+09 62.2796 -0.610873 1.93481 0.0227603 -0.0255014 0.0246809 0.999111
1.74066e+09 62.1804 -0.610621 1.93254 0.0220974 -0.0268641 0.0251606 0.999078
1.74066e+09 62.0857 -0.611716 1.92971 0.0218632 -0.0276555 0.0238317 0.999094
1.74066e+09 61.988 -0.61038 1.93082 0.0217203 -0.0285854 0.0240867 0.999065
1.74066e+09 61.896 -0.614334 1.92623 0.0207121 -0.0270582 0.0244318 0.999121
1.74066e+09 61.8002 -0.613417 1.92674 0.020143 -0.026758 0.0250951 0.999124
1.74066e+09 61.7093 -0.612114 1.92279 0.0203971 -0.0267484 0.0257488 0.999102
1.74066e+09 61.6167 -0.614753 1.92193 0.0205737 -0.0284314 0.0241267 0.999093
1.74066e+09 61.5267 -0.610681 1.91883 0.0199491 -0.0284758 0.0244508 0.999096
1.74066e+09 61.4365 -0.610914 1.91682 0.019862 -0.0273843 0.0248059 0.99912
1.74066e+09 61.339 -0.613856 1.91211 0.0190747 -0.0284044 0.0244346 0.999116
1.74066e+09 61.2435 -0.613705 1.90981 0.0187905 -0.0273531 0.0242747 0.999154
1.74066e+09 61.1519 -0.617853 1.91101 0.0186859 -0.0264394 0.0245437 0.999174
1.74066e+09 61.0249 -0.616483 1.90258 0.0181135 -0.0287153 0.0242633 0.999129
1.74066e+09 60.9117 -0.622975 1.90262 0.0165153 -0.0307356 0.0238685 0.999106
1.74066e+09 60.8054 -0.627004 1.90203 0.016421 -0.0284144 0.0236829 0.999181
1.74066e+09 60.6972 -0.635354 1.89783 0.0162059 -0.0289568 0.023469 0.999174
1.74066e+09 60.595 -0.636079 1.89648 0.0169281 -0.028686 0.0237973 0.999162
1.74066e+09 60.4821 -0.637757 1.89108 0.0165863 -0.0286205 0.0243108 0.999157
1.74066e+09 60.3769 -0.638878 1.88865 0.0162707 -0.029237 0.0232865 0.999169
1.74066e+09 60.2656 -0.639234 1.88779 0.0152082 -0.0288689 0.0238311 0.999183
1.74066e+09 60.1566 -0.644077 1.89065 0.0145751 -0.0295809 0.0233986 0.999182
1.74066e+09 60.0483 -0.648742 1.88892 0.0144473 -0.0279054 0.023528 0.999229
1.74066e+09 59.9349 -0.64958 1.88661 0.0142518 -0.029444 0.0233021 0.999193
1.74066e+09 59.8248 -0.647093 1.87966 0.0135008 -0.02734 0.0229857 0.999271
1.74066e+09 59.7086 -0.644716 1.87218 0.0122938 -0.0284833 0.0233132 0.999247
1.74066e+09 59.5938 -0.648444 1.87217 0.011628 -0.027125 0.0232751 0.999293
1.74066e+09 59.4798 -0.648034 1.87232 0.0115219 -0.0281275 0.0228109 0.999278
1.74066e+09 59.3682 -0.649596 1.86911 0.0113388 -0.0274174 0.0225319 0.999306
1.74066e+09 59.2546 -0.65675 1.87158 0.00905767 -0.0289411 0.0226742 0.999283
1.74066e+09 59.1426 -0.655925 1.86834 0.00837718 -0.027832 0.0232035 0.999308
1.74066e+09 59.0313 -0.656516 1.86832 0.00738145 -0.0281214 0.0229444 0.999314
1.74066e+09 58.9223 -0.656845 1.86323 0.00711946 -0.0286092 0.0224976 0.999312
1.74066e+09 58.8213 -0.663604 1.85511 0.00493947 -0.0274973 0.0221741 0.999364
1.74066e+09 58.7116 -0.676694 1.85177 0.00751497 -0.0274685 0.0220044 0.999352
1.74066e+09 58.6005 -0.68215 1.85032 0.00546966 -0.0277252 0.0232661 0.99933
1.74066e+09 58.4803 -0.69559 1.84848 0.00439481 -0.0292742 0.021713 0.999326
1.74066e+09 58.3721 -0.700775 1.85016 0.005538 -0.0281578 0.0221212 0.999343
1.74066e+09 58.2617 -0.704648 1.84964 0.00559638 -0.0299628 0.0235895 0.999257
1.74066e+09 58.1571 -0.706526 1.84722 0.00537064 -0.0283749 0.0217513 0.999346
1.74066e+09 58.0491 -0.708923 1.84364 0.00476713 -0.0296713 0.0213216 0.999321
1.74066e+09 57.9422 -0.714899 1.83903 0.00419236 -0.0286597 0.021657 0.999346
1.74066e+09 57.827 -0.715882 1.83422 0.00440745 -0.0287735 0.0211945 0.999352
1.74066e+09 57.7123 -0.718631 1.83301 0.00355312 -0.029549 0.0207719 0.999341
1.74066e+09 57.5977 -0.721775 1.82706 0.00188014 -0.0293223 0.0215015 0.999337
1.74066e+09 57.4863 -0.726607 1.82125 0.00187248 -0.0281112 0.0211485 0.999379
1.74066e+09 57.3646 -0.734364 1.81921 0.000262139 -0.0280189 0.0213318 0.99938
1.74066e+09 57.2503 -0.742684 1.81769 -3.64881e-05 -0.027688 0.0215029 0.999385
1.74066e+09 57.1405 -0.749343 1.81531 -0.000295202 -0.028556 0.0218568 0.999353
1.74066e+09 57.025 -0.755556 1.81314 -0.000921608 -0.0292882 0.0209834 0.99935
1.74066e+09 56.9032 -0.755831 1.80761 -0.00160624 -0.0283641 0.0208189 0.99938
1.74066e+09 56.7791 -0.760172 1.80998 -0.00264614 -0.0275222 0.0213895 0.999389
1.74066e+09 56.6539 -0.765065 1.80656 -0.00210511 -0.0278815 0.0217533 0.999372
1.74066e+09 56.5192 -0.775495 1.8036 -0.00247738 -0.0278334 0.0213684 0.999381
1.74066e+09 56.399 -0.778052 1.80396 -0.00333682 -0.0296957 0.0215922 0.99932
1.74066e+09 56.272 -0.787036 1.79838 -0.00562416 -0.028048 0.0215307 0.999359
1.74066e+09 56.146 -0.793019 1.79584 -0.00599171 -0.0295593 0.0216637 0.99931
1.74066e+09 56.0302 -0.793016 1.78988 -0.00433809 -0.0303403 0.0222926 0.999282
1.74066e+09 55.9015 -0.788415 1.78865 -0.00355706 -0.0325992 0.0214273 0.999232
1.74066e+09 55.7823 -0.791465 1.78598 -0.00448569 -0.0306956 0.0213118 0.999291
1.74066e+09 55.6525 -0.808569 1.78264 -0.00475429 -0.0293746 0.0222714 0.999309
1.74066e+09 55.5249 -0.822873 1.78003 -0.00575975 -0.0306599 0.0216251 0.999279
1.74066e+09 55.4062 -0.832107 1.77864 -0.00579013 -0.0326332 0.0219561 0.999209
1.74066e+09 55.2918 -0.842695 1.77059 -0.00757889 -0.0277481 0.0215952 0.999353
1.74066e+09 55.1716 -0.854972 1.76874 -0.00621828 -0.029724 0.0210476 0.999317
1.74066e+09 55.0585 -0.863755 1.7667 -0.0083634 -0.0292932 0.0213797 0.999307
1.74066e+09 54.9406 -0.867063 1.76296 -0.00841885 -0.0297429 0.0218483 0.999283
1.74066e+09 54.8222 -0.87897 1.75852 -0.00840651 -0.0316269 0.020686 0.99925
1.74066e+09 54.7104 -0.888651 1.75735 -0.0101148 -0.0319186 0.0206059 0.999227
1.74066e+09 54.5891 -0.903652 1.75304 -0.0109314 -0.0324096 0.0214704 0.999184
1.74066e+09 54.471 -0.914228 1.74959 -0.0120222 -0.0317859 0.0207312 0.999207
1.74066e+09 54.3591 -0.916372 1.74959 -0.0124716 -0.0328468 0.0209567 0.999163
1.74066e+09 54.2504 -0.921405 1.74321 -0.0121559 -0.0311508 0.0209666 0.999221
1.74066e+09 54.1312 -0.926775 1.73748 -0.0135353 -0.0312002 0.0213088 0.999194
1.74066e+09 54.0078 -0.936202 1.73734 -0.014315 -0.0323842 0.0209859 0.999153
1.74066e+09 53.8879 -0.9479 1.73022 -0.0146496 -0.0325043 0.0204102 0.999156
1.74066e+09 53.7579 -0.958356 1.73126 -0.0140574 -0.0318103 0.0217064 0.999159
1.74066e+09 53.6431 -0.972345 1.72757 -0.0134604 -0.0315997 0.0203511 0.999203
1.74066e+09 53.5132 -0.979071 1.72289 -0.0147075 -0.0318617 0.0212352 0.999158
1.74066e+09 53.385 -0.993444 1.71834 -0.0151361 -0.0315103 0.0212118 0.999164
1.74066e+09 53.2573 -1.00296 1.7099 -0.0153351 -0.0314686 0.0205802 0.999175
1.74066e+09 53.1289 -1.01537 1.704 -0.0155827 -0.0317458 0.0209628 0.999155
1.74066e+09 53.0081 -1.02031 1.70068 -0.0188261 -0.0342716 0.0198577 0.999038
1.74066e+09 52.883 -1.03022 1.69764 -0.0185246 -0.034157 0.0200958 0.999043
1.74066e+09 52.7596 -1.03585 1.69606 -0.0187741 -0.033676 0.0206382 0.999043
1.74066e+09 52.6421 -1.04822 1.69404 -0.017984 -0.0301254 0.0208029 0.999168
1.74066e+09 52.5144 -1.06551 1.69232 -0.0179283 -0.0338762 0.0208817 0.999047
1.74066e+09 52.3972 -1.07766 1.68883 -0.0194059 -0.0310224 0.0211397 0.999107
1.74066e+09 52.2759 -1.09115 1.68627 -0.0198596 -0.0327072 0.0206404 0.999054
1.74066e+09 52.1568 -1.10094 1.6816 -0.0202969 -0.0329984 0.0211527 0.999025
1.74066e+09 52.0383 -1.1134 1.67573 -0.0202898 -0.0327549 0.0200569 0.999056
1.74066e+09 51.9104 -1.12318 1.67429 -0.0211141 -0.0335827 0.0206722 0.998999
1.74066e+09 51.79 -1.13158 1.66882 -0.0230287 -0.0328252 0.0208682 0.998978
1.74066e+09 51.6727 -1.14546 1.66408 -0.0220046 -0.0323468 0.0211291 0.999011
1.74066e+09 51.5573 -1.16106 1.66032 -0.0218389 -0.031943 0.021201 0.999026
1.74066e+09 51.4491 -1.1676 1.65572 -0.0222918 -0.0343471 0.0208497 0.998944
1.74066e+09 51.3325 -1.17996 1.65114 -0.0229017 -0.032251 0.0215008 0.998986
1.74066e+09 51.2167 -1.19329 1.64529 -0.0234406 -0.0327463 0.0204026 0.99898
1.74066e+09 51.1002 -1.20116 1.63839 -0.0240208 -0.0335426 0.0208098 0.998932
1.74066e+09 50.9783 -1.21106 1.63318 -0.024006 -0.032209 0.0212985 0.998966
1.74066e+09 50.8629 -1.22603 1.63007 -0.0255449 -0.0317203 0.0213808 0.998942
1.74066e+09 50.7502 -1.2404 1.62936 -0.0273496 -0.0322147 0.0218609 0.998868
1.74066e+09 50.6311 -1.25216 1.62849 -0.0275424 -0.0315552 0.02134 0.998895
1.74066e+09 50.492 -1.26638 1.62774 -0.0279385 -0.0328101 0.0213013 0.998844
1.74066e+09 50.3551 -1.27954 1.62583 -0.0279651 -0.0330787 0.0216217 0.998827
1.74066e+09 50.2098 -1.2907 1.62319 -0.0279195 -0.0362814 0.0206204 0.998739
1.74066e+09 50.0725 -1.3055 1.61414 -0.0287897 -0.0345235 0.0206597 0.998775
1.74066e+09 49.9309 -1.31983 1.61054 -0.0294938 -0.0344236 0.0202867 0.998766
1.74066e+09 49.7916 -1.33287 1.60196 -0.029935 -0.0354427 0.0208262 0.998706
1.74066e+09 49.657 -1.34367 1.59582 -0.0300763 -0.0350012 0.0199671 0.998735
1.74066e+09 49.5251 -1.36162 1.59394 -0.0311068 -0.0332828 0.020775 0.998746
1.74066e+09 49.3892 -1.37811 1.58958 -0.0314814 -0.0349813 0.019587 0.9987
1.74066e+09 49.2558 -1.39597 1.58104 -0.0300555 -0.0359664 0.0196434 0.998708
1.74066e+09 49.1315 -1.40918 1.57972 -0.0302324 -0.0340579 0.0202097 0.998758
1.74066e+09 49.0146 -1.42453 1.57757 -0.0310584 -0.0334914 0.0203229 0.99875
1.74066e+09 48.8986 -1.43954 1.5763 -0.0285314 -0.0352219 0.0203488 0.998765
1.74066e+09 48.7873 -1.45425 1.57004 -0.0246142 -0.0350645 0.0206318 0.998869
1.74066e+09 48.686 -1.46804 1.56449 -0.0201618 -0.0329063 0.020359 0.999048
1.74066e+09 48.5785 -1.48347 1.5631 -0.0151497 -0.0340798 0.0208714 0.999086
1.74066e+09 48.484 -1.49021 1.56145 -0.00834927 -0.0337186 0.0205434 0.999185
1.74066e+09 48.3846 -1.49985 1.55543 -0.00164382 -0.034525 0.020342 0.999195
1.74066e+09 48.2814 -1.51249 1.55486 0.00739615 -0.0340193 0.0202705 0.999188
1.74066e+09 48.1805 -1.52075 1.55279 0.0203793 -0.0320124 0.0200582 0.999078
1.74066e+09 48.069 -1.52608 1.54855 0.0285344 -0.0296914 0.0198692 0.998954
1.74066e+09 47.9366 -1.52467 1.54478 0.0257484 -0.0340504 0.0192352 0.998903
1.74066e+09 47.8035 -1.51494 1.53728 0.0250808 -0.0350935 0.0193999 0.998881
1.74066e+09 47.6672 -1.51395 1.53012 0.0249165 -0.0334847 0.0185012 0.998957
1.74066e+09 47.5252 -1.51309 1.52609 0.0233464 -0.0343361 0.0192434 0.998952
1.74066e+09 47.3929 -1.51762 1.51978 0.0240901 -0.0310753 0.0185194 0.999055
1.74066e+09 47.2527 -1.51665 1.51569 0.0240995 -0.0325733 0.0188088 0.999002
1.74066e+09 47.1184 -1.51865 1.51143 0.023618 -0.0309847 0.0180107 0.999078
1.74066e+09 46.9925 -1.52348 1.50943 0.0240816 -0.0319398 0.0181535 0.999035
1.74066e+09 46.8632 -1.52784 1.50518 0.0244792 -0.0327124 0.0194462 0.998976
1.74066e+09 46.7427 -1.53167 1.50108 0.0252668 -0.0309794 0.0185074 0.999029
1.74066e+09 46.6158 -1.52745 1.49602 0.0239374 -0.0339545 0.0199087 0.998938
1.74066e+09 46.483 -1.52765 1.49081 0.0231837 -0.03169 0.0184769 0.999058
1.74066e+09 46.3508 -1.52854 1.48763 0.0226468 -0.0322265 0.0195453 0.999033
1.74066e+09 46.222 -1.53364 1.48397 0.0214361 -0.030369 0.018907 0.99913
1.74066e+09 46.0924 -1.53329 1.47923 0.019487 -0.0323093 0.0185423 0.999116
1.74066e+09 45.9651 -1.54279 1.47721 0.0201382 -0.0321814 0.0187628 0.999103
1.74066e+09 45.8323 -1.54083 1.47339 0.0215924 -0.0323313 0.0186365 0.99907
1.74066e+09 45.6988 -1.53813 1.47198 0.0199138 -0.0327365 0.0176122 0.99911
1.74066e+09 45.5748 -1.53853 1.46845 0.0211534 -0.0317519 0.0186723 0.999097
1.74066e+09 45.4458 -1.53979 1.46165 0.0200267 -0.032221 0.0186026 0.999107
1.74066e+09 45.3196 -1.53948 1.45921 0.0203069 -0.032015 0.0192808 0.999095
1.74066e+09 45.1909 -1.53794 1.45487 0.0198994 -0.0323739 0.0180496 0.999115
1.74066e+09 45.0676 -1.54121 1.44836 0.017955 -0.0305999 0.0193956 0.999182
1.74066e+09 44.9432 -1.54841 1.44497 0.0182336 -0.0299214 0.0184629 0.999215
1.74066e+09 44.8071 -1.54542 1.4402 0.0195233 -0.0310346 0.0191667 0.999144
1.74066e+09 44.6789 -1.54907 1.43384 0.0196133 -0.0280511 0.0184508 0.999244
1.74066e+09 44.5405 -1.55324 1.42985 0.0203279 -0.0314769 0.01841 0.999128
1.74066e+09 44.4132 -1.55528 1.42562 0.0189038 -0.0306321 0.0189365 0.999173
1.74066e+09 44.2773 -1.55751 1.4244 0.0184474 -0.0338985 0.0194461 0.999066
1.74066e+09 44.1532 -1.55795 1.42444 0.019085 -0.0316783 0.019246 0.999131
1.74066e+09 44.0393 -1.55641 1.42332 0.0177784 -0.0290254 0.0200934 0.999219
1.74066e+09 43.9156 -1.55905 1.42054 0.0174418 -0.0316715 0.0196083 0.999154
1.74066e+09 43.7967 -1.55905 1.41809 0.0150042 -0.0308344 0.0186381 0.999238
